district,week,week_of_year,year,month,cholera_cases,typhoid_cases,add_cases,total_wb_cases,latitude,longitude
Mumbai City,07-01-2019,2,2019,1,0,3,14,20,18.94,72.835
Mumbai City,14-01-2019,3,2019,1,2,1,17,21,18.94,72.835
Mumbai City,21-01-2019,4,2019,1,1,2,24,29,18.94,72.835
Mumbai City,28-01-2019,5,2019,1,1,0,24,25,18.94,72.835
Mumbai City,04-02-2019,6,2019,2,1,1,16,20,18.94,72.835
Mumbai City,11-02-2019,7,2019,2,0,6,15,22,18.94,72.835
Mumbai City,18-02-2019,8,2019,2,0,2,20,23,18.94,72.835
Mumbai City,25-02-2019,9,2019,2,2,0,24,28,18.94,72.835
Mumbai City,04-03-2019,10,2019,3,0,2,17,20,18.94,72.835
Mumbai City,11-03-2019,11,2019,3,1,2,22,28,18.94,72.835
Mumbai City,18-03-2019,12,2019,3,0,0,13,15,18.94,72.835
Mumbai City,25-03-2019,13,2019,3,1,2,12,17,18.94,72.835
Mumbai City,01-04-2019,14,2019,4,3,6,34,44,18.94,72.835
Mumbai City,08-04-2019,15,2019,4,1,2,48,53,18.94,72.835
Mumbai City,15-04-2019,16,2019,4,2,3,37,42,18.94,72.835
Mumbai City,22-04-2019,17,2019,4,0,5,38,45,18.94,72.835
Mumbai City,29-04-2019,18,2019,4,2,3,38,44,18.94,72.835
Mumbai City,06-05-2019,19,2019,5,1,4,43,52,18.94,72.835
Mumbai City,13-05-2019,20,2019,5,0,10,37,47,18.94,72.835
Mumbai City,20-05-2019,21,2019,5,1,4,39,47,18.94,72.835
Mumbai City,27-05-2019,22,2019,5,2,4,44,53,18.94,72.835
Mumbai City,03-06-2019,23,2019,6,2,0,72,77,18.94,72.835
Mumbai City,10-06-2019,24,2019,6,5,3,70,80,18.94,72.835
Mumbai City,17-06-2019,25,2019,6,2,7,69,84,18.94,72.835
Mumbai City,24-06-2019,26,2019,6,1,4,65,73,18.94,72.835
Mumbai City,01-07-2019,27,2019,7,0,6,76,82,18.94,72.835
Mumbai City,08-07-2019,28,2019,7,0,5,62,72,18.94,72.835
Mumbai City,15-07-2019,29,2019,7,2,1,57,63,18.94,72.835
Mumbai City,22-07-2019,30,2019,7,2,4,65,74,18.94,72.835
Mumbai City,29-07-2019,31,2019,7,1,6,86,96,18.94,72.835
Mumbai City,05-08-2019,32,2019,8,0,2,64,68,18.94,72.835
Mumbai City,12-08-2019,33,2019,8,5,5,76,92,18.94,72.835
Mumbai City,19-08-2019,34,2019,8,3,0,82,90,18.94,72.835
Mumbai City,26-08-2019,35,2019,8,5,2,67,75,18.94,72.835
Mumbai City,02-09-2019,36,2019,9,2,2,77,81,18.94,72.835
Mumbai City,09-09-2019,37,2019,9,6,2,70,80,18.94,72.835
Mumbai City,16-09-2019,38,2019,9,1,1,72,78,18.94,72.835
Mumbai City,23-09-2019,39,2019,9,1,3,69,77,18.94,72.835
Mumbai City,30-09-2019,40,2019,9,4,2,65,75,18.94,72.835
Mumbai City,07-10-2019,41,2019,10,2,8,21,35,18.94,72.835
Mumbai City,14-10-2019,42,2019,10,1,0,28,32,18.94,72.835
Mumbai City,21-10-2019,43,2019,10,0,4,25,32,18.94,72.835
Mumbai City,28-10-2019,44,2019,10,2,2,29,34,18.94,72.835
Mumbai City,04-11-2019,45,2019,11,0,2,26,30,18.94,72.835
Mumbai City,11-11-2019,46,2019,11,0,3,37,41,18.94,72.835
Mumbai City,18-11-2019,47,2019,11,2,2,20,25,18.94,72.835
Mumbai City,25-11-2019,48,2019,11,1,4,22,28,18.94,72.835
Mumbai City,02-12-2019,49,2019,12,0,1,19,22,18.94,72.835
Mumbai City,09-12-2019,50,2019,12,0,2,11,15,18.94,72.835
Mumbai City,16-12-2019,51,2019,12,0,3,19,22,18.94,72.835
Mumbai City,23-12-2019,52,2019,12,0,4,19,24,18.94,72.835
Mumbai City,30-12-2019,1,2019,12,0,0,17,18,18.94,72.835
Mumbai City,06-01-2020,2,2020,1,2,2,20,26,18.94,72.835
Mumbai City,13-01-2020,3,2020,1,0,3,16,20,18.94,72.835
Mumbai City,20-01-2020,4,2020,1,0,1,15,16,18.94,72.835
Mumbai City,27-01-2020,5,2020,1,1,2,24,28,18.94,72.835
Mumbai City,03-02-2020,6,2020,2,1,3,17,22,18.94,72.835
Mumbai City,10-02-2020,7,2020,2,0,3,19,22,18.94,72.835
Mumbai City,17-02-2020,8,2020,2,0,1,24,29,18.94,72.835
Mumbai City,24-02-2020,9,2020,2,0,4,28,32,18.94,72.835
Mumbai City,02-03-2020,10,2020,3,1,3,14,21,18.94,72.835
Mumbai City,09-03-2020,11,2020,3,1,3,17,22,18.94,72.835
Mumbai City,16-03-2020,12,2020,3,1,3,28,33,18.94,72.835
Mumbai City,23-03-2020,13,2020,3,1,3,17,22,18.94,72.835
Mumbai City,30-03-2020,14,2020,3,1,3,25,31,18.94,72.835
Mumbai City,06-04-2020,15,2020,4,0,6,37,45,18.94,72.835
Mumbai City,13-04-2020,16,2020,4,1,1,36,40,18.94,72.835
Mumbai City,20-04-2020,17,2020,4,2,7,36,46,18.94,72.835
Mumbai City,27-04-2020,18,2020,4,1,0,32,36,18.94,72.835
Mumbai City,04-05-2020,19,2020,5,2,2,35,42,18.94,72.835
Mumbai City,11-05-2020,20,2020,5,0,4,35,39,18.94,72.835
Mumbai City,18-05-2020,21,2020,5,1,3,35,39,18.94,72.835
Mumbai City,25-05-2020,22,2020,5,2,4,33,41,18.94,72.835
Mumbai City,01-06-2020,23,2020,6,2,1,62,65,18.94,72.835
Mumbai City,08-06-2020,24,2020,6,2,1,62,69,18.94,72.835
Mumbai City,15-06-2020,25,2020,6,1,1,71,77,18.94,72.835
Mumbai City,22-06-2020,26,2020,6,2,5,79,88,18.94,72.835
Mumbai City,29-06-2020,27,2020,6,2,4,60,67,18.94,72.835
Mumbai City,06-07-2020,28,2020,7,2,3,80,88,18.94,72.835
Mumbai City,13-07-2020,29,2020,7,2,2,71,77,18.94,72.835
Mumbai City,20-07-2020,30,2020,7,2,4,62,70,18.94,72.835
Mumbai City,27-07-2020,31,2020,7,1,3,67,75,18.94,72.835
Mumbai City,03-08-2020,32,2020,8,0,4,70,79,18.94,72.835
Mumbai City,10-08-2020,33,2020,8,3,5,73,88,18.94,72.835
Mumbai City,17-08-2020,34,2020,8,2,2,74,81,18.94,72.835
Mumbai City,24-08-2020,35,2020,8,3,1,80,94,18.94,72.835
Mumbai City,31-08-2020,36,2020,8,2,2,63,67,18.94,72.835
Mumbai City,07-09-2020,37,2020,9,4,4,86,96,18.94,72.835
Mumbai City,14-09-2020,38,2020,9,4,2,76,87,18.94,72.835
Mumbai City,21-09-2020,39,2020,9,2,3,71,78,18.94,72.835
Mumbai City,28-09-2020,40,2020,9,6,4,54,66,18.94,72.835
Mumbai City,05-10-2020,41,2020,10,1,4,30,41,18.94,72.835
Mumbai City,12-10-2020,42,2020,10,0,2,33,37,18.94,72.835
Mumbai City,19-10-2020,43,2020,10,2,0,24,29,18.94,72.835
Mumbai City,26-10-2020,44,2020,10,2,4,37,45,18.94,72.835
Mumbai City,02-11-2020,45,2020,11,0,1,29,31,18.94,72.835
Mumbai City,09-11-2020,46,2020,11,4,1,27,34,18.94,72.835
Mumbai City,16-11-2020,47,2020,11,2,3,18,26,18.94,72.835
Mumbai City,23-11-2020,48,2020,11,2,2,35,40,18.94,72.835
Mumbai City,30-11-2020,49,2020,11,1,3,34,42,18.94,72.835
Mumbai City,07-12-2020,50,2020,12,0,4,14,19,18.94,72.835
Mumbai City,14-12-2020,51,2020,12,0,0,21,23,18.94,72.835
Mumbai City,21-12-2020,52,2020,12,0,0,18,20,18.94,72.835
Mumbai City,28-12-2020,53,2020,12,2,1,14,20,18.94,72.835
Mumbai City,04-01-2021,1,2021,1,0,1,18,19,18.94,72.835
Mumbai City,11-01-2021,2,2021,1,0,1,22,24,18.94,72.835
Mumbai City,18-01-2021,3,2021,1,0,2,28,35,18.94,72.835
Mumbai City,25-01-2021,4,2021,1,1,5,23,29,18.94,72.835
Mumbai City,01-02-2021,5,2021,2,0,2,15,20,18.94,72.835
Mumbai City,08-02-2021,6,2021,2,0,4,11,16,18.94,72.835
Mumbai City,15-02-2021,7,2021,2,2,2,25,32,18.94,72.835
Mumbai City,22-02-2021,8,2021,2,1,3,21,26,18.94,72.835
Mumbai City,01-03-2021,9,2021,3,2,2,25,31,18.94,72.835
Mumbai City,08-03-2021,10,2021,3,0,2,16,20,18.94,72.835
Mumbai City,15-03-2021,11,2021,3,1,1,15,19,18.94,72.835
Mumbai City,22-03-2021,12,2021,3,0,2,15,22,18.94,72.835
Mumbai City,29-03-2021,13,2021,3,1,1,28,30,18.94,72.835
Mumbai City,05-04-2021,14,2021,4,2,2,38,44,18.94,72.835
Mumbai City,12-04-2021,15,2021,4,1,1,39,43,18.94,72.835
Mumbai City,19-04-2021,16,2021,4,1,9,39,51,18.94,72.835
Mumbai City,26-04-2021,17,2021,4,1,5,41,50,18.94,72.835
Mumbai City,03-05-2021,18,2021,5,4,3,32,41,18.94,72.835
Mumbai City,10-05-2021,19,2021,5,1,2,37,42,18.94,72.835
Mumbai City,17-05-2021,20,2021,5,2,1,33,40,18.94,72.835
Mumbai City,24-05-2021,21,2021,5,2,1,33,37,18.94,72.835
Mumbai City,31-05-2021,22,2021,5,0,6,34,41,18.94,72.835
Mumbai City,07-06-2021,23,2021,6,1,3,77,86,18.94,72.835
Mumbai City,14-06-2021,24,2021,6,2,5,77,86,18.94,72.835
Mumbai City,21-06-2021,25,2021,6,1,3,71,78,18.94,72.835
Mumbai City,28-06-2021,26,2021,6,1,5,56,63,18.94,72.835
Mumbai City,05-07-2021,27,2021,7,0,3,65,68,18.94,72.835
Mumbai City,12-07-2021,28,2021,7,2,5,70,77,18.94,72.835
Mumbai City,19-07-2021,29,2021,7,2,3,67,76,18.94,72.835
Mumbai City,26-07-2021,30,2021,7,3,3,75,83,18.94,72.835
Mumbai City,02-08-2021,31,2021,8,1,3,64,74,18.94,72.835
Mumbai City,09-08-2021,32,2021,8,2,6,66,78,18.94,72.835
Mumbai City,16-08-2021,33,2021,8,5,3,53,65,18.94,72.835
Mumbai City,23-08-2021,34,2021,8,2,4,68,78,18.94,72.835
Mumbai City,30-08-2021,35,2021,8,1,2,77,83,18.94,72.835
Mumbai City,06-09-2021,36,2021,9,2,5,67,76,18.94,72.835
Mumbai City,13-09-2021,37,2021,9,2,5,70,79,18.94,72.835
Mumbai City,20-09-2021,38,2021,9,3,7,67,79,18.94,72.835
Mumbai City,27-09-2021,39,2021,9,5,4,48,58,18.94,72.835
Mumbai City,04-10-2021,40,2021,10,0,3,25,29,18.94,72.835
Mumbai City,11-10-2021,41,2021,10,0,1,32,33,18.94,72.835
Mumbai City,18-10-2021,42,2021,10,0,4,22,30,18.94,72.835
Mumbai City,25-10-2021,43,2021,10,2,6,25,34,18.94,72.835
Mumbai City,01-11-2021,44,2021,11,1,3,30,38,18.94,72.835
Mumbai City,08-11-2021,45,2021,11,1,4,38,44,18.94,72.835
Mumbai City,15-11-2021,46,2021,11,2,5,24,35,18.94,72.835
Mumbai City,22-11-2021,47,2021,11,1,3,26,31,18.94,72.835
Mumbai City,29-11-2021,48,2021,11,2,3,32,40,18.94,72.835
Mumbai City,06-12-2021,49,2021,12,0,1,18,23,18.94,72.835
Mumbai City,13-12-2021,50,2021,12,1,3,21,26,18.94,72.835
Mumbai City,20-12-2021,51,2021,12,1,4,24,29,18.94,72.835
Mumbai City,27-12-2021,52,2021,12,0,4,19,25,18.94,72.835
Mumbai City,03-01-2022,1,2022,1,0,6,24,32,18.94,72.835
Mumbai City,10-01-2022,2,2022,1,1,1,17,19,18.94,72.835
Mumbai City,17-01-2022,3,2022,1,1,3,19,25,18.94,72.835
Mumbai City,24-01-2022,4,2022,1,0,1,12,16,18.94,72.835
Mumbai City,31-01-2022,5,2022,1,0,1,23,25,18.94,72.835
Mumbai City,07-02-2022,6,2022,2,0,1,16,20,18.94,72.835
Mumbai City,14-02-2022,7,2022,2,0,0,14,16,18.94,72.835
Mumbai City,21-02-2022,8,2022,2,0,4,18,25,18.94,72.835
Mumbai City,28-02-2022,9,2022,2,0,4,13,18,18.94,72.835
Mumbai City,07-03-2022,10,2022,3,1,1,25,27,18.94,72.835
Mumbai City,14-03-2022,11,2022,3,1,0,19,22,18.94,72.835
Mumbai City,21-03-2022,12,2022,3,1,3,20,25,18.94,72.835
Mumbai City,28-03-2022,13,2022,3,1,1,17,20,18.94,72.835
Mumbai City,04-04-2022,14,2022,4,3,3,24,33,18.94,72.835
Mumbai City,11-04-2022,15,2022,4,2,6,38,49,18.94,72.835
Mumbai City,18-04-2022,16,2022,4,2,5,38,47,18.94,72.835
Mumbai City,25-04-2022,17,2022,4,4,6,36,47,18.94,72.835
Mumbai City,02-05-2022,18,2022,5,1,8,35,45,18.94,72.835
Mumbai City,09-05-2022,19,2022,5,2,2,34,41,18.94,72.835
Mumbai City,16-05-2022,20,2022,5,2,4,29,37,18.94,72.835
Mumbai City,23-05-2022,21,2022,5,2,2,32,41,18.94,72.835
Mumbai City,30-05-2022,22,2022,5,3,6,34,47,18.94,72.835
Mumbai City,06-06-2022,23,2022,6,3,6,74,84,18.94,72.835
Mumbai City,13-06-2022,24,2022,6,2,3,81,89,18.94,72.835
Mumbai City,20-06-2022,25,2022,6,2,4,78,84,18.94,72.835
Mumbai City,27-06-2022,26,2022,6,6,6,72,86,18.94,72.835
Mumbai City,04-07-2022,27,2022,7,4,3,62,69,18.94,72.835
Mumbai City,11-07-2022,28,2022,7,1,4,63,68,18.94,72.835
Mumbai City,18-07-2022,29,2022,7,0,1,56,61,18.94,72.835
Mumbai City,25-07-2022,30,2022,7,0,2,69,74,18.94,72.835
Mumbai City,01-08-2022,31,2022,8,2,7,72,81,18.94,72.835
Mumbai City,08-08-2022,32,2022,8,2,3,67,72,18.94,72.835
Mumbai City,15-08-2022,33,2022,8,4,1,72,81,18.94,72.835
Mumbai City,22-08-2022,34,2022,8,1,0,67,69,18.94,72.835
Mumbai City,29-08-2022,35,2022,8,1,7,64,77,18.94,72.835
Mumbai City,05-09-2022,36,2022,9,3,3,65,74,18.94,72.835
Mumbai City,12-09-2022,37,2022,9,2,4,73,79,18.94,72.835
Mumbai City,19-09-2022,38,2022,9,3,1,59,66,18.94,72.835
Mumbai City,26-09-2022,39,2022,9,6,5,70,84,18.94,72.835
Mumbai City,03-10-2022,40,2022,10,0,0,25,28,18.94,72.835
Mumbai City,10-10-2022,41,2022,10,0,3,29,33,18.94,72.835
Mumbai City,17-10-2022,42,2022,10,0,0,27,31,18.94,72.835
Mumbai City,24-10-2022,43,2022,10,1,2,24,28,18.94,72.835
Mumbai City,31-10-2022,44,2022,10,2,3,22,29,18.94,72.835
Mumbai City,07-11-2022,45,2022,11,3,4,20,30,18.94,72.835
Mumbai City,14-11-2022,46,2022,11,1,3,27,33,18.94,72.835
Mumbai City,21-11-2022,47,2022,11,0,2,30,33,18.94,72.835
Mumbai City,28-11-2022,48,2022,11,3,6,27,38,18.94,72.835
Mumbai City,05-12-2022,49,2022,12,0,2,20,22,18.94,72.835
Mumbai City,12-12-2022,50,2022,12,0,2,12,15,18.94,72.835
Mumbai City,19-12-2022,51,2022,12,0,5,16,24,18.94,72.835
Mumbai City,26-12-2022,52,2022,12,0,4,16,24,18.94,72.835
Mumbai City,02-01-2023,1,2023,1,1,2,21,26,18.94,72.835
Mumbai City,09-01-2023,2,2023,1,0,0,16,16,18.94,72.835
Mumbai City,16-01-2023,3,2023,1,1,2,13,18,18.94,72.835
Mumbai City,23-01-2023,4,2023,1,2,3,22,30,18.94,72.835
Mumbai City,30-01-2023,5,2023,1,0,6,13,20,18.94,72.835
Mumbai City,06-02-2023,6,2023,2,0,4,18,22,18.94,72.835
Mumbai City,13-02-2023,7,2023,2,1,4,26,33,18.94,72.835
Mumbai City,20-02-2023,8,2023,2,0,4,22,28,18.94,72.835
Mumbai City,27-02-2023,9,2023,2,0,1,16,17,18.94,72.835
Mumbai City,06-03-2023,10,2023,3,0,1,14,17,18.94,72.835
Mumbai City,13-03-2023,11,2023,3,1,4,23,30,18.94,72.835
Mumbai City,20-03-2023,12,2023,3,0,2,16,20,18.94,72.835
Mumbai City,27-03-2023,13,2023,3,0,1,17,20,18.94,72.835
Mumbai City,03-04-2023,14,2023,4,3,2,30,38,18.94,72.835
Mumbai City,10-04-2023,15,2023,4,6,3,37,47,18.94,72.835
Mumbai City,17-04-2023,16,2023,4,2,5,44,51,18.94,72.835
Mumbai City,24-04-2023,17,2023,4,0,0,38,38,18.94,72.835
Mumbai City,01-05-2023,18,2023,5,2,3,41,48,18.94,72.835
Mumbai City,08-05-2023,19,2023,5,0,2,31,34,18.94,72.835
Mumbai City,15-05-2023,20,2023,5,2,10,38,51,18.94,72.835
Mumbai City,22-05-2023,21,2023,5,2,0,33,37,18.94,72.835
Mumbai City,29-05-2023,22,2023,5,1,3,35,39,18.94,72.835
Mumbai City,05-06-2023,23,2023,6,4,7,76,89,18.94,72.835
Mumbai City,12-06-2023,24,2023,6,2,2,46,55,18.94,72.835
Mumbai City,19-06-2023,25,2023,6,2,7,71,82,18.94,72.835
Mumbai City,26-06-2023,26,2023,6,0,7,72,82,18.94,72.835
Mumbai City,03-07-2023,27,2023,7,1,0,67,70,18.94,72.835
Mumbai City,10-07-2023,28,2023,7,1,0,61,65,18.94,72.835
Mumbai City,17-07-2023,29,2023,7,3,7,70,83,18.94,72.835
Mumbai City,24-07-2023,30,2023,7,2,4,65,78,18.94,72.835
Mumbai City,31-07-2023,31,2023,7,2,8,59,70,18.94,72.835
Mumbai City,07-08-2023,32,2023,8,1,6,92,103,18.94,72.835
Mumbai City,14-08-2023,33,2023,8,1,3,79,88,18.94,72.835
Mumbai City,21-08-2023,34,2023,8,1,3,72,77,18.94,72.835
Mumbai City,28-08-2023,35,2023,8,2,2,65,72,18.94,72.835
Mumbai City,04-09-2023,36,2023,9,1,4,69,79,18.94,72.835
Mumbai City,11-09-2023,37,2023,9,2,3,54,62,18.94,72.835
Mumbai City,18-09-2023,38,2023,9,2,5,63,72,18.94,72.835
Mumbai City,25-09-2023,39,2023,9,4,3,71,81,18.94,72.835
Mumbai City,02-10-2023,40,2023,10,2,0,26,31,18.94,72.835
Mumbai City,09-10-2023,41,2023,10,1,0,29,32,18.94,72.835
Mumbai City,16-10-2023,42,2023,10,0,3,23,27,18.94,72.835
Mumbai City,23-10-2023,43,2023,10,0,4,39,47,18.94,72.835
Mumbai City,30-10-2023,44,2023,10,2,1,25,30,18.94,72.835
Mumbai City,06-11-2023,45,2023,11,0,5,31,39,18.94,72.835
Mumbai City,13-11-2023,46,2023,11,1,1,24,26,18.94,72.835
Mumbai City,20-11-2023,47,2023,11,2,3,21,26,18.94,72.835
Mumbai City,27-11-2023,48,2023,11,0,4,24,29,18.94,72.835
Mumbai City,04-12-2023,49,2023,12,1,3,17,24,18.94,72.835
Mumbai City,11-12-2023,50,2023,12,0,2,25,32,18.94,72.835
Mumbai City,18-12-2023,51,2023,12,1,2,14,20,18.94,72.835
Mumbai City,25-12-2023,52,2023,12,0,0,15,16,18.94,72.835
Mumbai Suburban,07-01-2019,2,2019,1,0,6,66,79,19.12,72.87
Mumbai Suburban,14-01-2019,3,2019,1,3,6,75,88,19.12,72.87
Mumbai Suburban,21-01-2019,4,2019,1,3,7,59,75,19.12,72.87
Mumbai Suburban,28-01-2019,5,2019,1,3,7,71,87,19.12,72.87
Mumbai Suburban,04-02-2019,6,2019,2,3,5,71,87,19.12,72.87
Mumbai Suburban,11-02-2019,7,2019,2,3,13,56,78,19.12,72.87
Mumbai Suburban,18-02-2019,8,2019,2,4,8,56,74,19.12,72.87
Mumbai Suburban,25-02-2019,9,2019,2,2,2,74,84,19.12,72.87
Mumbai Suburban,04-03-2019,10,2019,3,5,8,53,72,19.12,72.87
Mumbai Suburban,11-03-2019,11,2019,3,3,16,64,93,19.12,72.87
Mumbai Suburban,18-03-2019,12,2019,3,2,9,67,81,19.12,72.87
Mumbai Suburban,25-03-2019,13,2019,3,5,8,50,74,19.12,72.87
Mumbai Suburban,01-04-2019,14,2019,4,5,12,96,116,19.12,72.87
Mumbai Suburban,08-04-2019,15,2019,4,2,14,124,144,19.12,72.87
Mumbai Suburban,15-04-2019,16,2019,4,2,18,109,133,19.12,72.87
Mumbai Suburban,22-04-2019,17,2019,4,4,16,114,139,19.12,72.87
Mumbai Suburban,29-04-2019,18,2019,4,10,10,122,150,19.12,72.87
Mumbai Suburban,06-05-2019,19,2019,5,3,15,119,143,19.12,72.87
Mumbai Suburban,13-05-2019,20,2019,5,3,15,110,134,19.12,72.87
Mumbai Suburban,20-05-2019,21,2019,5,3,11,128,147,19.12,72.87
Mumbai Suburban,27-05-2019,22,2019,5,2,12,106,129,19.12,72.87
Mumbai Suburban,03-06-2019,23,2019,6,4,12,246,267,19.12,72.87
Mumbai Suburban,10-06-2019,24,2019,6,3,14,227,252,19.12,72.87
Mumbai Suburban,17-06-2019,25,2019,6,3,16,235,262,19.12,72.87
Mumbai Suburban,24-06-2019,26,2019,6,6,14,214,242,19.12,72.87
Mumbai Suburban,01-07-2019,27,2019,7,5,12,221,245,19.12,72.87
Mumbai Suburban,08-07-2019,28,2019,7,10,10,239,268,19.12,72.87
Mumbai Suburban,15-07-2019,29,2019,7,10,7,221,251,19.12,72.87
Mumbai Suburban,22-07-2019,30,2019,7,5,8,213,246,19.12,72.87
Mumbai Suburban,29-07-2019,31,2019,7,4,9,211,232,19.12,72.87
Mumbai Suburban,05-08-2019,32,2019,8,9,18,251,286,19.12,72.87
Mumbai Suburban,12-08-2019,33,2019,8,6,12,239,264,19.12,72.87
Mumbai Suburban,19-08-2019,34,2019,8,4,11,243,272,19.12,72.87
Mumbai Suburban,26-08-2019,35,2019,8,11,10,214,240,19.12,72.87
Mumbai Suburban,02-09-2019,36,2019,9,9,14,252,282,19.12,72.87
Mumbai Suburban,09-09-2019,37,2019,9,4,14,205,230,19.12,72.87
Mumbai Suburban,16-09-2019,38,2019,9,3,13,236,261,19.12,72.87
Mumbai Suburban,23-09-2019,39,2019,9,6,18,220,250,19.12,72.87
Mumbai Suburban,30-09-2019,40,2019,9,6,8,237,256,19.12,72.87
Mumbai Suburban,07-10-2019,41,2019,10,0,9,81,98,19.12,72.87
Mumbai Suburban,14-10-2019,42,2019,10,2,14,107,128,19.12,72.87
Mumbai Suburban,21-10-2019,43,2019,10,4,8,91,110,19.12,72.87
Mumbai Suburban,28-10-2019,44,2019,10,3,7,84,95,19.12,72.87
Mumbai Suburban,04-11-2019,45,2019,11,1,7,102,114,19.12,72.87
Mumbai Suburban,11-11-2019,46,2019,11,3,10,82,100,19.12,72.87
Mumbai Suburban,18-11-2019,47,2019,11,3,8,85,101,19.12,72.87
Mumbai Suburban,25-11-2019,48,2019,11,1,6,87,104,19.12,72.87
Mumbai Suburban,02-12-2019,49,2019,12,1,9,58,73,19.12,72.87
Mumbai Suburban,09-12-2019,50,2019,12,3,5,72,90,19.12,72.87
Mumbai Suburban,16-12-2019,51,2019,12,1,6,70,85,19.12,72.87
Mumbai Suburban,23-12-2019,52,2019,12,3,8,75,95,19.12,72.87
Mumbai Suburban,30-12-2019,1,2019,12,3,6,65,82,19.12,72.87
Mumbai Suburban,06-01-2020,2,2020,1,1,8,63,81,19.12,72.87
Mumbai Suburban,13-01-2020,3,2020,1,3,8,53,70,19.12,72.87
Mumbai Suburban,20-01-2020,4,2020,1,1,15,65,87,19.12,72.87
Mumbai Suburban,27-01-2020,5,2020,1,1,4,64,73,19.12,72.87
Mumbai Suburban,03-02-2020,6,2020,2,0,7,55,67,19.12,72.87
Mumbai Suburban,10-02-2020,7,2020,2,1,8,65,77,19.12,72.87
Mumbai Suburban,17-02-2020,8,2020,2,2,7,57,72,19.12,72.87
Mumbai Suburban,24-02-2020,9,2020,2,1,11,69,88,19.12,72.87
Mumbai Suburban,02-03-2020,10,2020,3,2,10,60,79,19.12,72.87
Mumbai Suburban,09-03-2020,11,2020,3,1,7,71,85,19.12,72.87
Mumbai Suburban,16-03-2020,12,2020,3,1,6,63,76,19.12,72.87
Mumbai Suburban,23-03-2020,13,2020,3,5,7,65,81,19.12,72.87
Mumbai Suburban,30-03-2020,14,2020,3,1,8,62,79,19.12,72.87
Mumbai Suburban,06-04-2020,15,2020,4,3,19,120,152,19.12,72.87
Mumbai Suburban,13-04-2020,16,2020,4,5,15,114,140,19.12,72.87
Mumbai Suburban,20-04-2020,17,2020,4,8,12,114,142,19.12,72.87
Mumbai Suburban,27-04-2020,18,2020,4,7,12,128,158,19.12,72.87
Mumbai Suburban,04-05-2020,19,2020,5,3,17,127,154,19.12,72.87
Mumbai Suburban,11-05-2020,20,2020,5,6,13,122,148,19.12,72.87
Mumbai Suburban,18-05-2020,21,2020,5,4,13,115,138,19.12,72.87
Mumbai Suburban,25-05-2020,22,2020,5,5,18,112,144,19.12,72.87
Mumbai Suburban,01-06-2020,23,2020,6,3,15,202,229,19.12,72.87
Mumbai Suburban,08-06-2020,24,2020,6,4,11,215,241,19.12,72.87
Mumbai Suburban,15-06-2020,25,2020,6,5,11,238,262,19.12,72.87
Mumbai Suburban,22-06-2020,26,2020,6,5,12,192,214,19.12,72.87
Mumbai Suburban,29-06-2020,27,2020,6,5,20,241,282,19.12,72.87
Mumbai Suburban,06-07-2020,28,2020,7,7,10,236,258,19.12,72.87
Mumbai Suburban,13-07-2020,29,2020,7,6,19,234,274,19.12,72.87
Mumbai Suburban,20-07-2020,30,2020,7,9,10,228,252,19.12,72.87
Mumbai Suburban,27-07-2020,31,2020,7,9,10,214,238,19.12,72.87
Mumbai Suburban,03-08-2020,32,2020,8,3,10,208,231,19.12,72.87
Mumbai Suburban,10-08-2020,33,2020,8,6,11,262,295,19.12,72.87
Mumbai Suburban,17-08-2020,34,2020,8,9,10,221,254,19.12,72.87
Mumbai Suburban,24-08-2020,35,2020,8,7,9,239,265,19.12,72.87
Mumbai Suburban,31-08-2020,36,2020,8,9,16,219,252,19.12,72.87
Mumbai Suburban,07-09-2020,37,2020,9,8,10,225,255,19.12,72.87
Mumbai Suburban,14-09-2020,38,2020,9,5,11,220,244,19.12,72.87
Mumbai Suburban,21-09-2020,39,2020,9,5,13,222,246,19.12,72.87
Mumbai Suburban,28-09-2020,40,2020,9,3,16,186,213,19.12,72.87
Mumbai Suburban,05-10-2020,41,2020,10,0,7,92,107,19.12,72.87
Mumbai Suburban,12-10-2020,42,2020,10,4,5,115,130,19.12,72.87
Mumbai Suburban,19-10-2020,43,2020,10,6,9,92,112,19.12,72.87
Mumbai Suburban,26-10-2020,44,2020,10,3,2,73,88,19.12,72.87
Mumbai Suburban,02-11-2020,45,2020,11,4,10,98,120,19.12,72.87
Mumbai Suburban,09-11-2020,46,2020,11,2,5,91,105,19.12,72.87
Mumbai Suburban,16-11-2020,47,2020,11,2,14,101,123,19.12,72.87
Mumbai Suburban,23-11-2020,48,2020,11,2,6,97,112,19.12,72.87
Mumbai Suburban,30-11-2020,49,2020,11,4,4,77,89,19.12,72.87
Mumbai Suburban,07-12-2020,50,2020,12,4,12,58,78,19.12,72.87
Mumbai Suburban,14-12-2020,51,2020,12,1,7,65,76,19.12,72.87
Mumbai Suburban,21-12-2020,52,2020,12,2,6,64,80,19.12,72.87
Mumbai Suburban,28-12-2020,53,2020,12,3,11,56,72,19.12,72.87
Mumbai Suburban,04-01-2021,1,2021,1,4,8,74,96,19.12,72.87
Mumbai Suburban,11-01-2021,2,2021,1,1,5,55,70,19.12,72.87
Mumbai Suburban,18-01-2021,3,2021,1,1,7,49,62,19.12,72.87
Mumbai Suburban,25-01-2021,4,2021,1,1,8,59,75,19.12,72.87
Mumbai Suburban,01-02-2021,5,2021,2,1,11,67,86,19.12,72.87
Mumbai Suburban,08-02-2021,6,2021,2,4,6,63,83,19.12,72.87
Mumbai Suburban,15-02-2021,7,2021,2,3,6,71,85,19.12,72.87
Mumbai Suburban,22-02-2021,8,2021,2,4,3,58,73,19.12,72.87
Mumbai Suburban,01-03-2021,9,2021,3,2,9,67,86,19.12,72.87
Mumbai Suburban,08-03-2021,10,2021,3,0,9,60,75,19.12,72.87
Mumbai Suburban,15-03-2021,11,2021,3,4,9,72,90,19.12,72.87
Mumbai Suburban,22-03-2021,12,2021,3,2,5,72,82,19.12,72.87
Mumbai Suburban,29-03-2021,13,2021,3,5,8,72,94,19.12,72.87
Mumbai Suburban,05-04-2021,14,2021,4,2,10,103,122,19.12,72.87
Mumbai Suburban,12-04-2021,15,2021,4,3,15,108,132,19.12,72.87
Mumbai Suburban,19-04-2021,16,2021,4,4,20,137,164,19.12,72.87
Mumbai Suburban,26-04-2021,17,2021,4,1,13,101,120,19.12,72.87
Mumbai Suburban,03-05-2021,18,2021,5,6,20,102,138,19.12,72.87
Mumbai Suburban,10-05-2021,19,2021,5,6,19,106,137,19.12,72.87
Mumbai Suburban,17-05-2021,20,2021,5,4,16,117,142,19.12,72.87
Mumbai Suburban,24-05-2021,21,2021,5,6,10,98,121,19.12,72.87
Mumbai Suburban,31-05-2021,22,2021,5,3,6,117,134,19.12,72.87
Mumbai Suburban,07-06-2021,23,2021,6,13,6,242,270,19.12,72.87
Mumbai Suburban,14-06-2021,24,2021,6,1,13,223,247,19.12,72.87
Mumbai Suburban,21-06-2021,25,2021,6,10,15,232,266,19.12,72.87
Mumbai Suburban,28-06-2021,26,2021,6,6,11,232,256,19.12,72.87
Mumbai Suburban,05-07-2021,27,2021,7,9,14,209,237,19.12,72.87
Mumbai Suburban,12-07-2021,28,2021,7,4,8,227,254,19.12,72.87
Mumbai Suburban,19-07-2021,29,2021,7,7,13,261,286,19.12,72.87
Mumbai Suburban,26-07-2021,30,2021,7,8,13,242,272,19.12,72.87
Mumbai Suburban,02-08-2021,31,2021,8,8,6,242,265,19.12,72.87
Mumbai Suburban,09-08-2021,32,2021,8,7,12,251,284,19.12,72.87
Mumbai Suburban,16-08-2021,33,2021,8,11,12,200,235,19.12,72.87
Mumbai Suburban,23-08-2021,34,2021,8,5,10,211,232,19.12,72.87
Mumbai Suburban,30-08-2021,35,2021,8,7,14,246,275,19.12,72.87
Mumbai Suburban,06-09-2021,36,2021,9,6,12,205,227,19.12,72.87
Mumbai Suburban,13-09-2021,37,2021,9,9,12,228,253,19.12,72.87
Mumbai Suburban,20-09-2021,38,2021,9,7,9,218,237,19.12,72.87
Mumbai Suburban,27-09-2021,39,2021,9,8,15,203,236,19.12,72.87
Mumbai Suburban,04-10-2021,40,2021,10,3,5,86,100,19.12,72.87
Mumbai Suburban,11-10-2021,41,2021,10,2,9,85,106,19.12,72.87
Mumbai Suburban,18-10-2021,42,2021,10,2,4,90,103,19.12,72.87
Mumbai Suburban,25-10-2021,43,2021,10,2,8,85,105,19.12,72.87
Mumbai Suburban,01-11-2021,44,2021,11,3,10,87,107,19.12,72.87
Mumbai Suburban,08-11-2021,45,2021,11,4,8,68,86,19.12,72.87
Mumbai Suburban,15-11-2021,46,2021,11,2,9,89,109,19.12,72.87
Mumbai Suburban,22-11-2021,47,2021,11,3,8,96,113,19.12,72.87
Mumbai Suburban,29-11-2021,48,2021,11,4,9,94,112,19.12,72.87
Mumbai Suburban,06-12-2021,49,2021,12,2,11,58,82,19.12,72.87
Mumbai Suburban,13-12-2021,50,2021,12,0,4,64,76,19.12,72.87
Mumbai Suburban,20-12-2021,51,2021,12,2,8,79,98,19.12,72.87
Mumbai Suburban,27-12-2021,52,2021,12,3,9,86,101,19.12,72.87
Mumbai Suburban,03-01-2022,1,2022,1,1,3,73,86,19.12,72.87
Mumbai Suburban,10-01-2022,2,2022,1,1,4,72,82,19.12,72.87
Mumbai Suburban,17-01-2022,3,2022,1,3,8,54,68,19.12,72.87
Mumbai Suburban,24-01-2022,4,2022,1,3,7,68,81,19.12,72.87
Mumbai Suburban,31-01-2022,5,2022,1,0,10,67,81,19.12,72.87
Mumbai Suburban,07-02-2022,6,2022,2,1,9,71,87,19.12,72.87
Mumbai Suburban,14-02-2022,7,2022,2,1,6,61,76,19.12,72.87
Mumbai Suburban,21-02-2022,8,2022,2,3,12,73,93,19.12,72.87
Mumbai Suburban,28-02-2022,9,2022,2,1,10,60,75,19.12,72.87
Mumbai Suburban,07-03-2022,10,2022,3,2,6,60,76,19.12,72.87
Mumbai Suburban,14-03-2022,11,2022,3,3,9,69,86,19.12,72.87
Mumbai Suburban,21-03-2022,12,2022,3,1,8,60,72,19.12,72.87
Mumbai Suburban,28-03-2022,13,2022,3,2,10,50,69,19.12,72.87
Mumbai Suburban,04-04-2022,14,2022,4,6,9,119,140,19.12,72.87
Mumbai Suburban,11-04-2022,15,2022,4,8,18,111,143,19.12,72.87
Mumbai Suburban,18-04-2022,16,2022,4,2,13,122,141,19.12,72.87
Mumbai Suburban,25-04-2022,17,2022,4,3,21,121,153,19.12,72.87
Mumbai Suburban,02-05-2022,18,2022,5,5,13,132,154,19.12,72.87
Mumbai Suburban,09-05-2022,19,2022,5,2,20,118,146,19.12,72.87
Mumbai Suburban,16-05-2022,20,2022,5,2,14,118,141,19.12,72.87
Mumbai Suburban,23-05-2022,21,2022,5,5,10,113,133,19.12,72.87
Mumbai Suburban,30-05-2022,22,2022,5,3,11,105,126,19.12,72.87
Mumbai Suburban,06-06-2022,23,2022,6,7,13,218,247,19.12,72.87
Mumbai Suburban,13-06-2022,24,2022,6,7,9,221,248,19.12,72.87
Mumbai Suburban,20-06-2022,25,2022,6,7,12,234,261,19.12,72.87
Mumbai Suburban,27-06-2022,26,2022,6,4,9,250,272,19.12,72.87
Mumbai Suburban,04-07-2022,27,2022,7,0,9,211,225,19.12,72.87
Mumbai Suburban,11-07-2022,28,2022,7,10,14,226,260,19.12,72.87
Mumbai Suburban,18-07-2022,29,2022,7,7,12,237,268,19.12,72.87
Mumbai Suburban,25-07-2022,30,2022,7,5,8,219,241,19.12,72.87
Mumbai Suburban,01-08-2022,31,2022,8,5,14,216,238,19.12,72.87
Mumbai Suburban,08-08-2022,32,2022,8,5,5,210,231,19.12,72.87
Mumbai Suburban,15-08-2022,33,2022,8,6,19,221,255,19.12,72.87
Mumbai Suburban,22-08-2022,34,2022,8,10,16,221,256,19.12,72.87
Mumbai Suburban,29-08-2022,35,2022,8,9,9,235,263,19.12,72.87
Mumbai Suburban,05-09-2022,36,2022,9,7,18,211,243,19.12,72.87
Mumbai Suburban,12-09-2022,37,2022,9,10,19,187,226,19.12,72.87
Mumbai Suburban,19-09-2022,38,2022,9,10,11,207,233,19.12,72.87
Mumbai Suburban,26-09-2022,39,2022,9,6,13,190,217,19.12,72.87
Mumbai Suburban,03-10-2022,40,2022,10,3,7,104,119,19.12,72.87
Mumbai Suburban,10-10-2022,41,2022,10,1,9,79,97,19.12,72.87
Mumbai Suburban,17-10-2022,42,2022,10,0,10,84,104,19.12,72.87
Mumbai Suburban,24-10-2022,43,2022,10,4,7,90,107,19.12,72.87
Mumbai Suburban,31-10-2022,44,2022,10,1,7,70,84,19.12,72.87
Mumbai Suburban,07-11-2022,45,2022,11,3,8,79,97,19.12,72.87
Mumbai Suburban,14-11-2022,46,2022,11,3,5,81,92,19.12,72.87
Mumbai Suburban,21-11-2022,47,2022,11,4,10,82,105,19.12,72.87
Mumbai Suburban,28-11-2022,48,2022,11,0,7,84,99,19.12,72.87
Mumbai Suburban,05-12-2022,49,2022,12,2,6,72,89,19.12,72.87
Mumbai Suburban,12-12-2022,50,2022,12,0,7,65,78,19.12,72.87
Mumbai Suburban,19-12-2022,51,2022,12,0,9,55,74,19.12,72.87
Mumbai Suburban,26-12-2022,52,2022,12,4,7,60,73,19.12,72.87
Mumbai Suburban,02-01-2023,1,2023,1,1,5,52,63,19.12,72.87
Mumbai Suburban,09-01-2023,2,2023,1,3,6,65,80,19.12,72.87
Mumbai Suburban,16-01-2023,3,2023,1,2,10,67,87,19.12,72.87
Mumbai Suburban,23-01-2023,4,2023,1,2,5,68,79,19.12,72.87
Mumbai Suburban,30-01-2023,5,2023,1,0,11,58,80,19.12,72.87
Mumbai Suburban,06-02-2023,6,2023,2,0,10,74,95,19.12,72.87
Mumbai Suburban,13-02-2023,7,2023,2,0,7,62,74,19.12,72.87
Mumbai Suburban,20-02-2023,8,2023,2,0,5,71,82,19.12,72.87
Mumbai Suburban,27-02-2023,9,2023,2,2,7,62,77,19.12,72.87
Mumbai Suburban,06-03-2023,10,2023,3,3,7,59,75,19.12,72.87
Mumbai Suburban,13-03-2023,11,2023,3,0,7,62,70,19.12,72.87
Mumbai Suburban,20-03-2023,12,2023,3,2,5,52,62,19.12,72.87
Mumbai Suburban,27-03-2023,13,2023,3,0,8,61,76,19.12,72.87
Mumbai Suburban,03-04-2023,14,2023,4,3,14,120,145,19.12,72.87
Mumbai Suburban,10-04-2023,15,2023,4,1,12,124,142,19.12,72.87
Mumbai Suburban,17-04-2023,16,2023,4,1,10,110,128,19.12,72.87
Mumbai Suburban,24-04-2023,17,2023,4,2,14,129,150,19.12,72.87
Mumbai Suburban,01-05-2023,18,2023,5,7,20,105,137,19.12,72.87
Mumbai Suburban,08-05-2023,19,2023,5,4,16,99,124,19.12,72.87
Mumbai Suburban,15-05-2023,20,2023,5,7,11,115,140,19.12,72.87
Mumbai Suburban,22-05-2023,21,2023,5,5,15,130,155,19.12,72.87
Mumbai Suburban,29-05-2023,22,2023,5,3,12,112,137,19.12,72.87
Mumbai Suburban,05-06-2023,23,2023,6,10,9,201,228,19.12,72.87
Mumbai Suburban,12-06-2023,24,2023,6,7,14,221,253,19.12,72.87
Mumbai Suburban,19-06-2023,25,2023,6,5,16,212,239,19.12,72.87
Mumbai Suburban,26-06-2023,26,2023,6,9,10,225,253,19.12,72.87
Mumbai Suburban,03-07-2023,27,2023,7,6,11,246,271,19.12,72.87
Mumbai Suburban,10-07-2023,28,2023,7,10,8,213,233,19.12,72.87
Mumbai Suburban,17-07-2023,29,2023,7,9,12,202,230,19.12,72.87
Mumbai Suburban,24-07-2023,30,2023,7,10,11,217,246,19.12,72.87
Mumbai Suburban,31-07-2023,31,2023,7,4,8,204,229,19.12,72.87
Mumbai Suburban,07-08-2023,32,2023,8,7,13,207,239,19.12,72.87
Mumbai Suburban,14-08-2023,33,2023,8,3,8,234,253,19.12,72.87
Mumbai Suburban,21-08-2023,34,2023,8,7,11,226,252,19.12,72.87
Mumbai Suburban,28-08-2023,35,2023,8,7,13,241,279,19.12,72.87
Mumbai Suburban,04-09-2023,36,2023,9,3,16,229,256,19.12,72.87
Mumbai Suburban,11-09-2023,37,2023,9,6,16,223,252,19.12,72.87
Mumbai Suburban,18-09-2023,38,2023,9,5,8,219,239,19.12,72.87
Mumbai Suburban,25-09-2023,39,2023,9,5,16,245,281,19.12,72.87
Mumbai Suburban,02-10-2023,40,2023,10,1,8,90,104,19.12,72.87
Mumbai Suburban,09-10-2023,41,2023,10,4,7,91,110,19.12,72.87
Mumbai Suburban,16-10-2023,42,2023,10,2,14,81,103,19.12,72.87
Mumbai Suburban,23-10-2023,43,2023,10,3,4,83,95,19.12,72.87
Mumbai Suburban,30-10-2023,44,2023,10,4,8,101,120,19.12,72.87
Mumbai Suburban,06-11-2023,45,2023,11,5,6,80,97,19.12,72.87
Mumbai Suburban,13-11-2023,46,2023,11,1,8,98,115,19.12,72.87
Mumbai Suburban,20-11-2023,47,2023,11,3,1,91,101,19.12,72.87
Mumbai Suburban,27-11-2023,48,2023,11,6,8,90,114,19.12,72.87
Mumbai Suburban,04-12-2023,49,2023,12,3,7,66,87,19.12,72.87
Mumbai Suburban,11-12-2023,50,2023,12,1,6,58,74,19.12,72.87
Mumbai Suburban,18-12-2023,51,2023,12,4,10,67,88,19.12,72.87
Mumbai Suburban,25-12-2023,52,2023,12,0,5,66,76,19.12,72.87
Thane,07-01-2019,2,2019,1,4,12,98,121,19.218,73.058
Thane,14-01-2019,3,2019,1,2,12,87,107,19.218,73.058
Thane,21-01-2019,4,2019,1,3,8,108,125,19.218,73.058
Thane,28-01-2019,5,2019,1,1,14,91,113,19.218,73.058
Thane,04-02-2019,6,2019,2,0,11,87,107,19.218,73.058
Thane,11-02-2019,7,2019,2,5,11,101,126,19.218,73.058
Thane,18-02-2019,8,2019,2,2,10,72,91,19.218,73.058
Thane,25-02-2019,9,2019,2,1,6,79,93,19.218,73.058
Thane,04-03-2019,10,2019,3,3,6,78,96,19.218,73.058
Thane,11-03-2019,11,2019,3,4,11,73,94,19.218,73.058
Thane,18-03-2019,12,2019,3,2,14,93,114,19.218,73.058
Thane,25-03-2019,13,2019,3,5,12,75,103,19.218,73.058
Thane,01-04-2019,14,2019,4,6,26,164,202,19.218,73.058
Thane,08-04-2019,15,2019,4,3,20,174,204,19.218,73.058
Thane,15-04-2019,16,2019,4,1,28,139,175,19.218,73.058
Thane,22-04-2019,17,2019,4,4,20,143,183,19.218,73.058
Thane,29-04-2019,18,2019,4,5,20,163,195,19.218,73.058
Thane,06-05-2019,19,2019,5,4,26,151,192,19.218,73.058
Thane,13-05-2019,20,2019,5,7,20,164,197,19.218,73.058
Thane,20-05-2019,21,2019,5,8,20,166,203,19.218,73.058
Thane,27-05-2019,22,2019,5,8,17,158,187,19.218,73.058
Thane,03-06-2019,23,2019,6,4,21,316,357,19.218,73.058
Thane,10-06-2019,24,2019,6,10,17,300,341,19.218,73.058
Thane,17-06-2019,25,2019,6,12,21,292,335,19.218,73.058
Thane,24-06-2019,26,2019,6,9,26,326,373,19.218,73.058
Thane,01-07-2019,27,2019,7,8,22,304,347,19.218,73.058
Thane,08-07-2019,28,2019,7,7,16,322,355,19.218,73.058
Thane,15-07-2019,29,2019,7,9,20,319,355,19.218,73.058
Thane,22-07-2019,30,2019,7,17,17,299,345,19.218,73.058
Thane,29-07-2019,31,2019,7,15,27,313,371,19.218,73.058
Thane,05-08-2019,32,2019,8,10,20,316,358,19.218,73.058
Thane,12-08-2019,33,2019,8,10,15,303,340,19.218,73.058
Thane,19-08-2019,34,2019,8,6,12,341,370,19.218,73.058
Thane,26-08-2019,35,2019,8,12,15,326,358,19.218,73.058
Thane,02-09-2019,36,2019,9,8,13,311,342,19.218,73.058
Thane,09-09-2019,37,2019,9,12,19,325,372,19.218,73.058
Thane,16-09-2019,38,2019,9,9,14,336,370,19.218,73.058
Thane,23-09-2019,39,2019,9,16,19,308,355,19.218,73.058
Thane,30-09-2019,40,2019,9,12,23,305,347,19.218,73.058
Thane,07-10-2019,41,2019,10,3,14,122,146,19.218,73.058
Thane,14-10-2019,42,2019,10,5,9,120,146,19.218,73.058
Thane,21-10-2019,43,2019,10,5,11,123,145,19.218,73.058
Thane,28-10-2019,44,2019,10,3,14,128,157,19.218,73.058
Thane,04-11-2019,45,2019,11,5,11,124,150,19.218,73.058
Thane,11-11-2019,46,2019,11,3,15,124,152,19.218,73.058
Thane,18-11-2019,47,2019,11,2,13,138,160,19.218,73.058
Thane,25-11-2019,48,2019,11,6,11,116,140,19.218,73.058
Thane,02-12-2019,49,2019,12,3,5,81,103,19.218,73.058
Thane,09-12-2019,50,2019,12,3,7,80,98,19.218,73.058
Thane,16-12-2019,51,2019,12,2,10,92,117,19.218,73.058
Thane,23-12-2019,52,2019,12,5,6,91,106,19.218,73.058
Thane,30-12-2019,1,2019,12,2,9,92,113,19.218,73.058
Thane,06-01-2020,2,2020,1,2,11,71,94,19.218,73.058
Thane,13-01-2020,3,2020,1,2,10,86,105,19.218,73.058
Thane,20-01-2020,4,2020,1,1,7,87,106,19.218,73.058
Thane,27-01-2020,5,2020,1,3,11,85,105,19.218,73.058
Thane,03-02-2020,6,2020,2,2,7,78,96,19.218,73.058
Thane,10-02-2020,7,2020,2,2,14,96,124,19.218,73.058
Thane,17-02-2020,8,2020,2,1,10,85,102,19.218,73.058
Thane,24-02-2020,9,2020,2,2,17,86,114,19.218,73.058
Thane,02-03-2020,10,2020,3,1,8,88,104,19.218,73.058
Thane,09-03-2020,11,2020,3,2,8,96,114,19.218,73.058
Thane,16-03-2020,12,2020,3,1,9,89,111,19.218,73.058
Thane,23-03-2020,13,2020,3,5,7,87,107,19.218,73.058
Thane,30-03-2020,14,2020,3,3,13,98,123,19.218,73.058
Thane,06-04-2020,15,2020,4,2,22,165,195,19.218,73.058
Thane,13-04-2020,16,2020,4,4,29,147,192,19.218,73.058
Thane,20-04-2020,17,2020,4,6,16,159,192,19.218,73.058
Thane,27-04-2020,18,2020,4,7,22,157,199,19.218,73.058
Thane,04-05-2020,19,2020,5,2,26,167,207,19.218,73.058
Thane,11-05-2020,20,2020,5,5,20,171,200,19.218,73.058
Thane,18-05-2020,21,2020,5,4,12,154,180,19.218,73.058
Thane,25-05-2020,22,2020,5,5,23,172,207,19.218,73.058
Thane,01-06-2020,23,2020,6,7,10,305,330,19.218,73.058
Thane,08-06-2020,24,2020,6,14,13,298,329,19.218,73.058
Thane,15-06-2020,25,2020,6,12,13,296,332,19.218,73.058
Thane,22-06-2020,26,2020,6,9,12,321,352,19.218,73.058
Thane,29-06-2020,27,2020,6,11,17,311,346,19.218,73.058
Thane,06-07-2020,28,2020,7,10,25,300,346,19.218,73.058
Thane,13-07-2020,29,2020,7,8,21,299,342,19.218,73.058
Thane,20-07-2020,30,2020,7,9,12,307,337,19.218,73.058
Thane,27-07-2020,31,2020,7,7,13,333,367,19.218,73.058
Thane,03-08-2020,32,2020,8,15,17,339,375,19.218,73.058
Thane,10-08-2020,33,2020,8,14,23,309,360,19.218,73.058
Thane,17-08-2020,34,2020,8,8,13,316,351,19.218,73.058
Thane,24-08-2020,35,2020,8,16,18,291,335,19.218,73.058
Thane,31-08-2020,36,2020,8,7,15,327,363,19.218,73.058
Thane,07-09-2020,37,2020,9,9,13,308,335,19.218,73.058
Thane,14-09-2020,38,2020,9,5,10,333,358,19.218,73.058
Thane,21-09-2020,39,2020,9,6,17,339,377,19.218,73.058
Thane,28-09-2020,40,2020,9,10,15,294,330,19.218,73.058
Thane,05-10-2020,41,2020,10,5,11,112,141,19.218,73.058
Thane,12-10-2020,42,2020,10,2,16,144,169,19.218,73.058
Thane,19-10-2020,43,2020,10,3,9,125,146,19.218,73.058
Thane,26-10-2020,44,2020,10,4,11,137,162,19.218,73.058
Thane,02-11-2020,45,2020,11,4,13,95,119,19.218,73.058
Thane,09-11-2020,46,2020,11,4,10,122,149,19.218,73.058
Thane,16-11-2020,47,2020,11,2,12,124,148,19.218,73.058
Thane,23-11-2020,48,2020,11,6,22,149,186,19.218,73.058
Thane,30-11-2020,49,2020,11,3,11,130,152,19.218,73.058
Thane,07-12-2020,50,2020,12,3,10,105,127,19.218,73.058
Thane,14-12-2020,51,2020,12,5,10,84,114,19.218,73.058
Thane,21-12-2020,52,2020,12,1,11,89,109,19.218,73.058
Thane,28-12-2020,53,2020,12,2,12,77,100,19.218,73.058
Thane,04-01-2021,1,2021,1,5,15,99,128,19.218,73.058
Thane,11-01-2021,2,2021,1,5,13,102,126,19.218,73.058
Thane,18-01-2021,3,2021,1,3,10,97,118,19.218,73.058
Thane,25-01-2021,4,2021,1,3,8,99,115,19.218,73.058
Thane,01-02-2021,5,2021,2,2,11,82,100,19.218,73.058
Thane,08-02-2021,6,2021,2,3,6,83,105,19.218,73.058
Thane,15-02-2021,7,2021,2,1,18,91,119,19.218,73.058
Thane,22-02-2021,8,2021,2,3,10,90,111,19.218,73.058
Thane,01-03-2021,9,2021,3,1,10,90,115,19.218,73.058
Thane,08-03-2021,10,2021,3,3,14,85,112,19.218,73.058
Thane,15-03-2021,11,2021,3,5,14,84,116,19.218,73.058
Thane,22-03-2021,12,2021,3,3,10,112,141,19.218,73.058
Thane,29-03-2021,13,2021,3,4,12,86,104,19.218,73.058
Thane,05-04-2021,14,2021,4,4,15,169,198,19.218,73.058
Thane,12-04-2021,15,2021,4,5,23,145,181,19.218,73.058
Thane,19-04-2021,16,2021,4,5,15,148,179,19.218,73.058
Thane,26-04-2021,17,2021,4,5,15,169,198,19.218,73.058
Thane,03-05-2021,18,2021,5,5,23,155,194,19.218,73.058
Thane,10-05-2021,19,2021,5,1,23,158,186,19.218,73.058
Thane,17-05-2021,20,2021,5,6,18,153,184,19.218,73.058
Thane,24-05-2021,21,2021,5,8,26,146,186,19.218,73.058
Thane,31-05-2021,22,2021,5,5,16,176,207,19.218,73.058
Thane,07-06-2021,23,2021,6,10,18,296,335,19.218,73.058
Thane,14-06-2021,24,2021,6,10,28,322,371,19.218,73.058
Thane,21-06-2021,25,2021,6,15,16,301,343,19.218,73.058
Thane,28-06-2021,26,2021,6,12,14,278,310,19.218,73.058
Thane,05-07-2021,27,2021,7,8,18,316,352,19.218,73.058
Thane,12-07-2021,28,2021,7,14,22,282,328,19.218,73.058
Thane,19-07-2021,29,2021,7,11,13,304,349,19.218,73.058
Thane,26-07-2021,30,2021,7,7,16,335,365,19.218,73.058
Thane,02-08-2021,31,2021,8,16,20,278,328,19.218,73.058
Thane,09-08-2021,32,2021,8,11,14,307,344,19.218,73.058
Thane,16-08-2021,33,2021,8,11,12,346,384,19.218,73.058
Thane,23-08-2021,34,2021,8,16,16,318,364,19.218,73.058
Thane,30-08-2021,35,2021,8,7,19,314,355,19.218,73.058
Thane,06-09-2021,36,2021,9,16,13,310,349,19.218,73.058
Thane,13-09-2021,37,2021,9,17,22,301,362,19.218,73.058
Thane,20-09-2021,38,2021,9,12,23,306,345,19.218,73.058
Thane,27-09-2021,39,2021,9,9,18,339,380,19.218,73.058
Thane,04-10-2021,40,2021,10,2,10,128,150,19.218,73.058
Thane,11-10-2021,41,2021,10,1,9,124,141,19.218,73.058
Thane,18-10-2021,42,2021,10,7,12,134,165,19.218,73.058
Thane,25-10-2021,43,2021,10,5,17,132,162,19.218,73.058
Thane,01-11-2021,44,2021,11,6,9,113,134,19.218,73.058
Thane,08-11-2021,45,2021,11,6,13,115,141,19.218,73.058
Thane,15-11-2021,46,2021,11,9,14,105,135,19.218,73.058
Thane,22-11-2021,47,2021,11,5,12,140,163,19.218,73.058
Thane,29-11-2021,48,2021,11,2,10,121,144,19.218,73.058
Thane,06-12-2021,49,2021,12,2,11,101,122,19.218,73.058
Thane,13-12-2021,50,2021,12,6,18,85,119,19.218,73.058
Thane,20-12-2021,51,2021,12,1,12,76,96,19.218,73.058
Thane,27-12-2021,52,2021,12,4,13,83,104,19.218,73.058
Thane,03-01-2022,1,2022,1,3,11,110,134,19.218,73.058
Thane,10-01-2022,2,2022,1,4,18,86,116,19.218,73.058
Thane,17-01-2022,3,2022,1,3,7,100,116,19.218,73.058
Thane,24-01-2022,4,2022,1,3,14,96,128,19.218,73.058
Thane,31-01-2022,5,2022,1,1,10,91,108,19.218,73.058
Thane,07-02-2022,6,2022,2,4,9,77,100,19.218,73.058
Thane,14-02-2022,7,2022,2,1,10,89,107,19.218,73.058
Thane,21-02-2022,8,2022,2,4,14,88,116,19.218,73.058
Thane,28-02-2022,9,2022,2,3,6,82,97,19.218,73.058
Thane,07-03-2022,10,2022,3,2,15,86,113,19.218,73.058
Thane,14-03-2022,11,2022,3,3,18,86,116,19.218,73.058
Thane,21-03-2022,12,2022,3,4,9,91,112,19.218,73.058
Thane,28-03-2022,13,2022,3,1,12,74,100,19.218,73.058
Thane,04-04-2022,14,2022,4,8,22,161,200,19.218,73.058
Thane,11-04-2022,15,2022,4,4,12,169,196,19.218,73.058
Thane,18-04-2022,16,2022,4,9,16,154,188,19.218,73.058
Thane,25-04-2022,17,2022,4,2,24,143,172,19.218,73.058
Thane,02-05-2022,18,2022,5,4,17,162,193,19.218,73.058
Thane,09-05-2022,19,2022,5,4,26,154,195,19.218,73.058
Thane,16-05-2022,20,2022,5,3,17,160,186,19.218,73.058
Thane,23-05-2022,21,2022,5,7,17,181,210,19.218,73.058
Thane,30-05-2022,22,2022,5,8,15,136,167,19.218,73.058
Thane,06-06-2022,23,2022,6,13,13,307,347,19.218,73.058
Thane,13-06-2022,24,2022,6,12,14,326,358,19.218,73.058
Thane,20-06-2022,25,2022,6,9,23,318,359,19.218,73.058
Thane,27-06-2022,26,2022,6,12,8,240,270,19.218,73.058
Thane,04-07-2022,27,2022,7,13,17,315,353,19.218,73.058
Thane,11-07-2022,28,2022,7,9,11,269,299,19.218,73.058
Thane,18-07-2022,29,2022,7,12,14,342,377,19.218,73.058
Thane,25-07-2022,30,2022,7,23,14,332,376,19.218,73.058
Thane,01-08-2022,31,2022,8,9,24,285,332,19.218,73.058
Thane,08-08-2022,32,2022,8,6,14,303,330,19.218,73.058
Thane,15-08-2022,33,2022,8,12,19,323,366,19.218,73.058
Thane,22-08-2022,34,2022,8,7,22,294,329,19.218,73.058
Thane,29-08-2022,35,2022,8,9,20,280,319,19.218,73.058
Thane,05-09-2022,36,2022,9,10,14,310,344,19.218,73.058
Thane,12-09-2022,37,2022,9,13,14,314,356,19.218,73.058
Thane,19-09-2022,38,2022,9,10,11,309,341,19.218,73.058
Thane,26-09-2022,39,2022,9,7,25,298,342,19.218,73.058
Thane,03-10-2022,40,2022,10,6,9,136,157,19.218,73.058
Thane,10-10-2022,41,2022,10,5,10,123,151,19.218,73.058
Thane,17-10-2022,42,2022,10,4,9,132,159,19.218,73.058
Thane,24-10-2022,43,2022,10,4,15,125,150,19.218,73.058
Thane,31-10-2022,44,2022,10,5,7,127,152,19.218,73.058
Thane,07-11-2022,45,2022,11,5,11,133,161,19.218,73.058
Thane,14-11-2022,46,2022,11,1,9,127,145,19.218,73.058
Thane,21-11-2022,47,2022,11,2,11,129,145,19.218,73.058
Thane,28-11-2022,48,2022,11,4,9,137,158,19.218,73.058
Thane,05-12-2022,49,2022,12,2,9,89,110,19.218,73.058
Thane,12-12-2022,50,2022,12,3,13,97,118,19.218,73.058
Thane,19-12-2022,51,2022,12,5,10,93,113,19.218,73.058
Thane,26-12-2022,52,2022,12,2,11,74,97,19.218,73.058
Thane,02-01-2023,1,2023,1,1,6,96,116,19.218,73.058
Thane,09-01-2023,2,2023,1,2,17,105,135,19.218,73.058
Thane,16-01-2023,3,2023,1,2,11,102,126,19.218,73.058
Thane,23-01-2023,4,2023,1,4,13,86,109,19.218,73.058
Thane,30-01-2023,5,2023,1,4,9,78,101,19.218,73.058
Thane,06-02-2023,6,2023,2,3,9,79,99,19.218,73.058
Thane,13-02-2023,7,2023,2,4,10,82,106,19.218,73.058
Thane,20-02-2023,8,2023,2,6,9,77,99,19.218,73.058
Thane,27-02-2023,9,2023,2,5,21,74,112,19.218,73.058
Thane,06-03-2023,10,2023,3,1,16,87,111,19.218,73.058
Thane,13-03-2023,11,2023,3,6,14,77,106,19.218,73.058
Thane,20-03-2023,12,2023,3,2,13,82,105,19.218,73.058
Thane,27-03-2023,13,2023,3,1,8,70,88,19.218,73.058
Thane,03-04-2023,14,2023,4,3,22,189,225,19.218,73.058
Thane,10-04-2023,15,2023,4,3,21,146,177,19.218,73.058
Thane,17-04-2023,16,2023,4,2,29,149,195,19.218,73.058
Thane,24-04-2023,17,2023,4,6,24,141,178,19.218,73.058
Thane,01-05-2023,18,2023,5,6,26,154,192,19.218,73.058
Thane,08-05-2023,19,2023,5,9,17,164,198,19.218,73.058
Thane,15-05-2023,20,2023,5,5,11,167,195,19.218,73.058
Thane,22-05-2023,21,2023,5,5,16,170,200,19.218,73.058
Thane,29-05-2023,22,2023,5,2,18,150,181,19.218,73.058
Thane,05-06-2023,23,2023,6,11,17,320,359,19.218,73.058
Thane,12-06-2023,24,2023,6,8,12,310,336,19.218,73.058
Thane,19-06-2023,25,2023,6,15,21,298,345,19.218,73.058
Thane,26-06-2023,26,2023,6,8,13,339,373,19.218,73.058
Thane,03-07-2023,27,2023,7,8,20,301,337,19.218,73.058
Thane,10-07-2023,28,2023,7,11,18,310,355,19.218,73.058
Thane,17-07-2023,29,2023,7,12,12,306,341,19.218,73.058
Thane,24-07-2023,30,2023,7,9,12,350,395,19.218,73.058
Thane,31-07-2023,31,2023,7,12,17,318,366,19.218,73.058
Thane,07-08-2023,32,2023,8,8,18,313,343,19.218,73.058
Thane,14-08-2023,33,2023,8,10,17,314,346,19.218,73.058
Thane,21-08-2023,34,2023,8,9,14,338,371,19.218,73.058
Thane,28-08-2023,35,2023,8,7,22,299,344,19.218,73.058
Thane,04-09-2023,36,2023,9,7,27,303,349,19.218,73.058
Thane,11-09-2023,37,2023,9,11,15,352,392,19.218,73.058
Thane,18-09-2023,38,2023,9,7,21,307,345,19.218,73.058
Thane,25-09-2023,39,2023,9,8,18,326,373,19.218,73.058
Thane,02-10-2023,40,2023,10,2,11,113,140,19.218,73.058
Thane,09-10-2023,41,2023,10,2,13,132,156,19.218,73.058
Thane,16-10-2023,42,2023,10,5,8,114,137,19.218,73.058
Thane,23-10-2023,43,2023,10,3,18,122,152,19.218,73.058
Thane,30-10-2023,44,2023,10,2,10,155,183,19.218,73.058
Thane,06-11-2023,45,2023,11,1,7,117,132,19.218,73.058
Thane,13-11-2023,46,2023,11,6,12,126,151,19.218,73.058
Thane,20-11-2023,47,2023,11,7,12,128,153,19.218,73.058
Thane,27-11-2023,48,2023,11,5,7,111,134,19.218,73.058
Thane,04-12-2023,49,2023,12,2,10,89,107,19.218,73.058
Thane,11-12-2023,50,2023,12,1,7,94,109,19.218,73.058
Thane,18-12-2023,51,2023,12,3,10,75,94,19.218,73.058
Thane,25-12-2023,52,2023,12,2,7,104,119,19.218,73.058
Palghar,07-01-2019,2,2019,1,0,11,29,42,19.697,72.765
Palghar,14-01-2019,3,2019,1,1,12,40,60,19.697,72.765
Palghar,21-01-2019,4,2019,1,0,10,38,51,19.697,72.765
Palghar,28-01-2019,5,2019,1,0,9,30,43,19.697,72.765
Palghar,04-02-2019,6,2019,2,2,5,36,48,19.697,72.765
Palghar,11-02-2019,7,2019,2,1,11,47,61,19.697,72.765
Palghar,18-02-2019,8,2019,2,3,5,36,48,19.697,72.765
Palghar,25-02-2019,9,2019,2,0,13,33,52,19.697,72.765
Palghar,04-03-2019,10,2019,3,0,11,37,50,19.697,72.765
Palghar,11-03-2019,11,2019,3,2,8,44,59,19.697,72.765
Palghar,18-03-2019,12,2019,3,1,7,41,55,19.697,72.765
Palghar,25-03-2019,13,2019,3,2,5,36,45,19.697,72.765
Palghar,01-04-2019,14,2019,4,2,17,70,94,19.697,72.765
Palghar,08-04-2019,15,2019,4,1,14,63,84,19.697,72.765
Palghar,15-04-2019,16,2019,4,2,15,92,116,19.697,72.765
Palghar,22-04-2019,17,2019,4,4,18,83,107,19.697,72.765
Palghar,29-04-2019,18,2019,4,2,28,67,102,19.697,72.765
Palghar,06-05-2019,19,2019,5,1,12,70,87,19.697,72.765
Palghar,13-05-2019,20,2019,5,0,16,71,90,19.697,72.765
Palghar,20-05-2019,21,2019,5,2,13,57,75,19.697,72.765
Palghar,27-05-2019,22,2019,5,0,15,66,85,19.697,72.765
Palghar,03-06-2019,23,2019,6,5,9,152,173,19.697,72.765
Palghar,10-06-2019,24,2019,6,5,12,127,150,19.697,72.765
Palghar,17-06-2019,25,2019,6,4,12,132,154,19.697,72.765
Palghar,24-06-2019,26,2019,6,3,15,137,158,19.697,72.765
Palghar,01-07-2019,27,2019,7,1,19,128,155,19.697,72.765
Palghar,08-07-2019,28,2019,7,3,8,144,160,19.697,72.765
Palghar,15-07-2019,29,2019,7,2,10,141,157,19.697,72.765
Palghar,22-07-2019,30,2019,7,3,16,136,165,19.697,72.765
Palghar,29-07-2019,31,2019,7,1,13,134,154,19.697,72.765
Palghar,05-08-2019,32,2019,8,4,7,133,153,19.697,72.765
Palghar,12-08-2019,33,2019,8,4,14,163,187,19.697,72.765
Palghar,19-08-2019,34,2019,8,5,15,126,151,19.697,72.765
Palghar,26-08-2019,35,2019,8,6,10,145,168,19.697,72.765
Palghar,02-09-2019,36,2019,9,5,10,128,147,19.697,72.765
Palghar,09-09-2019,37,2019,9,4,15,140,167,19.697,72.765
Palghar,16-09-2019,38,2019,9,3,15,146,174,19.697,72.765
Palghar,23-09-2019,39,2019,9,5,10,149,167,19.697,72.765
Palghar,30-09-2019,40,2019,9,3,11,128,143,19.697,72.765
Palghar,07-10-2019,41,2019,10,1,11,53,69,19.697,72.765
Palghar,14-10-2019,42,2019,10,2,8,65,81,19.697,72.765
Palghar,21-10-2019,43,2019,10,3,10,59,78,19.697,72.765
Palghar,28-10-2019,44,2019,10,1,9,64,82,19.697,72.765
Palghar,04-11-2019,45,2019,11,0,4,57,65,19.697,72.765
Palghar,11-11-2019,46,2019,11,4,5,53,70,19.697,72.765
Palghar,18-11-2019,47,2019,11,2,13,48,64,19.697,72.765
Palghar,25-11-2019,48,2019,11,1,5,50,57,19.697,72.765
Palghar,02-12-2019,49,2019,12,1,8,42,59,19.697,72.765
Palghar,09-12-2019,50,2019,12,1,6,36,46,19.697,72.765
Palghar,16-12-2019,51,2019,12,0,9,31,42,19.697,72.765
Palghar,23-12-2019,52,2019,12,0,4,42,52,19.697,72.765
Palghar,30-12-2019,1,2019,12,4,10,42,59,19.697,72.765
Palghar,06-01-2020,2,2020,1,2,5,54,71,19.697,72.765
Palghar,13-01-2020,3,2020,1,1,8,35,47,19.697,72.765
Palghar,20-01-2020,4,2020,1,1,8,38,51,19.697,72.765
Palghar,27-01-2020,5,2020,1,2,8,42,59,19.697,72.765
Palghar,03-02-2020,6,2020,2,0,7,36,45,19.697,72.765
Palghar,10-02-2020,7,2020,2,2,6,40,53,19.697,72.765
Palghar,17-02-2020,8,2020,2,2,11,55,71,19.697,72.765
Palghar,24-02-2020,9,2020,2,0,9,30,46,19.697,72.765
Palghar,02-03-2020,10,2020,3,3,6,47,62,19.697,72.765
Palghar,09-03-2020,11,2020,3,2,9,37,50,19.697,72.765
Palghar,16-03-2020,12,2020,3,3,9,34,49,19.697,72.765
Palghar,23-03-2020,13,2020,3,2,6,33,46,19.697,72.765
Palghar,30-03-2020,14,2020,3,0,4,42,51,19.697,72.765
Palghar,06-04-2020,15,2020,4,1,9,66,81,19.697,72.765
Palghar,13-04-2020,16,2020,4,3,10,62,77,19.697,72.765
Palghar,20-04-2020,17,2020,4,1,13,78,98,19.697,72.765
Palghar,27-04-2020,18,2020,4,8,16,80,107,19.697,72.765
Palghar,04-05-2020,19,2020,5,1,16,71,90,19.697,72.765
Palghar,11-05-2020,20,2020,5,0,14,78,93,19.697,72.765
Palghar,18-05-2020,21,2020,5,5,11,74,96,19.697,72.765
Palghar,25-05-2020,22,2020,5,3,15,85,108,19.697,72.765
Palghar,01-06-2020,23,2020,6,5,17,136,160,19.697,72.765
Palghar,08-06-2020,24,2020,6,5,13,118,141,19.697,72.765
Palghar,15-06-2020,25,2020,6,1,11,134,151,19.697,72.765
Palghar,22-06-2020,26,2020,6,7,17,160,191,19.697,72.765
Palghar,29-06-2020,27,2020,6,6,11,150,171,19.697,72.765
Palghar,06-07-2020,28,2020,7,5,8,134,153,19.697,72.765
Palghar,13-07-2020,29,2020,7,5,15,136,161,19.697,72.765
Palghar,20-07-2020,30,2020,7,7,9,108,129,19.697,72.765
Palghar,27-07-2020,31,2020,7,10,9,129,161,19.697,72.765
Palghar,03-08-2020,32,2020,8,6,10,121,142,19.697,72.765
Palghar,10-08-2020,33,2020,8,10,13,139,172,19.697,72.765
Palghar,17-08-2020,34,2020,8,5,17,148,175,19.697,72.765
Palghar,24-08-2020,35,2020,8,4,11,126,144,19.697,72.765
Palghar,31-08-2020,36,2020,8,3,13,157,176,19.697,72.765
Palghar,07-09-2020,37,2020,9,2,13,126,146,19.697,72.765
Palghar,14-09-2020,38,2020,9,5,14,154,178,19.697,72.765
Palghar,21-09-2020,39,2020,9,4,9,139,158,19.697,72.765
Palghar,28-09-2020,40,2020,9,6,12,150,169,19.697,72.765
Palghar,05-10-2020,41,2020,10,6,10,47,68,19.697,72.765
Palghar,12-10-2020,42,2020,10,2,10,55,67,19.697,72.765
Palghar,19-10-2020,43,2020,10,1,11,53,67,19.697,72.765
Palghar,26-10-2020,44,2020,10,1,15,63,83,19.697,72.765
Palghar,02-11-2020,45,2020,11,2,7,69,80,19.697,72.765
Palghar,09-11-2020,46,2020,11,2,9,41,53,19.697,72.765
Palghar,16-11-2020,47,2020,11,1,7,41,53,19.697,72.765
Palghar,23-11-2020,48,2020,11,3,10,55,71,19.697,72.765
Palghar,30-11-2020,49,2020,11,3,5,54,66,19.697,72.765
Palghar,07-12-2020,50,2020,12,4,9,39,53,19.697,72.765
Palghar,14-12-2020,51,2020,12,2,14,37,55,19.697,72.765
Palghar,21-12-2020,52,2020,12,1,6,40,48,19.697,72.765
Palghar,28-12-2020,53,2020,12,0,11,30,47,19.697,72.765
Palghar,04-01-2021,1,2021,1,3,6,43,55,19.697,72.765
Palghar,11-01-2021,2,2021,1,2,7,32,43,19.697,72.765
Palghar,18-01-2021,3,2021,1,0,7,40,49,19.697,72.765
Palghar,25-01-2021,4,2021,1,2,5,36,48,19.697,72.765
Palghar,01-02-2021,5,2021,2,2,6,38,50,19.697,72.765
Palghar,08-02-2021,6,2021,2,0,7,41,53,19.697,72.765
Palghar,15-02-2021,7,2021,2,2,4,46,60,19.697,72.765
Palghar,22-02-2021,8,2021,2,3,9,35,48,19.697,72.765
Palghar,01-03-2021,9,2021,3,2,8,30,42,19.697,72.765
Palghar,08-03-2021,10,2021,3,2,6,37,50,19.697,72.765
Palghar,15-03-2021,11,2021,3,0,9,40,52,19.697,72.765
Palghar,22-03-2021,12,2021,3,4,6,50,62,19.697,72.765
Palghar,29-03-2021,13,2021,3,1,6,45,54,19.697,72.765
Palghar,05-04-2021,14,2021,4,2,18,79,105,19.697,72.765
Palghar,12-04-2021,15,2021,4,2,13,67,90,19.697,72.765
Palghar,19-04-2021,16,2021,4,7,17,63,91,19.697,72.765
Palghar,26-04-2021,17,2021,4,1,19,61,83,19.697,72.765
Palghar,03-05-2021,18,2021,5,3,18,83,109,19.697,72.765
Palghar,10-05-2021,19,2021,5,5,12,56,75,19.697,72.765
Palghar,17-05-2021,20,2021,5,4,16,70,96,19.697,72.765
Palghar,24-05-2021,21,2021,5,1,10,80,93,19.697,72.765
Palghar,31-05-2021,22,2021,5,1,16,70,93,19.697,72.765
Palghar,07-06-2021,23,2021,6,3,9,136,155,19.697,72.765
Palghar,14-06-2021,24,2021,6,5,9,130,150,19.697,72.765
Palghar,21-06-2021,25,2021,6,5,13,130,155,19.697,72.765
Palghar,28-06-2021,26,2021,6,5,12,135,158,19.697,72.765
Palghar,05-07-2021,27,2021,7,5,16,155,180,19.697,72.765
Palghar,12-07-2021,28,2021,7,5,13,141,165,19.697,72.765
Palghar,19-07-2021,29,2021,7,5,11,143,167,19.697,72.765
Palghar,26-07-2021,30,2021,7,2,13,151,170,19.697,72.765
Palghar,02-08-2021,31,2021,8,5,14,141,165,19.697,72.765
Palghar,09-08-2021,32,2021,8,2,10,114,135,19.697,72.765
Palghar,16-08-2021,33,2021,8,4,13,126,151,19.697,72.765
Palghar,23-08-2021,34,2021,8,3,13,143,163,19.697,72.765
Palghar,30-08-2021,35,2021,8,7,13,146,175,19.697,72.765
Palghar,06-09-2021,36,2021,9,5,11,134,156,19.697,72.765
Palghar,13-09-2021,37,2021,9,5,15,146,170,19.697,72.765
Palghar,20-09-2021,38,2021,9,5,13,141,167,19.697,72.765
Palghar,27-09-2021,39,2021,9,0,15,121,143,19.697,72.765
Palghar,04-10-2021,40,2021,10,2,4,53,63,19.697,72.765
Palghar,11-10-2021,41,2021,10,1,6,61,71,19.697,72.765
Palghar,18-10-2021,42,2021,10,1,13,54,70,19.697,72.765
Palghar,25-10-2021,43,2021,10,0,9,44,55,19.697,72.765
Palghar,01-11-2021,44,2021,11,1,10,44,59,19.697,72.765
Palghar,08-11-2021,45,2021,11,1,9,45,59,19.697,72.765
Palghar,15-11-2021,46,2021,11,0,7,59,68,19.697,72.765
Palghar,22-11-2021,47,2021,11,0,8,60,73,19.697,72.765
Palghar,29-11-2021,48,2021,11,4,7,58,74,19.697,72.765
Palghar,06-12-2021,49,2021,12,1,10,42,56,19.697,72.765
Palghar,13-12-2021,50,2021,12,0,4,44,52,19.697,72.765
Palghar,20-12-2021,51,2021,12,2,5,36,45,19.697,72.765
Palghar,27-12-2021,52,2021,12,0,9,35,50,19.697,72.765
Palghar,03-01-2022,1,2022,1,1,6,37,46,19.697,72.765
Palghar,10-01-2022,2,2022,1,2,9,36,52,19.697,72.765
Palghar,17-01-2022,3,2022,1,2,8,51,66,19.697,72.765
Palghar,24-01-2022,4,2022,1,4,10,41,57,19.697,72.765
Palghar,31-01-2022,5,2022,1,0,5,40,46,19.697,72.765
Palghar,07-02-2022,6,2022,2,2,15,38,60,19.697,72.765
Palghar,14-02-2022,7,2022,2,1,15,31,48,19.697,72.765
Palghar,21-02-2022,8,2022,2,1,4,48,55,19.697,72.765
Palghar,28-02-2022,9,2022,2,0,14,37,54,19.697,72.765
Palghar,07-03-2022,10,2022,3,0,7,51,62,19.697,72.765
Palghar,14-03-2022,11,2022,3,1,10,38,52,19.697,72.765
Palghar,21-03-2022,12,2022,3,3,11,34,54,19.697,72.765
Palghar,28-03-2022,13,2022,3,3,13,43,63,19.697,72.765
Palghar,04-04-2022,14,2022,4,5,16,78,102,19.697,72.765
Palghar,11-04-2022,15,2022,4,3,26,71,104,19.697,72.765
Palghar,18-04-2022,16,2022,4,3,15,88,109,19.697,72.765
Palghar,25-04-2022,17,2022,4,0,17,76,97,19.697,72.765
Palghar,02-05-2022,18,2022,5,2,15,68,87,19.697,72.765
Palghar,09-05-2022,19,2022,5,1,11,57,76,19.697,72.765
Palghar,16-05-2022,20,2022,5,3,16,61,83,19.697,72.765
Palghar,23-05-2022,21,2022,5,3,16,62,84,19.697,72.765
Palghar,30-05-2022,22,2022,5,4,13,74,93,19.697,72.765
Palghar,06-06-2022,23,2022,6,3,9,137,158,19.697,72.765
Palghar,13-06-2022,24,2022,6,9,13,146,170,19.697,72.765
Palghar,20-06-2022,25,2022,6,2,15,167,188,19.697,72.765
Palghar,27-06-2022,26,2022,6,5,14,135,158,19.697,72.765
Palghar,04-07-2022,27,2022,7,4,13,138,157,19.697,72.765
Palghar,11-07-2022,28,2022,7,1,10,125,142,19.697,72.765
Palghar,18-07-2022,29,2022,7,5,18,143,174,19.697,72.765
Palghar,25-07-2022,30,2022,7,7,10,143,166,19.697,72.765
Palghar,01-08-2022,31,2022,8,7,15,147,173,19.697,72.765
Palghar,08-08-2022,32,2022,8,2,15,132,152,19.697,72.765
Palghar,15-08-2022,33,2022,8,5,11,130,148,19.697,72.765
Palghar,22-08-2022,34,2022,8,3,17,145,169,19.697,72.765
Palghar,29-08-2022,35,2022,8,6,12,145,170,19.697,72.765
Palghar,05-09-2022,36,2022,9,5,14,133,159,19.697,72.765
Palghar,12-09-2022,37,2022,9,2,11,132,147,19.697,72.765
Palghar,19-09-2022,38,2022,9,9,15,151,182,19.697,72.765
Palghar,26-09-2022,39,2022,9,2,16,135,158,19.697,72.765
Palghar,03-10-2022,40,2022,10,2,8,56,68,19.697,72.765
Palghar,10-10-2022,41,2022,10,5,8,53,69,19.697,72.765
Palghar,17-10-2022,42,2022,10,2,7,55,64,19.697,72.765
Palghar,24-10-2022,43,2022,10,1,10,61,75,19.697,72.765
Palghar,31-10-2022,44,2022,10,3,10,62,78,19.697,72.765
Palghar,07-11-2022,45,2022,11,1,10,67,81,19.697,72.765
Palghar,14-11-2022,46,2022,11,1,6,62,71,19.697,72.765
Palghar,21-11-2022,47,2022,11,4,11,62,81,19.697,72.765
Palghar,28-11-2022,48,2022,11,3,13,52,73,19.697,72.765
Palghar,05-12-2022,49,2022,12,1,10,31,45,19.697,72.765
Palghar,12-12-2022,50,2022,12,4,8,36,52,19.697,72.765
Palghar,19-12-2022,51,2022,12,0,4,40,45,19.697,72.765
Palghar,26-12-2022,52,2022,12,2,13,49,69,19.697,72.765
Palghar,02-01-2023,1,2023,1,1,8,42,52,19.697,72.765
Palghar,09-01-2023,2,2023,1,3,11,34,49,19.697,72.765
Palghar,16-01-2023,3,2023,1,3,10,49,66,19.697,72.765
Palghar,23-01-2023,4,2023,1,1,10,41,53,19.697,72.765
Palghar,30-01-2023,5,2023,1,0,7,39,49,19.697,72.765
Palghar,06-02-2023,6,2023,2,2,15,44,66,19.697,72.765
Palghar,13-02-2023,7,2023,2,0,8,35,47,19.697,72.765
Palghar,20-02-2023,8,2023,2,0,13,51,68,19.697,72.765
Palghar,27-02-2023,9,2023,2,2,7,42,57,19.697,72.765
Palghar,06-03-2023,10,2023,3,0,11,41,53,19.697,72.765
Palghar,13-03-2023,11,2023,3,1,7,46,61,19.697,72.765
Palghar,20-03-2023,12,2023,3,1,11,29,47,19.697,72.765
Palghar,27-03-2023,13,2023,3,0,15,29,47,19.697,72.765
Palghar,03-04-2023,14,2023,4,2,16,66,90,19.697,72.765
Palghar,10-04-2023,15,2023,4,6,16,75,99,19.697,72.765
Palghar,17-04-2023,16,2023,4,5,19,76,110,19.697,72.765
Palghar,24-04-2023,17,2023,4,1,11,76,94,19.697,72.765
Palghar,01-05-2023,18,2023,5,1,11,67,81,19.697,72.765
Palghar,08-05-2023,19,2023,5,1,18,76,97,19.697,72.765
Palghar,15-05-2023,20,2023,5,5,16,76,101,19.697,72.765
Palghar,22-05-2023,21,2023,5,4,15,71,97,19.697,72.765
Palghar,29-05-2023,22,2023,5,2,15,63,81,19.697,72.765
Palghar,05-06-2023,23,2023,6,6,13,149,175,19.697,72.765
Palghar,12-06-2023,24,2023,6,5,11,146,167,19.697,72.765
Palghar,19-06-2023,25,2023,6,6,17,141,169,19.697,72.765
Palghar,26-06-2023,26,2023,6,2,16,130,157,19.697,72.765
Palghar,03-07-2023,27,2023,7,2,16,129,153,19.697,72.765
Palghar,10-07-2023,28,2023,7,2,15,148,172,19.697,72.765
Palghar,17-07-2023,29,2023,7,3,9,142,162,19.697,72.765
Palghar,24-07-2023,30,2023,7,1,14,149,170,19.697,72.765
Palghar,31-07-2023,31,2023,7,9,14,147,176,19.697,72.765
Palghar,07-08-2023,32,2023,8,3,18,134,160,19.697,72.765
Palghar,14-08-2023,33,2023,8,1,13,117,138,19.697,72.765
Palghar,21-08-2023,34,2023,8,2,10,139,155,19.697,72.765
Palghar,28-08-2023,35,2023,8,3,12,135,159,19.697,72.765
Palghar,04-09-2023,36,2023,9,4,11,144,167,19.697,72.765
Palghar,11-09-2023,37,2023,9,1,18,129,154,19.697,72.765
Palghar,18-09-2023,38,2023,9,6,11,139,171,19.697,72.765
Palghar,25-09-2023,39,2023,9,8,15,145,173,19.697,72.765
Palghar,02-10-2023,40,2023,10,2,15,44,63,19.697,72.765
Palghar,09-10-2023,41,2023,10,0,9,58,71,19.697,72.765
Palghar,16-10-2023,42,2023,10,1,6,53,63,19.697,72.765
Palghar,23-10-2023,43,2023,10,2,6,57,73,19.697,72.765
Palghar,30-10-2023,44,2023,10,2,5,55,65,19.697,72.765
Palghar,06-11-2023,45,2023,11,3,7,67,82,19.697,72.765
Palghar,13-11-2023,46,2023,11,2,6,43,55,19.697,72.765
Palghar,20-11-2023,47,2023,11,2,9,62,78,19.697,72.765
Palghar,27-11-2023,48,2023,11,2,8,51,66,19.697,72.765
Palghar,04-12-2023,49,2023,12,1,9,38,50,19.697,72.765
Palghar,11-12-2023,50,2023,12,2,6,41,52,19.697,72.765
Palghar,18-12-2023,51,2023,12,0,7,45,58,19.697,72.765
Palghar,25-12-2023,52,2023,12,1,5,34,42,19.697,72.765
Raigad,07-01-2019,2,2019,1,0,5,28,38,18.519,73.184
Raigad,14-01-2019,3,2019,1,2,4,19,27,18.519,73.184
Raigad,21-01-2019,4,2019,1,2,4,33,41,18.519,73.184
Raigad,28-01-2019,5,2019,1,0,1,29,31,18.519,73.184
Raigad,04-02-2019,6,2019,2,1,2,44,50,18.519,73.184
Raigad,11-02-2019,7,2019,2,0,5,32,40,18.519,73.184
Raigad,18-02-2019,8,2019,2,0,2,26,29,18.519,73.184
Raigad,25-02-2019,9,2019,2,2,4,28,37,18.519,73.184
Raigad,04-03-2019,10,2019,3,1,7,32,43,18.519,73.184
Raigad,11-03-2019,11,2019,3,1,0,29,33,18.519,73.184
Raigad,18-03-2019,12,2019,3,0,0,21,25,18.519,73.184
Raigad,25-03-2019,13,2019,3,2,3,27,35,18.519,73.184
Raigad,01-04-2019,14,2019,4,5,8,47,61,18.519,73.184
Raigad,08-04-2019,15,2019,4,3,4,51,63,18.519,73.184
Raigad,15-04-2019,16,2019,4,0,6,51,59,18.519,73.184
Raigad,22-04-2019,17,2019,4,1,5,62,75,18.519,73.184
Raigad,29-04-2019,18,2019,4,2,10,62,76,18.519,73.184
Raigad,06-05-2019,19,2019,5,1,15,58,77,18.519,73.184
Raigad,13-05-2019,20,2019,5,3,6,56,68,18.519,73.184
Raigad,20-05-2019,21,2019,5,5,11,56,77,18.519,73.184
Raigad,27-05-2019,22,2019,5,1,6,47,55,18.519,73.184
Raigad,03-06-2019,23,2019,6,1,4,90,95,18.519,73.184
Raigad,10-06-2019,24,2019,6,2,10,109,127,18.519,73.184
Raigad,17-06-2019,25,2019,6,4,4,107,120,18.519,73.184
Raigad,24-06-2019,26,2019,6,7,6,85,103,18.519,73.184
Raigad,01-07-2019,27,2019,7,1,2,110,120,18.519,73.184
Raigad,08-07-2019,28,2019,7,6,6,80,94,18.519,73.184
Raigad,15-07-2019,29,2019,7,2,8,92,105,18.519,73.184
Raigad,22-07-2019,30,2019,7,1,3,86,92,18.519,73.184
Raigad,29-07-2019,31,2019,7,2,4,96,104,18.519,73.184
Raigad,05-08-2019,32,2019,8,5,7,97,112,18.519,73.184
Raigad,12-08-2019,33,2019,8,2,8,90,103,18.519,73.184
Raigad,19-08-2019,34,2019,8,4,6,90,104,18.519,73.184
Raigad,26-08-2019,35,2019,8,1,8,98,116,18.519,73.184
Raigad,02-09-2019,36,2019,9,4,3,98,108,18.519,73.184
Raigad,09-09-2019,37,2019,9,8,5,98,111,18.519,73.184
Raigad,16-09-2019,38,2019,9,4,4,113,125,18.519,73.184
Raigad,23-09-2019,39,2019,9,10,7,99,120,18.519,73.184
Raigad,30-09-2019,40,2019,9,2,7,108,120,18.519,73.184
Raigad,07-10-2019,41,2019,10,2,3,40,48,18.519,73.184
Raigad,14-10-2019,42,2019,10,2,2,41,50,18.519,73.184
Raigad,21-10-2019,43,2019,10,2,6,46,57,18.519,73.184
Raigad,28-10-2019,44,2019,10,3,1,44,53,18.519,73.184
Raigad,04-11-2019,45,2019,11,0,6,45,53,18.519,73.184
Raigad,11-11-2019,46,2019,11,1,4,41,46,18.519,73.184
Raigad,18-11-2019,47,2019,11,0,4,50,60,18.519,73.184
Raigad,25-11-2019,48,2019,11,1,4,40,48,18.519,73.184
Raigad,02-12-2019,49,2019,12,3,4,32,40,18.519,73.184
Raigad,09-12-2019,50,2019,12,0,4,22,28,18.519,73.184
Raigad,16-12-2019,51,2019,12,2,4,25,34,18.519,73.184
Raigad,23-12-2019,52,2019,12,0,4,31,39,18.519,73.184
Raigad,30-12-2019,1,2019,12,1,6,24,36,18.519,73.184
Raigad,06-01-2020,2,2020,1,0,7,31,45,18.519,73.184
Raigad,13-01-2020,3,2020,1,0,3,31,39,18.519,73.184
Raigad,20-01-2020,4,2020,1,1,9,41,55,18.519,73.184
Raigad,27-01-2020,5,2020,1,0,2,29,36,18.519,73.184
Raigad,03-02-2020,6,2020,2,1,4,32,41,18.519,73.184
Raigad,10-02-2020,7,2020,2,4,2,25,35,18.519,73.184
Raigad,17-02-2020,8,2020,2,0,1,24,32,18.519,73.184
Raigad,24-02-2020,9,2020,2,1,4,37,44,18.519,73.184
Raigad,02-03-2020,10,2020,3,0,2,34,38,18.519,73.184
Raigad,09-03-2020,11,2020,3,1,4,31,42,18.519,73.184
Raigad,16-03-2020,12,2020,3,1,5,31,44,18.519,73.184
Raigad,23-03-2020,13,2020,3,2,6,25,37,18.519,73.184
Raigad,30-03-2020,14,2020,3,1,2,25,37,18.519,73.184
Raigad,06-04-2020,15,2020,4,3,14,43,62,18.519,73.184
Raigad,13-04-2020,16,2020,4,2,3,58,65,18.519,73.184
Raigad,20-04-2020,17,2020,4,1,7,40,52,18.519,73.184
Raigad,27-04-2020,18,2020,4,3,8,52,66,18.519,73.184
Raigad,04-05-2020,19,2020,5,3,11,39,53,18.519,73.184
Raigad,11-05-2020,20,2020,5,1,6,57,67,18.519,73.184
Raigad,18-05-2020,21,2020,5,2,9,63,78,18.519,73.184
Raigad,25-05-2020,22,2020,5,2,4,46,55,18.519,73.184
Raigad,01-06-2020,23,2020,6,5,0,115,124,18.519,73.184
Raigad,08-06-2020,24,2020,6,2,4,93,102,18.519,73.184
Raigad,15-06-2020,25,2020,6,2,6,84,92,18.519,73.184
Raigad,22-06-2020,26,2020,6,2,6,105,117,18.519,73.184
Raigad,29-06-2020,27,2020,6,4,5,92,103,18.519,73.184
Raigad,06-07-2020,28,2020,7,5,6,92,105,18.519,73.184
Raigad,13-07-2020,29,2020,7,3,5,110,124,18.519,73.184
Raigad,20-07-2020,30,2020,7,2,6,90,101,18.519,73.184
Raigad,27-07-2020,31,2020,7,5,5,90,107,18.519,73.184
Raigad,03-08-2020,32,2020,8,4,7,88,104,18.519,73.184
Raigad,10-08-2020,33,2020,8,3,3,100,108,18.519,73.184
Raigad,17-08-2020,34,2020,8,1,6,102,118,18.519,73.184
Raigad,24-08-2020,35,2020,8,7,3,97,113,18.519,73.184
Raigad,31-08-2020,36,2020,8,4,8,90,105,18.519,73.184
Raigad,07-09-2020,37,2020,9,5,5,114,131,18.519,73.184
Raigad,14-09-2020,38,2020,9,1,4,106,113,18.519,73.184
Raigad,21-09-2020,39,2020,9,4,10,125,145,18.519,73.184
Raigad,28-09-2020,40,2020,9,3,8,129,142,18.519,73.184
Raigad,05-10-2020,41,2020,10,1,1,49,58,18.519,73.184
Raigad,12-10-2020,42,2020,10,3,5,30,44,18.519,73.184
Raigad,19-10-2020,43,2020,10,0,6,46,52,18.519,73.184
Raigad,26-10-2020,44,2020,10,1,6,42,55,18.519,73.184
Raigad,02-11-2020,45,2020,11,3,7,41,54,18.519,73.184
Raigad,09-11-2020,46,2020,11,1,2,41,48,18.519,73.184
Raigad,16-11-2020,47,2020,11,4,2,40,48,18.519,73.184
Raigad,23-11-2020,48,2020,11,1,3,41,46,18.519,73.184
Raigad,30-11-2020,49,2020,11,0,4,38,45,18.519,73.184
Raigad,07-12-2020,50,2020,12,0,0,25,30,18.519,73.184
Raigad,14-12-2020,51,2020,12,1,2,48,53,18.519,73.184
Raigad,21-12-2020,52,2020,12,0,1,36,40,18.519,73.184
Raigad,28-12-2020,53,2020,12,0,3,35,42,18.519,73.184
Raigad,04-01-2021,1,2021,1,1,4,30,40,18.519,73.184
Raigad,11-01-2021,2,2021,1,0,7,26,36,18.519,73.184
Raigad,18-01-2021,3,2021,1,1,4,39,45,18.519,73.184
Raigad,25-01-2021,4,2021,1,1,5,36,45,18.519,73.184
Raigad,01-02-2021,5,2021,2,1,2,23,29,18.519,73.184
Raigad,08-02-2021,6,2021,2,1,6,27,38,18.519,73.184
Raigad,15-02-2021,7,2021,2,3,3,19,30,18.519,73.184
Raigad,22-02-2021,8,2021,2,0,7,17,24,18.519,73.184
Raigad,01-03-2021,9,2021,3,0,3,34,41,18.519,73.184
Raigad,08-03-2021,10,2021,3,0,4,29,35,18.519,73.184
Raigad,15-03-2021,11,2021,3,1,6,35,43,18.519,73.184
Raigad,22-03-2021,12,2021,3,1,6,47,54,18.519,73.184
Raigad,29-03-2021,13,2021,3,1,3,32,38,18.519,73.184
Raigad,05-04-2021,14,2021,4,2,8,60,71,18.519,73.184
Raigad,12-04-2021,15,2021,4,0,8,49,61,18.519,73.184
Raigad,19-04-2021,16,2021,4,2,2,42,50,18.519,73.184
Raigad,26-04-2021,17,2021,4,2,5,52,62,18.519,73.184
Raigad,03-05-2021,18,2021,5,3,11,51,71,18.519,73.184
Raigad,10-05-2021,19,2021,5,1,6,53,63,18.519,73.184
Raigad,17-05-2021,20,2021,5,1,4,63,70,18.519,73.184
Raigad,24-05-2021,21,2021,5,0,8,54,64,18.519,73.184
Raigad,31-05-2021,22,2021,5,2,12,52,69,18.519,73.184
Raigad,07-06-2021,23,2021,6,5,9,90,106,18.519,73.184
Raigad,14-06-2021,24,2021,6,2,4,110,120,18.519,73.184
Raigad,21-06-2021,25,2021,6,3,3,109,121,18.519,73.184
Raigad,28-06-2021,26,2021,6,2,6,89,102,18.519,73.184
Raigad,05-07-2021,27,2021,7,2,5,97,108,18.519,73.184
Raigad,12-07-2021,28,2021,7,5,6,113,126,18.519,73.184
Raigad,19-07-2021,29,2021,7,5,9,85,106,18.519,73.184
Raigad,26-07-2021,30,2021,7,0,4,114,124,18.519,73.184
Raigad,02-08-2021,31,2021,8,4,4,97,109,18.519,73.184
Raigad,09-08-2021,32,2021,8,1,7,97,108,18.519,73.184
Raigad,16-08-2021,33,2021,8,0,3,109,116,18.519,73.184
Raigad,23-08-2021,34,2021,8,3,3,102,113,18.519,73.184
Raigad,30-08-2021,35,2021,8,4,9,101,119,18.519,73.184
Raigad,06-09-2021,36,2021,9,3,3,102,115,18.519,73.184
Raigad,13-09-2021,37,2021,9,2,8,102,115,18.519,73.184
Raigad,20-09-2021,38,2021,9,6,4,96,107,18.519,73.184
Raigad,27-09-2021,39,2021,9,4,7,81,95,18.519,73.184
Raigad,04-10-2021,40,2021,10,0,6,40,49,18.519,73.184
Raigad,11-10-2021,41,2021,10,0,2,49,53,18.519,73.184
Raigad,18-10-2021,42,2021,10,4,3,27,39,18.519,73.184
Raigad,25-10-2021,43,2021,10,2,3,36,44,18.519,73.184
Raigad,01-11-2021,44,2021,11,0,3,46,55,18.519,73.184
Raigad,08-11-2021,45,2021,11,1,4,36,44,18.519,73.184
Raigad,15-11-2021,46,2021,11,1,5,47,57,18.519,73.184
Raigad,22-11-2021,47,2021,11,1,7,32,42,18.519,73.184
Raigad,29-11-2021,48,2021,11,2,4,48,57,18.519,73.184
Raigad,06-12-2021,49,2021,12,0,7,38,48,18.519,73.184
Raigad,13-12-2021,50,2021,12,0,3,31,36,18.519,73.184
Raigad,20-12-2021,51,2021,12,1,3,32,41,18.519,73.184
Raigad,27-12-2021,52,2021,12,0,4,31,39,18.519,73.184
Raigad,03-01-2022,1,2022,1,3,2,30,38,18.519,73.184
Raigad,10-01-2022,2,2022,1,0,6,26,36,18.519,73.184
Raigad,17-01-2022,3,2022,1,0,2,34,40,18.519,73.184
Raigad,24-01-2022,4,2022,1,2,3,38,44,18.519,73.184
Raigad,31-01-2022,5,2022,1,0,0,25,25,18.519,73.184
Raigad,07-02-2022,6,2022,2,1,7,28,39,18.519,73.184
Raigad,14-02-2022,7,2022,2,2,6,34,46,18.519,73.184
Raigad,21-02-2022,8,2022,2,0,0,38,42,18.519,73.184
Raigad,28-02-2022,9,2022,2,1,1,25,30,18.519,73.184
Raigad,07-03-2022,10,2022,3,0,8,30,40,18.519,73.184
Raigad,14-03-2022,11,2022,3,0,2,25,29,18.519,73.184
Raigad,21-03-2022,12,2022,3,0,1,28,32,18.519,73.184
Raigad,28-03-2022,13,2022,3,1,6,20,31,18.519,73.184
Raigad,04-04-2022,14,2022,4,2,6,45,57,18.519,73.184
Raigad,11-04-2022,15,2022,4,1,8,66,78,18.519,73.184
Raigad,18-04-2022,16,2022,4,2,4,72,81,18.519,73.184
Raigad,25-04-2022,17,2022,4,4,6,43,58,18.519,73.184
Raigad,02-05-2022,18,2022,5,1,3,67,76,18.519,73.184
Raigad,09-05-2022,19,2022,5,1,10,45,63,18.519,73.184
Raigad,16-05-2022,20,2022,5,1,8,51,65,18.519,73.184
Raigad,23-05-2022,21,2022,5,8,6,36,52,18.519,73.184
Raigad,30-05-2022,22,2022,5,1,8,47,59,18.519,73.184
Raigad,06-06-2022,23,2022,6,6,5,88,102,18.519,73.184
Raigad,13-06-2022,24,2022,6,3,11,116,138,18.519,73.184
Raigad,20-06-2022,25,2022,6,2,6,127,141,18.519,73.184
Raigad,27-06-2022,26,2022,6,4,2,115,127,18.519,73.184
Raigad,04-07-2022,27,2022,7,5,6,110,125,18.519,73.184
Raigad,11-07-2022,28,2022,7,2,8,110,124,18.519,73.184
Raigad,18-07-2022,29,2022,7,6,4,95,111,18.519,73.184
Raigad,25-07-2022,30,2022,7,3,4,115,130,18.519,73.184
Raigad,01-08-2022,31,2022,8,2,5,122,131,18.519,73.184
Raigad,08-08-2022,32,2022,8,1,9,127,143,18.519,73.184
Raigad,15-08-2022,33,2022,8,1,7,102,115,18.519,73.184
Raigad,22-08-2022,34,2022,8,3,5,103,119,18.519,73.184
Raigad,29-08-2022,35,2022,8,5,7,79,94,18.519,73.184
Raigad,05-09-2022,36,2022,9,2,7,93,116,18.519,73.184
Raigad,12-09-2022,37,2022,9,6,5,112,129,18.519,73.184
Raigad,19-09-2022,38,2022,9,1,2,113,120,18.519,73.184
Raigad,26-09-2022,39,2022,9,3,3,113,122,18.519,73.184
Raigad,03-10-2022,40,2022,10,2,5,36,46,18.519,73.184
Raigad,10-10-2022,41,2022,10,1,3,45,56,18.519,73.184
Raigad,17-10-2022,42,2022,10,1,7,40,51,18.519,73.184
Raigad,24-10-2022,43,2022,10,1,2,36,40,18.519,73.184
Raigad,31-10-2022,44,2022,10,0,2,39,45,18.519,73.184
Raigad,07-11-2022,45,2022,11,4,2,51,58,18.519,73.184
Raigad,14-11-2022,46,2022,11,2,1,42,47,18.519,73.184
Raigad,21-11-2022,47,2022,11,0,2,43,45,18.519,73.184
Raigad,28-11-2022,48,2022,11,0,4,35,44,18.519,73.184
Raigad,05-12-2022,49,2022,12,2,5,23,32,18.519,73.184
Raigad,12-12-2022,50,2022,12,1,7,32,44,18.519,73.184
Raigad,19-12-2022,51,2022,12,0,2,31,36,18.519,73.184
Raigad,26-12-2022,52,2022,12,2,3,32,38,18.519,73.184
Raigad,02-01-2023,1,2023,1,1,2,29,35,18.519,73.184
Raigad,09-01-2023,2,2023,1,1,5,36,43,18.519,73.184
Raigad,16-01-2023,3,2023,1,2,1,30,36,18.519,73.184
Raigad,23-01-2023,4,2023,1,3,6,21,31,18.519,73.184
Raigad,30-01-2023,5,2023,1,3,1,26,32,18.519,73.184
Raigad,06-02-2023,6,2023,2,0,4,23,27,18.519,73.184
Raigad,13-02-2023,7,2023,2,0,2,27,32,18.519,73.184
Raigad,20-02-2023,8,2023,2,2,4,29,38,18.519,73.184
Raigad,27-02-2023,9,2023,2,1,2,33,41,18.519,73.184
Raigad,06-03-2023,10,2023,3,0,3,34,40,18.519,73.184
Raigad,13-03-2023,11,2023,3,2,3,35,46,18.519,73.184
Raigad,20-03-2023,12,2023,3,1,2,37,43,18.519,73.184
Raigad,27-03-2023,13,2023,3,1,2,18,24,18.519,73.184
Raigad,03-04-2023,14,2023,4,2,8,58,70,18.519,73.184
Raigad,10-04-2023,15,2023,4,1,9,40,55,18.519,73.184
Raigad,17-04-2023,16,2023,4,1,4,53,59,18.519,73.184
Raigad,24-04-2023,17,2023,4,3,6,53,69,18.519,73.184
Raigad,01-05-2023,18,2023,5,1,3,53,60,18.519,73.184
Raigad,08-05-2023,19,2023,5,2,9,48,60,18.519,73.184
Raigad,15-05-2023,20,2023,5,3,8,31,49,18.519,73.184
Raigad,22-05-2023,21,2023,5,1,4,53,60,18.519,73.184
Raigad,29-05-2023,22,2023,5,1,6,58,71,18.519,73.184
Raigad,05-06-2023,23,2023,6,4,1,113,123,18.519,73.184
Raigad,12-06-2023,24,2023,6,3,3,87,95,18.519,73.184
Raigad,19-06-2023,25,2023,6,3,4,101,116,18.519,73.184
Raigad,26-06-2023,26,2023,6,3,4,98,107,18.519,73.184
Raigad,03-07-2023,27,2023,7,4,1,106,119,18.519,73.184
Raigad,10-07-2023,28,2023,7,1,5,105,120,18.519,73.184
Raigad,17-07-2023,29,2023,7,5,6,86,107,18.519,73.184
Raigad,24-07-2023,30,2023,7,1,1,116,124,18.519,73.184
Raigad,31-07-2023,31,2023,7,4,4,90,100,18.519,73.184
Raigad,07-08-2023,32,2023,8,4,6,111,123,18.519,73.184
Raigad,14-08-2023,33,2023,8,2,7,117,133,18.519,73.184
Raigad,21-08-2023,34,2023,8,5,6,97,113,18.519,73.184
Raigad,28-08-2023,35,2023,8,6,3,95,108,18.519,73.184
Raigad,04-09-2023,36,2023,9,1,4,113,122,18.519,73.184
Raigad,11-09-2023,37,2023,9,6,3,102,118,18.519,73.184
Raigad,18-09-2023,38,2023,9,3,4,120,131,18.519,73.184
Raigad,25-09-2023,39,2023,9,1,3,93,99,18.519,73.184
Raigad,02-10-2023,40,2023,10,3,2,37,46,18.519,73.184
Raigad,09-10-2023,41,2023,10,1,7,48,61,18.519,73.184
Raigad,16-10-2023,42,2023,10,1,1,37,42,18.519,73.184
Raigad,23-10-2023,43,2023,10,0,7,40,50,18.519,73.184
Raigad,30-10-2023,44,2023,10,1,5,52,60,18.519,73.184
Raigad,06-11-2023,45,2023,11,2,5,29,37,18.519,73.184
Raigad,13-11-2023,46,2023,11,1,5,38,47,18.519,73.184
Raigad,20-11-2023,47,2023,11,2,5,29,37,18.519,73.184
Raigad,27-11-2023,48,2023,11,2,2,44,50,18.519,73.184
Raigad,04-12-2023,49,2023,12,2,4,39,52,18.519,73.184
Raigad,11-12-2023,50,2023,12,4,5,32,47,18.519,73.184
Raigad,18-12-2023,51,2023,12,1,4,38,47,18.519,73.184
Raigad,25-12-2023,52,2023,12,1,5,34,46,18.519,73.184
Ratnagiri,07-01-2019,2,2019,1,2,1,15,21,17,73.317
Ratnagiri,14-01-2019,3,2019,1,1,2,10,16,17,73.317
Ratnagiri,21-01-2019,4,2019,1,1,4,15,23,17,73.317
Ratnagiri,28-01-2019,5,2019,1,1,1,23,27,17,73.317
Ratnagiri,04-02-2019,6,2019,2,1,1,24,28,17,73.317
Ratnagiri,11-02-2019,7,2019,2,0,3,12,16,17,73.317
Ratnagiri,18-02-2019,8,2019,2,0,2,16,21,17,73.317
Ratnagiri,25-02-2019,9,2019,2,0,2,23,27,17,73.317
Ratnagiri,04-03-2019,10,2019,3,0,3,18,22,17,73.317
Ratnagiri,11-03-2019,11,2019,3,1,1,15,19,17,73.317
Ratnagiri,18-03-2019,12,2019,3,0,6,21,30,17,73.317
Ratnagiri,25-03-2019,13,2019,3,0,4,16,21,17,73.317
Ratnagiri,01-04-2019,14,2019,4,0,4,24,30,17,73.317
Ratnagiri,08-04-2019,15,2019,4,2,6,31,41,17,73.317
Ratnagiri,15-04-2019,16,2019,4,1,3,24,29,17,73.317
Ratnagiri,22-04-2019,17,2019,4,0,3,30,36,17,73.317
Ratnagiri,29-04-2019,18,2019,4,2,2,26,31,17,73.317
Ratnagiri,06-05-2019,19,2019,5,1,1,21,25,17,73.317
Ratnagiri,13-05-2019,20,2019,5,1,4,42,50,17,73.317
Ratnagiri,20-05-2019,21,2019,5,1,6,29,36,17,73.317
Ratnagiri,27-05-2019,22,2019,5,1,6,40,48,17,73.317
Ratnagiri,03-06-2019,23,2019,6,3,1,61,65,17,73.317
Ratnagiri,10-06-2019,24,2019,6,2,4,64,72,17,73.317
Ratnagiri,17-06-2019,25,2019,6,6,6,67,80,17,73.317
Ratnagiri,24-06-2019,26,2019,6,2,1,65,71,17,73.317
Ratnagiri,01-07-2019,27,2019,7,2,1,57,62,17,73.317
Ratnagiri,08-07-2019,28,2019,7,3,4,60,67,17,73.317
Ratnagiri,15-07-2019,29,2019,7,2,5,56,65,17,73.317
Ratnagiri,22-07-2019,30,2019,7,1,2,71,75,17,73.317
Ratnagiri,29-07-2019,31,2019,7,4,4,70,83,17,73.317
Ratnagiri,05-08-2019,32,2019,8,3,3,51,58,17,73.317
Ratnagiri,12-08-2019,33,2019,8,0,2,59,61,17,73.317
Ratnagiri,19-08-2019,34,2019,8,2,1,52,57,17,73.317
Ratnagiri,26-08-2019,35,2019,8,2,6,59,69,17,73.317
Ratnagiri,02-09-2019,36,2019,9,0,4,59,63,17,73.317
Ratnagiri,09-09-2019,37,2019,9,5,4,51,66,17,73.317
Ratnagiri,16-09-2019,38,2019,9,4,4,55,67,17,73.317
Ratnagiri,23-09-2019,39,2019,9,1,3,66,76,17,73.317
Ratnagiri,30-09-2019,40,2019,9,7,2,70,81,17,73.317
Ratnagiri,07-10-2019,41,2019,10,0,4,30,35,17,73.317
Ratnagiri,14-10-2019,42,2019,10,1,0,20,22,17,73.317
Ratnagiri,21-10-2019,43,2019,10,2,2,33,39,17,73.317
Ratnagiri,28-10-2019,44,2019,10,2,2,29,37,17,73.317
Ratnagiri,04-11-2019,45,2019,11,0,4,23,31,17,73.317
Ratnagiri,11-11-2019,46,2019,11,1,0,15,18,17,73.317
Ratnagiri,18-11-2019,47,2019,11,1,1,26,31,17,73.317
Ratnagiri,25-11-2019,48,2019,11,1,2,23,27,17,73.317
Ratnagiri,02-12-2019,49,2019,12,2,3,20,29,17,73.317
Ratnagiri,09-12-2019,50,2019,12,0,2,17,20,17,73.317
Ratnagiri,16-12-2019,51,2019,12,1,2,10,15,17,73.317
Ratnagiri,23-12-2019,52,2019,12,1,5,20,27,17,73.317
Ratnagiri,30-12-2019,1,2019,12,0,1,13,15,17,73.317
Ratnagiri,06-01-2020,2,2020,1,0,3,13,16,17,73.317
Ratnagiri,13-01-2020,3,2020,1,0,5,12,20,17,73.317
Ratnagiri,20-01-2020,4,2020,1,0,2,19,22,17,73.317
Ratnagiri,27-01-2020,5,2020,1,1,3,12,22,17,73.317
Ratnagiri,03-02-2020,6,2020,2,1,1,20,25,17,73.317
Ratnagiri,10-02-2020,7,2020,2,0,1,13,16,17,73.317
Ratnagiri,17-02-2020,8,2020,2,0,1,10,13,17,73.317
Ratnagiri,24-02-2020,9,2020,2,0,3,14,18,17,73.317
Ratnagiri,02-03-2020,10,2020,3,0,2,17,19,17,73.317
Ratnagiri,09-03-2020,11,2020,3,2,3,23,29,17,73.317
Ratnagiri,16-03-2020,12,2020,3,3,4,18,30,17,73.317
Ratnagiri,23-03-2020,13,2020,3,0,2,16,21,17,73.317
Ratnagiri,30-03-2020,14,2020,3,0,3,14,18,17,73.317
Ratnagiri,06-04-2020,15,2020,4,4,6,35,45,17,73.317
Ratnagiri,13-04-2020,16,2020,4,2,4,36,42,17,73.317
Ratnagiri,20-04-2020,17,2020,4,0,4,30,34,17,73.317
Ratnagiri,27-04-2020,18,2020,4,2,4,34,41,17,73.317
Ratnagiri,04-05-2020,19,2020,5,1,2,33,41,17,73.317
Ratnagiri,11-05-2020,20,2020,5,1,3,27,33,17,73.317
Ratnagiri,18-05-2020,21,2020,5,0,3,27,30,17,73.317
Ratnagiri,25-05-2020,22,2020,5,2,4,34,41,17,73.317
Ratnagiri,01-06-2020,23,2020,6,5,4,64,75,17,73.317
Ratnagiri,08-06-2020,24,2020,6,2,1,62,69,17,73.317
Ratnagiri,15-06-2020,25,2020,6,2,4,74,82,17,73.317
Ratnagiri,22-06-2020,26,2020,6,1,2,63,66,17,73.317
Ratnagiri,29-06-2020,27,2020,6,4,2,55,64,17,73.317
Ratnagiri,06-07-2020,28,2020,7,1,4,54,60,17,73.317
Ratnagiri,13-07-2020,29,2020,7,1,3,48,53,17,73.317
Ratnagiri,20-07-2020,30,2020,7,2,7,47,57,17,73.317
Ratnagiri,27-07-2020,31,2020,7,2,1,48,54,17,73.317
Ratnagiri,03-08-2020,32,2020,8,1,3,54,62,17,73.317
Ratnagiri,10-08-2020,33,2020,8,1,4,49,57,17,73.317
Ratnagiri,17-08-2020,34,2020,8,0,1,53,54,17,73.317
Ratnagiri,24-08-2020,35,2020,8,3,6,58,70,17,73.317
Ratnagiri,31-08-2020,36,2020,8,1,3,48,54,17,73.317
Ratnagiri,07-09-2020,37,2020,9,1,2,63,70,17,73.317
Ratnagiri,14-09-2020,38,2020,9,5,2,57,65,17,73.317
Ratnagiri,21-09-2020,39,2020,9,2,0,57,61,17,73.317
Ratnagiri,28-09-2020,40,2020,9,1,6,52,61,17,73.317
Ratnagiri,05-10-2020,41,2020,10,2,2,19,24,17,73.317
Ratnagiri,12-10-2020,42,2020,10,0,3,17,22,17,73.317
Ratnagiri,19-10-2020,43,2020,10,1,2,24,29,17,73.317
Ratnagiri,26-10-2020,44,2020,10,0,4,22,29,17,73.317
Ratnagiri,02-11-2020,45,2020,11,0,6,31,39,17,73.317
Ratnagiri,09-11-2020,46,2020,11,3,3,25,31,17,73.317
Ratnagiri,16-11-2020,47,2020,11,0,0,25,25,17,73.317
Ratnagiri,23-11-2020,48,2020,11,0,2,20,23,17,73.317
Ratnagiri,30-11-2020,49,2020,11,0,2,26,31,17,73.317
Ratnagiri,07-12-2020,50,2020,12,0,3,14,18,17,73.317
Ratnagiri,14-12-2020,51,2020,12,0,2,19,22,17,73.317
Ratnagiri,21-12-2020,52,2020,12,0,2,7,9,17,73.317
Ratnagiri,28-12-2020,53,2020,12,1,3,16,23,17,73.317
Ratnagiri,04-01-2021,1,2021,1,0,3,17,22,17,73.317
Ratnagiri,11-01-2021,2,2021,1,1,0,22,23,17,73.317
Ratnagiri,18-01-2021,3,2021,1,0,2,16,19,17,73.317
Ratnagiri,25-01-2021,4,2021,1,0,1,22,23,17,73.317
Ratnagiri,01-02-2021,5,2021,2,0,1,9,13,17,73.317
Ratnagiri,08-02-2021,6,2021,2,0,3,11,17,17,73.317
Ratnagiri,15-02-2021,7,2021,2,1,3,14,18,17,73.317
Ratnagiri,22-02-2021,8,2021,2,0,3,16,19,17,73.317
Ratnagiri,01-03-2021,9,2021,3,1,1,24,28,17,73.317
Ratnagiri,08-03-2021,10,2021,3,1,1,11,16,17,73.317
Ratnagiri,15-03-2021,11,2021,3,0,5,21,27,17,73.317
Ratnagiri,22-03-2021,12,2021,3,1,2,15,19,17,73.317
Ratnagiri,29-03-2021,13,2021,3,0,2,20,24,17,73.317
Ratnagiri,05-04-2021,14,2021,4,1,0,24,25,17,73.317
Ratnagiri,12-04-2021,15,2021,4,1,4,40,45,17,73.317
Ratnagiri,19-04-2021,16,2021,4,2,6,29,37,17,73.317
Ratnagiri,26-04-2021,17,2021,4,1,6,33,43,17,73.317
Ratnagiri,03-05-2021,18,2021,5,3,2,29,36,17,73.317
Ratnagiri,10-05-2021,19,2021,5,1,4,29,34,17,73.317
Ratnagiri,17-05-2021,20,2021,5,0,7,31,39,17,73.317
Ratnagiri,24-05-2021,21,2021,5,0,1,27,30,17,73.317
Ratnagiri,31-05-2021,22,2021,5,1,1,25,30,17,73.317
Ratnagiri,07-06-2021,23,2021,6,3,3,58,67,17,73.317
Ratnagiri,14-06-2021,24,2021,6,1,6,64,76,17,73.317
Ratnagiri,21-06-2021,25,2021,6,2,2,56,61,17,73.317
Ratnagiri,28-06-2021,26,2021,6,2,4,47,55,17,73.317
Ratnagiri,05-07-2021,27,2021,7,0,3,53,57,17,73.317
Ratnagiri,12-07-2021,28,2021,7,5,6,50,63,17,73.317
Ratnagiri,19-07-2021,29,2021,7,3,6,53,68,17,73.317
Ratnagiri,26-07-2021,30,2021,7,0,4,59,67,17,73.317
Ratnagiri,02-08-2021,31,2021,8,2,1,55,60,17,73.317
Ratnagiri,09-08-2021,32,2021,8,4,0,62,68,17,73.317
Ratnagiri,16-08-2021,33,2021,8,4,1,55,64,17,73.317
Ratnagiri,23-08-2021,34,2021,8,3,3,49,59,17,73.317
Ratnagiri,30-08-2021,35,2021,8,1,4,67,75,17,73.317
Ratnagiri,06-09-2021,36,2021,9,5,0,62,71,17,73.317
Ratnagiri,13-09-2021,37,2021,9,2,5,42,51,17,73.317
Ratnagiri,20-09-2021,38,2021,9,5,5,46,62,17,73.317
Ratnagiri,27-09-2021,39,2021,9,1,2,70,74,17,73.317
Ratnagiri,04-10-2021,40,2021,10,0,2,22,29,17,73.317
Ratnagiri,11-10-2021,41,2021,10,1,1,17,19,17,73.317
Ratnagiri,18-10-2021,42,2021,10,3,2,14,20,17,73.317
Ratnagiri,25-10-2021,43,2021,10,0,0,19,21,17,73.317
Ratnagiri,01-11-2021,44,2021,11,2,2,21,27,17,73.317
Ratnagiri,08-11-2021,45,2021,11,1,3,29,35,17,73.317
Ratnagiri,15-11-2021,46,2021,11,0,1,18,21,17,73.317
Ratnagiri,22-11-2021,47,2021,11,1,3,22,28,17,73.317
Ratnagiri,29-11-2021,48,2021,11,1,1,22,26,17,73.317
Ratnagiri,06-12-2021,49,2021,12,1,3,20,29,17,73.317
Ratnagiri,13-12-2021,50,2021,12,0,1,14,17,17,73.317
Ratnagiri,20-12-2021,51,2021,12,0,1,15,19,17,73.317
Ratnagiri,27-12-2021,52,2021,12,1,2,30,34,17,73.317
Ratnagiri,03-01-2022,1,2022,1,1,2,11,14,17,73.317
Ratnagiri,10-01-2022,2,2022,1,0,3,20,25,17,73.317
Ratnagiri,17-01-2022,3,2022,1,1,3,23,27,17,73.317
Ratnagiri,24-01-2022,4,2022,1,1,3,13,21,17,73.317
Ratnagiri,31-01-2022,5,2022,1,1,0,14,17,17,73.317
Ratnagiri,07-02-2022,6,2022,2,3,1,12,17,17,73.317
Ratnagiri,14-02-2022,7,2022,2,1,0,15,17,17,73.317
Ratnagiri,21-02-2022,8,2022,2,0,1,21,23,17,73.317
Ratnagiri,28-02-2022,9,2022,2,1,2,14,20,17,73.317
Ratnagiri,07-03-2022,10,2022,3,0,7,14,23,17,73.317
Ratnagiri,14-03-2022,11,2022,3,1,2,13,17,17,73.317
Ratnagiri,21-03-2022,12,2022,3,0,3,14,19,17,73.317
Ratnagiri,28-03-2022,13,2022,3,2,0,15,18,17,73.317
Ratnagiri,04-04-2022,14,2022,4,0,3,25,30,17,73.317
Ratnagiri,11-04-2022,15,2022,4,2,4,29,36,17,73.317
Ratnagiri,18-04-2022,16,2022,4,0,2,32,35,17,73.317
Ratnagiri,25-04-2022,17,2022,4,1,4,29,35,17,73.317
Ratnagiri,02-05-2022,18,2022,5,0,4,21,28,17,73.317
Ratnagiri,09-05-2022,19,2022,5,2,3,26,32,17,73.317
Ratnagiri,16-05-2022,20,2022,5,0,3,33,40,17,73.317
Ratnagiri,23-05-2022,21,2022,5,1,4,30,36,17,73.317
Ratnagiri,30-05-2022,22,2022,5,0,4,22,28,17,73.317
Ratnagiri,06-06-2022,23,2022,6,1,5,53,59,17,73.317
Ratnagiri,13-06-2022,24,2022,6,3,1,62,68,17,73.317
Ratnagiri,20-06-2022,25,2022,6,1,5,61,68,17,73.317
Ratnagiri,27-06-2022,26,2022,6,4,2,60,70,17,73.317
Ratnagiri,04-07-2022,27,2022,7,1,1,49,52,17,73.317
Ratnagiri,11-07-2022,28,2022,7,3,2,66,71,17,73.317
Ratnagiri,18-07-2022,29,2022,7,5,7,55,67,17,73.317
Ratnagiri,25-07-2022,30,2022,7,2,6,79,88,17,73.317
Ratnagiri,01-08-2022,31,2022,8,2,4,60,69,17,73.317
Ratnagiri,08-08-2022,32,2022,8,3,7,63,73,17,73.317
Ratnagiri,15-08-2022,33,2022,8,1,1,56,62,17,73.317
Ratnagiri,22-08-2022,34,2022,8,1,4,64,74,17,73.317
Ratnagiri,29-08-2022,35,2022,8,1,5,50,56,17,73.317
Ratnagiri,05-09-2022,36,2022,9,1,3,53,59,17,73.317
Ratnagiri,12-09-2022,37,2022,9,2,4,62,71,17,73.317
Ratnagiri,19-09-2022,38,2022,9,4,2,60,69,17,73.317
Ratnagiri,26-09-2022,39,2022,9,1,2,63,67,17,73.317
Ratnagiri,03-10-2022,40,2022,10,3,2,19,27,17,73.317
Ratnagiri,10-10-2022,41,2022,10,0,3,28,34,17,73.317
Ratnagiri,17-10-2022,42,2022,10,1,1,28,31,17,73.317
Ratnagiri,24-10-2022,43,2022,10,1,5,26,32,17,73.317
Ratnagiri,31-10-2022,44,2022,10,1,3,27,32,17,73.317
Ratnagiri,07-11-2022,45,2022,11,1,5,27,33,17,73.317
Ratnagiri,14-11-2022,46,2022,11,0,0,17,17,17,73.317
Ratnagiri,21-11-2022,47,2022,11,2,6,20,30,17,73.317
Ratnagiri,28-11-2022,48,2022,11,1,3,33,40,17,73.317
Ratnagiri,05-12-2022,49,2022,12,0,3,16,20,17,73.317
Ratnagiri,12-12-2022,50,2022,12,0,2,16,18,17,73.317
Ratnagiri,19-12-2022,51,2022,12,0,1,21,22,17,73.317
Ratnagiri,26-12-2022,52,2022,12,0,2,12,15,17,73.317
Ratnagiri,02-01-2023,1,2023,1,1,0,19,22,17,73.317
Ratnagiri,09-01-2023,2,2023,1,0,2,19,24,17,73.317
Ratnagiri,16-01-2023,3,2023,1,1,3,24,29,17,73.317
Ratnagiri,23-01-2023,4,2023,1,2,4,18,26,17,73.317
Ratnagiri,30-01-2023,5,2023,1,2,0,18,22,17,73.317
Ratnagiri,06-02-2023,6,2023,2,0,1,25,30,17,73.317
Ratnagiri,13-02-2023,7,2023,2,0,0,16,18,17,73.317
Ratnagiri,20-02-2023,8,2023,2,0,2,20,23,17,73.317
Ratnagiri,27-02-2023,9,2023,2,1,4,19,25,17,73.317
Ratnagiri,06-03-2023,10,2023,3,0,3,22,27,17,73.317
Ratnagiri,13-03-2023,11,2023,3,0,3,14,20,17,73.317
Ratnagiri,20-03-2023,12,2023,3,1,0,17,20,17,73.317
Ratnagiri,27-03-2023,13,2023,3,1,0,17,21,17,73.317
Ratnagiri,03-04-2023,14,2023,4,0,4,31,38,17,73.317
Ratnagiri,10-04-2023,15,2023,4,1,6,32,39,17,73.317
Ratnagiri,17-04-2023,16,2023,4,0,2,28,30,17,73.317
Ratnagiri,24-04-2023,17,2023,4,0,3,29,33,17,73.317
Ratnagiri,01-05-2023,18,2023,5,0,5,24,31,17,73.317
Ratnagiri,08-05-2023,19,2023,5,1,2,24,29,17,73.317
Ratnagiri,15-05-2023,20,2023,5,2,5,29,39,17,73.317
Ratnagiri,22-05-2023,21,2023,5,1,5,34,43,17,73.317
Ratnagiri,29-05-2023,22,2023,5,0,6,22,28,17,73.317
Ratnagiri,05-06-2023,23,2023,6,3,9,58,71,17,73.317
Ratnagiri,12-06-2023,24,2023,6,0,3,58,63,17,73.317
Ratnagiri,19-06-2023,25,2023,6,3,1,59,65,17,73.317
Ratnagiri,26-06-2023,26,2023,6,3,3,61,68,17,73.317
Ratnagiri,03-07-2023,27,2023,7,2,2,55,61,17,73.317
Ratnagiri,10-07-2023,28,2023,7,3,0,59,65,17,73.317
Ratnagiri,17-07-2023,29,2023,7,3,2,58,64,17,73.317
Ratnagiri,24-07-2023,30,2023,7,2,10,66,80,17,73.317
Ratnagiri,31-07-2023,31,2023,7,2,5,56,65,17,73.317
Ratnagiri,07-08-2023,32,2023,8,1,2,60,65,17,73.317
Ratnagiri,14-08-2023,33,2023,8,3,3,55,61,17,73.317
Ratnagiri,21-08-2023,34,2023,8,3,3,48,55,17,73.317
Ratnagiri,28-08-2023,35,2023,8,2,3,67,72,17,73.317
Ratnagiri,04-09-2023,36,2023,9,2,1,64,69,17,73.317
Ratnagiri,11-09-2023,37,2023,9,1,4,61,68,17,73.317
Ratnagiri,18-09-2023,38,2023,9,0,3,70,77,17,73.317
Ratnagiri,25-09-2023,39,2023,9,0,2,62,67,17,73.317
Ratnagiri,02-10-2023,40,2023,10,1,2,24,29,17,73.317
Ratnagiri,09-10-2023,41,2023,10,0,4,15,19,17,73.317
Ratnagiri,16-10-2023,42,2023,10,2,1,32,36,17,73.317
Ratnagiri,23-10-2023,43,2023,10,1,2,25,28,17,73.317
Ratnagiri,30-10-2023,44,2023,10,1,3,20,25,17,73.317
Ratnagiri,06-11-2023,45,2023,11,0,1,30,31,17,73.317
Ratnagiri,13-11-2023,46,2023,11,1,2,26,32,17,73.317
Ratnagiri,20-11-2023,47,2023,11,2,2,13,21,17,73.317
Ratnagiri,27-11-2023,48,2023,11,0,3,19,23,17,73.317
Ratnagiri,04-12-2023,49,2023,12,1,1,23,27,17,73.317
Ratnagiri,11-12-2023,50,2023,12,0,2,16,19,17,73.317
Ratnagiri,18-12-2023,51,2023,12,0,5,13,22,17,73.317
Ratnagiri,25-12-2023,52,2023,12,0,0,12,13,17,73.317
Sindhudurg,07-01-2019,2,2019,1,0,1,7,8,16.35,73.967
Sindhudurg,14-01-2019,3,2019,1,0,1,9,11,16.35,73.967
Sindhudurg,21-01-2019,4,2019,1,1,0,16,19,16.35,73.967
Sindhudurg,28-01-2019,5,2019,1,1,2,6,10,16.35,73.967
Sindhudurg,04-02-2019,6,2019,2,0,0,4,4,16.35,73.967
Sindhudurg,11-02-2019,7,2019,2,2,3,7,14,16.35,73.967
Sindhudurg,18-02-2019,8,2019,2,1,2,2,6,16.35,73.967
Sindhudurg,25-02-2019,9,2019,2,0,1,15,17,16.35,73.967
Sindhudurg,04-03-2019,10,2019,3,0,0,12,13,16.35,73.967
Sindhudurg,11-03-2019,11,2019,3,0,1,7,10,16.35,73.967
Sindhudurg,18-03-2019,12,2019,3,0,1,6,7,16.35,73.967
Sindhudurg,25-03-2019,13,2019,3,0,1,14,16,16.35,73.967
Sindhudurg,01-04-2019,14,2019,4,0,3,16,19,16.35,73.967
Sindhudurg,08-04-2019,15,2019,4,2,1,12,16,16.35,73.967
Sindhudurg,15-04-2019,16,2019,4,0,4,22,27,16.35,73.967
Sindhudurg,22-04-2019,17,2019,4,0,2,16,18,16.35,73.967
Sindhudurg,29-04-2019,18,2019,4,0,1,16,18,16.35,73.967
Sindhudurg,06-05-2019,19,2019,5,1,3,15,19,16.35,73.967
Sindhudurg,13-05-2019,20,2019,5,0,1,11,13,16.35,73.967
Sindhudurg,20-05-2019,21,2019,5,0,0,12,13,16.35,73.967
Sindhudurg,27-05-2019,22,2019,5,0,2,17,20,16.35,73.967
Sindhudurg,03-06-2019,23,2019,6,0,1,31,34,16.35,73.967
Sindhudurg,10-06-2019,24,2019,6,2,0,22,25,16.35,73.967
Sindhudurg,17-06-2019,25,2019,6,0,1,30,31,16.35,73.967
Sindhudurg,24-06-2019,26,2019,6,0,1,33,36,16.35,73.967
Sindhudurg,01-07-2019,27,2019,7,3,3,26,32,16.35,73.967
Sindhudurg,08-07-2019,28,2019,7,0,4,19,23,16.35,73.967
Sindhudurg,15-07-2019,29,2019,7,0,2,34,38,16.35,73.967
Sindhudurg,22-07-2019,30,2019,7,3,1,36,40,16.35,73.967
Sindhudurg,29-07-2019,31,2019,7,1,1,28,32,16.35,73.967
Sindhudurg,05-08-2019,32,2019,8,0,2,27,32,16.35,73.967
Sindhudurg,12-08-2019,33,2019,8,0,2,28,30,16.35,73.967
Sindhudurg,19-08-2019,34,2019,8,1,1,28,34,16.35,73.967
Sindhudurg,26-08-2019,35,2019,8,1,0,18,20,16.35,73.967
Sindhudurg,02-09-2019,36,2019,9,1,2,25,29,16.35,73.967
Sindhudurg,09-09-2019,37,2019,9,0,2,35,40,16.35,73.967
Sindhudurg,16-09-2019,38,2019,9,1,0,23,24,16.35,73.967
Sindhudurg,23-09-2019,39,2019,9,1,2,30,33,16.35,73.967
Sindhudurg,30-09-2019,40,2019,9,2,2,36,40,16.35,73.967
Sindhudurg,07-10-2019,41,2019,10,0,0,14,16,16.35,73.967
Sindhudurg,14-10-2019,42,2019,10,0,1,11,13,16.35,73.967
Sindhudurg,21-10-2019,43,2019,10,0,2,9,11,16.35,73.967
Sindhudurg,28-10-2019,44,2019,10,1,0,15,16,16.35,73.967
Sindhudurg,04-11-2019,45,2019,11,0,1,13,15,16.35,73.967
Sindhudurg,11-11-2019,46,2019,11,0,0,10,10,16.35,73.967
Sindhudurg,18-11-2019,47,2019,11,0,1,13,15,16.35,73.967
Sindhudurg,25-11-2019,48,2019,11,0,2,13,16,16.35,73.967
Sindhudurg,02-12-2019,49,2019,12,0,2,9,12,16.35,73.967
Sindhudurg,09-12-2019,50,2019,12,0,3,9,12,16.35,73.967
Sindhudurg,16-12-2019,51,2019,12,0,0,5,6,16.35,73.967
Sindhudurg,23-12-2019,52,2019,12,0,2,9,12,16.35,73.967
Sindhudurg,30-12-2019,1,2019,12,0,0,12,12,16.35,73.967
Sindhudurg,06-01-2020,2,2020,1,0,0,8,9,16.35,73.967
Sindhudurg,13-01-2020,3,2020,1,1,0,8,9,16.35,73.967
Sindhudurg,20-01-2020,4,2020,1,0,1,14,15,16.35,73.967
Sindhudurg,27-01-2020,5,2020,1,0,0,9,10,16.35,73.967
Sindhudurg,03-02-2020,6,2020,2,1,0,6,7,16.35,73.967
Sindhudurg,10-02-2020,7,2020,2,0,1,7,9,16.35,73.967
Sindhudurg,17-02-2020,8,2020,2,0,2,9,11,16.35,73.967
Sindhudurg,24-02-2020,9,2020,2,0,1,5,6,16.35,73.967
Sindhudurg,02-03-2020,10,2020,3,1,0,8,9,16.35,73.967
Sindhudurg,09-03-2020,11,2020,3,0,0,8,10,16.35,73.967
Sindhudurg,16-03-2020,12,2020,3,1,1,9,12,16.35,73.967
Sindhudurg,23-03-2020,13,2020,3,0,1,7,8,16.35,73.967
Sindhudurg,30-03-2020,14,2020,3,0,1,3,5,16.35,73.967
Sindhudurg,06-04-2020,15,2020,4,0,2,15,18,16.35,73.967
Sindhudurg,13-04-2020,16,2020,4,0,2,15,18,16.35,73.967
Sindhudurg,20-04-2020,17,2020,4,0,1,16,19,16.35,73.967
Sindhudurg,27-04-2020,18,2020,4,0,3,18,21,16.35,73.967
Sindhudurg,04-05-2020,19,2020,5,0,1,17,18,16.35,73.967
Sindhudurg,11-05-2020,20,2020,5,1,1,10,12,16.35,73.967
Sindhudurg,18-05-2020,21,2020,5,1,3,23,28,16.35,73.967
Sindhudurg,25-05-2020,22,2020,5,0,0,27,27,16.35,73.967
Sindhudurg,01-06-2020,23,2020,6,1,2,30,35,16.35,73.967
Sindhudurg,08-06-2020,24,2020,6,1,1,23,26,16.35,73.967
Sindhudurg,15-06-2020,25,2020,6,3,0,34,39,16.35,73.967
Sindhudurg,22-06-2020,26,2020,6,1,2,26,30,16.35,73.967
Sindhudurg,29-06-2020,27,2020,6,2,3,22,28,16.35,73.967
Sindhudurg,06-07-2020,28,2020,7,1,3,31,38,16.35,73.967
Sindhudurg,13-07-2020,29,2020,7,2,2,21,25,16.35,73.967
Sindhudurg,20-07-2020,30,2020,7,1,2,22,26,16.35,73.967
Sindhudurg,27-07-2020,31,2020,7,1,0,28,34,16.35,73.967
Sindhudurg,03-08-2020,32,2020,8,1,1,26,28,16.35,73.967
Sindhudurg,10-08-2020,33,2020,8,2,3,19,26,16.35,73.967
Sindhudurg,17-08-2020,34,2020,8,0,1,34,35,16.35,73.967
Sindhudurg,24-08-2020,35,2020,8,3,2,35,41,16.35,73.967
Sindhudurg,31-08-2020,36,2020,8,0,4,24,29,16.35,73.967
Sindhudurg,07-09-2020,37,2020,9,0,1,18,19,16.35,73.967
Sindhudurg,14-09-2020,38,2020,9,1,1,38,41,16.35,73.967
Sindhudurg,21-09-2020,39,2020,9,0,0,23,24,16.35,73.967
Sindhudurg,28-09-2020,40,2020,9,3,0,28,31,16.35,73.967
Sindhudurg,05-10-2020,41,2020,10,0,1,7,9,16.35,73.967
Sindhudurg,12-10-2020,42,2020,10,0,1,9,10,16.35,73.967
Sindhudurg,19-10-2020,43,2020,10,0,1,9,10,16.35,73.967
Sindhudurg,26-10-2020,44,2020,10,0,1,11,15,16.35,73.967
Sindhudurg,02-11-2020,45,2020,11,1,2,24,28,16.35,73.967
Sindhudurg,09-11-2020,46,2020,11,0,1,10,11,16.35,73.967
Sindhudurg,16-11-2020,47,2020,11,1,0,15,16,16.35,73.967
Sindhudurg,23-11-2020,48,2020,11,1,2,11,14,16.35,73.967
Sindhudurg,30-11-2020,49,2020,11,1,1,7,9,16.35,73.967
Sindhudurg,07-12-2020,50,2020,12,0,3,4,7,16.35,73.967
Sindhudurg,14-12-2020,51,2020,12,0,1,5,8,16.35,73.967
Sindhudurg,21-12-2020,52,2020,12,0,1,7,10,16.35,73.967
Sindhudurg,28-12-2020,53,2020,12,0,0,7,7,16.35,73.967
Sindhudurg,04-01-2021,1,2021,1,1,2,9,12,16.35,73.967
Sindhudurg,11-01-2021,2,2021,1,0,1,10,12,16.35,73.967
Sindhudurg,18-01-2021,3,2021,1,1,3,11,17,16.35,73.967
Sindhudurg,25-01-2021,4,2021,1,0,1,5,7,16.35,73.967
Sindhudurg,01-02-2021,5,2021,2,1,2,11,15,16.35,73.967
Sindhudurg,08-02-2021,6,2021,2,1,1,5,7,16.35,73.967
Sindhudurg,15-02-2021,7,2021,2,0,3,11,15,16.35,73.967
Sindhudurg,22-02-2021,8,2021,2,1,0,10,11,16.35,73.967
Sindhudurg,01-03-2021,9,2021,3,0,1,10,12,16.35,73.967
Sindhudurg,08-03-2021,10,2021,3,0,1,5,7,16.35,73.967
Sindhudurg,15-03-2021,11,2021,3,0,1,11,12,16.35,73.967
Sindhudurg,22-03-2021,12,2021,3,0,0,8,10,16.35,73.967
Sindhudurg,29-03-2021,13,2021,3,2,0,7,11,16.35,73.967
Sindhudurg,05-04-2021,14,2021,4,0,0,13,13,16.35,73.967
Sindhudurg,12-04-2021,15,2021,4,0,2,12,15,16.35,73.967
Sindhudurg,19-04-2021,16,2021,4,0,1,11,15,16.35,73.967
Sindhudurg,26-04-2021,17,2021,4,0,2,11,13,16.35,73.967
Sindhudurg,03-05-2021,18,2021,5,0,1,14,16,16.35,73.967
Sindhudurg,10-05-2021,19,2021,5,0,3,14,17,16.35,73.967
Sindhudurg,17-05-2021,20,2021,5,0,5,9,15,16.35,73.967
Sindhudurg,24-05-2021,21,2021,5,1,1,16,19,16.35,73.967
Sindhudurg,31-05-2021,22,2021,5,1,2,12,17,16.35,73.967
Sindhudurg,07-06-2021,23,2021,6,1,2,26,31,16.35,73.967
Sindhudurg,14-06-2021,24,2021,6,0,2,39,42,16.35,73.967
Sindhudurg,21-06-2021,25,2021,6,0,0,31,32,16.35,73.967
Sindhudurg,28-06-2021,26,2021,6,0,1,28,31,16.35,73.967
Sindhudurg,05-07-2021,27,2021,7,0,4,32,37,16.35,73.967
Sindhudurg,12-07-2021,28,2021,7,2,2,20,26,16.35,73.967
Sindhudurg,19-07-2021,29,2021,7,2,2,35,39,16.35,73.967
Sindhudurg,26-07-2021,30,2021,7,0,1,31,32,16.35,73.967
Sindhudurg,02-08-2021,31,2021,8,4,0,32,36,16.35,73.967
Sindhudurg,09-08-2021,32,2021,8,3,1,29,34,16.35,73.967
Sindhudurg,16-08-2021,33,2021,8,1,1,33,37,16.35,73.967
Sindhudurg,23-08-2021,34,2021,8,3,2,27,32,16.35,73.967
Sindhudurg,30-08-2021,35,2021,8,1,3,28,32,16.35,73.967
Sindhudurg,06-09-2021,36,2021,9,2,1,38,43,16.35,73.967
Sindhudurg,13-09-2021,37,2021,9,0,0,36,38,16.35,73.967
Sindhudurg,20-09-2021,38,2021,9,1,2,24,28,16.35,73.967
Sindhudurg,27-09-2021,39,2021,9,3,1,30,36,16.35,73.967
Sindhudurg,04-10-2021,40,2021,10,0,1,12,13,16.35,73.967
Sindhudurg,11-10-2021,41,2021,10,1,1,15,17,16.35,73.967
Sindhudurg,18-10-2021,42,2021,10,0,2,7,12,16.35,73.967
Sindhudurg,25-10-2021,43,2021,10,0,1,12,15,16.35,73.967
Sindhudurg,01-11-2021,44,2021,11,0,2,14,17,16.35,73.967
Sindhudurg,08-11-2021,45,2021,11,1,0,14,16,16.35,73.967
Sindhudurg,15-11-2021,46,2021,11,1,2,11,15,16.35,73.967
Sindhudurg,22-11-2021,47,2021,11,0,0,10,11,16.35,73.967
Sindhudurg,29-11-2021,48,2021,11,0,3,11,15,16.35,73.967
Sindhudurg,06-12-2021,49,2021,12,1,0,2,3,16.35,73.967
Sindhudurg,13-12-2021,50,2021,12,0,0,4,4,16.35,73.967
Sindhudurg,20-12-2021,51,2021,12,0,1,12,13,16.35,73.967
Sindhudurg,27-12-2021,52,2021,12,1,1,13,16,16.35,73.967
Sindhudurg,03-01-2022,1,2022,1,0,1,8,11,16.35,73.967
Sindhudurg,10-01-2022,2,2022,1,0,1,8,11,16.35,73.967
Sindhudurg,17-01-2022,3,2022,1,0,1,8,9,16.35,73.967
Sindhudurg,24-01-2022,4,2022,1,0,0,7,7,16.35,73.967
Sindhudurg,31-01-2022,5,2022,1,1,3,9,14,16.35,73.967
Sindhudurg,07-02-2022,6,2022,2,0,0,7,7,16.35,73.967
Sindhudurg,14-02-2022,7,2022,2,0,1,11,13,16.35,73.967
Sindhudurg,21-02-2022,8,2022,2,0,0,8,8,16.35,73.967
Sindhudurg,28-02-2022,9,2022,2,1,0,4,8,16.35,73.967
Sindhudurg,07-03-2022,10,2022,3,0,1,9,10,16.35,73.967
Sindhudurg,14-03-2022,11,2022,3,0,0,10,10,16.35,73.967
Sindhudurg,21-03-2022,12,2022,3,0,1,7,8,16.35,73.967
Sindhudurg,28-03-2022,13,2022,3,2,2,9,14,16.35,73.967
Sindhudurg,04-04-2022,14,2022,4,0,1,17,18,16.35,73.967
Sindhudurg,11-04-2022,15,2022,4,0,0,15,15,16.35,73.967
Sindhudurg,18-04-2022,16,2022,4,0,0,19,19,16.35,73.967
Sindhudurg,25-04-2022,17,2022,4,1,0,9,11,16.35,73.967
Sindhudurg,02-05-2022,18,2022,5,0,2,17,19,16.35,73.967
Sindhudurg,09-05-2022,19,2022,5,1,0,14,15,16.35,73.967
Sindhudurg,16-05-2022,20,2022,5,2,2,16,22,16.35,73.967
Sindhudurg,23-05-2022,21,2022,5,1,1,12,15,16.35,73.967
Sindhudurg,30-05-2022,22,2022,5,1,0,17,20,16.35,73.967
Sindhudurg,06-06-2022,23,2022,6,0,2,21,24,16.35,73.967
Sindhudurg,13-06-2022,24,2022,6,1,4,26,33,16.35,73.967
Sindhudurg,20-06-2022,25,2022,6,1,3,26,31,16.35,73.967
Sindhudurg,27-06-2022,26,2022,6,3,2,29,34,16.35,73.967
Sindhudurg,04-07-2022,27,2022,7,1,1,32,34,16.35,73.967
Sindhudurg,11-07-2022,28,2022,7,1,2,27,30,16.35,73.967
Sindhudurg,18-07-2022,29,2022,7,0,1,28,30,16.35,73.967
Sindhudurg,25-07-2022,30,2022,7,0,2,33,36,16.35,73.967
Sindhudurg,01-08-2022,31,2022,8,1,2,28,33,16.35,73.967
Sindhudurg,08-08-2022,32,2022,8,0,1,22,27,16.35,73.967
Sindhudurg,15-08-2022,33,2022,8,1,2,18,23,16.35,73.967
Sindhudurg,22-08-2022,34,2022,8,1,7,28,37,16.35,73.967
Sindhudurg,29-08-2022,35,2022,8,1,4,35,43,16.35,73.967
Sindhudurg,05-09-2022,36,2022,9,0,1,28,33,16.35,73.967
Sindhudurg,12-09-2022,37,2022,9,1,0,30,34,16.35,73.967
Sindhudurg,19-09-2022,38,2022,9,1,1,34,37,16.35,73.967
Sindhudurg,26-09-2022,39,2022,9,1,4,20,26,16.35,73.967
Sindhudurg,03-10-2022,40,2022,10,1,1,17,20,16.35,73.967
Sindhudurg,10-10-2022,41,2022,10,0,1,12,14,16.35,73.967
Sindhudurg,17-10-2022,42,2022,10,0,1,5,7,16.35,73.967
Sindhudurg,24-10-2022,43,2022,10,0,1,13,14,16.35,73.967
Sindhudurg,31-10-2022,44,2022,10,0,2,10,13,16.35,73.967
Sindhudurg,07-11-2022,45,2022,11,0,1,3,4,16.35,73.967
Sindhudurg,14-11-2022,46,2022,11,0,2,11,13,16.35,73.967
Sindhudurg,21-11-2022,47,2022,11,0,2,12,14,16.35,73.967
Sindhudurg,28-11-2022,48,2022,11,1,1,7,10,16.35,73.967
Sindhudurg,05-12-2022,49,2022,12,0,0,5,5,16.35,73.967
Sindhudurg,12-12-2022,50,2022,12,0,0,7,7,16.35,73.967
Sindhudurg,19-12-2022,51,2022,12,0,1,5,7,16.35,73.967
Sindhudurg,26-12-2022,52,2022,12,1,0,10,13,16.35,73.967
Sindhudurg,02-01-2023,1,2023,1,0,0,12,12,16.35,73.967
Sindhudurg,09-01-2023,2,2023,1,0,2,9,12,16.35,73.967
Sindhudurg,16-01-2023,3,2023,1,0,2,6,10,16.35,73.967
Sindhudurg,23-01-2023,4,2023,1,0,0,9,9,16.35,73.967
Sindhudurg,30-01-2023,5,2023,1,0,1,7,9,16.35,73.967
Sindhudurg,06-02-2023,6,2023,2,0,0,3,3,16.35,73.967
Sindhudurg,13-02-2023,7,2023,2,1,2,7,13,16.35,73.967
Sindhudurg,20-02-2023,8,2023,2,0,0,11,11,16.35,73.967
Sindhudurg,27-02-2023,9,2023,2,0,0,8,9,16.35,73.967
Sindhudurg,06-03-2023,10,2023,3,0,1,8,9,16.35,73.967
Sindhudurg,13-03-2023,11,2023,3,1,3,7,11,16.35,73.967
Sindhudurg,20-03-2023,12,2023,3,0,2,10,12,16.35,73.967
Sindhudurg,27-03-2023,13,2023,3,0,1,6,7,16.35,73.967
Sindhudurg,03-04-2023,14,2023,4,2,0,13,16,16.35,73.967
Sindhudurg,10-04-2023,15,2023,4,0,3,20,23,16.35,73.967
Sindhudurg,17-04-2023,16,2023,4,0,2,27,30,16.35,73.967
Sindhudurg,24-04-2023,17,2023,4,0,2,15,17,16.35,73.967
Sindhudurg,01-05-2023,18,2023,5,0,2,14,17,16.35,73.967
Sindhudurg,08-05-2023,19,2023,5,0,2,17,21,16.35,73.967
Sindhudurg,15-05-2023,20,2023,5,0,1,13,14,16.35,73.967
Sindhudurg,22-05-2023,21,2023,5,1,2,18,22,16.35,73.967
Sindhudurg,29-05-2023,22,2023,5,0,2,17,19,16.35,73.967
Sindhudurg,05-06-2023,23,2023,6,1,1,33,36,16.35,73.967
Sindhudurg,12-06-2023,24,2023,6,0,2,25,29,16.35,73.967
Sindhudurg,19-06-2023,25,2023,6,0,1,32,35,16.35,73.967
Sindhudurg,26-06-2023,26,2023,6,2,2,35,41,16.35,73.967
Sindhudurg,03-07-2023,27,2023,7,0,3,28,31,16.35,73.967
Sindhudurg,10-07-2023,28,2023,7,2,2,30,36,16.35,73.967
Sindhudurg,17-07-2023,29,2023,7,0,0,27,29,16.35,73.967
Sindhudurg,24-07-2023,30,2023,7,0,1,28,29,16.35,73.967
Sindhudurg,31-07-2023,31,2023,7,0,0,43,44,16.35,73.967
Sindhudurg,07-08-2023,32,2023,8,0,3,33,36,16.35,73.967
Sindhudurg,14-08-2023,33,2023,8,1,2,19,22,16.35,73.967
Sindhudurg,21-08-2023,34,2023,8,0,1,39,41,16.35,73.967
Sindhudurg,28-08-2023,35,2023,8,0,1,17,18,16.35,73.967
Sindhudurg,04-09-2023,36,2023,9,3,1,23,28,16.35,73.967
Sindhudurg,11-09-2023,37,2023,9,0,2,26,30,16.35,73.967
Sindhudurg,18-09-2023,38,2023,9,0,1,39,41,16.35,73.967
Sindhudurg,25-09-2023,39,2023,9,2,2,32,37,16.35,73.967
Sindhudurg,02-10-2023,40,2023,10,0,0,12,13,16.35,73.967
Sindhudurg,09-10-2023,41,2023,10,0,0,12,12,16.35,73.967
Sindhudurg,16-10-2023,42,2023,10,0,1,9,10,16.35,73.967
Sindhudurg,23-10-2023,43,2023,10,0,0,9,9,16.35,73.967
Sindhudurg,30-10-2023,44,2023,10,1,0,12,13,16.35,73.967
Sindhudurg,06-11-2023,45,2023,11,1,2,8,13,16.35,73.967
Sindhudurg,13-11-2023,46,2023,11,0,0,8,8,16.35,73.967
Sindhudurg,20-11-2023,47,2023,11,0,2,11,13,16.35,73.967
Sindhudurg,27-11-2023,48,2023,11,1,1,13,15,16.35,73.967
Sindhudurg,04-12-2023,49,2023,12,1,1,9,12,16.35,73.967
Sindhudurg,11-12-2023,50,2023,12,0,2,9,11,16.35,73.967
Sindhudurg,18-12-2023,51,2023,12,0,0,4,7,16.35,73.967
Sindhudurg,25-12-2023,52,2023,12,0,0,10,10,16.35,73.967
Nashik,07-01-2019,2,2019,1,0,6,69,80,20.011,73.79
Nashik,14-01-2019,3,2019,1,2,14,75,103,20.011,73.79
Nashik,21-01-2019,4,2019,1,0,13,68,90,20.011,73.79
Nashik,28-01-2019,5,2019,1,1,15,65,86,20.011,73.79
Nashik,04-02-2019,6,2019,2,0,9,67,83,20.011,73.79
Nashik,11-02-2019,7,2019,2,0,10,67,87,20.011,73.79
Nashik,18-02-2019,8,2019,2,1,11,86,105,20.011,73.79
Nashik,25-02-2019,9,2019,2,1,8,76,90,20.011,73.79
Nashik,04-03-2019,10,2019,3,0,12,63,82,20.011,73.79
Nashik,11-03-2019,11,2019,3,0,11,72,96,20.011,73.79
Nashik,18-03-2019,12,2019,3,1,8,72,89,20.011,73.79
Nashik,25-03-2019,13,2019,3,0,14,74,96,20.011,73.79
Nashik,01-04-2019,14,2019,4,3,19,144,176,20.011,73.79
Nashik,08-04-2019,15,2019,4,2,23,150,180,20.011,73.79
Nashik,15-04-2019,16,2019,4,0,16,118,142,20.011,73.79
Nashik,22-04-2019,17,2019,4,0,22,139,171,20.011,73.79
Nashik,29-04-2019,18,2019,4,1,23,132,162,20.011,73.79
Nashik,06-05-2019,19,2019,5,1,16,119,142,20.011,73.79
Nashik,13-05-2019,20,2019,5,2,17,140,171,20.011,73.79
Nashik,20-05-2019,21,2019,5,1,26,127,161,20.011,73.79
Nashik,27-05-2019,22,2019,5,0,20,137,163,20.011,73.79
Nashik,03-06-2019,23,2019,6,3,21,227,260,20.011,73.79
Nashik,10-06-2019,24,2019,6,5,15,233,262,20.011,73.79
Nashik,17-06-2019,25,2019,6,0,16,271,295,20.011,73.79
Nashik,24-06-2019,26,2019,6,4,23,247,283,20.011,73.79
Nashik,01-07-2019,27,2019,7,1,15,225,247,20.011,73.79
Nashik,08-07-2019,28,2019,7,2,19,252,280,20.011,73.79
Nashik,15-07-2019,29,2019,7,3,16,231,256,20.011,73.79
Nashik,22-07-2019,30,2019,7,3,15,269,296,20.011,73.79
Nashik,29-07-2019,31,2019,7,4,20,253,285,20.011,73.79
Nashik,05-08-2019,32,2019,8,3,19,258,288,20.011,73.79
Nashik,12-08-2019,33,2019,8,3,20,250,283,20.011,73.79
Nashik,19-08-2019,34,2019,8,5,11,226,255,20.011,73.79
Nashik,26-08-2019,35,2019,8,2,20,242,274,20.011,73.79
Nashik,02-09-2019,36,2019,9,2,14,251,279,20.011,73.79
Nashik,09-09-2019,37,2019,9,3,17,236,269,20.011,73.79
Nashik,16-09-2019,38,2019,9,2,15,221,253,20.011,73.79
Nashik,23-09-2019,39,2019,9,3,17,273,301,20.011,73.79
Nashik,30-09-2019,40,2019,9,4,17,259,290,20.011,73.79
Nashik,07-10-2019,41,2019,10,3,10,116,136,20.011,73.79
Nashik,14-10-2019,42,2019,10,0,13,96,110,20.011,73.79
Nashik,21-10-2019,43,2019,10,1,15,99,122,20.011,73.79
Nashik,28-10-2019,44,2019,10,0,21,92,121,20.011,73.79
Nashik,04-11-2019,45,2019,11,1,9,87,103,20.011,73.79
Nashik,11-11-2019,46,2019,11,0,12,121,138,20.011,73.79
Nashik,18-11-2019,47,2019,11,3,7,89,107,20.011,73.79
Nashik,25-11-2019,48,2019,11,2,10,120,140,20.011,73.79
Nashik,02-12-2019,49,2019,12,0,12,72,86,20.011,73.79
Nashik,09-12-2019,50,2019,12,1,13,68,89,20.011,73.79
Nashik,16-12-2019,51,2019,12,2,12,74,96,20.011,73.79
Nashik,23-12-2019,52,2019,12,3,7,66,83,20.011,73.79
Nashik,30-12-2019,1,2019,12,1,6,80,97,20.011,73.79
Nashik,06-01-2020,2,2020,1,1,10,60,81,20.011,73.79
Nashik,13-01-2020,3,2020,1,1,6,72,87,20.011,73.79
Nashik,20-01-2020,4,2020,1,2,10,95,114,20.011,73.79
Nashik,27-01-2020,5,2020,1,0,20,71,98,20.011,73.79
Nashik,03-02-2020,6,2020,2,0,8,67,81,20.011,73.79
Nashik,10-02-2020,7,2020,2,1,8,61,80,20.011,73.79
Nashik,17-02-2020,8,2020,2,0,7,65,79,20.011,73.79
Nashik,24-02-2020,9,2020,2,0,8,65,81,20.011,73.79
Nashik,02-03-2020,10,2020,3,1,8,72,90,20.011,73.79
Nashik,09-03-2020,11,2020,3,2,8,66,80,20.011,73.79
Nashik,16-03-2020,12,2020,3,0,16,63,92,20.011,73.79
Nashik,23-03-2020,13,2020,3,2,4,69,85,20.011,73.79
Nashik,30-03-2020,14,2020,3,3,13,69,93,20.011,73.79
Nashik,06-04-2020,15,2020,4,2,21,100,128,20.011,73.79
Nashik,13-04-2020,16,2020,4,4,17,129,158,20.011,73.79
Nashik,20-04-2020,17,2020,4,0,18,128,158,20.011,73.79
Nashik,27-04-2020,18,2020,4,2,27,137,176,20.011,73.79
Nashik,04-05-2020,19,2020,5,1,24,128,161,20.011,73.79
Nashik,11-05-2020,20,2020,5,2,21,119,152,20.011,73.79
Nashik,18-05-2020,21,2020,5,0,20,129,154,20.011,73.79
Nashik,25-05-2020,22,2020,5,2,22,130,160,20.011,73.79
Nashik,01-06-2020,23,2020,6,2,16,238,261,20.011,73.79
Nashik,08-06-2020,24,2020,6,4,14,260,301,20.011,73.79
Nashik,15-06-2020,25,2020,6,3,12,254,277,20.011,73.79
Nashik,22-06-2020,26,2020,6,2,20,254,284,20.011,73.79
Nashik,29-06-2020,27,2020,6,2,14,258,289,20.011,73.79
Nashik,06-07-2020,28,2020,7,3,20,251,282,20.011,73.79
Nashik,13-07-2020,29,2020,7,2,13,255,278,20.011,73.79
Nashik,20-07-2020,30,2020,7,0,15,244,269,20.011,73.79
Nashik,27-07-2020,31,2020,7,2,17,288,317,20.011,73.79
Nashik,03-08-2020,32,2020,8,2,27,230,271,20.011,73.79
Nashik,10-08-2020,33,2020,8,4,16,231,257,20.011,73.79
Nashik,17-08-2020,34,2020,8,4,14,220,261,20.011,73.79
Nashik,24-08-2020,35,2020,8,3,23,264,306,20.011,73.79
Nashik,31-08-2020,36,2020,8,5,17,275,308,20.011,73.79
Nashik,07-09-2020,37,2020,9,3,12,251,270,20.011,73.79
Nashik,14-09-2020,38,2020,9,3,19,245,275,20.011,73.79
Nashik,21-09-2020,39,2020,9,2,20,214,251,20.011,73.79
Nashik,28-09-2020,40,2020,9,2,15,245,268,20.011,73.79
Nashik,05-10-2020,41,2020,10,1,20,87,115,20.011,73.79
Nashik,12-10-2020,42,2020,10,2,10,71,90,20.011,73.79
Nashik,19-10-2020,43,2020,10,0,9,108,120,20.011,73.79
Nashik,26-10-2020,44,2020,10,1,14,102,120,20.011,73.79
Nashik,02-11-2020,45,2020,11,2,13,79,99,20.011,73.79
Nashik,09-11-2020,46,2020,11,1,10,94,114,20.011,73.79
Nashik,16-11-2020,47,2020,11,1,10,103,123,20.011,73.79
Nashik,23-11-2020,48,2020,11,1,14,89,109,20.011,73.79
Nashik,30-11-2020,49,2020,11,0,7,103,118,20.011,73.79
Nashik,07-12-2020,50,2020,12,2,12,92,109,20.011,73.79
Nashik,14-12-2020,51,2020,12,2,13,68,93,20.011,73.79
Nashik,21-12-2020,52,2020,12,1,18,66,90,20.011,73.79
Nashik,28-12-2020,53,2020,12,1,12,69,89,20.011,73.79
Nashik,04-01-2021,1,2021,1,0,9,71,83,20.011,73.79
Nashik,11-01-2021,2,2021,1,0,18,86,111,20.011,73.79
Nashik,18-01-2021,3,2021,1,0,3,69,80,20.011,73.79
Nashik,25-01-2021,4,2021,1,0,11,49,64,20.011,73.79
Nashik,01-02-2021,5,2021,2,1,10,79,97,20.011,73.79
Nashik,08-02-2021,6,2021,2,0,13,80,99,20.011,73.79
Nashik,15-02-2021,7,2021,2,0,15,70,92,20.011,73.79
Nashik,22-02-2021,8,2021,2,3,12,81,108,20.011,73.79
Nashik,01-03-2021,9,2021,3,1,10,70,88,20.011,73.79
Nashik,08-03-2021,10,2021,3,1,13,79,101,20.011,73.79
Nashik,15-03-2021,11,2021,3,0,10,57,77,20.011,73.79
Nashik,22-03-2021,12,2021,3,1,10,68,86,20.011,73.79
Nashik,29-03-2021,13,2021,3,1,9,67,89,20.011,73.79
Nashik,05-04-2021,14,2021,4,1,22,139,175,20.011,73.79
Nashik,12-04-2021,15,2021,4,0,18,124,146,20.011,73.79
Nashik,19-04-2021,16,2021,4,3,25,131,172,20.011,73.79
Nashik,26-04-2021,17,2021,4,1,21,128,159,20.011,73.79
Nashik,03-05-2021,18,2021,5,3,22,120,156,20.011,73.79
Nashik,10-05-2021,19,2021,5,0,26,149,179,20.011,73.79
Nashik,17-05-2021,20,2021,5,0,22,142,166,20.011,73.79
Nashik,24-05-2021,21,2021,5,2,19,133,165,20.011,73.79
Nashik,31-05-2021,22,2021,5,1,29,146,183,20.011,73.79
Nashik,07-06-2021,23,2021,6,7,11,241,268,20.011,73.79
Nashik,14-06-2021,24,2021,6,6,21,270,307,20.011,73.79
Nashik,21-06-2021,25,2021,6,3,14,265,290,20.011,73.79
Nashik,28-06-2021,26,2021,6,2,23,236,269,20.011,73.79
Nashik,05-07-2021,27,2021,7,2,15,259,281,20.011,73.79
Nashik,12-07-2021,28,2021,7,1,16,225,247,20.011,73.79
Nashik,19-07-2021,29,2021,7,1,22,252,284,20.011,73.79
Nashik,26-07-2021,30,2021,7,4,15,245,275,20.011,73.79
Nashik,02-08-2021,31,2021,8,4,16,233,262,20.011,73.79
Nashik,09-08-2021,32,2021,8,4,25,279,331,20.011,73.79
Nashik,16-08-2021,33,2021,8,0,16,268,293,20.011,73.79
Nashik,23-08-2021,34,2021,8,1,16,258,279,20.011,73.79
Nashik,30-08-2021,35,2021,8,0,18,211,236,20.011,73.79
Nashik,06-09-2021,36,2021,9,4,16,255,284,20.011,73.79
Nashik,13-09-2021,37,2021,9,3,21,242,281,20.011,73.79
Nashik,20-09-2021,38,2021,9,2,27,243,283,20.011,73.79
Nashik,27-09-2021,39,2021,9,2,19,297,321,20.011,73.79
Nashik,04-10-2021,40,2021,10,1,13,107,129,20.011,73.79
Nashik,11-10-2021,41,2021,10,2,3,92,103,20.011,73.79
Nashik,18-10-2021,42,2021,10,1,11,107,127,20.011,73.79
Nashik,25-10-2021,43,2021,10,4,16,93,117,20.011,73.79
Nashik,01-11-2021,44,2021,11,1,8,88,101,20.011,73.79
Nashik,08-11-2021,45,2021,11,0,8,93,108,20.011,73.79
Nashik,15-11-2021,46,2021,11,0,18,115,144,20.011,73.79
Nashik,22-11-2021,47,2021,11,1,9,110,126,20.011,73.79
Nashik,29-11-2021,48,2021,11,2,15,98,121,20.011,73.79
Nashik,06-12-2021,49,2021,12,1,7,68,89,20.011,73.79
Nashik,13-12-2021,50,2021,12,1,16,74,96,20.011,73.79
Nashik,20-12-2021,51,2021,12,0,9,77,93,20.011,73.79
Nashik,27-12-2021,52,2021,12,1,15,71,90,20.011,73.79
Nashik,03-01-2022,1,2022,1,1,17,60,88,20.011,73.79
Nashik,10-01-2022,2,2022,1,1,11,65,84,20.011,73.79
Nashik,17-01-2022,3,2022,1,1,16,55,81,20.011,73.79
Nashik,24-01-2022,4,2022,1,0,11,68,87,20.011,73.79
Nashik,31-01-2022,5,2022,1,0,13,55,72,20.011,73.79
Nashik,07-02-2022,6,2022,2,3,17,65,90,20.011,73.79
Nashik,14-02-2022,7,2022,2,1,12,83,106,20.011,73.79
Nashik,21-02-2022,8,2022,2,2,7,63,74,20.011,73.79
Nashik,28-02-2022,9,2022,2,0,7,77,94,20.011,73.79
Nashik,07-03-2022,10,2022,3,0,9,79,101,20.011,73.79
Nashik,14-03-2022,11,2022,3,0,16,63,85,20.011,73.79
Nashik,21-03-2022,12,2022,3,0,13,78,100,20.011,73.79
Nashik,28-03-2022,13,2022,3,0,15,83,103,20.011,73.79
Nashik,04-04-2022,14,2022,4,1,20,130,161,20.011,73.79
Nashik,11-04-2022,15,2022,4,0,21,135,162,20.011,73.79
Nashik,18-04-2022,16,2022,4,3,16,136,162,20.011,73.79
Nashik,25-04-2022,17,2022,4,0,25,128,160,20.011,73.79
Nashik,02-05-2022,18,2022,5,2,13,131,150,20.011,73.79
Nashik,09-05-2022,19,2022,5,1,31,125,165,20.011,73.79
Nashik,16-05-2022,20,2022,5,1,33,116,160,20.011,73.79
Nashik,23-05-2022,21,2022,5,4,24,114,149,20.011,73.79
Nashik,30-05-2022,22,2022,5,4,12,137,162,20.011,73.79
Nashik,06-06-2022,23,2022,6,4,14,262,288,20.011,73.79
Nashik,13-06-2022,24,2022,6,3,24,233,280,20.011,73.79
Nashik,20-06-2022,25,2022,6,1,13,228,252,20.011,73.79
Nashik,27-06-2022,26,2022,6,3,19,233,259,20.011,73.79
Nashik,04-07-2022,27,2022,7,2,16,256,294,20.011,73.79
Nashik,11-07-2022,28,2022,7,2,14,238,262,20.011,73.79
Nashik,18-07-2022,29,2022,7,6,21,241,280,20.011,73.79
Nashik,25-07-2022,30,2022,7,4,19,248,281,20.011,73.79
Nashik,01-08-2022,31,2022,8,0,18,219,249,20.011,73.79
Nashik,08-08-2022,32,2022,8,2,17,247,284,20.011,73.79
Nashik,15-08-2022,33,2022,8,2,13,240,263,20.011,73.79
Nashik,22-08-2022,34,2022,8,2,24,263,296,20.011,73.79
Nashik,29-08-2022,35,2022,8,3,19,256,294,20.011,73.79
Nashik,05-09-2022,36,2022,9,2,20,255,289,20.011,73.79
Nashik,12-09-2022,37,2022,9,5,21,259,296,20.011,73.79
Nashik,19-09-2022,38,2022,9,1,16,245,267,20.011,73.79
Nashik,26-09-2022,39,2022,9,0,14,238,264,20.011,73.79
Nashik,03-10-2022,40,2022,10,1,12,111,132,20.011,73.79
Nashik,10-10-2022,41,2022,10,0,10,114,131,20.011,73.79
Nashik,17-10-2022,42,2022,10,2,14,101,128,20.011,73.79
Nashik,24-10-2022,43,2022,10,1,9,109,125,20.011,73.79
Nashik,31-10-2022,44,2022,10,0,12,100,121,20.011,73.79
Nashik,07-11-2022,45,2022,11,0,15,94,116,20.011,73.79
Nashik,14-11-2022,46,2022,11,1,14,128,146,20.011,73.79
Nashik,21-11-2022,47,2022,11,1,17,106,132,20.011,73.79
Nashik,28-11-2022,48,2022,11,1,17,110,132,20.011,73.79
Nashik,05-12-2022,49,2022,12,1,16,67,95,20.011,73.79
Nashik,12-12-2022,50,2022,12,1,10,74,91,20.011,73.79
Nashik,19-12-2022,51,2022,12,1,8,88,105,20.011,73.79
Nashik,26-12-2022,52,2022,12,3,16,73,100,20.011,73.79
Nashik,02-01-2023,1,2023,1,2,12,67,87,20.011,73.79
Nashik,09-01-2023,2,2023,1,1,13,66,92,20.011,73.79
Nashik,16-01-2023,3,2023,1,1,15,65,88,20.011,73.79
Nashik,23-01-2023,4,2023,1,1,20,78,107,20.011,73.79
Nashik,30-01-2023,5,2023,1,2,7,64,75,20.011,73.79
Nashik,06-02-2023,6,2023,2,1,9,82,98,20.011,73.79
Nashik,13-02-2023,7,2023,2,2,6,70,83,20.011,73.79
Nashik,20-02-2023,8,2023,2,1,13,67,95,20.011,73.79
Nashik,27-02-2023,9,2023,2,1,12,63,80,20.011,73.79
Nashik,06-03-2023,10,2023,3,0,10,68,85,20.011,73.79
Nashik,13-03-2023,11,2023,3,1,18,50,74,20.011,73.79
Nashik,20-03-2023,12,2023,3,1,13,61,81,20.011,73.79
Nashik,27-03-2023,13,2023,3,1,10,60,79,20.011,73.79
Nashik,03-04-2023,14,2023,4,1,17,136,165,20.011,73.79
Nashik,10-04-2023,15,2023,4,0,13,123,144,20.011,73.79
Nashik,17-04-2023,16,2023,4,3,24,135,165,20.011,73.79
Nashik,24-04-2023,17,2023,4,0,27,122,156,20.011,73.79
Nashik,01-05-2023,18,2023,5,1,29,144,178,20.011,73.79
Nashik,08-05-2023,19,2023,5,1,24,133,167,20.011,73.79
Nashik,15-05-2023,20,2023,5,3,18,140,165,20.011,73.79
Nashik,22-05-2023,21,2023,5,1,25,125,160,20.011,73.79
Nashik,29-05-2023,22,2023,5,4,17,122,147,20.011,73.79
Nashik,05-06-2023,23,2023,6,0,20,267,293,20.011,73.79
Nashik,12-06-2023,24,2023,6,0,17,245,271,20.011,73.79
Nashik,19-06-2023,25,2023,6,5,18,242,278,20.011,73.79
Nashik,26-06-2023,26,2023,6,4,21,227,258,20.011,73.79
Nashik,03-07-2023,27,2023,7,3,14,286,314,20.011,73.79
Nashik,10-07-2023,28,2023,7,2,19,242,271,20.011,73.79
Nashik,17-07-2023,29,2023,7,2,18,234,264,20.011,73.79
Nashik,24-07-2023,30,2023,7,2,18,212,237,20.011,73.79
Nashik,31-07-2023,31,2023,7,4,17,245,280,20.011,73.79
Nashik,07-08-2023,32,2023,8,3,19,253,291,20.011,73.79
Nashik,14-08-2023,33,2023,8,4,18,237,268,20.011,73.79
Nashik,21-08-2023,34,2023,8,2,17,244,272,20.011,73.79
Nashik,28-08-2023,35,2023,8,5,12,232,254,20.011,73.79
Nashik,04-09-2023,36,2023,9,4,21,244,273,20.011,73.79
Nashik,11-09-2023,37,2023,9,7,23,284,321,20.011,73.79
Nashik,18-09-2023,38,2023,9,2,16,255,283,20.011,73.79
Nashik,25-09-2023,39,2023,9,2,17,268,295,20.011,73.79
Nashik,02-10-2023,40,2023,10,0,6,97,108,20.011,73.79
Nashik,09-10-2023,41,2023,10,1,10,85,104,20.011,73.79
Nashik,16-10-2023,42,2023,10,2,19,97,126,20.011,73.79
Nashik,23-10-2023,43,2023,10,2,10,109,131,20.011,73.79
Nashik,30-10-2023,44,2023,10,1,14,108,129,20.011,73.79
Nashik,06-11-2023,45,2023,11,2,13,100,121,20.011,73.79
Nashik,13-11-2023,46,2023,11,0,16,84,109,20.011,73.79
Nashik,20-11-2023,47,2023,11,1,6,108,126,20.011,73.79
Nashik,27-11-2023,48,2023,11,2,9,103,124,20.011,73.79
Nashik,04-12-2023,49,2023,12,0,14,74,97,20.011,73.79
Nashik,11-12-2023,50,2023,12,0,11,65,84,20.011,73.79
Nashik,18-12-2023,51,2023,12,2,14,83,103,20.011,73.79
Nashik,25-12-2023,52,2023,12,1,12,60,82,20.011,73.79
Dhule,07-01-2019,2,2019,1,0,3,25,29,20.899,74.777
Dhule,14-01-2019,3,2019,1,0,3,29,36,20.899,74.777
Dhule,21-01-2019,4,2019,1,0,9,27,37,20.899,74.777
Dhule,28-01-2019,5,2019,1,0,4,31,39,20.899,74.777
Dhule,04-02-2019,6,2019,2,1,9,18,30,20.899,74.777
Dhule,11-02-2019,7,2019,2,0,11,29,43,20.899,74.777
Dhule,18-02-2019,8,2019,2,0,3,24,30,20.899,74.777
Dhule,25-02-2019,9,2019,2,0,3,32,36,20.899,74.777
Dhule,04-03-2019,10,2019,3,0,1,31,33,20.899,74.777
Dhule,11-03-2019,11,2019,3,0,8,29,38,20.899,74.777
Dhule,18-03-2019,12,2019,3,0,9,28,39,20.899,74.777
Dhule,25-03-2019,13,2019,3,0,2,26,29,20.899,74.777
Dhule,01-04-2019,14,2019,4,0,5,48,55,20.899,74.777
Dhule,08-04-2019,15,2019,4,1,17,38,58,20.899,74.777
Dhule,15-04-2019,16,2019,4,0,2,44,46,20.899,74.777
Dhule,22-04-2019,17,2019,4,0,9,45,57,20.899,74.777
Dhule,29-04-2019,18,2019,4,0,5,36,41,20.899,74.777
Dhule,06-05-2019,19,2019,5,1,8,53,68,20.899,74.777
Dhule,13-05-2019,20,2019,5,0,11,44,56,20.899,74.777
Dhule,20-05-2019,21,2019,5,0,12,49,62,20.899,74.777
Dhule,27-05-2019,22,2019,5,0,7,57,67,20.899,74.777
Dhule,03-06-2019,23,2019,6,0,7,83,90,20.899,74.777
Dhule,10-06-2019,24,2019,6,0,7,96,104,20.899,74.777
Dhule,17-06-2019,25,2019,6,0,6,96,104,20.899,74.777
Dhule,24-06-2019,26,2019,6,1,4,87,93,20.899,74.777
Dhule,01-07-2019,27,2019,7,1,9,72,84,20.899,74.777
Dhule,08-07-2019,28,2019,7,0,3,98,106,20.899,74.777
Dhule,15-07-2019,29,2019,7,0,4,94,104,20.899,74.777
Dhule,22-07-2019,30,2019,7,0,6,81,90,20.899,74.777
Dhule,29-07-2019,31,2019,7,2,12,75,93,20.899,74.777
Dhule,05-08-2019,32,2019,8,0,7,84,93,20.899,74.777
Dhule,12-08-2019,33,2019,8,1,8,97,112,20.899,74.777
Dhule,19-08-2019,34,2019,8,1,6,83,92,20.899,74.777
Dhule,26-08-2019,35,2019,8,2,11,96,116,20.899,74.777
Dhule,02-09-2019,36,2019,9,1,7,84,97,20.899,74.777
Dhule,09-09-2019,37,2019,9,0,4,99,107,20.899,74.777
Dhule,16-09-2019,38,2019,9,0,6,86,93,20.899,74.777
Dhule,23-09-2019,39,2019,9,1,5,84,94,20.899,74.777
Dhule,30-09-2019,40,2019,9,0,3,97,104,20.899,74.777
Dhule,07-10-2019,41,2019,10,0,2,41,47,20.899,74.777
Dhule,14-10-2019,42,2019,10,0,6,34,41,20.899,74.777
Dhule,21-10-2019,43,2019,10,1,3,48,53,20.899,74.777
Dhule,28-10-2019,44,2019,10,0,4,41,48,20.899,74.777
Dhule,04-11-2019,45,2019,11,1,3,28,33,20.899,74.777
Dhule,11-11-2019,46,2019,11,1,3,36,43,20.899,74.777
Dhule,18-11-2019,47,2019,11,1,6,52,63,20.899,74.777
Dhule,25-11-2019,48,2019,11,0,3,44,51,20.899,74.777
Dhule,02-12-2019,49,2019,12,0,4,20,27,20.899,74.777
Dhule,09-12-2019,50,2019,12,2,4,23,30,20.899,74.777
Dhule,16-12-2019,51,2019,12,0,5,28,36,20.899,74.777
Dhule,23-12-2019,52,2019,12,0,5,25,31,20.899,74.777
Dhule,30-12-2019,1,2019,12,0,6,28,36,20.899,74.777
Dhule,06-01-2020,2,2020,1,0,7,21,29,20.899,74.777
Dhule,13-01-2020,3,2020,1,0,8,27,39,20.899,74.777
Dhule,20-01-2020,4,2020,1,0,6,22,30,20.899,74.777
Dhule,27-01-2020,5,2020,1,0,4,28,35,20.899,74.777
Dhule,03-02-2020,6,2020,2,0,7,32,42,20.899,74.777
Dhule,10-02-2020,7,2020,2,0,6,32,42,20.899,74.777
Dhule,17-02-2020,8,2020,2,0,3,29,35,20.899,74.777
Dhule,24-02-2020,9,2020,2,1,8,23,33,20.899,74.777
Dhule,02-03-2020,10,2020,3,0,7,24,33,20.899,74.777
Dhule,09-03-2020,11,2020,3,0,4,27,34,20.899,74.777
Dhule,16-03-2020,12,2020,3,0,3,26,33,20.899,74.777
Dhule,23-03-2020,13,2020,3,0,5,24,29,20.899,74.777
Dhule,30-03-2020,14,2020,3,0,1,30,35,20.899,74.777
Dhule,06-04-2020,15,2020,4,0,11,47,60,20.899,74.777
Dhule,13-04-2020,16,2020,4,1,6,57,65,20.899,74.777
Dhule,20-04-2020,17,2020,4,0,8,44,55,20.899,74.777
Dhule,27-04-2020,18,2020,4,0,10,51,64,20.899,74.777
Dhule,04-05-2020,19,2020,5,0,4,54,60,20.899,74.777
Dhule,11-05-2020,20,2020,5,0,17,53,71,20.899,74.777
Dhule,18-05-2020,21,2020,5,0,10,53,71,20.899,74.777
Dhule,25-05-2020,22,2020,5,0,9,50,61,20.899,74.777
Dhule,01-06-2020,23,2020,6,0,6,79,88,20.899,74.777
Dhule,08-06-2020,24,2020,6,0,8,95,107,20.899,74.777
Dhule,15-06-2020,25,2020,6,1,8,98,108,20.899,74.777
Dhule,22-06-2020,26,2020,6,1,10,92,105,20.899,74.777
Dhule,29-06-2020,27,2020,6,0,9,88,99,20.899,74.777
Dhule,06-07-2020,28,2020,7,0,5,78,88,20.899,74.777
Dhule,13-07-2020,29,2020,7,0,4,86,94,20.899,74.777
Dhule,20-07-2020,30,2020,7,0,5,85,94,20.899,74.777
Dhule,27-07-2020,31,2020,7,0,8,89,106,20.899,74.777
Dhule,03-08-2020,32,2020,8,0,5,93,102,20.899,74.777
Dhule,10-08-2020,33,2020,8,0,7,102,109,20.899,74.777
Dhule,17-08-2020,34,2020,8,1,3,84,92,20.899,74.777
Dhule,24-08-2020,35,2020,8,0,7,114,123,20.899,74.777
Dhule,31-08-2020,36,2020,8,0,11,88,101,20.899,74.777
Dhule,07-09-2020,37,2020,9,0,5,98,107,20.899,74.777
Dhule,14-09-2020,38,2020,9,1,4,100,107,20.899,74.777
Dhule,21-09-2020,39,2020,9,0,9,88,98,20.899,74.777
Dhule,28-09-2020,40,2020,9,0,9,105,116,20.899,74.777
Dhule,05-10-2020,41,2020,10,0,7,30,42,20.899,74.777
Dhule,12-10-2020,42,2020,10,1,4,35,41,20.899,74.777
Dhule,19-10-2020,43,2020,10,1,2,45,53,20.899,74.777
Dhule,26-10-2020,44,2020,10,1,4,38,46,20.899,74.777
Dhule,02-11-2020,45,2020,11,0,5,25,31,20.899,74.777
Dhule,09-11-2020,46,2020,11,0,4,26,31,20.899,74.777
Dhule,16-11-2020,47,2020,11,0,6,43,50,20.899,74.777
Dhule,23-11-2020,48,2020,11,0,5,39,47,20.899,74.777
Dhule,30-11-2020,49,2020,11,1,1,44,48,20.899,74.777
Dhule,07-12-2020,50,2020,12,0,7,15,25,20.899,74.777
Dhule,14-12-2020,51,2020,12,0,6,26,36,20.899,74.777
Dhule,21-12-2020,52,2020,12,0,7,31,40,20.899,74.777
Dhule,28-12-2020,53,2020,12,0,6,19,26,20.899,74.777
Dhule,04-01-2021,1,2021,1,0,5,19,28,20.899,74.777
Dhule,11-01-2021,2,2021,1,0,5,13,19,20.899,74.777
Dhule,18-01-2021,3,2021,1,0,4,38,43,20.899,74.777
Dhule,25-01-2021,4,2021,1,0,3,31,38,20.899,74.777
Dhule,01-02-2021,5,2021,2,0,3,25,30,20.899,74.777
Dhule,08-02-2021,6,2021,2,0,4,29,37,20.899,74.777
Dhule,15-02-2021,7,2021,2,1,4,21,28,20.899,74.777
Dhule,22-02-2021,8,2021,2,0,5,30,37,20.899,74.777
Dhule,01-03-2021,9,2021,3,0,6,28,37,20.899,74.777
Dhule,08-03-2021,10,2021,3,1,1,33,39,20.899,74.777
Dhule,15-03-2021,11,2021,3,0,3,26,32,20.899,74.777
Dhule,22-03-2021,12,2021,3,0,3,27,34,20.899,74.777
Dhule,29-03-2021,13,2021,3,0,3,32,38,20.899,74.777
Dhule,05-04-2021,14,2021,4,0,8,48,57,20.899,74.777
Dhule,12-04-2021,15,2021,4,0,2,40,47,20.899,74.777
Dhule,19-04-2021,16,2021,4,1,10,46,61,20.899,74.777
Dhule,26-04-2021,17,2021,4,1,10,57,72,20.899,74.777
Dhule,03-05-2021,18,2021,5,0,7,55,67,20.899,74.777
Dhule,10-05-2021,19,2021,5,0,5,56,64,20.899,74.777
Dhule,17-05-2021,20,2021,5,2,6,47,58,20.899,74.777
Dhule,24-05-2021,21,2021,5,1,4,49,57,20.899,74.777
Dhule,31-05-2021,22,2021,5,0,9,40,50,20.899,74.777
Dhule,07-06-2021,23,2021,6,1,8,68,79,20.899,74.777
Dhule,14-06-2021,24,2021,6,1,3,95,101,20.899,74.777
Dhule,21-06-2021,25,2021,6,0,6,80,87,20.899,74.777
Dhule,28-06-2021,26,2021,6,1,5,95,107,20.899,74.777
Dhule,05-07-2021,27,2021,7,2,7,78,90,20.899,74.777
Dhule,12-07-2021,28,2021,7,0,4,77,82,20.899,74.777
Dhule,19-07-2021,29,2021,7,2,7,106,118,20.899,74.777
Dhule,26-07-2021,30,2021,7,0,5,100,106,20.899,74.777
Dhule,02-08-2021,31,2021,8,1,6,73,82,20.899,74.777
Dhule,09-08-2021,32,2021,8,1,9,100,116,20.899,74.777
Dhule,16-08-2021,33,2021,8,1,8,91,106,20.899,74.777
Dhule,23-08-2021,34,2021,8,0,9,89,100,20.899,74.777
Dhule,30-08-2021,35,2021,8,0,7,82,93,20.899,74.777
Dhule,06-09-2021,36,2021,9,0,4,78,86,20.899,74.777
Dhule,13-09-2021,37,2021,9,0,10,99,117,20.899,74.777
Dhule,20-09-2021,38,2021,9,1,4,92,102,20.899,74.777
Dhule,27-09-2021,39,2021,9,1,7,85,95,20.899,74.777
Dhule,04-10-2021,40,2021,10,0,7,41,54,20.899,74.777
Dhule,11-10-2021,41,2021,10,1,3,37,43,20.899,74.777
Dhule,18-10-2021,42,2021,10,0,6,29,40,20.899,74.777
Dhule,25-10-2021,43,2021,10,0,4,37,45,20.899,74.777
Dhule,01-11-2021,44,2021,11,0,7,43,52,20.899,74.777
Dhule,08-11-2021,45,2021,11,0,5,40,49,20.899,74.777
Dhule,15-11-2021,46,2021,11,0,3,50,55,20.899,74.777
Dhule,22-11-2021,47,2021,11,0,2,35,38,20.899,74.777
Dhule,29-11-2021,48,2021,11,1,5,33,41,20.899,74.777
Dhule,06-12-2021,49,2021,12,0,5,22,29,20.899,74.777
Dhule,13-12-2021,50,2021,12,0,3,29,33,20.899,74.777
Dhule,20-12-2021,51,2021,12,0,7,29,38,20.899,74.777
Dhule,27-12-2021,52,2021,12,0,5,28,36,20.899,74.777
Dhule,03-01-2022,1,2022,1,0,1,24,30,20.899,74.777
Dhule,10-01-2022,2,2022,1,0,6,32,39,20.899,74.777
Dhule,17-01-2022,3,2022,1,0,5,23,30,20.899,74.777
Dhule,24-01-2022,4,2022,1,0,4,25,30,20.899,74.777
Dhule,31-01-2022,5,2022,1,0,5,25,31,20.899,74.777
Dhule,07-02-2022,6,2022,2,0,2,28,30,20.899,74.777
Dhule,14-02-2022,7,2022,2,0,4,30,37,20.899,74.777
Dhule,21-02-2022,8,2022,2,0,8,26,36,20.899,74.777
Dhule,28-02-2022,9,2022,2,1,3,25,30,20.899,74.777
Dhule,07-03-2022,10,2022,3,0,3,23,27,20.899,74.777
Dhule,14-03-2022,11,2022,3,0,8,25,35,20.899,74.777
Dhule,21-03-2022,12,2022,3,1,1,28,33,20.899,74.777
Dhule,28-03-2022,13,2022,3,0,5,27,36,20.899,74.777
Dhule,04-04-2022,14,2022,4,0,8,50,59,20.899,74.777
Dhule,11-04-2022,15,2022,4,0,2,43,47,20.899,74.777
Dhule,18-04-2022,16,2022,4,0,7,46,56,20.899,74.777
Dhule,25-04-2022,17,2022,4,0,2,42,47,20.899,74.777
Dhule,02-05-2022,18,2022,5,0,9,42,54,20.899,74.777
Dhule,09-05-2022,19,2022,5,0,6,47,55,20.899,74.777
Dhule,16-05-2022,20,2022,5,0,8,50,59,20.899,74.777
Dhule,23-05-2022,21,2022,5,0,6,56,67,20.899,74.777
Dhule,30-05-2022,22,2022,5,0,7,43,51,20.899,74.777
Dhule,06-06-2022,23,2022,6,2,5,91,103,20.899,74.777
Dhule,13-06-2022,24,2022,6,0,11,88,103,20.899,74.777
Dhule,20-06-2022,25,2022,6,2,7,81,92,20.899,74.777
Dhule,27-06-2022,26,2022,6,0,9,87,100,20.899,74.777
Dhule,04-07-2022,27,2022,7,1,8,95,107,20.899,74.777
Dhule,11-07-2022,28,2022,7,0,5,82,94,20.899,74.777
Dhule,18-07-2022,29,2022,7,2,5,109,121,20.899,74.777
Dhule,25-07-2022,30,2022,7,0,9,89,104,20.899,74.777
Dhule,01-08-2022,31,2022,8,0,10,81,94,20.899,74.777
Dhule,08-08-2022,32,2022,8,2,4,88,97,20.899,74.777
Dhule,15-08-2022,33,2022,8,0,0,100,103,20.899,74.777
Dhule,22-08-2022,34,2022,8,0,5,87,96,20.899,74.777
Dhule,29-08-2022,35,2022,8,0,4,98,104,20.899,74.777
Dhule,05-09-2022,36,2022,9,0,5,84,92,20.899,74.777
Dhule,12-09-2022,37,2022,9,1,7,92,101,20.899,74.777
Dhule,19-09-2022,38,2022,9,0,9,107,119,20.899,74.777
Dhule,26-09-2022,39,2022,9,1,6,77,87,20.899,74.777
Dhule,03-10-2022,40,2022,10,0,4,41,49,20.899,74.777
Dhule,10-10-2022,41,2022,10,0,3,37,40,20.899,74.777
Dhule,17-10-2022,42,2022,10,0,0,32,34,20.899,74.777
Dhule,24-10-2022,43,2022,10,0,7,36,47,20.899,74.777
Dhule,31-10-2022,44,2022,10,0,4,33,46,20.899,74.777
Dhule,07-11-2022,45,2022,11,0,7,35,46,20.899,74.777
Dhule,14-11-2022,46,2022,11,0,3,40,48,20.899,74.777
Dhule,21-11-2022,47,2022,11,0,2,31,34,20.899,74.777
Dhule,28-11-2022,48,2022,11,1,3,32,44,20.899,74.777
Dhule,05-12-2022,49,2022,12,0,5,26,38,20.899,74.777
Dhule,12-12-2022,50,2022,12,0,2,28,34,20.899,74.777
Dhule,19-12-2022,51,2022,12,0,5,24,32,20.899,74.777
Dhule,26-12-2022,52,2022,12,0,8,30,42,20.899,74.777
Dhule,02-01-2023,1,2023,1,0,3,26,31,20.899,74.777
Dhule,09-01-2023,2,2023,1,0,4,38,48,20.899,74.777
Dhule,16-01-2023,3,2023,1,0,6,30,38,20.899,74.777
Dhule,23-01-2023,4,2023,1,0,4,24,33,20.899,74.777
Dhule,30-01-2023,5,2023,1,0,4,37,43,20.899,74.777
Dhule,06-02-2023,6,2023,2,1,3,27,33,20.899,74.777
Dhule,13-02-2023,7,2023,2,0,3,32,38,20.899,74.777
Dhule,20-02-2023,8,2023,2,0,6,20,27,20.899,74.777
Dhule,27-02-2023,9,2023,2,0,5,24,30,20.899,74.777
Dhule,06-03-2023,10,2023,3,0,4,35,41,20.899,74.777
Dhule,13-03-2023,11,2023,3,0,4,16,23,20.899,74.777
Dhule,20-03-2023,12,2023,3,0,4,34,39,20.899,74.777
Dhule,27-03-2023,13,2023,3,0,5,19,30,20.899,74.777
Dhule,03-04-2023,14,2023,4,0,6,47,56,20.899,74.777
Dhule,10-04-2023,15,2023,4,0,12,33,47,20.899,74.777
Dhule,17-04-2023,16,2023,4,1,15,55,74,20.899,74.777
Dhule,24-04-2023,17,2023,4,0,9,44,55,20.899,74.777
Dhule,01-05-2023,18,2023,5,1,6,49,60,20.899,74.777
Dhule,08-05-2023,19,2023,5,0,6,56,63,20.899,74.777
Dhule,15-05-2023,20,2023,5,1,14,43,58,20.899,74.777
Dhule,22-05-2023,21,2023,5,0,7,44,53,20.899,74.777
Dhule,29-05-2023,22,2023,5,0,3,50,54,20.899,74.777
Dhule,05-06-2023,23,2023,6,2,8,83,94,20.899,74.777
Dhule,12-06-2023,24,2023,6,2,7,98,112,20.899,74.777
Dhule,19-06-2023,25,2023,6,1,7,85,94,20.899,74.777
Dhule,26-06-2023,26,2023,6,0,5,71,80,20.899,74.777
Dhule,03-07-2023,27,2023,7,1,5,70,78,20.899,74.777
Dhule,10-07-2023,28,2023,7,0,9,92,104,20.899,74.777
Dhule,17-07-2023,29,2023,7,0,9,103,114,20.899,74.777
Dhule,24-07-2023,30,2023,7,0,8,82,91,20.899,74.777
Dhule,31-07-2023,31,2023,7,1,7,89,99,20.899,74.777
Dhule,07-08-2023,32,2023,8,0,9,74,95,20.899,74.777
Dhule,14-08-2023,33,2023,8,2,8,95,109,20.899,74.777
Dhule,21-08-2023,34,2023,8,1,6,81,91,20.899,74.777
Dhule,28-08-2023,35,2023,8,0,6,121,132,20.899,74.777
Dhule,04-09-2023,36,2023,9,0,3,80,84,20.899,74.777
Dhule,11-09-2023,37,2023,9,0,8,100,111,20.899,74.777
Dhule,18-09-2023,38,2023,9,1,5,84,91,20.899,74.777
Dhule,25-09-2023,39,2023,9,0,5,109,117,20.899,74.777
Dhule,02-10-2023,40,2023,10,0,1,38,40,20.899,74.777
Dhule,09-10-2023,41,2023,10,1,6,37,47,20.899,74.777
Dhule,16-10-2023,42,2023,10,0,7,41,49,20.899,74.777
Dhule,23-10-2023,43,2023,10,0,5,47,56,20.899,74.777
Dhule,30-10-2023,44,2023,10,0,4,32,39,20.899,74.777
Dhule,06-11-2023,45,2023,11,1,3,42,48,20.899,74.777
Dhule,13-11-2023,46,2023,11,0,3,34,42,20.899,74.777
Dhule,20-11-2023,47,2023,11,0,2,35,41,20.899,74.777
Dhule,27-11-2023,48,2023,11,0,0,33,35,20.899,74.777
Dhule,04-12-2023,49,2023,12,0,6,30,37,20.899,74.777
Dhule,11-12-2023,50,2023,12,0,1,21,26,20.899,74.777
Dhule,18-12-2023,51,2023,12,0,3,25,30,20.899,74.777
Dhule,25-12-2023,52,2023,12,0,5,22,29,20.899,74.777
Nandurbar,07-01-2019,2,2019,1,1,4,21,29,21.371,74.248
Nandurbar,14-01-2019,3,2019,1,1,4,23,33,21.371,74.248
Nandurbar,21-01-2019,4,2019,1,0,5,32,39,21.371,74.248
Nandurbar,28-01-2019,5,2019,1,0,8,24,34,21.371,74.248
Nandurbar,04-02-2019,6,2019,2,1,5,17,25,21.371,74.248
Nandurbar,11-02-2019,7,2019,2,0,4,22,29,21.371,74.248
Nandurbar,18-02-2019,8,2019,2,0,4,29,35,21.371,74.248
Nandurbar,25-02-2019,9,2019,2,0,3,21,25,21.371,74.248
Nandurbar,04-03-2019,10,2019,3,0,8,21,29,21.371,74.248
Nandurbar,11-03-2019,11,2019,3,1,2,28,32,21.371,74.248
Nandurbar,18-03-2019,12,2019,3,1,5,27,37,21.371,74.248
Nandurbar,25-03-2019,13,2019,3,0,11,20,34,21.371,74.248
Nandurbar,01-04-2019,14,2019,4,1,13,45,60,21.371,74.248
Nandurbar,08-04-2019,15,2019,4,0,7,50,59,21.371,74.248
Nandurbar,15-04-2019,16,2019,4,1,8,44,55,21.371,74.248
Nandurbar,22-04-2019,17,2019,4,0,5,48,54,21.371,74.248
Nandurbar,29-04-2019,18,2019,4,0,11,47,59,21.371,74.248
Nandurbar,06-05-2019,19,2019,5,0,6,36,45,21.371,74.248
Nandurbar,13-05-2019,20,2019,5,0,8,42,52,21.371,74.248
Nandurbar,20-05-2019,21,2019,5,0,18,50,71,21.371,74.248
Nandurbar,27-05-2019,22,2019,5,0,15,40,56,21.371,74.248
Nandurbar,03-06-2019,23,2019,6,1,6,106,118,21.371,74.248
Nandurbar,10-06-2019,24,2019,6,0,4,87,99,21.371,74.248
Nandurbar,17-06-2019,25,2019,6,1,8,77,89,21.371,74.248
Nandurbar,24-06-2019,26,2019,6,0,5,91,100,21.371,74.248
Nandurbar,01-07-2019,27,2019,7,0,6,86,94,21.371,74.248
Nandurbar,08-07-2019,28,2019,7,1,10,86,98,21.371,74.248
Nandurbar,15-07-2019,29,2019,7,0,9,79,89,21.371,74.248
Nandurbar,22-07-2019,30,2019,7,1,8,80,94,21.371,74.248
Nandurbar,29-07-2019,31,2019,7,0,7,82,94,21.371,74.248
Nandurbar,05-08-2019,32,2019,8,1,10,79,92,21.371,74.248
Nandurbar,12-08-2019,33,2019,8,0,7,84,99,21.371,74.248
Nandurbar,19-08-2019,34,2019,8,0,9,89,100,21.371,74.248
Nandurbar,26-08-2019,35,2019,8,0,15,94,114,21.371,74.248
Nandurbar,02-09-2019,36,2019,9,0,11,108,119,21.371,74.248
Nandurbar,09-09-2019,37,2019,9,0,8,78,92,21.371,74.248
Nandurbar,16-09-2019,38,2019,9,2,8,83,95,21.371,74.248
Nandurbar,23-09-2019,39,2019,9,1,11,85,99,21.371,74.248
Nandurbar,30-09-2019,40,2019,9,1,6,91,102,21.371,74.248
Nandurbar,07-10-2019,41,2019,10,0,7,29,42,21.371,74.248
Nandurbar,14-10-2019,42,2019,10,0,5,30,37,21.371,74.248
Nandurbar,21-10-2019,43,2019,10,0,7,38,46,21.371,74.248
Nandurbar,28-10-2019,44,2019,10,0,6,29,37,21.371,74.248
Nandurbar,04-11-2019,45,2019,11,0,5,43,54,21.371,74.248
Nandurbar,11-11-2019,46,2019,11,0,2,26,29,21.371,74.248
Nandurbar,18-11-2019,47,2019,11,1,6,39,48,21.371,74.248
Nandurbar,25-11-2019,48,2019,11,0,3,26,30,21.371,74.248
Nandurbar,02-12-2019,49,2019,12,0,8,22,32,21.371,74.248
Nandurbar,09-12-2019,50,2019,12,0,4,21,28,21.371,74.248
Nandurbar,16-12-2019,51,2019,12,0,6,21,31,21.371,74.248
Nandurbar,23-12-2019,52,2019,12,0,6,24,32,21.371,74.248
Nandurbar,30-12-2019,1,2019,12,0,3,23,29,21.371,74.248
Nandurbar,06-01-2020,2,2020,1,0,4,29,36,21.371,74.248
Nandurbar,13-01-2020,3,2020,1,0,6,19,26,21.371,74.248
Nandurbar,20-01-2020,4,2020,1,0,4,21,27,21.371,74.248
Nandurbar,27-01-2020,5,2020,1,0,8,37,47,21.371,74.248
Nandurbar,03-02-2020,6,2020,2,0,5,31,39,21.371,74.248
Nandurbar,10-02-2020,7,2020,2,0,5,17,27,21.371,74.248
Nandurbar,17-02-2020,8,2020,2,0,5,23,30,21.371,74.248
Nandurbar,24-02-2020,9,2020,2,0,11,20,32,21.371,74.248
Nandurbar,02-03-2020,10,2020,3,0,5,26,33,21.371,74.248
Nandurbar,09-03-2020,11,2020,3,0,5,15,24,21.371,74.248
Nandurbar,16-03-2020,12,2020,3,0,6,21,31,21.371,74.248
Nandurbar,23-03-2020,13,2020,3,0,4,31,36,21.371,74.248
Nandurbar,30-03-2020,14,2020,3,0,4,20,28,21.371,74.248
Nandurbar,06-04-2020,15,2020,4,0,10,44,57,21.371,74.248
Nandurbar,13-04-2020,16,2020,4,0,9,41,51,21.371,74.248
Nandurbar,20-04-2020,17,2020,4,1,9,33,44,21.371,74.248
Nandurbar,27-04-2020,18,2020,4,0,8,41,54,21.371,74.248
Nandurbar,04-05-2020,19,2020,5,0,8,35,46,21.371,74.248
Nandurbar,11-05-2020,20,2020,5,0,2,49,53,21.371,74.248
Nandurbar,18-05-2020,21,2020,5,0,11,48,62,21.371,74.248
Nandurbar,25-05-2020,22,2020,5,0,15,52,67,21.371,74.248
Nandurbar,01-06-2020,23,2020,6,0,8,88,98,21.371,74.248
Nandurbar,08-06-2020,24,2020,6,0,5,75,83,21.371,74.248
Nandurbar,15-06-2020,25,2020,6,0,4,80,89,21.371,74.248
Nandurbar,22-06-2020,26,2020,6,1,10,92,108,21.371,74.248
Nandurbar,29-06-2020,27,2020,6,1,6,95,105,21.371,74.248
Nandurbar,06-07-2020,28,2020,7,0,11,74,86,21.371,74.248
Nandurbar,13-07-2020,29,2020,7,0,8,81,95,21.371,74.248
Nandurbar,20-07-2020,30,2020,7,1,10,90,104,21.371,74.248
Nandurbar,27-07-2020,31,2020,7,1,5,79,87,21.371,74.248
Nandurbar,03-08-2020,32,2020,8,1,7,91,105,21.371,74.248
Nandurbar,10-08-2020,33,2020,8,0,6,96,103,21.371,74.248
Nandurbar,17-08-2020,34,2020,8,3,6,103,118,21.371,74.248
Nandurbar,24-08-2020,35,2020,8,1,5,81,90,21.371,74.248
Nandurbar,31-08-2020,36,2020,8,2,7,66,78,21.371,74.248
Nandurbar,07-09-2020,37,2020,9,1,7,82,91,21.371,74.248
Nandurbar,14-09-2020,38,2020,9,0,5,83,96,21.371,74.248
Nandurbar,21-09-2020,39,2020,9,0,8,91,108,21.371,74.248
Nandurbar,28-09-2020,40,2020,9,0,4,80,85,21.371,74.248
Nandurbar,05-10-2020,41,2020,10,0,5,35,44,21.371,74.248
Nandurbar,12-10-2020,42,2020,10,0,3,30,35,21.371,74.248
Nandurbar,19-10-2020,43,2020,10,0,2,33,36,21.371,74.248
Nandurbar,26-10-2020,44,2020,10,0,3,43,51,21.371,74.248
Nandurbar,02-11-2020,45,2020,11,2,5,36,46,21.371,74.248
Nandurbar,09-11-2020,46,2020,11,1,9,31,44,21.371,74.248
Nandurbar,16-11-2020,47,2020,11,0,10,37,50,21.371,74.248
Nandurbar,23-11-2020,48,2020,11,0,3,29,32,21.371,74.248
Nandurbar,30-11-2020,49,2020,11,0,5,37,46,21.371,74.248
Nandurbar,07-12-2020,50,2020,12,2,3,20,28,21.371,74.248
Nandurbar,14-12-2020,51,2020,12,0,6,24,35,21.371,74.248
Nandurbar,21-12-2020,52,2020,12,0,3,29,38,21.371,74.248
Nandurbar,28-12-2020,53,2020,12,0,7,20,28,21.371,74.248
Nandurbar,04-01-2021,1,2021,1,1,13,22,38,21.371,74.248
Nandurbar,11-01-2021,2,2021,1,0,2,35,38,21.371,74.248
Nandurbar,18-01-2021,3,2021,1,1,6,24,34,21.371,74.248
Nandurbar,25-01-2021,4,2021,1,0,6,22,31,21.371,74.248
Nandurbar,01-02-2021,5,2021,2,0,2,27,33,21.371,74.248
Nandurbar,08-02-2021,6,2021,2,0,8,24,34,21.371,74.248
Nandurbar,15-02-2021,7,2021,2,1,1,26,30,21.371,74.248
Nandurbar,22-02-2021,8,2021,2,0,5,20,29,21.371,74.248
Nandurbar,01-03-2021,9,2021,3,0,8,26,36,21.371,74.248
Nandurbar,08-03-2021,10,2021,3,0,3,34,43,21.371,74.248
Nandurbar,15-03-2021,11,2021,3,0,8,27,37,21.371,74.248
Nandurbar,22-03-2021,12,2021,3,0,6,29,35,21.371,74.248
Nandurbar,29-03-2021,13,2021,3,0,7,25,33,21.371,74.248
Nandurbar,05-04-2021,14,2021,4,0,6,36,44,21.371,74.248
Nandurbar,12-04-2021,15,2021,4,0,8,50,61,21.371,74.248
Nandurbar,19-04-2021,16,2021,4,0,9,49,62,21.371,74.248
Nandurbar,26-04-2021,17,2021,4,1,9,42,56,21.371,74.248
Nandurbar,03-05-2021,18,2021,5,0,8,52,63,21.371,74.248
Nandurbar,10-05-2021,19,2021,5,1,12,43,60,21.371,74.248
Nandurbar,17-05-2021,20,2021,5,0,11,58,70,21.371,74.248
Nandurbar,24-05-2021,21,2021,5,0,7,48,57,21.371,74.248
Nandurbar,31-05-2021,22,2021,5,0,13,58,71,21.371,74.248
Nandurbar,07-06-2021,23,2021,6,0,12,125,144,21.371,74.248
Nandurbar,14-06-2021,24,2021,6,1,4,79,86,21.371,74.248
Nandurbar,21-06-2021,25,2021,6,1,11,83,106,21.371,74.248
Nandurbar,28-06-2021,26,2021,6,0,7,78,88,21.371,74.248
Nandurbar,05-07-2021,27,2021,7,1,3,84,91,21.371,74.248
Nandurbar,12-07-2021,28,2021,7,1,4,85,96,21.371,74.248
Nandurbar,19-07-2021,29,2021,7,0,6,94,106,21.371,74.248
Nandurbar,26-07-2021,30,2021,7,1,3,89,96,21.371,74.248
Nandurbar,02-08-2021,31,2021,8,0,7,83,93,21.371,74.248
Nandurbar,09-08-2021,32,2021,8,0,10,83,95,21.371,74.248
Nandurbar,16-08-2021,33,2021,8,2,8,86,99,21.371,74.248
Nandurbar,23-08-2021,34,2021,8,0,3,96,101,21.371,74.248
Nandurbar,30-08-2021,35,2021,8,0,7,76,86,21.371,74.248
Nandurbar,06-09-2021,36,2021,9,0,8,86,97,21.371,74.248
Nandurbar,13-09-2021,37,2021,9,2,9,90,103,21.371,74.248
Nandurbar,20-09-2021,38,2021,9,1,4,87,93,21.371,74.248
Nandurbar,27-09-2021,39,2021,9,1,10,96,113,21.371,74.248
Nandurbar,04-10-2021,40,2021,10,0,3,26,31,21.371,74.248
Nandurbar,11-10-2021,41,2021,10,0,7,38,47,21.371,74.248
Nandurbar,18-10-2021,42,2021,10,0,6,39,46,21.371,74.248
Nandurbar,25-10-2021,43,2021,10,0,5,34,40,21.371,74.248
Nandurbar,01-11-2021,44,2021,11,1,7,23,33,21.371,74.248
Nandurbar,08-11-2021,45,2021,11,1,5,39,45,21.371,74.248
Nandurbar,15-11-2021,46,2021,11,0,5,36,42,21.371,74.248
Nandurbar,22-11-2021,47,2021,11,0,4,32,38,21.371,74.248
Nandurbar,29-11-2021,48,2021,11,0,12,37,50,21.371,74.248
Nandurbar,06-12-2021,49,2021,12,1,5,28,35,21.371,74.248
Nandurbar,13-12-2021,50,2021,12,0,5,30,38,21.371,74.248
Nandurbar,20-12-2021,51,2021,12,0,4,26,33,21.371,74.248
Nandurbar,27-12-2021,52,2021,12,0,6,26,33,21.371,74.248
Nandurbar,03-01-2022,1,2022,1,0,1,33,37,21.371,74.248
Nandurbar,10-01-2022,2,2022,1,0,7,18,26,21.371,74.248
Nandurbar,17-01-2022,3,2022,1,0,6,29,37,21.371,74.248
Nandurbar,24-01-2022,4,2022,1,0,6,24,34,21.371,74.248
Nandurbar,31-01-2022,5,2022,1,0,2,27,33,21.371,74.248
Nandurbar,07-02-2022,6,2022,2,0,9,36,47,21.371,74.248
Nandurbar,14-02-2022,7,2022,2,0,3,13,19,21.371,74.248
Nandurbar,21-02-2022,8,2022,2,0,10,31,46,21.371,74.248
Nandurbar,28-02-2022,9,2022,2,0,7,34,45,21.371,74.248
Nandurbar,07-03-2022,10,2022,3,0,3,27,33,21.371,74.248
Nandurbar,14-03-2022,11,2022,3,0,9,20,34,21.371,74.248
Nandurbar,21-03-2022,12,2022,3,0,3,15,19,21.371,74.248
Nandurbar,28-03-2022,13,2022,3,0,7,23,38,21.371,74.248
Nandurbar,04-04-2022,14,2022,4,0,9,33,45,21.371,74.248
Nandurbar,11-04-2022,15,2022,4,1,5,40,49,21.371,74.248
Nandurbar,18-04-2022,16,2022,4,0,8,50,60,21.371,74.248
Nandurbar,25-04-2022,17,2022,4,0,3,32,39,21.371,74.248
Nandurbar,02-05-2022,18,2022,5,1,9,48,60,21.371,74.248
Nandurbar,09-05-2022,19,2022,5,0,10,37,52,21.371,74.248
Nandurbar,16-05-2022,20,2022,5,1,8,39,51,21.371,74.248
Nandurbar,23-05-2022,21,2022,5,0,14,45,63,21.371,74.248
Nandurbar,30-05-2022,22,2022,5,0,15,50,69,21.371,74.248
Nandurbar,06-06-2022,23,2022,6,1,10,74,88,21.371,74.248
Nandurbar,13-06-2022,24,2022,6,0,9,106,117,21.371,74.248
Nandurbar,20-06-2022,25,2022,6,0,9,83,92,21.371,74.248
Nandurbar,27-06-2022,26,2022,6,0,10,72,83,21.371,74.248
Nandurbar,04-07-2022,27,2022,7,0,9,85,95,21.371,74.248
Nandurbar,11-07-2022,28,2022,7,0,4,95,105,21.371,74.248
Nandurbar,18-07-2022,29,2022,7,1,4,90,99,21.371,74.248
Nandurbar,25-07-2022,30,2022,7,1,7,81,91,21.371,74.248
Nandurbar,01-08-2022,31,2022,8,0,9,90,110,21.371,74.248
Nandurbar,08-08-2022,32,2022,8,0,10,96,112,21.371,74.248
Nandurbar,15-08-2022,33,2022,8,0,9,92,104,21.371,74.248
Nandurbar,22-08-2022,34,2022,8,0,9,97,110,21.371,74.248
Nandurbar,29-08-2022,35,2022,8,0,6,89,99,21.371,74.248
Nandurbar,05-09-2022,36,2022,9,0,8,86,103,21.371,74.248
Nandurbar,12-09-2022,37,2022,9,0,10,83,98,21.371,74.248
Nandurbar,19-09-2022,38,2022,9,0,7,92,108,21.371,74.248
Nandurbar,26-09-2022,39,2022,9,0,10,100,113,21.371,74.248
Nandurbar,03-10-2022,40,2022,10,0,6,32,42,21.371,74.248
Nandurbar,10-10-2022,41,2022,10,0,4,28,32,21.371,74.248
Nandurbar,17-10-2022,42,2022,10,0,6,38,45,21.371,74.248
Nandurbar,24-10-2022,43,2022,10,0,6,42,51,21.371,74.248
Nandurbar,31-10-2022,44,2022,10,0,3,46,51,21.371,74.248
Nandurbar,07-11-2022,45,2022,11,0,8,40,48,21.371,74.248
Nandurbar,14-11-2022,46,2022,11,0,10,32,45,21.371,74.248
Nandurbar,21-11-2022,47,2022,11,0,4,33,41,21.371,74.248
Nandurbar,28-11-2022,48,2022,11,0,4,35,43,21.371,74.248
Nandurbar,05-12-2022,49,2022,12,1,2,22,27,21.371,74.248
Nandurbar,12-12-2022,50,2022,12,0,9,27,36,21.371,74.248
Nandurbar,19-12-2022,51,2022,12,0,6,30,39,21.371,74.248
Nandurbar,26-12-2022,52,2022,12,0,7,33,42,21.371,74.248
Nandurbar,02-01-2023,1,2023,1,0,2,23,30,21.371,74.248
Nandurbar,09-01-2023,2,2023,1,0,6,35,45,21.371,74.248
Nandurbar,16-01-2023,3,2023,1,0,6,29,41,21.371,74.248
Nandurbar,23-01-2023,4,2023,1,0,6,26,34,21.371,74.248
Nandurbar,30-01-2023,5,2023,1,0,6,24,32,21.371,74.248
Nandurbar,06-02-2023,6,2023,2,0,5,19,27,21.371,74.248
Nandurbar,13-02-2023,7,2023,2,0,6,36,44,21.371,74.248
Nandurbar,20-02-2023,8,2023,2,1,4,24,32,21.371,74.248
Nandurbar,27-02-2023,9,2023,2,0,4,22,26,21.371,74.248
Nandurbar,06-03-2023,10,2023,3,0,2,29,34,21.371,74.248
Nandurbar,13-03-2023,11,2023,3,0,3,17,24,21.371,74.248
Nandurbar,20-03-2023,12,2023,3,1,3,26,33,21.371,74.248
Nandurbar,27-03-2023,13,2023,3,0,5,16,24,21.371,74.248
Nandurbar,03-04-2023,14,2023,4,0,10,53,64,21.371,74.248
Nandurbar,10-04-2023,15,2023,4,0,10,39,51,21.371,74.248
Nandurbar,17-04-2023,16,2023,4,0,9,46,56,21.371,74.248
Nandurbar,24-04-2023,17,2023,4,0,5,40,48,21.371,74.248
Nandurbar,01-05-2023,18,2023,5,0,9,46,59,21.371,74.248
Nandurbar,08-05-2023,19,2023,5,0,4,45,51,21.371,74.248
Nandurbar,15-05-2023,20,2023,5,0,8,35,46,21.371,74.248
Nandurbar,22-05-2023,21,2023,5,0,9,42,54,21.371,74.248
Nandurbar,29-05-2023,22,2023,5,1,7,48,58,21.371,74.248
Nandurbar,05-06-2023,23,2023,6,0,14,91,106,21.371,74.248
Nandurbar,12-06-2023,24,2023,6,1,8,87,100,21.371,74.248
Nandurbar,19-06-2023,25,2023,6,0,12,85,100,21.371,74.248
Nandurbar,26-06-2023,26,2023,6,1,12,79,98,21.371,74.248
Nandurbar,03-07-2023,27,2023,7,0,5,82,88,21.371,74.248
Nandurbar,10-07-2023,28,2023,7,0,4,88,94,21.371,74.248
Nandurbar,17-07-2023,29,2023,7,1,3,90,100,21.371,74.248
Nandurbar,24-07-2023,30,2023,7,0,7,81,90,21.371,74.248
Nandurbar,31-07-2023,31,2023,7,1,7,90,98,21.371,74.248
Nandurbar,07-08-2023,32,2023,8,0,6,99,110,21.371,74.248
Nandurbar,14-08-2023,33,2023,8,0,3,92,99,21.371,74.248
Nandurbar,21-08-2023,34,2023,8,0,5,84,97,21.371,74.248
Nandurbar,28-08-2023,35,2023,8,0,9,83,93,21.371,74.248
Nandurbar,04-09-2023,36,2023,9,0,13,84,104,21.371,74.248
Nandurbar,11-09-2023,37,2023,9,1,6,100,114,21.371,74.248
Nandurbar,18-09-2023,38,2023,9,2,11,94,112,21.371,74.248
Nandurbar,25-09-2023,39,2023,9,1,7,80,94,21.371,74.248
Nandurbar,02-10-2023,40,2023,10,0,2,34,39,21.371,74.248
Nandurbar,09-10-2023,41,2023,10,2,3,29,34,21.371,74.248
Nandurbar,16-10-2023,42,2023,10,1,9,30,42,21.371,74.248
Nandurbar,23-10-2023,43,2023,10,0,3,41,45,21.371,74.248
Nandurbar,30-10-2023,44,2023,10,0,7,27,37,21.371,74.248
Nandurbar,06-11-2023,45,2023,11,0,4,35,43,21.371,74.248
Nandurbar,13-11-2023,46,2023,11,1,2,39,43,21.371,74.248
Nandurbar,20-11-2023,47,2023,11,2,7,24,36,21.371,74.248
Nandurbar,27-11-2023,48,2023,11,0,5,32,40,21.371,74.248
Nandurbar,04-12-2023,49,2023,12,0,4,22,30,21.371,74.248
Nandurbar,11-12-2023,50,2023,12,0,4,26,31,21.371,74.248
Nandurbar,18-12-2023,51,2023,12,0,5,21,27,21.371,74.248
Nandurbar,25-12-2023,52,2023,12,0,2,20,25,21.371,74.248
Jalgaon,07-01-2019,2,2019,1,0,7,46,62,21.004,75.562
Jalgaon,14-01-2019,3,2019,1,1,5,60,71,21.004,75.562
Jalgaon,21-01-2019,4,2019,1,0,5,65,76,21.004,75.562
Jalgaon,28-01-2019,5,2019,1,0,10,58,71,21.004,75.562
Jalgaon,04-02-2019,6,2019,2,0,7,55,66,21.004,75.562
Jalgaon,11-02-2019,7,2019,2,0,7,50,66,21.004,75.562
Jalgaon,18-02-2019,8,2019,2,0,5,62,72,21.004,75.562
Jalgaon,25-02-2019,9,2019,2,0,8,58,71,21.004,75.562
Jalgaon,04-03-2019,10,2019,3,1,9,49,64,21.004,75.562
Jalgaon,11-03-2019,11,2019,3,0,8,47,60,21.004,75.562
Jalgaon,18-03-2019,12,2019,3,0,3,57,67,21.004,75.562
Jalgaon,25-03-2019,13,2019,3,1,5,43,53,21.004,75.562
Jalgaon,01-04-2019,14,2019,4,1,11,89,103,21.004,75.562
Jalgaon,08-04-2019,15,2019,4,2,10,84,101,21.004,75.562
Jalgaon,15-04-2019,16,2019,4,1,15,91,111,21.004,75.562
Jalgaon,22-04-2019,17,2019,4,1,13,71,90,21.004,75.562
Jalgaon,29-04-2019,18,2019,4,1,18,106,136,21.004,75.562
Jalgaon,06-05-2019,19,2019,5,1,14,96,113,21.004,75.562
Jalgaon,13-05-2019,20,2019,5,0,18,90,112,21.004,75.562
Jalgaon,20-05-2019,21,2019,5,1,16,96,120,21.004,75.562
Jalgaon,27-05-2019,22,2019,5,0,17,117,140,21.004,75.562
Jalgaon,03-06-2019,23,2019,6,0,23,170,202,21.004,75.562
Jalgaon,10-06-2019,24,2019,6,0,12,182,200,21.004,75.562
Jalgaon,17-06-2019,25,2019,6,1,19,168,208,21.004,75.562
Jalgaon,24-06-2019,26,2019,6,0,5,199,210,21.004,75.562
Jalgaon,01-07-2019,27,2019,7,1,12,194,216,21.004,75.562
Jalgaon,08-07-2019,28,2019,7,3,13,161,190,21.004,75.562
Jalgaon,15-07-2019,29,2019,7,2,13,179,200,21.004,75.562
Jalgaon,22-07-2019,30,2019,7,1,14,172,195,21.004,75.562
Jalgaon,29-07-2019,31,2019,7,0,12,183,202,21.004,75.562
Jalgaon,05-08-2019,32,2019,8,1,14,190,210,21.004,75.562
Jalgaon,12-08-2019,33,2019,8,1,15,182,201,21.004,75.562
Jalgaon,19-08-2019,34,2019,8,1,13,196,217,21.004,75.562
Jalgaon,26-08-2019,35,2019,8,1,8,184,206,21.004,75.562
Jalgaon,02-09-2019,36,2019,9,2,19,179,211,21.004,75.562
Jalgaon,09-09-2019,37,2019,9,1,13,201,219,21.004,75.562
Jalgaon,16-09-2019,38,2019,9,1,9,184,201,21.004,75.562
Jalgaon,23-09-2019,39,2019,9,0,13,179,197,21.004,75.562
Jalgaon,30-09-2019,40,2019,9,1,11,177,196,21.004,75.562
Jalgaon,07-10-2019,41,2019,10,0,12,78,99,21.004,75.562
Jalgaon,14-10-2019,42,2019,10,1,5,72,82,21.004,75.562
Jalgaon,21-10-2019,43,2019,10,1,10,89,103,21.004,75.562
Jalgaon,28-10-2019,44,2019,10,1,9,69,91,21.004,75.562
Jalgaon,04-11-2019,45,2019,11,0,7,64,73,21.004,75.562
Jalgaon,11-11-2019,46,2019,11,3,10,78,99,21.004,75.562
Jalgaon,18-11-2019,47,2019,11,0,7,68,78,21.004,75.562
Jalgaon,25-11-2019,48,2019,11,0,5,80,90,21.004,75.562
Jalgaon,02-12-2019,49,2019,12,0,7,55,67,21.004,75.562
Jalgaon,09-12-2019,50,2019,12,0,3,44,50,21.004,75.562
Jalgaon,16-12-2019,51,2019,12,0,7,59,68,21.004,75.562
Jalgaon,23-12-2019,52,2019,12,0,7,51,62,21.004,75.562
Jalgaon,30-12-2019,1,2019,12,0,5,51,58,21.004,75.562
Jalgaon,06-01-2020,2,2020,1,0,9,42,55,21.004,75.562
Jalgaon,13-01-2020,3,2020,1,0,8,51,62,21.004,75.562
Jalgaon,20-01-2020,4,2020,1,1,8,42,60,21.004,75.562
Jalgaon,27-01-2020,5,2020,1,1,6,57,67,21.004,75.562
Jalgaon,03-02-2020,6,2020,2,0,12,57,72,21.004,75.562
Jalgaon,10-02-2020,7,2020,2,0,7,75,89,21.004,75.562
Jalgaon,17-02-2020,8,2020,2,0,5,43,53,21.004,75.562
Jalgaon,24-02-2020,9,2020,2,0,14,50,68,21.004,75.562
Jalgaon,02-03-2020,10,2020,3,1,11,49,65,21.004,75.562
Jalgaon,09-03-2020,11,2020,3,0,8,61,72,21.004,75.562
Jalgaon,16-03-2020,12,2020,3,1,7,58,70,21.004,75.562
Jalgaon,23-03-2020,13,2020,3,0,8,52,63,21.004,75.562
Jalgaon,30-03-2020,14,2020,3,0,8,44,56,21.004,75.562
Jalgaon,06-04-2020,15,2020,4,0,13,91,109,21.004,75.562
Jalgaon,13-04-2020,16,2020,4,1,10,100,116,21.004,75.562
Jalgaon,20-04-2020,17,2020,4,0,19,89,117,21.004,75.562
Jalgaon,27-04-2020,18,2020,4,1,11,81,100,21.004,75.562
Jalgaon,04-05-2020,19,2020,5,2,21,79,104,21.004,75.562
Jalgaon,11-05-2020,20,2020,5,1,12,87,107,21.004,75.562
Jalgaon,18-05-2020,21,2020,5,0,18,82,107,21.004,75.562
Jalgaon,25-05-2020,22,2020,5,1,8,87,101,21.004,75.562
Jalgaon,01-06-2020,23,2020,6,3,12,179,200,21.004,75.562
Jalgaon,08-06-2020,24,2020,6,1,12,168,188,21.004,75.562
Jalgaon,15-06-2020,25,2020,6,0,13,188,208,21.004,75.562
Jalgaon,22-06-2020,26,2020,6,0,15,175,203,21.004,75.562
Jalgaon,29-06-2020,27,2020,6,3,12,175,198,21.004,75.562
Jalgaon,06-07-2020,28,2020,7,2,20,169,200,21.004,75.562
Jalgaon,13-07-2020,29,2020,7,0,10,182,196,21.004,75.562
Jalgaon,20-07-2020,30,2020,7,2,12,201,222,21.004,75.562
Jalgaon,27-07-2020,31,2020,7,1,7,175,190,21.004,75.562
Jalgaon,03-08-2020,32,2020,8,0,10,157,180,21.004,75.562
Jalgaon,10-08-2020,33,2020,8,2,14,173,193,21.004,75.562
Jalgaon,17-08-2020,34,2020,8,2,16,185,213,21.004,75.562
Jalgaon,24-08-2020,35,2020,8,1,9,186,203,21.004,75.562
Jalgaon,31-08-2020,36,2020,8,0,9,173,187,21.004,75.562
Jalgaon,07-09-2020,37,2020,9,1,12,187,205,21.004,75.562
Jalgaon,14-09-2020,38,2020,9,1,15,182,208,21.004,75.562
Jalgaon,21-09-2020,39,2020,9,0,10,184,202,21.004,75.562
Jalgaon,28-09-2020,40,2020,9,1,12,182,207,21.004,75.562
Jalgaon,05-10-2020,41,2020,10,2,8,78,91,21.004,75.562
Jalgaon,12-10-2020,42,2020,10,0,9,86,106,21.004,75.562
Jalgaon,19-10-2020,43,2020,10,0,10,59,78,21.004,75.562
Jalgaon,26-10-2020,44,2020,10,1,11,82,100,21.004,75.562
Jalgaon,02-11-2020,45,2020,11,1,13,91,107,21.004,75.562
Jalgaon,09-11-2020,46,2020,11,0,6,66,76,21.004,75.562
Jalgaon,16-11-2020,47,2020,11,0,4,67,74,21.004,75.562
Jalgaon,23-11-2020,48,2020,11,1,7,76,90,21.004,75.562
Jalgaon,30-11-2020,49,2020,11,2,3,53,61,21.004,75.562
Jalgaon,07-12-2020,50,2020,12,0,8,56,68,21.004,75.562
Jalgaon,14-12-2020,51,2020,12,0,13,48,70,21.004,75.562
Jalgaon,21-12-2020,52,2020,12,0,9,44,55,21.004,75.562
Jalgaon,28-12-2020,53,2020,12,1,9,47,59,21.004,75.562
Jalgaon,04-01-2021,1,2021,1,0,8,54,65,21.004,75.562
Jalgaon,11-01-2021,2,2021,1,0,8,55,67,21.004,75.562
Jalgaon,18-01-2021,3,2021,1,0,8,60,71,21.004,75.562
Jalgaon,25-01-2021,4,2021,1,0,8,61,79,21.004,75.562
Jalgaon,01-02-2021,5,2021,2,0,5,49,60,21.004,75.562
Jalgaon,08-02-2021,6,2021,2,0,11,57,72,21.004,75.562
Jalgaon,15-02-2021,7,2021,2,0,8,46,57,21.004,75.562
Jalgaon,22-02-2021,8,2021,2,0,8,55,69,21.004,75.562
Jalgaon,01-03-2021,9,2021,3,0,13,54,72,21.004,75.562
Jalgaon,08-03-2021,10,2021,3,0,8,46,56,21.004,75.562
Jalgaon,15-03-2021,11,2021,3,1,8,46,60,21.004,75.562
Jalgaon,22-03-2021,12,2021,3,0,10,44,59,21.004,75.562
Jalgaon,29-03-2021,13,2021,3,0,6,41,51,21.004,75.562
Jalgaon,05-04-2021,14,2021,4,2,19,84,107,21.004,75.562
Jalgaon,12-04-2021,15,2021,4,0,15,63,83,21.004,75.562
Jalgaon,19-04-2021,16,2021,4,1,14,110,132,21.004,75.562
Jalgaon,26-04-2021,17,2021,4,1,15,93,112,21.004,75.562
Jalgaon,03-05-2021,18,2021,5,0,9,98,109,21.004,75.562
Jalgaon,10-05-2021,19,2021,5,0,20,91,118,21.004,75.562
Jalgaon,17-05-2021,20,2021,5,0,25,83,110,21.004,75.562
Jalgaon,24-05-2021,21,2021,5,3,18,88,119,21.004,75.562
Jalgaon,31-05-2021,22,2021,5,1,23,93,121,21.004,75.562
Jalgaon,07-06-2021,23,2021,6,2,11,146,168,21.004,75.562
Jalgaon,14-06-2021,24,2021,6,1,19,177,205,21.004,75.562
Jalgaon,21-06-2021,25,2021,6,1,14,183,204,21.004,75.562
Jalgaon,28-06-2021,26,2021,6,1,18,177,198,21.004,75.562
Jalgaon,05-07-2021,27,2021,7,1,10,161,174,21.004,75.562
Jalgaon,12-07-2021,28,2021,7,1,14,151,171,21.004,75.562
Jalgaon,19-07-2021,29,2021,7,1,14,173,199,21.004,75.562
Jalgaon,26-07-2021,30,2021,7,1,16,188,213,21.004,75.562
Jalgaon,02-08-2021,31,2021,8,1,12,191,211,21.004,75.562
Jalgaon,09-08-2021,32,2021,8,2,17,178,205,21.004,75.562
Jalgaon,16-08-2021,33,2021,8,1,17,170,191,21.004,75.562
Jalgaon,23-08-2021,34,2021,8,1,12,185,203,21.004,75.562
Jalgaon,30-08-2021,35,2021,8,3,8,197,217,21.004,75.562
Jalgaon,06-09-2021,36,2021,9,0,10,158,176,21.004,75.562
Jalgaon,13-09-2021,37,2021,9,1,11,185,201,21.004,75.562
Jalgaon,20-09-2021,38,2021,9,0,18,191,224,21.004,75.562
Jalgaon,27-09-2021,39,2021,9,0,14,164,184,21.004,75.562
Jalgaon,04-10-2021,40,2021,10,1,6,76,86,21.004,75.562
Jalgaon,11-10-2021,41,2021,10,0,8,85,96,21.004,75.562
Jalgaon,18-10-2021,42,2021,10,1,1,87,97,21.004,75.562
Jalgaon,25-10-2021,43,2021,10,0,8,64,76,21.004,75.562
Jalgaon,01-11-2021,44,2021,11,1,4,74,86,21.004,75.562
Jalgaon,08-11-2021,45,2021,11,3,6,66,80,21.004,75.562
Jalgaon,15-11-2021,46,2021,11,1,6,65,77,21.004,75.562
Jalgaon,22-11-2021,47,2021,11,0,11,62,84,21.004,75.562
Jalgaon,29-11-2021,48,2021,11,1,12,71,89,21.004,75.562
Jalgaon,06-12-2021,49,2021,12,0,8,51,65,21.004,75.562
Jalgaon,13-12-2021,50,2021,12,0,10,54,68,21.004,75.562
Jalgaon,20-12-2021,51,2021,12,0,9,55,66,21.004,75.562
Jalgaon,27-12-2021,52,2021,12,0,10,44,58,21.004,75.562
Jalgaon,03-01-2022,1,2022,1,1,6,54,68,21.004,75.562
Jalgaon,10-01-2022,2,2022,1,1,6,51,61,21.004,75.562
Jalgaon,17-01-2022,3,2022,1,2,9,57,74,21.004,75.562
Jalgaon,24-01-2022,4,2022,1,1,8,53,68,21.004,75.562
Jalgaon,31-01-2022,5,2022,1,0,4,39,48,21.004,75.562
Jalgaon,07-02-2022,6,2022,2,0,5,50,61,21.004,75.562
Jalgaon,14-02-2022,7,2022,2,0,9,48,59,21.004,75.562
Jalgaon,21-02-2022,8,2022,2,0,13,40,54,21.004,75.562
Jalgaon,28-02-2022,9,2022,2,0,7,51,60,21.004,75.562
Jalgaon,07-03-2022,10,2022,3,0,11,61,79,21.004,75.562
Jalgaon,14-03-2022,11,2022,3,1,10,62,80,21.004,75.562
Jalgaon,21-03-2022,12,2022,3,0,12,62,82,21.004,75.562
Jalgaon,28-03-2022,13,2022,3,0,14,43,66,21.004,75.562
Jalgaon,04-04-2022,14,2022,4,0,13,106,123,21.004,75.562
Jalgaon,11-04-2022,15,2022,4,0,13,94,113,21.004,75.562
Jalgaon,18-04-2022,16,2022,4,0,20,95,123,21.004,75.562
Jalgaon,25-04-2022,17,2022,4,1,11,79,96,21.004,75.562
Jalgaon,02-05-2022,18,2022,5,1,18,79,104,21.004,75.562
Jalgaon,09-05-2022,19,2022,5,0,15,80,97,21.004,75.562
Jalgaon,16-05-2022,20,2022,5,0,11,85,100,21.004,75.562
Jalgaon,23-05-2022,21,2022,5,0,20,92,117,21.004,75.562
Jalgaon,30-05-2022,22,2022,5,2,12,90,111,21.004,75.562
Jalgaon,06-06-2022,23,2022,6,0,11,176,195,21.004,75.562
Jalgaon,13-06-2022,24,2022,6,1,10,177,197,21.004,75.562
Jalgaon,20-06-2022,25,2022,6,1,14,163,187,21.004,75.562
Jalgaon,27-06-2022,26,2022,6,2,17,181,208,21.004,75.562
Jalgaon,04-07-2022,27,2022,7,0,16,177,198,21.004,75.562
Jalgaon,11-07-2022,28,2022,7,1,12,165,187,21.004,75.562
Jalgaon,18-07-2022,29,2022,7,0,14,181,204,21.004,75.562
Jalgaon,25-07-2022,30,2022,7,3,21,179,207,21.004,75.562
Jalgaon,01-08-2022,31,2022,8,2,10,170,195,21.004,75.562
Jalgaon,08-08-2022,32,2022,8,0,15,196,216,21.004,75.562
Jalgaon,15-08-2022,33,2022,8,0,9,186,204,21.004,75.562
Jalgaon,22-08-2022,34,2022,8,0,8,163,179,21.004,75.562
Jalgaon,29-08-2022,35,2022,8,0,11,164,181,21.004,75.562
Jalgaon,05-09-2022,36,2022,9,0,9,181,202,21.004,75.562
Jalgaon,12-09-2022,37,2022,9,2,12,200,221,21.004,75.562
Jalgaon,19-09-2022,38,2022,9,0,8,188,202,21.004,75.562
Jalgaon,26-09-2022,39,2022,9,0,13,195,216,21.004,75.562
Jalgaon,03-10-2022,40,2022,10,0,3,83,95,21.004,75.562
Jalgaon,10-10-2022,41,2022,10,2,2,56,62,21.004,75.562
Jalgaon,17-10-2022,42,2022,10,0,9,62,75,21.004,75.562
Jalgaon,24-10-2022,43,2022,10,1,7,75,88,21.004,75.562
Jalgaon,31-10-2022,44,2022,10,0,4,78,89,21.004,75.562
Jalgaon,07-11-2022,45,2022,11,0,10,74,88,21.004,75.562
Jalgaon,14-11-2022,46,2022,11,0,9,73,87,21.004,75.562
Jalgaon,21-11-2022,47,2022,11,1,8,69,82,21.004,75.562
Jalgaon,28-11-2022,48,2022,11,1,6,68,84,21.004,75.562
Jalgaon,05-12-2022,49,2022,12,1,9,49,65,21.004,75.562
Jalgaon,12-12-2022,50,2022,12,0,6,53,64,21.004,75.562
Jalgaon,19-12-2022,51,2022,12,0,11,51,67,21.004,75.562
Jalgaon,26-12-2022,52,2022,12,1,7,59,69,21.004,75.562
Jalgaon,02-01-2023,1,2023,1,1,11,48,66,21.004,75.562
Jalgaon,09-01-2023,2,2023,1,1,7,60,72,21.004,75.562
Jalgaon,16-01-2023,3,2023,1,0,13,58,74,21.004,75.562
Jalgaon,23-01-2023,4,2023,1,0,6,51,61,21.004,75.562
Jalgaon,30-01-2023,5,2023,1,0,8,58,69,21.004,75.562
Jalgaon,06-02-2023,6,2023,2,0,13,56,72,21.004,75.562
Jalgaon,13-02-2023,7,2023,2,0,10,49,67,21.004,75.562
Jalgaon,20-02-2023,8,2023,2,1,7,46,59,21.004,75.562
Jalgaon,27-02-2023,9,2023,2,1,9,63,79,21.004,75.562
Jalgaon,06-03-2023,10,2023,3,2,10,55,79,21.004,75.562
Jalgaon,13-03-2023,11,2023,3,0,5,66,78,21.004,75.562
Jalgaon,20-03-2023,12,2023,3,0,9,42,53,21.004,75.562
Jalgaon,27-03-2023,13,2023,3,0,12,45,63,21.004,75.562
Jalgaon,03-04-2023,14,2023,4,0,15,79,99,21.004,75.562
Jalgaon,10-04-2023,15,2023,4,0,21,90,113,21.004,75.562
Jalgaon,17-04-2023,16,2023,4,0,20,89,112,21.004,75.562
Jalgaon,24-04-2023,17,2023,4,0,10,93,108,21.004,75.562
Jalgaon,01-05-2023,18,2023,5,1,16,79,97,21.004,75.562
Jalgaon,08-05-2023,19,2023,5,1,14,89,110,21.004,75.562
Jalgaon,15-05-2023,20,2023,5,0,10,102,117,21.004,75.562
Jalgaon,22-05-2023,21,2023,5,0,16,97,118,21.004,75.562
Jalgaon,29-05-2023,22,2023,5,0,14,85,104,21.004,75.562
Jalgaon,05-06-2023,23,2023,6,1,10,155,171,21.004,75.562
Jalgaon,12-06-2023,24,2023,6,1,12,179,200,21.004,75.562
Jalgaon,19-06-2023,25,2023,6,0,16,221,245,21.004,75.562
Jalgaon,26-06-2023,26,2023,6,0,9,176,191,21.004,75.562
Jalgaon,03-07-2023,27,2023,7,1,9,179,193,21.004,75.562
Jalgaon,10-07-2023,28,2023,7,2,7,191,209,21.004,75.562
Jalgaon,17-07-2023,29,2023,7,0,16,163,185,21.004,75.562
Jalgaon,24-07-2023,30,2023,7,3,14,187,205,21.004,75.562
Jalgaon,31-07-2023,31,2023,7,4,13,177,199,21.004,75.562
Jalgaon,07-08-2023,32,2023,8,0,11,190,204,21.004,75.562
Jalgaon,14-08-2023,33,2023,8,0,10,198,217,21.004,75.562
Jalgaon,21-08-2023,34,2023,8,2,8,184,202,21.004,75.562
Jalgaon,28-08-2023,35,2023,8,0,10,164,183,21.004,75.562
Jalgaon,04-09-2023,36,2023,9,2,15,191,219,21.004,75.562
Jalgaon,11-09-2023,37,2023,9,1,8,170,181,21.004,75.562
Jalgaon,18-09-2023,38,2023,9,0,8,156,174,21.004,75.562
Jalgaon,25-09-2023,39,2023,9,1,16,164,182,21.004,75.562
Jalgaon,02-10-2023,40,2023,10,0,12,97,111,21.004,75.562
Jalgaon,09-10-2023,41,2023,10,0,8,81,92,21.004,75.562
Jalgaon,16-10-2023,42,2023,10,0,6,57,68,21.004,75.562
Jalgaon,23-10-2023,43,2023,10,3,8,82,95,21.004,75.562
Jalgaon,30-10-2023,44,2023,10,0,9,62,75,21.004,75.562
Jalgaon,06-11-2023,45,2023,11,0,10,60,74,21.004,75.562
Jalgaon,13-11-2023,46,2023,11,0,12,75,97,21.004,75.562
Jalgaon,20-11-2023,47,2023,11,0,7,71,83,21.004,75.562
Jalgaon,27-11-2023,48,2023,11,0,8,69,84,21.004,75.562
Jalgaon,04-12-2023,49,2023,12,0,7,44,54,21.004,75.562
Jalgaon,11-12-2023,50,2023,12,1,11,47,63,21.004,75.562
Jalgaon,18-12-2023,51,2023,12,0,7,46,59,21.004,75.562
Jalgaon,25-12-2023,52,2023,12,0,5,51,62,21.004,75.562
Ahmednagar,07-01-2019,2,2019,1,1,12,68,88,19.095,74.738
Ahmednagar,14-01-2019,3,2019,1,0,9,52,66,19.095,74.738
Ahmednagar,21-01-2019,4,2019,1,3,11,43,64,19.095,74.738
Ahmednagar,28-01-2019,5,2019,1,0,12,50,67,19.095,74.738
Ahmednagar,04-02-2019,6,2019,2,0,8,32,45,19.095,74.738
Ahmednagar,11-02-2019,7,2019,2,0,9,57,72,19.095,74.738
Ahmednagar,18-02-2019,8,2019,2,0,11,70,89,19.095,74.738
Ahmednagar,25-02-2019,9,2019,2,1,7,51,61,19.095,74.738
Ahmednagar,04-03-2019,10,2019,3,0,12,57,76,19.095,74.738
Ahmednagar,11-03-2019,11,2019,3,0,6,50,60,19.095,74.738
Ahmednagar,18-03-2019,12,2019,3,0,10,37,51,19.095,74.738
Ahmednagar,25-03-2019,13,2019,3,1,7,70,83,19.095,74.738
Ahmednagar,01-04-2019,14,2019,4,0,10,104,117,19.095,74.738
Ahmednagar,08-04-2019,15,2019,4,2,10,102,117,19.095,74.738
Ahmednagar,15-04-2019,16,2019,4,0,18,107,133,19.095,74.738
Ahmednagar,22-04-2019,17,2019,4,0,23,92,120,19.095,74.738
Ahmednagar,29-04-2019,18,2019,4,1,18,101,125,19.095,74.738
Ahmednagar,06-05-2019,19,2019,5,1,18,89,114,19.095,74.738
Ahmednagar,13-05-2019,20,2019,5,0,11,102,117,19.095,74.738
Ahmednagar,20-05-2019,21,2019,5,0,24,105,137,19.095,74.738
Ahmednagar,27-05-2019,22,2019,5,0,17,85,104,19.095,74.738
Ahmednagar,03-06-2019,23,2019,6,1,14,208,230,19.095,74.738
Ahmednagar,10-06-2019,24,2019,6,1,14,193,217,19.095,74.738
Ahmednagar,17-06-2019,25,2019,6,1,15,171,192,19.095,74.738
Ahmednagar,24-06-2019,26,2019,6,2,18,206,232,19.095,74.738
Ahmednagar,01-07-2019,27,2019,7,0,8,194,219,19.095,74.738
Ahmednagar,08-07-2019,28,2019,7,3,8,183,198,19.095,74.738
Ahmednagar,15-07-2019,29,2019,7,2,15,188,211,19.095,74.738
Ahmednagar,22-07-2019,30,2019,7,1,15,195,216,19.095,74.738
Ahmednagar,29-07-2019,31,2019,7,2,10,183,201,19.095,74.738
Ahmednagar,05-08-2019,32,2019,8,3,7,204,226,19.095,74.738
Ahmednagar,12-08-2019,33,2019,8,1,9,187,205,19.095,74.738
Ahmednagar,19-08-2019,34,2019,8,1,12,176,193,19.095,74.738
Ahmednagar,26-08-2019,35,2019,8,3,10,190,210,19.095,74.738
Ahmednagar,02-09-2019,36,2019,9,0,20,196,221,19.095,74.738
Ahmednagar,09-09-2019,37,2019,9,1,12,201,224,19.095,74.738
Ahmednagar,16-09-2019,38,2019,9,1,10,205,221,19.095,74.738
Ahmednagar,23-09-2019,39,2019,9,1,13,185,207,19.095,74.738
Ahmednagar,30-09-2019,40,2019,9,1,13,172,204,19.095,74.738
Ahmednagar,07-10-2019,41,2019,10,1,4,87,100,19.095,74.738
Ahmednagar,14-10-2019,42,2019,10,0,9,60,76,19.095,74.738
Ahmednagar,21-10-2019,43,2019,10,0,8,84,99,19.095,74.738
Ahmednagar,28-10-2019,44,2019,10,1,9,72,84,19.095,74.738
Ahmednagar,04-11-2019,45,2019,11,1,10,82,103,19.095,74.738
Ahmednagar,11-11-2019,46,2019,11,1,7,79,96,19.095,74.738
Ahmednagar,18-11-2019,47,2019,11,0,5,83,90,19.095,74.738
Ahmednagar,25-11-2019,48,2019,11,2,11,80,100,19.095,74.738
Ahmednagar,02-12-2019,49,2019,12,0,9,60,76,19.095,74.738
Ahmednagar,09-12-2019,50,2019,12,0,13,46,64,19.095,74.738
Ahmednagar,16-12-2019,51,2019,12,0,8,61,76,19.095,74.738
Ahmednagar,23-12-2019,52,2019,12,0,13,71,87,19.095,74.738
Ahmednagar,30-12-2019,1,2019,12,0,7,48,61,19.095,74.738
Ahmednagar,06-01-2020,2,2020,1,0,7,58,73,19.095,74.738
Ahmednagar,13-01-2020,3,2020,1,1,12,57,75,19.095,74.738
Ahmednagar,20-01-2020,4,2020,1,0,8,57,71,19.095,74.738
Ahmednagar,27-01-2020,5,2020,1,0,15,53,71,19.095,74.738
Ahmednagar,03-02-2020,6,2020,2,1,7,43,57,19.095,74.738
Ahmednagar,10-02-2020,7,2020,2,0,6,50,59,19.095,74.738
Ahmednagar,17-02-2020,8,2020,2,0,10,50,67,19.095,74.738
Ahmednagar,24-02-2020,9,2020,2,1,6,49,62,19.095,74.738
Ahmednagar,02-03-2020,10,2020,3,0,8,58,75,19.095,74.738
Ahmednagar,09-03-2020,11,2020,3,0,9,55,73,19.095,74.738
Ahmednagar,16-03-2020,12,2020,3,1,12,52,70,19.095,74.738
Ahmednagar,23-03-2020,13,2020,3,1,10,57,74,19.095,74.738
Ahmednagar,30-03-2020,14,2020,3,1,9,56,72,19.095,74.738
Ahmednagar,06-04-2020,15,2020,4,1,11,100,114,19.095,74.738
Ahmednagar,13-04-2020,16,2020,4,0,12,93,117,19.095,74.738
Ahmednagar,20-04-2020,17,2020,4,0,19,98,126,19.095,74.738
Ahmednagar,27-04-2020,18,2020,4,0,16,91,112,19.095,74.738
Ahmednagar,04-05-2020,19,2020,5,1,17,96,123,19.095,74.738
Ahmednagar,11-05-2020,20,2020,5,0,16,100,125,19.095,74.738
Ahmednagar,18-05-2020,21,2020,5,0,14,96,116,19.095,74.738
Ahmednagar,25-05-2020,22,2020,5,1,16,86,109,19.095,74.738
Ahmednagar,01-06-2020,23,2020,6,1,16,195,216,19.095,74.738
Ahmednagar,08-06-2020,24,2020,6,3,9,182,202,19.095,74.738
Ahmednagar,15-06-2020,25,2020,6,0,12,211,228,19.095,74.738
Ahmednagar,22-06-2020,26,2020,6,0,13,203,220,19.095,74.738
Ahmednagar,29-06-2020,27,2020,6,1,9,173,186,19.095,74.738
Ahmednagar,06-07-2020,28,2020,7,1,15,172,195,19.095,74.738
Ahmednagar,13-07-2020,29,2020,7,0,15,186,206,19.095,74.738
Ahmednagar,20-07-2020,30,2020,7,0,11,176,203,19.095,74.738
Ahmednagar,27-07-2020,31,2020,7,1,20,190,225,19.095,74.738
Ahmednagar,03-08-2020,32,2020,8,2,14,217,243,19.095,74.738
Ahmednagar,10-08-2020,33,2020,8,0,15,191,210,19.095,74.738
Ahmednagar,17-08-2020,34,2020,8,1,10,169,187,19.095,74.738
Ahmednagar,24-08-2020,35,2020,8,1,6,191,201,19.095,74.738
Ahmednagar,31-08-2020,36,2020,8,1,17,167,190,19.095,74.738
Ahmednagar,07-09-2020,37,2020,9,1,6,205,223,19.095,74.738
Ahmednagar,14-09-2020,38,2020,9,2,11,194,213,19.095,74.738
Ahmednagar,21-09-2020,39,2020,9,1,11,159,183,19.095,74.738
Ahmednagar,28-09-2020,40,2020,9,1,14,178,204,19.095,74.738
Ahmednagar,05-10-2020,41,2020,10,0,9,76,88,19.095,74.738
Ahmednagar,12-10-2020,42,2020,10,1,16,75,99,19.095,74.738
Ahmednagar,19-10-2020,43,2020,10,0,11,91,106,19.095,74.738
Ahmednagar,26-10-2020,44,2020,10,0,8,79,89,19.095,74.738
Ahmednagar,02-11-2020,45,2020,11,3,8,62,76,19.095,74.738
Ahmednagar,09-11-2020,46,2020,11,1,3,88,100,19.095,74.738
Ahmednagar,16-11-2020,47,2020,11,0,4,80,90,19.095,74.738
Ahmednagar,23-11-2020,48,2020,11,1,10,74,90,19.095,74.738
Ahmednagar,30-11-2020,49,2020,11,0,13,62,82,19.095,74.738
Ahmednagar,07-12-2020,50,2020,12,0,15,37,57,19.095,74.738
Ahmednagar,14-12-2020,51,2020,12,0,9,68,84,19.095,74.738
Ahmednagar,21-12-2020,52,2020,12,0,8,45,57,19.095,74.738
Ahmednagar,28-12-2020,53,2020,12,0,4,43,50,19.095,74.738
Ahmednagar,04-01-2021,1,2021,1,0,8,51,66,19.095,74.738
Ahmednagar,11-01-2021,2,2021,1,0,6,50,62,19.095,74.738
Ahmednagar,18-01-2021,3,2021,1,0,7,38,49,19.095,74.738
Ahmednagar,25-01-2021,4,2021,1,0,8,62,73,19.095,74.738
Ahmednagar,01-02-2021,5,2021,2,1,11,67,83,19.095,74.738
Ahmednagar,08-02-2021,6,2021,2,0,13,57,73,19.095,74.738
Ahmednagar,15-02-2021,7,2021,2,1,4,45,55,19.095,74.738
Ahmednagar,22-02-2021,8,2021,2,0,9,54,72,19.095,74.738
Ahmednagar,01-03-2021,9,2021,3,0,5,44,54,19.095,74.738
Ahmednagar,08-03-2021,10,2021,3,2,9,56,68,19.095,74.738
Ahmednagar,15-03-2021,11,2021,3,0,6,44,50,19.095,74.738
Ahmednagar,22-03-2021,12,2021,3,0,13,53,70,19.095,74.738
Ahmednagar,29-03-2021,13,2021,3,0,4,62,70,19.095,74.738
Ahmednagar,05-04-2021,14,2021,4,1,23,98,126,19.095,74.738
Ahmednagar,12-04-2021,15,2021,4,2,9,83,97,19.095,74.738
Ahmednagar,19-04-2021,16,2021,4,2,15,107,130,19.095,74.738
Ahmednagar,26-04-2021,17,2021,4,0,20,93,118,19.095,74.738
Ahmednagar,03-05-2021,18,2021,5,1,16,99,124,19.095,74.738
Ahmednagar,10-05-2021,19,2021,5,3,18,100,123,19.095,74.738
Ahmednagar,17-05-2021,20,2021,5,2,14,96,115,19.095,74.738
Ahmednagar,24-05-2021,21,2021,5,1,13,87,106,19.095,74.738
Ahmednagar,31-05-2021,22,2021,5,0,10,109,128,19.095,74.738
Ahmednagar,07-06-2021,23,2021,6,1,11,183,204,19.095,74.738
Ahmednagar,14-06-2021,24,2021,6,0,10,209,224,19.095,74.738
Ahmednagar,21-06-2021,25,2021,6,0,12,195,215,19.095,74.738
Ahmednagar,28-06-2021,26,2021,6,0,12,169,190,19.095,74.738
Ahmednagar,05-07-2021,27,2021,7,1,14,191,214,19.095,74.738
Ahmednagar,12-07-2021,28,2021,7,1,16,203,226,19.095,74.738
Ahmednagar,19-07-2021,29,2021,7,3,19,174,204,19.095,74.738
Ahmednagar,26-07-2021,30,2021,7,0,17,172,203,19.095,74.738
Ahmednagar,02-08-2021,31,2021,8,3,24,197,232,19.095,74.738
Ahmednagar,09-08-2021,32,2021,8,1,17,178,202,19.095,74.738
Ahmednagar,16-08-2021,33,2021,8,0,13,184,205,19.095,74.738
Ahmednagar,23-08-2021,34,2021,8,3,14,157,175,19.095,74.738
Ahmednagar,30-08-2021,35,2021,8,3,11,205,224,19.095,74.738
Ahmednagar,06-09-2021,36,2021,9,3,18,186,214,19.095,74.738
Ahmednagar,13-09-2021,37,2021,9,1,14,204,226,19.095,74.738
Ahmednagar,20-09-2021,38,2021,9,1,14,213,238,19.095,74.738
Ahmednagar,27-09-2021,39,2021,9,1,12,170,188,19.095,74.738
Ahmednagar,04-10-2021,40,2021,10,0,13,87,103,19.095,74.738
Ahmednagar,11-10-2021,41,2021,10,1,6,74,89,19.095,74.738
Ahmednagar,18-10-2021,42,2021,10,0,8,66,76,19.095,74.738
Ahmednagar,25-10-2021,43,2021,10,1,13,90,111,19.095,74.738
Ahmednagar,01-11-2021,44,2021,11,0,15,81,99,19.095,74.738
Ahmednagar,08-11-2021,45,2021,11,0,9,75,91,19.095,74.738
Ahmednagar,15-11-2021,46,2021,11,0,5,71,78,19.095,74.738
Ahmednagar,22-11-2021,47,2021,11,1,12,94,108,19.095,74.738
Ahmednagar,29-11-2021,48,2021,11,0,9,66,87,19.095,74.738
Ahmednagar,06-12-2021,49,2021,12,0,4,60,65,19.095,74.738
Ahmednagar,13-12-2021,50,2021,12,0,13,60,80,19.095,74.738
Ahmednagar,20-12-2021,51,2021,12,0,5,60,70,19.095,74.738
Ahmednagar,27-12-2021,52,2021,12,0,13,47,66,19.095,74.738
Ahmednagar,03-01-2022,1,2022,1,0,9,50,64,19.095,74.738
Ahmednagar,10-01-2022,2,2022,1,0,10,55,70,19.095,74.738
Ahmednagar,17-01-2022,3,2022,1,0,14,48,68,19.095,74.738
Ahmednagar,24-01-2022,4,2022,1,0,8,67,81,19.095,74.738
Ahmednagar,31-01-2022,5,2022,1,0,11,46,64,19.095,74.738
Ahmednagar,07-02-2022,6,2022,2,0,10,55,71,19.095,74.738
Ahmednagar,14-02-2022,7,2022,2,0,12,47,66,19.095,74.738
Ahmednagar,21-02-2022,8,2022,2,1,8,51,65,19.095,74.738
Ahmednagar,28-02-2022,9,2022,2,0,9,57,73,19.095,74.738
Ahmednagar,07-03-2022,10,2022,3,0,7,51,66,19.095,74.738
Ahmednagar,14-03-2022,11,2022,3,0,10,59,74,19.095,74.738
Ahmednagar,21-03-2022,12,2022,3,0,4,42,50,19.095,74.738
Ahmednagar,28-03-2022,13,2022,3,0,8,45,58,19.095,74.738
Ahmednagar,04-04-2022,14,2022,4,0,10,102,120,19.095,74.738
Ahmednagar,11-04-2022,15,2022,4,1,14,99,121,19.095,74.738
Ahmednagar,18-04-2022,16,2022,4,0,8,97,116,19.095,74.738
Ahmednagar,25-04-2022,17,2022,4,0,19,88,111,19.095,74.738
Ahmednagar,02-05-2022,18,2022,5,0,13,83,99,19.095,74.738
Ahmednagar,09-05-2022,19,2022,5,0,17,92,114,19.095,74.738
Ahmednagar,16-05-2022,20,2022,5,0,21,101,127,19.095,74.738
Ahmednagar,23-05-2022,21,2022,5,1,23,103,132,19.095,74.738
Ahmednagar,30-05-2022,22,2022,5,1,15,87,107,19.095,74.738
Ahmednagar,06-06-2022,23,2022,6,1,8,172,189,19.095,74.738
Ahmednagar,13-06-2022,24,2022,6,0,11,199,219,19.095,74.738
Ahmednagar,20-06-2022,25,2022,6,2,17,154,175,19.095,74.738
Ahmednagar,27-06-2022,26,2022,6,1,12,199,222,19.095,74.738
Ahmednagar,04-07-2022,27,2022,7,2,11,175,194,19.095,74.738
Ahmednagar,11-07-2022,28,2022,7,1,12,179,202,19.095,74.738
Ahmednagar,18-07-2022,29,2022,7,2,17,166,198,19.095,74.738
Ahmednagar,25-07-2022,30,2022,7,1,10,209,229,19.095,74.738
Ahmednagar,01-08-2022,31,2022,8,3,14,189,213,19.095,74.738
Ahmednagar,08-08-2022,32,2022,8,3,8,210,227,19.095,74.738
Ahmednagar,15-08-2022,33,2022,8,2,10,197,214,19.095,74.738
Ahmednagar,22-08-2022,34,2022,8,0,12,197,216,19.095,74.738
Ahmednagar,29-08-2022,35,2022,8,1,8,195,209,19.095,74.738
Ahmednagar,05-09-2022,36,2022,9,0,17,203,228,19.095,74.738
Ahmednagar,12-09-2022,37,2022,9,0,20,213,236,19.095,74.738
Ahmednagar,19-09-2022,38,2022,9,2,14,169,195,19.095,74.738
Ahmednagar,26-09-2022,39,2022,9,1,14,209,233,19.095,74.738
Ahmednagar,03-10-2022,40,2022,10,1,8,89,102,19.095,74.738
Ahmednagar,10-10-2022,41,2022,10,2,8,102,115,19.095,74.738
Ahmednagar,17-10-2022,42,2022,10,0,6,63,70,19.095,74.738
Ahmednagar,24-10-2022,43,2022,10,0,6,56,69,19.095,74.738
Ahmednagar,31-10-2022,44,2022,10,0,15,75,95,19.095,74.738
Ahmednagar,07-11-2022,45,2022,11,0,10,75,93,19.095,74.738
Ahmednagar,14-11-2022,46,2022,11,1,9,83,96,19.095,74.738
Ahmednagar,21-11-2022,47,2022,11,1,6,65,82,19.095,74.738
Ahmednagar,28-11-2022,48,2022,11,0,12,71,91,19.095,74.738
Ahmednagar,05-12-2022,49,2022,12,0,6,61,71,19.095,74.738
Ahmednagar,12-12-2022,50,2022,12,1,5,57,70,19.095,74.738
Ahmednagar,19-12-2022,51,2022,12,0,7,39,48,19.095,74.738
Ahmednagar,26-12-2022,52,2022,12,1,8,54,70,19.095,74.738
Ahmednagar,02-01-2023,1,2023,1,1,15,47,65,19.095,74.738
Ahmednagar,09-01-2023,2,2023,1,1,14,45,66,19.095,74.738
Ahmednagar,16-01-2023,3,2023,1,0,14,62,85,19.095,74.738
Ahmednagar,23-01-2023,4,2023,1,0,16,54,74,19.095,74.738
Ahmednagar,30-01-2023,5,2023,1,1,7,56,70,19.095,74.738
Ahmednagar,06-02-2023,6,2023,2,0,15,49,67,19.095,74.738
Ahmednagar,13-02-2023,7,2023,2,0,11,47,62,19.095,74.738
Ahmednagar,20-02-2023,8,2023,2,0,7,63,73,19.095,74.738
Ahmednagar,27-02-2023,9,2023,2,0,11,62,81,19.095,74.738
Ahmednagar,06-03-2023,10,2023,3,1,6,50,61,19.095,74.738
Ahmednagar,13-03-2023,11,2023,3,0,7,56,66,19.095,74.738
Ahmednagar,20-03-2023,12,2023,3,0,7,56,73,19.095,74.738
Ahmednagar,27-03-2023,13,2023,3,1,10,51,70,19.095,74.738
Ahmednagar,03-04-2023,14,2023,4,0,11,93,110,19.095,74.738
Ahmednagar,10-04-2023,15,2023,4,0,13,80,97,19.095,74.738
Ahmednagar,17-04-2023,16,2023,4,1,13,88,106,19.095,74.738
Ahmednagar,24-04-2023,17,2023,4,0,13,87,106,19.095,74.738
Ahmednagar,01-05-2023,18,2023,5,1,12,97,117,19.095,74.738
Ahmednagar,08-05-2023,19,2023,5,2,18,100,124,19.095,74.738
Ahmednagar,15-05-2023,20,2023,5,0,19,86,112,19.095,74.738
Ahmednagar,22-05-2023,21,2023,5,0,23,103,131,19.095,74.738
Ahmednagar,29-05-2023,22,2023,5,0,19,83,109,19.095,74.738
Ahmednagar,05-06-2023,23,2023,6,2,12,191,213,19.095,74.738
Ahmednagar,12-06-2023,24,2023,6,2,12,181,198,19.095,74.738
Ahmednagar,19-06-2023,25,2023,6,1,11,207,220,19.095,74.738
Ahmednagar,26-06-2023,26,2023,6,0,12,188,202,19.095,74.738
Ahmednagar,03-07-2023,27,2023,7,0,17,200,220,19.095,74.738
Ahmednagar,10-07-2023,28,2023,7,1,15,224,243,19.095,74.738
Ahmednagar,17-07-2023,29,2023,7,0,10,190,203,19.095,74.738
Ahmednagar,24-07-2023,30,2023,7,1,14,169,191,19.095,74.738
Ahmednagar,31-07-2023,31,2023,7,2,16,188,214,19.095,74.738
Ahmednagar,07-08-2023,32,2023,8,4,11,181,201,19.095,74.738
Ahmednagar,14-08-2023,33,2023,8,1,18,177,203,19.095,74.738
Ahmednagar,21-08-2023,34,2023,8,2,15,171,188,19.095,74.738
Ahmednagar,28-08-2023,35,2023,8,1,10,196,216,19.095,74.738
Ahmednagar,04-09-2023,36,2023,9,2,15,206,227,19.095,74.738
Ahmednagar,11-09-2023,37,2023,9,0,10,164,179,19.095,74.738
Ahmednagar,18-09-2023,38,2023,9,1,15,186,207,19.095,74.738
Ahmednagar,25-09-2023,39,2023,9,2,22,171,203,19.095,74.738
Ahmednagar,02-10-2023,40,2023,10,0,10,82,97,19.095,74.738
Ahmednagar,09-10-2023,41,2023,10,0,6,75,86,19.095,74.738
Ahmednagar,16-10-2023,42,2023,10,0,1,65,71,19.095,74.738
Ahmednagar,23-10-2023,43,2023,10,2,7,74,89,19.095,74.738
Ahmednagar,30-10-2023,44,2023,10,0,13,70,87,19.095,74.738
Ahmednagar,06-11-2023,45,2023,11,0,6,69,89,19.095,74.738
Ahmednagar,13-11-2023,46,2023,11,0,10,85,98,19.095,74.738
Ahmednagar,20-11-2023,47,2023,11,0,13,73,89,19.095,74.738
Ahmednagar,27-11-2023,48,2023,11,0,8,62,78,19.095,74.738
Ahmednagar,04-12-2023,49,2023,12,0,13,46,63,19.095,74.738
Ahmednagar,11-12-2023,50,2023,12,0,6,57,70,19.095,74.738
Ahmednagar,18-12-2023,51,2023,12,1,6,55,65,19.095,74.738
Ahmednagar,25-12-2023,52,2023,12,0,11,43,57,19.095,74.738
Pune,07-01-2019,2,2019,1,2,19,85,110,18.52,73.857
Pune,14-01-2019,3,2019,1,0,20,81,110,18.52,73.857
Pune,21-01-2019,4,2019,1,1,17,90,119,18.52,73.857
Pune,28-01-2019,5,2019,1,0,13,77,99,18.52,73.857
Pune,04-02-2019,6,2019,2,1,9,76,94,18.52,73.857
Pune,11-02-2019,7,2019,2,0,18,74,98,18.52,73.857
Pune,18-02-2019,8,2019,2,2,18,67,99,18.52,73.857
Pune,25-02-2019,9,2019,2,0,11,75,96,18.52,73.857
Pune,04-03-2019,10,2019,3,1,16,86,110,18.52,73.857
Pune,11-03-2019,11,2019,3,0,13,89,105,18.52,73.857
Pune,18-03-2019,12,2019,3,0,17,79,107,18.52,73.857
Pune,25-03-2019,13,2019,3,0,13,86,108,18.52,73.857
Pune,01-04-2019,14,2019,4,0,17,137,165,18.52,73.857
Pune,08-04-2019,15,2019,4,0,23,162,194,18.52,73.857
Pune,15-04-2019,16,2019,4,1,21,137,166,18.52,73.857
Pune,22-04-2019,17,2019,4,2,27,140,176,18.52,73.857
Pune,29-04-2019,18,2019,4,0,22,152,182,18.52,73.857
Pune,06-05-2019,19,2019,5,0,20,144,171,18.52,73.857
Pune,13-05-2019,20,2019,5,0,28,134,168,18.52,73.857
Pune,20-05-2019,21,2019,5,0,18,157,181,18.52,73.857
Pune,27-05-2019,22,2019,5,1,22,165,198,18.52,73.857
Pune,03-06-2019,23,2019,6,4,14,271,292,18.52,73.857
Pune,10-06-2019,24,2019,6,2,17,285,317,18.52,73.857
Pune,17-06-2019,25,2019,6,1,18,269,294,18.52,73.857
Pune,24-06-2019,26,2019,6,2,21,272,314,18.52,73.857
Pune,01-07-2019,27,2019,7,0,23,276,308,18.52,73.857
Pune,08-07-2019,28,2019,7,0,14,301,333,18.52,73.857
Pune,15-07-2019,29,2019,7,0,22,302,333,18.52,73.857
Pune,22-07-2019,30,2019,7,5,22,257,294,18.52,73.857
Pune,29-07-2019,31,2019,7,1,24,283,328,18.52,73.857
Pune,05-08-2019,32,2019,8,1,16,287,319,18.52,73.857
Pune,12-08-2019,33,2019,8,0,19,280,307,18.52,73.857
Pune,19-08-2019,34,2019,8,4,13,270,299,18.52,73.857
Pune,26-08-2019,35,2019,8,1,20,286,320,18.52,73.857
Pune,02-09-2019,36,2019,9,5,23,298,331,18.52,73.857
Pune,09-09-2019,37,2019,9,0,17,273,311,18.52,73.857
Pune,16-09-2019,38,2019,9,2,18,284,320,18.52,73.857
Pune,23-09-2019,39,2019,9,2,23,289,332,18.52,73.857
Pune,30-09-2019,40,2019,9,0,26,294,328,18.52,73.857
Pune,07-10-2019,41,2019,10,0,14,125,145,18.52,73.857
Pune,14-10-2019,42,2019,10,0,10,116,135,18.52,73.857
Pune,21-10-2019,43,2019,10,1,15,116,137,18.52,73.857
Pune,28-10-2019,44,2019,10,0,9,122,141,18.52,73.857
Pune,04-11-2019,45,2019,11,2,15,113,135,18.52,73.857
Pune,11-11-2019,46,2019,11,1,13,107,130,18.52,73.857
Pune,18-11-2019,47,2019,11,1,16,117,142,18.52,73.857
Pune,25-11-2019,48,2019,11,1,11,124,141,18.52,73.857
Pune,02-12-2019,49,2019,12,0,13,73,94,18.52,73.857
Pune,09-12-2019,50,2019,12,0,10,89,108,18.52,73.857
Pune,16-12-2019,51,2019,12,0,20,85,115,18.52,73.857
Pune,23-12-2019,52,2019,12,0,13,85,106,18.52,73.857
Pune,30-12-2019,1,2019,12,0,9,56,70,18.52,73.857
Pune,06-01-2020,2,2020,1,0,15,64,86,18.52,73.857
Pune,13-01-2020,3,2020,1,1,15,82,110,18.52,73.857
Pune,20-01-2020,4,2020,1,0,16,87,109,18.52,73.857
Pune,27-01-2020,5,2020,1,0,11,80,97,18.52,73.857
Pune,03-02-2020,6,2020,2,0,14,74,98,18.52,73.857
Pune,10-02-2020,7,2020,2,0,14,62,84,18.52,73.857
Pune,17-02-2020,8,2020,2,1,16,76,100,18.52,73.857
Pune,24-02-2020,9,2020,2,1,16,72,98,18.52,73.857
Pune,02-03-2020,10,2020,3,2,16,87,117,18.52,73.857
Pune,09-03-2020,11,2020,3,0,16,70,96,18.52,73.857
Pune,16-03-2020,12,2020,3,0,6,84,92,18.52,73.857
Pune,23-03-2020,13,2020,3,0,17,95,119,18.52,73.857
Pune,30-03-2020,14,2020,3,0,14,90,110,18.52,73.857
Pune,06-04-2020,15,2020,4,1,28,138,177,18.52,73.857
Pune,13-04-2020,16,2020,4,0,24,126,161,18.52,73.857
Pune,20-04-2020,17,2020,4,1,23,139,168,18.52,73.857
Pune,27-04-2020,18,2020,4,0,28,167,205,18.52,73.857
Pune,04-05-2020,19,2020,5,1,15,155,179,18.52,73.857
Pune,11-05-2020,20,2020,5,1,27,153,191,18.52,73.857
Pune,18-05-2020,21,2020,5,0,32,162,198,18.52,73.857
Pune,25-05-2020,22,2020,5,2,24,151,184,18.52,73.857
Pune,01-06-2020,23,2020,6,1,26,262,294,18.52,73.857
Pune,08-06-2020,24,2020,6,1,21,271,299,18.52,73.857
Pune,15-06-2020,25,2020,6,1,19,296,326,18.52,73.857
Pune,22-06-2020,26,2020,6,3,19,270,296,18.52,73.857
Pune,29-06-2020,27,2020,6,0,16,276,307,18.52,73.857
Pune,06-07-2020,28,2020,7,2,23,319,356,18.52,73.857
Pune,13-07-2020,29,2020,7,2,26,280,319,18.52,73.857
Pune,20-07-2020,30,2020,7,3,25,247,281,18.52,73.857
Pune,27-07-2020,31,2020,7,3,26,290,326,18.52,73.857
Pune,03-08-2020,32,2020,8,1,16,272,299,18.52,73.857
Pune,10-08-2020,33,2020,8,1,18,313,348,18.52,73.857
Pune,17-08-2020,34,2020,8,1,14,291,315,18.52,73.857
Pune,24-08-2020,35,2020,8,4,16,285,316,18.52,73.857
Pune,31-08-2020,36,2020,8,2,24,314,366,18.52,73.857
Pune,07-09-2020,37,2020,9,0,13,273,294,18.52,73.857
Pune,14-09-2020,38,2020,9,4,22,295,333,18.52,73.857
Pune,21-09-2020,39,2020,9,3,23,272,302,18.52,73.857
Pune,28-09-2020,40,2020,9,2,14,280,306,18.52,73.857
Pune,05-10-2020,41,2020,10,1,12,102,123,18.52,73.857
Pune,12-10-2020,42,2020,10,1,16,111,135,18.52,73.857
Pune,19-10-2020,43,2020,10,1,6,115,133,18.52,73.857
Pune,26-10-2020,44,2020,10,1,12,105,129,18.52,73.857
Pune,02-11-2020,45,2020,11,1,13,118,143,18.52,73.857
Pune,09-11-2020,46,2020,11,1,11,106,127,18.52,73.857
Pune,16-11-2020,47,2020,11,1,14,111,137,18.52,73.857
Pune,23-11-2020,48,2020,11,0,17,129,154,18.52,73.857
Pune,30-11-2020,49,2020,11,1,14,99,127,18.52,73.857
Pune,07-12-2020,50,2020,12,1,17,82,107,18.52,73.857
Pune,14-12-2020,51,2020,12,1,10,76,96,18.52,73.857
Pune,21-12-2020,52,2020,12,0,10,89,106,18.52,73.857
Pune,28-12-2020,53,2020,12,0,11,77,92,18.52,73.857
Pune,04-01-2021,1,2021,1,1,14,85,107,18.52,73.857
Pune,11-01-2021,2,2021,1,1,19,85,112,18.52,73.857
Pune,18-01-2021,3,2021,1,0,20,85,107,18.52,73.857
Pune,25-01-2021,4,2021,1,1,8,77,95,18.52,73.857
Pune,01-02-2021,5,2021,2,0,18,73,99,18.52,73.857
Pune,08-02-2021,6,2021,2,0,18,92,122,18.52,73.857
Pune,15-02-2021,7,2021,2,2,14,65,90,18.52,73.857
Pune,22-02-2021,8,2021,2,1,10,89,114,18.52,73.857
Pune,01-03-2021,9,2021,3,1,13,73,94,18.52,73.857
Pune,08-03-2021,10,2021,3,1,9,78,94,18.52,73.857
Pune,15-03-2021,11,2021,3,0,12,70,91,18.52,73.857
Pune,22-03-2021,12,2021,3,0,5,71,82,18.52,73.857
Pune,29-03-2021,13,2021,3,0,14,90,114,18.52,73.857
Pune,05-04-2021,14,2021,4,0,30,132,166,18.52,73.857
Pune,12-04-2021,15,2021,4,0,35,150,191,18.52,73.857
Pune,19-04-2021,16,2021,4,1,28,143,179,18.52,73.857
Pune,26-04-2021,17,2021,4,0,23,150,182,18.52,73.857
Pune,03-05-2021,18,2021,5,2,38,121,168,18.52,73.857
Pune,10-05-2021,19,2021,5,0,23,150,179,18.52,73.857
Pune,17-05-2021,20,2021,5,1,26,158,195,18.52,73.857
Pune,24-05-2021,21,2021,5,2,24,113,146,18.52,73.857
Pune,31-05-2021,22,2021,5,0,30,135,172,18.52,73.857
Pune,07-06-2021,23,2021,6,7,21,288,322,18.52,73.857
Pune,14-06-2021,24,2021,6,3,17,273,305,18.52,73.857
Pune,21-06-2021,25,2021,6,5,17,301,338,18.52,73.857
Pune,28-06-2021,26,2021,6,0,22,268,307,18.52,73.857
Pune,05-07-2021,27,2021,7,0,18,294,319,18.52,73.857
Pune,12-07-2021,28,2021,7,1,21,286,320,18.52,73.857
Pune,19-07-2021,29,2021,7,1,16,306,333,18.52,73.857
Pune,26-07-2021,30,2021,7,3,28,290,331,18.52,73.857
Pune,02-08-2021,31,2021,8,1,28,276,313,18.52,73.857
Pune,09-08-2021,32,2021,8,6,23,270,308,18.52,73.857
Pune,16-08-2021,33,2021,8,3,20,292,325,18.52,73.857
Pune,23-08-2021,34,2021,8,6,27,286,331,18.52,73.857
Pune,30-08-2021,35,2021,8,3,21,303,333,18.52,73.857
Pune,06-09-2021,36,2021,9,1,20,271,307,18.52,73.857
Pune,13-09-2021,37,2021,9,5,25,284,321,18.52,73.857
Pune,20-09-2021,38,2021,9,2,24,303,340,18.52,73.857
Pune,27-09-2021,39,2021,9,3,21,272,314,18.52,73.857
Pune,04-10-2021,40,2021,10,0,17,110,131,18.52,73.857
Pune,11-10-2021,41,2021,10,0,14,103,129,18.52,73.857
Pune,18-10-2021,42,2021,10,0,8,112,132,18.52,73.857
Pune,25-10-2021,43,2021,10,0,18,113,140,18.52,73.857
Pune,01-11-2021,44,2021,11,1,14,121,141,18.52,73.857
Pune,08-11-2021,45,2021,11,0,15,129,150,18.52,73.857
Pune,15-11-2021,46,2021,11,1,11,121,138,18.52,73.857
Pune,22-11-2021,47,2021,11,0,11,124,145,18.52,73.857
Pune,29-11-2021,48,2021,11,2,12,90,112,18.52,73.857
Pune,06-12-2021,49,2021,12,0,16,78,103,18.52,73.857
Pune,13-12-2021,50,2021,12,1,8,87,104,18.52,73.857
Pune,20-12-2021,51,2021,12,0,13,79,102,18.52,73.857
Pune,27-12-2021,52,2021,12,1,13,88,108,18.52,73.857
Pune,03-01-2022,1,2022,1,1,11,79,98,18.52,73.857
Pune,10-01-2022,2,2022,1,0,18,81,105,18.52,73.857
Pune,17-01-2022,3,2022,1,0,16,97,121,18.52,73.857
Pune,24-01-2022,4,2022,1,0,20,89,116,18.52,73.857
Pune,31-01-2022,5,2022,1,1,6,95,109,18.52,73.857
Pune,07-02-2022,6,2022,2,1,12,97,120,18.52,73.857
Pune,14-02-2022,7,2022,2,0,15,81,105,18.52,73.857
Pune,21-02-2022,8,2022,2,0,17,73,98,18.52,73.857
Pune,28-02-2022,9,2022,2,0,13,80,96,18.52,73.857
Pune,07-03-2022,10,2022,3,0,13,83,101,18.52,73.857
Pune,14-03-2022,11,2022,3,1,11,86,106,18.52,73.857
Pune,21-03-2022,12,2022,3,0,11,82,104,18.52,73.857
Pune,28-03-2022,13,2022,3,1,19,88,120,18.52,73.857
Pune,04-04-2022,14,2022,4,0,23,143,173,18.52,73.857
Pune,11-04-2022,15,2022,4,3,27,131,168,18.52,73.857
Pune,18-04-2022,16,2022,4,1,21,132,162,18.52,73.857
Pune,25-04-2022,17,2022,4,2,18,143,172,18.52,73.857
Pune,02-05-2022,18,2022,5,0,13,128,153,18.52,73.857
Pune,09-05-2022,19,2022,5,0,22,129,157,18.52,73.857
Pune,16-05-2022,20,2022,5,2,25,168,207,18.52,73.857
Pune,23-05-2022,21,2022,5,0,22,160,192,18.52,73.857
Pune,30-05-2022,22,2022,5,0,18,142,167,18.52,73.857
Pune,06-06-2022,23,2022,6,2,23,275,313,18.52,73.857
Pune,13-06-2022,24,2022,6,1,17,330,368,18.52,73.857
Pune,20-06-2022,25,2022,6,3,17,290,325,18.52,73.857
Pune,27-06-2022,26,2022,6,2,22,272,305,18.52,73.857
Pune,04-07-2022,27,2022,7,2,21,276,310,18.52,73.857
Pune,11-07-2022,28,2022,7,2,21,273,315,18.52,73.857
Pune,18-07-2022,29,2022,7,3,25,281,319,18.52,73.857
Pune,25-07-2022,30,2022,7,3,17,267,291,18.52,73.857
Pune,01-08-2022,31,2022,8,2,29,261,300,18.52,73.857
Pune,08-08-2022,32,2022,8,4,26,281,322,18.52,73.857
Pune,15-08-2022,33,2022,8,1,24,270,300,18.52,73.857
Pune,22-08-2022,34,2022,8,3,21,302,350,18.52,73.857
Pune,29-08-2022,35,2022,8,3,22,263,302,18.52,73.857
Pune,05-09-2022,36,2022,9,3,16,294,328,18.52,73.857
Pune,12-09-2022,37,2022,9,4,20,265,306,18.52,73.857
Pune,19-09-2022,38,2022,9,2,24,312,349,18.52,73.857
Pune,26-09-2022,39,2022,9,3,18,276,305,18.52,73.857
Pune,03-10-2022,40,2022,10,0,18,121,144,18.52,73.857
Pune,10-10-2022,41,2022,10,2,17,128,154,18.52,73.857
Pune,17-10-2022,42,2022,10,1,14,120,143,18.52,73.857
Pune,24-10-2022,43,2022,10,1,16,110,135,18.52,73.857
Pune,31-10-2022,44,2022,10,0,9,93,111,18.52,73.857
Pune,07-11-2022,45,2022,11,0,10,107,119,18.52,73.857
Pune,14-11-2022,46,2022,11,0,18,131,160,18.52,73.857
Pune,21-11-2022,47,2022,11,1,13,96,121,18.52,73.857
Pune,28-11-2022,48,2022,11,1,8,130,147,18.52,73.857
Pune,05-12-2022,49,2022,12,2,9,103,126,18.52,73.857
Pune,12-12-2022,50,2022,12,0,10,80,94,18.52,73.857
Pune,19-12-2022,51,2022,12,0,15,77,96,18.52,73.857
Pune,26-12-2022,52,2022,12,0,9,77,96,18.52,73.857
Pune,02-01-2023,1,2023,1,0,12,88,113,18.52,73.857
Pune,09-01-2023,2,2023,1,0,16,64,85,18.52,73.857
Pune,16-01-2023,3,2023,1,1,13,74,95,18.52,73.857
Pune,23-01-2023,4,2023,1,0,9,91,107,18.52,73.857
Pune,30-01-2023,5,2023,1,0,17,73,98,18.52,73.857
Pune,06-02-2023,6,2023,2,1,11,86,109,18.52,73.857
Pune,13-02-2023,7,2023,2,1,17,97,118,18.52,73.857
Pune,20-02-2023,8,2023,2,0,16,87,107,18.52,73.857
Pune,27-02-2023,9,2023,2,0,11,70,90,18.52,73.857
Pune,06-03-2023,10,2023,3,0,9,80,98,18.52,73.857
Pune,13-03-2023,11,2023,3,0,14,90,110,18.52,73.857
Pune,20-03-2023,12,2023,3,1,13,81,111,18.52,73.857
Pune,27-03-2023,13,2023,3,1,18,90,117,18.52,73.857
Pune,03-04-2023,14,2023,4,1,26,165,194,18.52,73.857
Pune,10-04-2023,15,2023,4,1,27,135,169,18.52,73.857
Pune,17-04-2023,16,2023,4,0,26,146,177,18.52,73.857
Pune,24-04-2023,17,2023,4,1,28,153,190,18.52,73.857
Pune,01-05-2023,18,2023,5,2,27,148,180,18.52,73.857
Pune,08-05-2023,19,2023,5,0,19,149,175,18.52,73.857
Pune,15-05-2023,20,2023,5,3,36,153,196,18.52,73.857
Pune,22-05-2023,21,2023,5,2,28,134,172,18.52,73.857
Pune,29-05-2023,22,2023,5,3,28,140,186,18.52,73.857
Pune,05-06-2023,23,2023,6,2,21,300,333,18.52,73.857
Pune,12-06-2023,24,2023,6,2,10,279,297,18.52,73.857
Pune,19-06-2023,25,2023,6,2,22,312,351,18.52,73.857
Pune,26-06-2023,26,2023,6,0,27,273,303,18.52,73.857
Pune,03-07-2023,27,2023,7,2,12,303,325,18.52,73.857
Pune,10-07-2023,28,2023,7,2,24,276,314,18.52,73.857
Pune,17-07-2023,29,2023,7,0,20,299,329,18.52,73.857
Pune,24-07-2023,30,2023,7,1,26,267,301,18.52,73.857
Pune,31-07-2023,31,2023,7,3,19,286,326,18.52,73.857
Pune,07-08-2023,32,2023,8,1,18,274,306,18.52,73.857
Pune,14-08-2023,33,2023,8,2,22,281,311,18.52,73.857
Pune,21-08-2023,34,2023,8,0,20,314,345,18.52,73.857
Pune,28-08-2023,35,2023,8,0,20,267,296,18.52,73.857
Pune,04-09-2023,36,2023,9,1,21,280,312,18.52,73.857
Pune,11-09-2023,37,2023,9,0,20,301,330,18.52,73.857
Pune,18-09-2023,38,2023,9,2,19,262,291,18.52,73.857
Pune,25-09-2023,39,2023,9,0,16,309,331,18.52,73.857
Pune,02-10-2023,40,2023,10,0,12,109,134,18.52,73.857
Pune,09-10-2023,41,2023,10,0,8,120,138,18.52,73.857
Pune,16-10-2023,42,2023,10,1,18,124,155,18.52,73.857
Pune,23-10-2023,43,2023,10,4,13,103,128,18.52,73.857
Pune,30-10-2023,44,2023,10,1,9,116,134,18.52,73.857
Pune,06-11-2023,45,2023,11,0,21,119,150,18.52,73.857
Pune,13-11-2023,46,2023,11,0,16,121,145,18.52,73.857
Pune,20-11-2023,47,2023,11,0,15,119,142,18.52,73.857
Pune,27-11-2023,48,2023,11,2,17,145,171,18.52,73.857
Pune,04-12-2023,49,2023,12,2,10,85,102,18.52,73.857
Pune,11-12-2023,50,2023,12,0,14,87,105,18.52,73.857
Pune,18-12-2023,51,2023,12,1,14,92,113,18.52,73.857
Pune,25-12-2023,52,2023,12,1,13,82,101,18.52,73.857
Satara,07-01-2019,2,2019,1,0,2,28,31,17.687,74.033
Satara,14-01-2019,3,2019,1,0,8,33,44,17.687,74.033
Satara,21-01-2019,4,2019,1,0,7,34,44,17.687,74.033
Satara,28-01-2019,5,2019,1,0,6,35,42,17.687,74.033
Satara,04-02-2019,6,2019,2,0,5,27,35,17.687,74.033
Satara,11-02-2019,7,2019,2,0,4,41,49,17.687,74.033
Satara,18-02-2019,8,2019,2,0,8,24,34,17.687,74.033
Satara,25-02-2019,9,2019,2,0,4,38,46,17.687,74.033
Satara,04-03-2019,10,2019,3,0,10,33,44,17.687,74.033
Satara,11-03-2019,11,2019,3,0,3,29,34,17.687,74.033
Satara,18-03-2019,12,2019,3,0,4,31,37,17.687,74.033
Satara,25-03-2019,13,2019,3,0,7,32,46,17.687,74.033
Satara,01-04-2019,14,2019,4,0,13,52,69,17.687,74.033
Satara,08-04-2019,15,2019,4,0,6,53,62,17.687,74.033
Satara,15-04-2019,16,2019,4,0,12,59,74,17.687,74.033
Satara,22-04-2019,17,2019,4,1,11,56,69,17.687,74.033
Satara,29-04-2019,18,2019,4,0,11,46,60,17.687,74.033
Satara,06-05-2019,19,2019,5,0,9,48,58,17.687,74.033
Satara,13-05-2019,20,2019,5,0,7,52,66,17.687,74.033
Satara,20-05-2019,21,2019,5,0,9,64,76,17.687,74.033
Satara,27-05-2019,22,2019,5,0,11,56,69,17.687,74.033
Satara,03-06-2019,23,2019,6,2,6,111,123,17.687,74.033
Satara,10-06-2019,24,2019,6,1,5,104,112,17.687,74.033
Satara,17-06-2019,25,2019,6,0,7,114,126,17.687,74.033
Satara,24-06-2019,26,2019,6,2,5,98,106,17.687,74.033
Satara,01-07-2019,27,2019,7,3,8,107,122,17.687,74.033
Satara,08-07-2019,28,2019,7,0,6,103,112,17.687,74.033
Satara,15-07-2019,29,2019,7,0,5,122,132,17.687,74.033
Satara,22-07-2019,30,2019,7,0,7,94,106,17.687,74.033
Satara,29-07-2019,31,2019,7,1,4,115,123,17.687,74.033
Satara,05-08-2019,32,2019,8,1,8,123,135,17.687,74.033
Satara,12-08-2019,33,2019,8,0,12,107,124,17.687,74.033
Satara,19-08-2019,34,2019,8,0,9,102,116,17.687,74.033
Satara,26-08-2019,35,2019,8,2,7,114,129,17.687,74.033
Satara,02-09-2019,36,2019,9,0,9,104,116,17.687,74.033
Satara,09-09-2019,37,2019,9,0,13,107,127,17.687,74.033
Satara,16-09-2019,38,2019,9,0,7,115,126,17.687,74.033
Satara,23-09-2019,39,2019,9,0,6,108,119,17.687,74.033
Satara,30-09-2019,40,2019,9,1,14,106,125,17.687,74.033
Satara,07-10-2019,41,2019,10,2,7,48,60,17.687,74.033
Satara,14-10-2019,42,2019,10,1,5,47,57,17.687,74.033
Satara,21-10-2019,43,2019,10,1,3,42,50,17.687,74.033
Satara,28-10-2019,44,2019,10,0,7,44,52,17.687,74.033
Satara,04-11-2019,45,2019,11,1,7,41,52,17.687,74.033
Satara,11-11-2019,46,2019,11,0,6,34,45,17.687,74.033
Satara,18-11-2019,47,2019,11,0,4,39,46,17.687,74.033
Satara,25-11-2019,48,2019,11,0,4,48,55,17.687,74.033
Satara,02-12-2019,49,2019,12,0,7,31,41,17.687,74.033
Satara,09-12-2019,50,2019,12,0,4,25,34,17.687,74.033
Satara,16-12-2019,51,2019,12,0,6,29,41,17.687,74.033
Satara,23-12-2019,52,2019,12,0,2,26,30,17.687,74.033
Satara,30-12-2019,1,2019,12,0,4,24,33,17.687,74.033
Satara,06-01-2020,2,2020,1,0,3,28,34,17.687,74.033
Satara,13-01-2020,3,2020,1,1,6,33,45,17.687,74.033
Satara,20-01-2020,4,2020,1,0,6,20,31,17.687,74.033
Satara,27-01-2020,5,2020,1,0,9,44,57,17.687,74.033
Satara,03-02-2020,6,2020,2,1,3,31,37,17.687,74.033
Satara,10-02-2020,7,2020,2,1,4,27,35,17.687,74.033
Satara,17-02-2020,8,2020,2,0,7,29,41,17.687,74.033
Satara,24-02-2020,9,2020,2,0,3,34,43,17.687,74.033
Satara,02-03-2020,10,2020,3,1,3,23,34,17.687,74.033
Satara,09-03-2020,11,2020,3,0,5,40,49,17.687,74.033
Satara,16-03-2020,12,2020,3,0,3,29,33,17.687,74.033
Satara,23-03-2020,13,2020,3,0,2,34,41,17.687,74.033
Satara,30-03-2020,14,2020,3,0,1,37,39,17.687,74.033
Satara,06-04-2020,15,2020,4,0,8,63,74,17.687,74.033
Satara,13-04-2020,16,2020,4,0,9,49,59,17.687,74.033
Satara,20-04-2020,17,2020,4,0,4,56,64,17.687,74.033
Satara,27-04-2020,18,2020,4,0,8,46,58,17.687,74.033
Satara,04-05-2020,19,2020,5,0,7,53,65,17.687,74.033
Satara,11-05-2020,20,2020,5,0,10,58,70,17.687,74.033
Satara,18-05-2020,21,2020,5,0,7,48,59,17.687,74.033
Satara,25-05-2020,22,2020,5,0,4,54,62,17.687,74.033
Satara,01-06-2020,23,2020,6,0,3,141,149,17.687,74.033
Satara,08-06-2020,24,2020,6,1,6,104,116,17.687,74.033
Satara,15-06-2020,25,2020,6,0,7,99,111,17.687,74.033
Satara,22-06-2020,26,2020,6,0,10,106,118,17.687,74.033
Satara,29-06-2020,27,2020,6,2,8,104,121,17.687,74.033
Satara,06-07-2020,28,2020,7,1,10,119,132,17.687,74.033
Satara,13-07-2020,29,2020,7,0,8,110,122,17.687,74.033
Satara,20-07-2020,30,2020,7,2,9,96,108,17.687,74.033
Satara,27-07-2020,31,2020,7,0,4,102,108,17.687,74.033
Satara,03-08-2020,32,2020,8,1,7,109,129,17.687,74.033
Satara,10-08-2020,33,2020,8,0,10,107,121,17.687,74.033
Satara,17-08-2020,34,2020,8,0,5,109,119,17.687,74.033
Satara,24-08-2020,35,2020,8,1,9,111,126,17.687,74.033
Satara,31-08-2020,36,2020,8,0,6,99,109,17.687,74.033
Satara,07-09-2020,37,2020,9,1,6,89,103,17.687,74.033
Satara,14-09-2020,38,2020,9,0,4,114,122,17.687,74.033
Satara,21-09-2020,39,2020,9,3,12,86,102,17.687,74.033
Satara,28-09-2020,40,2020,9,0,5,111,119,17.687,74.033
Satara,05-10-2020,41,2020,10,0,4,38,46,17.687,74.033
Satara,12-10-2020,42,2020,10,0,6,43,52,17.687,74.033
Satara,19-10-2020,43,2020,10,0,9,43,57,17.687,74.033
Satara,26-10-2020,44,2020,10,1,5,43,50,17.687,74.033
Satara,02-11-2020,45,2020,11,1,7,44,54,17.687,74.033
Satara,09-11-2020,46,2020,11,1,5,44,59,17.687,74.033
Satara,16-11-2020,47,2020,11,0,4,46,55,17.687,74.033
Satara,23-11-2020,48,2020,11,1,9,29,42,17.687,74.033
Satara,30-11-2020,49,2020,11,1,8,42,54,17.687,74.033
Satara,07-12-2020,50,2020,12,1,7,32,43,17.687,74.033
Satara,14-12-2020,51,2020,12,0,1,26,29,17.687,74.033
Satara,21-12-2020,52,2020,12,0,0,28,30,17.687,74.033
Satara,28-12-2020,53,2020,12,0,4,36,42,17.687,74.033
Satara,04-01-2021,1,2021,1,0,2,29,35,17.687,74.033
Satara,11-01-2021,2,2021,1,0,5,27,39,17.687,74.033
Satara,18-01-2021,3,2021,1,0,5,27,39,17.687,74.033
Satara,25-01-2021,4,2021,1,0,9,27,41,17.687,74.033
Satara,01-02-2021,5,2021,2,0,2,36,44,17.687,74.033
Satara,08-02-2021,6,2021,2,0,4,25,29,17.687,74.033
Satara,15-02-2021,7,2021,2,0,4,32,41,17.687,74.033
Satara,22-02-2021,8,2021,2,0,1,25,29,17.687,74.033
Satara,01-03-2021,9,2021,3,0,4,34,39,17.687,74.033
Satara,08-03-2021,10,2021,3,0,4,29,34,17.687,74.033
Satara,15-03-2021,11,2021,3,0,2,28,36,17.687,74.033
Satara,22-03-2021,12,2021,3,0,3,31,37,17.687,74.033
Satara,29-03-2021,13,2021,3,0,4,31,38,17.687,74.033
Satara,05-04-2021,14,2021,4,0,13,54,74,17.687,74.033
Satara,12-04-2021,15,2021,4,0,7,51,61,17.687,74.033
Satara,19-04-2021,16,2021,4,0,8,50,64,17.687,74.033
Satara,26-04-2021,17,2021,4,0,12,58,73,17.687,74.033
Satara,03-05-2021,18,2021,5,0,12,49,65,17.687,74.033
Satara,10-05-2021,19,2021,5,0,10,57,70,17.687,74.033
Satara,17-05-2021,20,2021,5,0,12,54,69,17.687,74.033
Satara,24-05-2021,21,2021,5,1,8,60,72,17.687,74.033
Satara,31-05-2021,22,2021,5,0,8,48,65,17.687,74.033
Satara,07-06-2021,23,2021,6,2,8,105,117,17.687,74.033
Satara,14-06-2021,24,2021,6,1,7,117,127,17.687,74.033
Satara,21-06-2021,25,2021,6,0,6,131,140,17.687,74.033
Satara,28-06-2021,26,2021,6,1,11,96,112,17.687,74.033
Satara,05-07-2021,27,2021,7,1,7,111,119,17.687,74.033
Satara,12-07-2021,28,2021,7,2,8,104,120,17.687,74.033
Satara,19-07-2021,29,2021,7,0,12,116,134,17.687,74.033
Satara,26-07-2021,30,2021,7,0,5,115,122,17.687,74.033
Satara,02-08-2021,31,2021,8,0,8,138,150,17.687,74.033
Satara,09-08-2021,32,2021,8,1,9,98,110,17.687,74.033
Satara,16-08-2021,33,2021,8,0,3,101,106,17.687,74.033
Satara,23-08-2021,34,2021,8,1,8,101,114,17.687,74.033
Satara,30-08-2021,35,2021,8,0,8,107,120,17.687,74.033
Satara,06-09-2021,36,2021,9,0,6,118,130,17.687,74.033
Satara,13-09-2021,37,2021,9,0,10,118,131,17.687,74.033
Satara,20-09-2021,38,2021,9,2,3,93,101,17.687,74.033
Satara,27-09-2021,39,2021,9,1,8,107,118,17.687,74.033
Satara,04-10-2021,40,2021,10,0,4,37,42,17.687,74.033
Satara,11-10-2021,41,2021,10,0,2,32,38,17.687,74.033
Satara,18-10-2021,42,2021,10,0,10,44,57,17.687,74.033
Satara,25-10-2021,43,2021,10,0,6,54,61,17.687,74.033
Satara,01-11-2021,44,2021,11,0,5,35,43,17.687,74.033
Satara,08-11-2021,45,2021,11,0,7,40,54,17.687,74.033
Satara,15-11-2021,46,2021,11,1,4,41,49,17.687,74.033
Satara,22-11-2021,47,2021,11,2,4,42,53,17.687,74.033
Satara,29-11-2021,48,2021,11,0,3,32,38,17.687,74.033
Satara,06-12-2021,49,2021,12,0,2,28,31,17.687,74.033
Satara,13-12-2021,50,2021,12,0,6,34,42,17.687,74.033
Satara,20-12-2021,51,2021,12,0,9,40,55,17.687,74.033
Satara,27-12-2021,52,2021,12,0,5,30,41,17.687,74.033
Satara,03-01-2022,1,2022,1,0,4,37,44,17.687,74.033
Satara,10-01-2022,2,2022,1,0,5,38,45,17.687,74.033
Satara,17-01-2022,3,2022,1,1,9,27,40,17.687,74.033
Satara,24-01-2022,4,2022,1,0,4,31,40,17.687,74.033
Satara,31-01-2022,5,2022,1,0,11,31,44,17.687,74.033
Satara,07-02-2022,6,2022,2,0,4,34,41,17.687,74.033
Satara,14-02-2022,7,2022,2,0,3,27,34,17.687,74.033
Satara,21-02-2022,8,2022,2,0,7,26,34,17.687,74.033
Satara,28-02-2022,9,2022,2,0,9,19,34,17.687,74.033
Satara,07-03-2022,10,2022,3,0,8,31,43,17.687,74.033
Satara,14-03-2022,11,2022,3,2,1,29,33,17.687,74.033
Satara,21-03-2022,12,2022,3,0,4,26,31,17.687,74.033
Satara,28-03-2022,13,2022,3,0,6,35,42,17.687,74.033
Satara,04-04-2022,14,2022,4,0,10,62,77,17.687,74.033
Satara,11-04-2022,15,2022,4,1,6,61,73,17.687,74.033
Satara,18-04-2022,16,2022,4,0,10,54,68,17.687,74.033
Satara,25-04-2022,17,2022,4,0,7,46,56,17.687,74.033
Satara,02-05-2022,18,2022,5,1,9,57,72,17.687,74.033
Satara,09-05-2022,19,2022,5,1,9,53,64,17.687,74.033
Satara,16-05-2022,20,2022,5,0,9,62,73,17.687,74.033
Satara,23-05-2022,21,2022,5,0,9,48,60,17.687,74.033
Satara,30-05-2022,22,2022,5,0,16,60,80,17.687,74.033
Satara,06-06-2022,23,2022,6,1,4,117,125,17.687,74.033
Satara,13-06-2022,24,2022,6,0,6,109,120,17.687,74.033
Satara,20-06-2022,25,2022,6,0,12,110,126,17.687,74.033
Satara,27-06-2022,26,2022,6,1,9,118,133,17.687,74.033
Satara,04-07-2022,27,2022,7,0,7,95,103,17.687,74.033
Satara,11-07-2022,28,2022,7,2,5,108,118,17.687,74.033
Satara,18-07-2022,29,2022,7,1,6,104,111,17.687,74.033
Satara,25-07-2022,30,2022,7,1,11,111,124,17.687,74.033
Satara,01-08-2022,31,2022,8,1,6,98,111,17.687,74.033
Satara,08-08-2022,32,2022,8,2,10,100,119,17.687,74.033
Satara,15-08-2022,33,2022,8,3,4,89,102,17.687,74.033
Satara,22-08-2022,34,2022,8,4,8,105,122,17.687,74.033
Satara,29-08-2022,35,2022,8,0,4,117,131,17.687,74.033
Satara,05-09-2022,36,2022,9,0,7,113,122,17.687,74.033
Satara,12-09-2022,37,2022,9,1,8,104,115,17.687,74.033
Satara,19-09-2022,38,2022,9,0,7,118,130,17.687,74.033
Satara,26-09-2022,39,2022,9,0,3,99,108,17.687,74.033
Satara,03-10-2022,40,2022,10,0,7,43,53,17.687,74.033
Satara,10-10-2022,41,2022,10,0,2,45,49,17.687,74.033
Satara,17-10-2022,42,2022,10,0,7,47,55,17.687,74.033
Satara,24-10-2022,43,2022,10,0,6,36,45,17.687,74.033
Satara,31-10-2022,44,2022,10,0,1,51,57,17.687,74.033
Satara,07-11-2022,45,2022,11,0,2,40,43,17.687,74.033
Satara,14-11-2022,46,2022,11,1,9,33,44,17.687,74.033
Satara,21-11-2022,47,2022,11,0,5,53,59,17.687,74.033
Satara,28-11-2022,48,2022,11,0,4,51,57,17.687,74.033
Satara,05-12-2022,49,2022,12,0,1,26,30,17.687,74.033
Satara,12-12-2022,50,2022,12,0,3,27,34,17.687,74.033
Satara,19-12-2022,51,2022,12,0,4,27,32,17.687,74.033
Satara,26-12-2022,52,2022,12,0,4,21,27,17.687,74.033
Satara,02-01-2023,1,2023,1,1,4,28,35,17.687,74.033
Satara,09-01-2023,2,2023,1,0,5,29,39,17.687,74.033
Satara,16-01-2023,3,2023,1,1,7,30,40,17.687,74.033
Satara,23-01-2023,4,2023,1,1,6,36,46,17.687,74.033
Satara,30-01-2023,5,2023,1,0,7,24,33,17.687,74.033
Satara,06-02-2023,6,2023,2,0,6,31,41,17.687,74.033
Satara,13-02-2023,7,2023,2,1,2,27,34,17.687,74.033
Satara,20-02-2023,8,2023,2,0,7,30,38,17.687,74.033
Satara,27-02-2023,9,2023,2,0,9,33,50,17.687,74.033
Satara,06-03-2023,10,2023,3,0,5,31,42,17.687,74.033
Satara,13-03-2023,11,2023,3,0,7,31,43,17.687,74.033
Satara,20-03-2023,12,2023,3,0,9,25,40,17.687,74.033
Satara,27-03-2023,13,2023,3,0,5,39,44,17.687,74.033
Satara,03-04-2023,14,2023,4,0,4,56,65,17.687,74.033
Satara,10-04-2023,15,2023,4,0,11,46,58,17.687,74.033
Satara,17-04-2023,16,2023,4,0,11,63,75,17.687,74.033
Satara,24-04-2023,17,2023,4,0,11,43,59,17.687,74.033
Satara,01-05-2023,18,2023,5,0,8,54,62,17.687,74.033
Satara,08-05-2023,19,2023,5,1,7,43,56,17.687,74.033
Satara,15-05-2023,20,2023,5,1,10,66,81,17.687,74.033
Satara,22-05-2023,21,2023,5,0,10,48,58,17.687,74.033
Satara,29-05-2023,22,2023,5,1,9,56,67,17.687,74.033
Satara,05-06-2023,23,2023,6,0,11,121,135,17.687,74.033
Satara,12-06-2023,24,2023,6,0,9,85,96,17.687,74.033
Satara,19-06-2023,25,2023,6,0,8,93,104,17.687,74.033
Satara,26-06-2023,26,2023,6,0,16,113,132,17.687,74.033
Satara,03-07-2023,27,2023,7,0,10,122,136,17.687,74.033
Satara,10-07-2023,28,2023,7,0,8,108,118,17.687,74.033
Satara,17-07-2023,29,2023,7,0,8,115,131,17.687,74.033
Satara,24-07-2023,30,2023,7,0,11,126,139,17.687,74.033
Satara,31-07-2023,31,2023,7,0,6,95,104,17.687,74.033
Satara,07-08-2023,32,2023,8,1,14,87,103,17.687,74.033
Satara,14-08-2023,33,2023,8,0,4,116,122,17.687,74.033
Satara,21-08-2023,34,2023,8,2,9,109,126,17.687,74.033
Satara,28-08-2023,35,2023,8,2,7,116,127,17.687,74.033
Satara,04-09-2023,36,2023,9,1,8,106,123,17.687,74.033
Satara,11-09-2023,37,2023,9,1,10,109,125,17.687,74.033
Satara,18-09-2023,38,2023,9,1,6,106,118,17.687,74.033
Satara,25-09-2023,39,2023,9,0,7,118,132,17.687,74.033
Satara,02-10-2023,40,2023,10,0,5,36,44,17.687,74.033
Satara,09-10-2023,41,2023,10,1,4,34,43,17.687,74.033
Satara,16-10-2023,42,2023,10,0,5,41,48,17.687,74.033
Satara,23-10-2023,43,2023,10,0,5,48,56,17.687,74.033
Satara,30-10-2023,44,2023,10,0,5,45,50,17.687,74.033
Satara,06-11-2023,45,2023,11,0,10,42,53,17.687,74.033
Satara,13-11-2023,46,2023,11,0,4,50,56,17.687,74.033
Satara,20-11-2023,47,2023,11,0,4,39,49,17.687,74.033
Satara,27-11-2023,48,2023,11,0,3,50,55,17.687,74.033
Satara,04-12-2023,49,2023,12,0,4,34,40,17.687,74.033
Satara,11-12-2023,50,2023,12,1,5,33,41,17.687,74.033
Satara,18-12-2023,51,2023,12,0,5,28,36,17.687,74.033
Satara,25-12-2023,52,2023,12,0,4,28,38,17.687,74.033
Sangli,07-01-2019,2,2019,1,0,3,28,35,16.855,74.567
Sangli,14-01-2019,3,2019,1,0,4,32,38,16.855,74.567
Sangli,21-01-2019,4,2019,1,0,5,29,38,16.855,74.567
Sangli,28-01-2019,5,2019,1,0,7,33,42,16.855,74.567
Sangli,04-02-2019,6,2019,2,0,6,30,38,16.855,74.567
Sangli,11-02-2019,7,2019,2,0,4,31,40,16.855,74.567
Sangli,18-02-2019,8,2019,2,0,4,30,37,16.855,74.567
Sangli,25-02-2019,9,2019,2,1,3,23,28,16.855,74.567
Sangli,04-03-2019,10,2019,3,0,2,27,33,16.855,74.567
Sangli,11-03-2019,11,2019,3,0,13,27,42,16.855,74.567
Sangli,18-03-2019,12,2019,3,0,3,31,36,16.855,74.567
Sangli,25-03-2019,13,2019,3,0,7,23,31,16.855,74.567
Sangli,01-04-2019,14,2019,4,0,9,41,53,16.855,74.567
Sangli,08-04-2019,15,2019,4,0,7,55,65,16.855,74.567
Sangli,15-04-2019,16,2019,4,0,5,52,59,16.855,74.567
Sangli,22-04-2019,17,2019,4,0,9,60,72,16.855,74.567
Sangli,29-04-2019,18,2019,4,0,8,43,55,16.855,74.567
Sangli,06-05-2019,19,2019,5,0,13,51,66,16.855,74.567
Sangli,13-05-2019,20,2019,5,0,6,54,66,16.855,74.567
Sangli,20-05-2019,21,2019,5,1,8,43,55,16.855,74.567
Sangli,27-05-2019,22,2019,5,0,7,57,66,16.855,74.567
Sangli,03-06-2019,23,2019,6,2,10,92,104,16.855,74.567
Sangli,10-06-2019,24,2019,6,0,4,121,128,16.855,74.567
Sangli,17-06-2019,25,2019,6,1,9,101,117,16.855,74.567
Sangli,24-06-2019,26,2019,6,1,7,107,122,16.855,74.567
Sangli,01-07-2019,27,2019,7,1,8,86,98,16.855,74.567
Sangli,08-07-2019,28,2019,7,0,7,105,119,16.855,74.567
Sangli,15-07-2019,29,2019,7,0,6,91,99,16.855,74.567
Sangli,22-07-2019,30,2019,7,0,11,93,106,16.855,74.567
Sangli,29-07-2019,31,2019,7,1,7,98,110,16.855,74.567
Sangli,05-08-2019,32,2019,8,0,4,96,102,16.855,74.567
Sangli,12-08-2019,33,2019,8,2,4,106,112,16.855,74.567
Sangli,19-08-2019,34,2019,8,0,3,95,100,16.855,74.567
Sangli,26-08-2019,35,2019,8,1,11,113,130,16.855,74.567
Sangli,02-09-2019,36,2019,9,1,7,91,101,16.855,74.567
Sangli,09-09-2019,37,2019,9,0,9,86,100,16.855,74.567
Sangli,16-09-2019,38,2019,9,0,9,99,114,16.855,74.567
Sangli,23-09-2019,39,2019,9,2,6,106,121,16.855,74.567
Sangli,30-09-2019,40,2019,9,1,7,99,110,16.855,74.567
Sangli,07-10-2019,41,2019,10,0,1,39,46,16.855,74.567
Sangli,14-10-2019,42,2019,10,1,4,48,57,16.855,74.567
Sangli,21-10-2019,43,2019,10,0,7,45,57,16.855,74.567
Sangli,28-10-2019,44,2019,10,0,6,38,46,16.855,74.567
Sangli,04-11-2019,45,2019,11,0,6,27,35,16.855,74.567
Sangli,11-11-2019,46,2019,11,3,7,40,54,16.855,74.567
Sangli,18-11-2019,47,2019,11,2,3,50,61,16.855,74.567
Sangli,25-11-2019,48,2019,11,1,2,47,56,16.855,74.567
Sangli,02-12-2019,49,2019,12,0,5,25,31,16.855,74.567
Sangli,09-12-2019,50,2019,12,0,2,28,32,16.855,74.567
Sangli,16-12-2019,51,2019,12,1,3,29,38,16.855,74.567
Sangli,23-12-2019,52,2019,12,0,2,29,35,16.855,74.567
Sangli,30-12-2019,1,2019,12,0,4,31,39,16.855,74.567
Sangli,06-01-2020,2,2020,1,0,4,30,39,16.855,74.567
Sangli,13-01-2020,3,2020,1,1,6,41,50,16.855,74.567
Sangli,20-01-2020,4,2020,1,0,3,35,38,16.855,74.567
Sangli,27-01-2020,5,2020,1,0,3,26,31,16.855,74.567
Sangli,03-02-2020,6,2020,2,0,3,24,27,16.855,74.567
Sangli,10-02-2020,7,2020,2,0,7,26,36,16.855,74.567
Sangli,17-02-2020,8,2020,2,1,6,29,38,16.855,74.567
Sangli,24-02-2020,9,2020,2,0,4,28,34,16.855,74.567
Sangli,02-03-2020,10,2020,3,0,2,32,39,16.855,74.567
Sangli,09-03-2020,11,2020,3,0,1,36,38,16.855,74.567
Sangli,16-03-2020,12,2020,3,1,8,41,54,16.855,74.567
Sangli,23-03-2020,13,2020,3,0,7,28,36,16.855,74.567
Sangli,30-03-2020,14,2020,3,0,4,20,24,16.855,74.567
Sangli,06-04-2020,15,2020,4,0,10,55,69,16.855,74.567
Sangli,13-04-2020,16,2020,4,0,6,48,55,16.855,74.567
Sangli,20-04-2020,17,2020,4,0,8,56,68,16.855,74.567
Sangli,27-04-2020,18,2020,4,0,3,54,60,16.855,74.567
Sangli,04-05-2020,19,2020,5,0,10,60,76,16.855,74.567
Sangli,11-05-2020,20,2020,5,0,3,52,59,16.855,74.567
Sangli,18-05-2020,21,2020,5,0,12,61,73,16.855,74.567
Sangli,25-05-2020,22,2020,5,0,11,44,60,16.855,74.567
Sangli,01-06-2020,23,2020,6,0,11,95,111,16.855,74.567
Sangli,08-06-2020,24,2020,6,0,4,114,120,16.855,74.567
Sangli,15-06-2020,25,2020,6,0,4,96,102,16.855,74.567
Sangli,22-06-2020,26,2020,6,2,6,105,116,16.855,74.567
Sangli,29-06-2020,27,2020,6,0,7,81,93,16.855,74.567
Sangli,06-07-2020,28,2020,7,1,5,118,128,16.855,74.567
Sangli,13-07-2020,29,2020,7,1,8,98,111,16.855,74.567
Sangli,20-07-2020,30,2020,7,1,12,113,130,16.855,74.567
Sangli,27-07-2020,31,2020,7,1,4,117,124,16.855,74.567
Sangli,03-08-2020,32,2020,8,0,14,120,137,16.855,74.567
Sangli,10-08-2020,33,2020,8,0,4,106,110,16.855,74.567
Sangli,17-08-2020,34,2020,8,0,14,104,122,16.855,74.567
Sangli,24-08-2020,35,2020,8,0,6,79,87,16.855,74.567
Sangli,31-08-2020,36,2020,8,1,9,103,117,16.855,74.567
Sangli,07-09-2020,37,2020,9,0,14,97,115,16.855,74.567
Sangli,14-09-2020,38,2020,9,1,6,92,100,16.855,74.567
Sangli,21-09-2020,39,2020,9,0,5,113,122,16.855,74.567
Sangli,28-09-2020,40,2020,9,1,9,77,90,16.855,74.567
Sangli,05-10-2020,41,2020,10,1,3,36,40,16.855,74.567
Sangli,12-10-2020,42,2020,10,0,2,42,45,16.855,74.567
Sangli,19-10-2020,43,2020,10,0,2,42,46,16.855,74.567
Sangli,26-10-2020,44,2020,10,0,8,46,57,16.855,74.567
Sangli,02-11-2020,45,2020,11,2,3,36,42,16.855,74.567
Sangli,09-11-2020,46,2020,11,0,4,40,47,16.855,74.567
Sangli,16-11-2020,47,2020,11,0,3,49,55,16.855,74.567
Sangli,23-11-2020,48,2020,11,0,1,40,42,16.855,74.567
Sangli,30-11-2020,49,2020,11,0,5,41,49,16.855,74.567
Sangli,07-12-2020,50,2020,12,0,9,30,40,16.855,74.567
Sangli,14-12-2020,51,2020,12,2,4,34,46,16.855,74.567
Sangli,21-12-2020,52,2020,12,0,7,30,38,16.855,74.567
Sangli,28-12-2020,53,2020,12,0,8,33,43,16.855,74.567
Sangli,04-01-2021,1,2021,1,0,5,36,43,16.855,74.567
Sangli,11-01-2021,2,2021,1,0,6,30,36,16.855,74.567
Sangli,18-01-2021,3,2021,1,1,11,21,38,16.855,74.567
Sangli,25-01-2021,4,2021,1,0,7,26,34,16.855,74.567
Sangli,01-02-2021,5,2021,2,0,6,36,47,16.855,74.567
Sangli,08-02-2021,6,2021,2,0,5,17,25,16.855,74.567
Sangli,15-02-2021,7,2021,2,1,9,31,42,16.855,74.567
Sangli,22-02-2021,8,2021,2,0,1,32,35,16.855,74.567
Sangli,01-03-2021,9,2021,3,0,5,33,40,16.855,74.567
Sangli,08-03-2021,10,2021,3,0,3,26,32,16.855,74.567
Sangli,15-03-2021,11,2021,3,0,3,19,22,16.855,74.567
Sangli,22-03-2021,12,2021,3,0,2,32,37,16.855,74.567
Sangli,29-03-2021,13,2021,3,0,5,21,27,16.855,74.567
Sangli,05-04-2021,14,2021,4,0,7,35,44,16.855,74.567
Sangli,12-04-2021,15,2021,4,0,9,56,67,16.855,74.567
Sangli,19-04-2021,16,2021,4,0,12,44,57,16.855,74.567
Sangli,26-04-2021,17,2021,4,0,9,56,67,16.855,74.567
Sangli,03-05-2021,18,2021,5,0,11,55,68,16.855,74.567
Sangli,10-05-2021,19,2021,5,0,9,61,72,16.855,74.567
Sangli,17-05-2021,20,2021,5,1,10,48,61,16.855,74.567
Sangli,24-05-2021,21,2021,5,0,7,45,56,16.855,74.567
Sangli,31-05-2021,22,2021,5,0,8,47,61,16.855,74.567
Sangli,07-06-2021,23,2021,6,1,8,109,121,16.855,74.567
Sangli,14-06-2021,24,2021,6,2,11,98,112,16.855,74.567
Sangli,21-06-2021,25,2021,6,1,4,95,105,16.855,74.567
Sangli,28-06-2021,26,2021,6,0,11,92,105,16.855,74.567
Sangli,05-07-2021,27,2021,7,1,8,91,104,16.855,74.567
Sangli,12-07-2021,28,2021,7,1,12,91,110,16.855,74.567
Sangli,19-07-2021,29,2021,7,0,7,95,108,16.855,74.567
Sangli,26-07-2021,30,2021,7,1,8,101,115,16.855,74.567
Sangli,02-08-2021,31,2021,8,0,9,82,96,16.855,74.567
Sangli,09-08-2021,32,2021,8,0,9,100,118,16.855,74.567
Sangli,16-08-2021,33,2021,8,2,8,101,115,16.855,74.567
Sangli,23-08-2021,34,2021,8,0,4,98,103,16.855,74.567
Sangli,30-08-2021,35,2021,8,0,3,93,100,16.855,74.567
Sangli,06-09-2021,36,2021,9,1,8,101,118,16.855,74.567
Sangli,13-09-2021,37,2021,9,1,9,103,118,16.855,74.567
Sangli,20-09-2021,38,2021,9,0,8,85,95,16.855,74.567
Sangli,27-09-2021,39,2021,9,2,8,95,116,16.855,74.567
Sangli,04-10-2021,40,2021,10,1,4,39,46,16.855,74.567
Sangli,11-10-2021,41,2021,10,0,4,40,47,16.855,74.567
Sangli,18-10-2021,42,2021,10,0,5,32,41,16.855,74.567
Sangli,25-10-2021,43,2021,10,0,3,48,55,16.855,74.567
Sangli,01-11-2021,44,2021,11,0,4,39,43,16.855,74.567
Sangli,08-11-2021,45,2021,11,1,6,32,42,16.855,74.567
Sangli,15-11-2021,46,2021,11,1,4,35,41,16.855,74.567
Sangli,22-11-2021,47,2021,11,1,4,36,46,16.855,74.567
Sangli,29-11-2021,48,2021,11,0,2,37,49,16.855,74.567
Sangli,06-12-2021,49,2021,12,0,1,29,32,16.855,74.567
Sangli,13-12-2021,50,2021,12,0,4,22,30,16.855,74.567
Sangli,20-12-2021,51,2021,12,1,5,35,42,16.855,74.567
Sangli,27-12-2021,52,2021,12,0,6,30,41,16.855,74.567
Sangli,03-01-2022,1,2022,1,0,8,37,47,16.855,74.567
Sangli,10-01-2022,2,2022,1,0,8,31,42,16.855,74.567
Sangli,17-01-2022,3,2022,1,0,7,36,44,16.855,74.567
Sangli,24-01-2022,4,2022,1,1,5,29,37,16.855,74.567
Sangli,31-01-2022,5,2022,1,0,8,31,41,16.855,74.567
Sangli,07-02-2022,6,2022,2,0,6,24,31,16.855,74.567
Sangli,14-02-2022,7,2022,2,0,4,33,41,16.855,74.567
Sangli,21-02-2022,8,2022,2,0,6,26,35,16.855,74.567
Sangli,28-02-2022,9,2022,2,0,6,36,44,16.855,74.567
Sangli,07-03-2022,10,2022,3,0,6,32,40,16.855,74.567
Sangli,14-03-2022,11,2022,3,1,5,26,35,16.855,74.567
Sangli,21-03-2022,12,2022,3,0,3,26,35,16.855,74.567
Sangli,28-03-2022,13,2022,3,0,2,26,29,16.855,74.567
Sangli,04-04-2022,14,2022,4,0,9,37,49,16.855,74.567
Sangli,11-04-2022,15,2022,4,0,8,53,62,16.855,74.567
Sangli,18-04-2022,16,2022,4,0,11,51,65,16.855,74.567
Sangli,25-04-2022,17,2022,4,0,14,48,65,16.855,74.567
Sangli,02-05-2022,18,2022,5,0,9,48,58,16.855,74.567
Sangli,09-05-2022,19,2022,5,1,12,53,67,16.855,74.567
Sangli,16-05-2022,20,2022,5,0,8,47,57,16.855,74.567
Sangli,23-05-2022,21,2022,5,0,7,46,58,16.855,74.567
Sangli,30-05-2022,22,2022,5,0,11,44,59,16.855,74.567
Sangli,06-06-2022,23,2022,6,1,4,93,99,16.855,74.567
Sangli,13-06-2022,24,2022,6,1,5,98,108,16.855,74.567
Sangli,20-06-2022,25,2022,6,0,3,107,110,16.855,74.567
Sangli,27-06-2022,26,2022,6,0,14,110,126,16.855,74.567
Sangli,04-07-2022,27,2022,7,0,5,95,104,16.855,74.567
Sangli,11-07-2022,28,2022,7,1,6,103,112,16.855,74.567
Sangli,18-07-2022,29,2022,7,1,9,96,109,16.855,74.567
Sangli,25-07-2022,30,2022,7,0,9,97,111,16.855,74.567
Sangli,01-08-2022,31,2022,8,1,6,92,104,16.855,74.567
Sangli,08-08-2022,32,2022,8,1,7,100,111,16.855,74.567
Sangli,15-08-2022,33,2022,8,1,11,86,103,16.855,74.567
Sangli,22-08-2022,34,2022,8,0,8,99,110,16.855,74.567
Sangli,29-08-2022,35,2022,8,2,7,108,121,16.855,74.567
Sangli,05-09-2022,36,2022,9,0,4,106,113,16.855,74.567
Sangli,12-09-2022,37,2022,9,1,10,93,108,16.855,74.567
Sangli,19-09-2022,38,2022,9,2,1,94,99,16.855,74.567
Sangli,26-09-2022,39,2022,9,1,10,98,111,16.855,74.567
Sangli,03-10-2022,40,2022,10,0,8,35,44,16.855,74.567
Sangli,10-10-2022,41,2022,10,0,3,34,39,16.855,74.567
Sangli,17-10-2022,42,2022,10,0,3,37,44,16.855,74.567
Sangli,24-10-2022,43,2022,10,0,3,36,41,16.855,74.567
Sangli,31-10-2022,44,2022,10,0,1,37,38,16.855,74.567
Sangli,07-11-2022,45,2022,11,1,6,46,56,16.855,74.567
Sangli,14-11-2022,46,2022,11,0,1,40,43,16.855,74.567
Sangli,21-11-2022,47,2022,11,0,7,34,43,16.855,74.567
Sangli,28-11-2022,48,2022,11,0,5,46,52,16.855,74.567
Sangli,05-12-2022,49,2022,12,0,5,26,32,16.855,74.567
Sangli,12-12-2022,50,2022,12,0,4,32,39,16.855,74.567
Sangli,19-12-2022,51,2022,12,0,4,31,36,16.855,74.567
Sangli,26-12-2022,52,2022,12,0,5,22,29,16.855,74.567
Sangli,02-01-2023,1,2023,1,1,5,31,40,16.855,74.567
Sangli,09-01-2023,2,2023,1,0,4,32,39,16.855,74.567
Sangli,16-01-2023,3,2023,1,0,3,25,32,16.855,74.567
Sangli,23-01-2023,4,2023,1,0,4,24,30,16.855,74.567
Sangli,30-01-2023,5,2023,1,1,7,25,36,16.855,74.567
Sangli,06-02-2023,6,2023,2,1,4,32,39,16.855,74.567
Sangli,13-02-2023,7,2023,2,0,5,27,33,16.855,74.567
Sangli,20-02-2023,8,2023,2,0,7,40,49,16.855,74.567
Sangli,27-02-2023,9,2023,2,1,4,24,32,16.855,74.567
Sangli,06-03-2023,10,2023,3,0,6,22,29,16.855,74.567
Sangli,13-03-2023,11,2023,3,0,4,24,31,16.855,74.567
Sangli,20-03-2023,12,2023,3,0,2,30,36,16.855,74.567
Sangli,27-03-2023,13,2023,3,0,4,34,39,16.855,74.567
Sangli,03-04-2023,14,2023,4,0,9,63,73,16.855,74.567
Sangli,10-04-2023,15,2023,4,0,5,54,62,16.855,74.567
Sangli,17-04-2023,16,2023,4,0,8,54,65,16.855,74.567
Sangli,24-04-2023,17,2023,4,1,11,57,73,16.855,74.567
Sangli,01-05-2023,18,2023,5,1,8,48,61,16.855,74.567
Sangli,08-05-2023,19,2023,5,0,9,49,62,16.855,74.567
Sangli,15-05-2023,20,2023,5,0,8,60,71,16.855,74.567
Sangli,22-05-2023,21,2023,5,0,9,56,68,16.855,74.567
Sangli,29-05-2023,22,2023,5,0,8,58,68,16.855,74.567
Sangli,05-06-2023,23,2023,6,1,5,97,106,16.855,74.567
Sangli,12-06-2023,24,2023,6,0,6,99,110,16.855,74.567
Sangli,19-06-2023,25,2023,6,0,11,91,103,16.855,74.567
Sangli,26-06-2023,26,2023,6,1,8,99,113,16.855,74.567
Sangli,03-07-2023,27,2023,7,0,8,91,104,16.855,74.567
Sangli,10-07-2023,28,2023,7,0,9,90,100,16.855,74.567
Sangli,17-07-2023,29,2023,7,0,2,106,113,16.855,74.567
Sangli,24-07-2023,30,2023,7,1,10,91,106,16.855,74.567
Sangli,31-07-2023,31,2023,7,1,7,92,104,16.855,74.567
Sangli,07-08-2023,32,2023,8,0,7,93,103,16.855,74.567
Sangli,14-08-2023,33,2023,8,1,5,88,98,16.855,74.567
Sangli,21-08-2023,34,2023,8,1,8,95,106,16.855,74.567
Sangli,28-08-2023,35,2023,8,0,2,80,86,16.855,74.567
Sangli,04-09-2023,36,2023,9,0,12,109,126,16.855,74.567
Sangli,11-09-2023,37,2023,9,0,3,109,117,16.855,74.567
Sangli,18-09-2023,38,2023,9,0,17,112,133,16.855,74.567
Sangli,25-09-2023,39,2023,9,0,8,91,103,16.855,74.567
Sangli,02-10-2023,40,2023,10,0,4,35,45,16.855,74.567
Sangli,09-10-2023,41,2023,10,1,5,50,57,16.855,74.567
Sangli,16-10-2023,42,2023,10,0,5,29,37,16.855,74.567
Sangli,23-10-2023,43,2023,10,0,2,40,45,16.855,74.567
Sangli,30-10-2023,44,2023,10,0,5,45,54,16.855,74.567
Sangli,06-11-2023,45,2023,11,0,6,37,47,16.855,74.567
Sangli,13-11-2023,46,2023,11,0,4,33,40,16.855,74.567
Sangli,20-11-2023,47,2023,11,0,9,34,46,16.855,74.567
Sangli,27-11-2023,48,2023,11,0,7,48,57,16.855,74.567
Sangli,04-12-2023,49,2023,12,0,6,29,39,16.855,74.567
Sangli,11-12-2023,50,2023,12,0,1,37,40,16.855,74.567
Sangli,18-12-2023,51,2023,12,0,5,24,29,16.855,74.567
Sangli,25-12-2023,52,2023,12,1,7,25,36,16.855,74.567
Solapur,07-01-2019,2,2019,1,0,8,52,67,17.687,75.927
Solapur,14-01-2019,3,2019,1,0,4,45,52,17.687,75.927
Solapur,21-01-2019,4,2019,1,1,6,45,57,17.687,75.927
Solapur,28-01-2019,5,2019,1,0,8,53,68,17.687,75.927
Solapur,04-02-2019,6,2019,2,1,12,46,68,17.687,75.927
Solapur,11-02-2019,7,2019,2,2,10,53,70,17.687,75.927
Solapur,18-02-2019,8,2019,2,1,10,40,58,17.687,75.927
Solapur,25-02-2019,9,2019,2,0,2,61,65,17.687,75.927
Solapur,04-03-2019,10,2019,3,0,12,57,70,17.687,75.927
Solapur,11-03-2019,11,2019,3,0,5,43,50,17.687,75.927
Solapur,18-03-2019,12,2019,3,0,9,62,74,17.687,75.927
Solapur,25-03-2019,13,2019,3,0,5,44,56,17.687,75.927
Solapur,01-04-2019,14,2019,4,0,19,81,103,17.687,75.927
Solapur,08-04-2019,15,2019,4,0,14,71,89,17.687,75.927
Solapur,15-04-2019,16,2019,4,0,9,87,104,17.687,75.927
Solapur,22-04-2019,17,2019,4,0,16,77,97,17.687,75.927
Solapur,29-04-2019,18,2019,4,0,14,93,112,17.687,75.927
Solapur,06-05-2019,19,2019,5,1,11,83,104,17.687,75.927
Solapur,13-05-2019,20,2019,5,0,10,79,93,17.687,75.927
Solapur,20-05-2019,21,2019,5,0,13,99,117,17.687,75.927
Solapur,27-05-2019,22,2019,5,0,10,76,91,17.687,75.927
Solapur,03-06-2019,23,2019,6,1,12,158,180,17.687,75.927
Solapur,10-06-2019,24,2019,6,0,17,181,212,17.687,75.927
Solapur,17-06-2019,25,2019,6,0,16,184,207,17.687,75.927
Solapur,24-06-2019,26,2019,6,0,12,173,186,17.687,75.927
Solapur,01-07-2019,27,2019,7,0,15,149,176,17.687,75.927
Solapur,08-07-2019,28,2019,7,4,16,165,189,17.687,75.927
Solapur,15-07-2019,29,2019,7,3,11,162,185,17.687,75.927
Solapur,22-07-2019,30,2019,7,1,15,150,172,17.687,75.927
Solapur,29-07-2019,31,2019,7,1,13,167,184,17.687,75.927
Solapur,05-08-2019,32,2019,8,1,7,142,159,17.687,75.927
Solapur,12-08-2019,33,2019,8,0,14,158,186,17.687,75.927
Solapur,19-08-2019,34,2019,8,0,9,163,179,17.687,75.927
Solapur,26-08-2019,35,2019,8,0,16,153,173,17.687,75.927
Solapur,02-09-2019,36,2019,9,1,13,182,202,17.687,75.927
Solapur,09-09-2019,37,2019,9,1,13,156,175,17.687,75.927
Solapur,16-09-2019,38,2019,9,1,21,167,196,17.687,75.927
Solapur,23-09-2019,39,2019,9,1,9,167,184,17.687,75.927
Solapur,30-09-2019,40,2019,9,0,11,166,182,17.687,75.927
Solapur,07-10-2019,41,2019,10,0,7,57,67,17.687,75.927
Solapur,14-10-2019,42,2019,10,1,4,62,74,17.687,75.927
Solapur,21-10-2019,43,2019,10,1,11,77,95,17.687,75.927
Solapur,28-10-2019,44,2019,10,1,10,59,72,17.687,75.927
Solapur,04-11-2019,45,2019,11,0,4,64,72,17.687,75.927
Solapur,11-11-2019,46,2019,11,0,7,57,68,17.687,75.927
Solapur,18-11-2019,47,2019,11,0,10,56,70,17.687,75.927
Solapur,25-11-2019,48,2019,11,0,3,58,65,17.687,75.927
Solapur,02-12-2019,49,2019,12,0,9,45,59,17.687,75.927
Solapur,09-12-2019,50,2019,12,0,6,44,55,17.687,75.927
Solapur,16-12-2019,51,2019,12,0,4,45,50,17.687,75.927
Solapur,23-12-2019,52,2019,12,0,10,49,65,17.687,75.927
Solapur,30-12-2019,1,2019,12,0,9,46,61,17.687,75.927
Solapur,06-01-2020,2,2020,1,0,7,52,61,17.687,75.927
Solapur,13-01-2020,3,2020,1,0,11,47,60,17.687,75.927
Solapur,20-01-2020,4,2020,1,0,11,42,59,17.687,75.927
Solapur,27-01-2020,5,2020,1,1,7,53,66,17.687,75.927
Solapur,03-02-2020,6,2020,2,1,5,58,70,17.687,75.927
Solapur,10-02-2020,7,2020,2,2,8,52,66,17.687,75.927
Solapur,17-02-2020,8,2020,2,0,13,41,57,17.687,75.927
Solapur,24-02-2020,9,2020,2,3,14,27,48,17.687,75.927
Solapur,02-03-2020,10,2020,3,1,10,52,67,17.687,75.927
Solapur,09-03-2020,11,2020,3,1,6,46,59,17.687,75.927
Solapur,16-03-2020,12,2020,3,0,7,52,67,17.687,75.927
Solapur,23-03-2020,13,2020,3,0,9,49,64,17.687,75.927
Solapur,30-03-2020,14,2020,3,0,9,39,57,17.687,75.927
Solapur,06-04-2020,15,2020,4,0,17,93,114,17.687,75.927
Solapur,13-04-2020,16,2020,4,0,16,86,104,17.687,75.927
Solapur,20-04-2020,17,2020,4,0,18,63,84,17.687,75.927
Solapur,27-04-2020,18,2020,4,0,15,89,106,17.687,75.927
Solapur,04-05-2020,19,2020,5,0,8,91,99,17.687,75.927
Solapur,11-05-2020,20,2020,5,0,16,79,101,17.687,75.927
Solapur,18-05-2020,21,2020,5,0,11,90,104,17.687,75.927
Solapur,25-05-2020,22,2020,5,0,6,87,96,17.687,75.927
Solapur,01-06-2020,23,2020,6,0,13,170,194,17.687,75.927
Solapur,08-06-2020,24,2020,6,0,10,173,188,17.687,75.927
Solapur,15-06-2020,25,2020,6,2,15,156,178,17.687,75.927
Solapur,22-06-2020,26,2020,6,0,12,149,169,17.687,75.927
Solapur,29-06-2020,27,2020,6,2,9,186,202,17.687,75.927
Solapur,06-07-2020,28,2020,7,0,8,166,183,17.687,75.927
Solapur,13-07-2020,29,2020,7,0,7,177,191,17.687,75.927
Solapur,20-07-2020,30,2020,7,1,12,159,178,17.687,75.927
Solapur,27-07-2020,31,2020,7,0,19,160,184,17.687,75.927
Solapur,03-08-2020,32,2020,8,2,14,160,178,17.687,75.927
Solapur,10-08-2020,33,2020,8,1,20,162,189,17.687,75.927
Solapur,17-08-2020,34,2020,8,2,12,149,174,17.687,75.927
Solapur,24-08-2020,35,2020,8,1,12,151,165,17.687,75.927
Solapur,31-08-2020,36,2020,8,0,10,161,174,17.687,75.927
Solapur,07-09-2020,37,2020,9,1,13,173,195,17.687,75.927
Solapur,14-09-2020,38,2020,9,0,16,176,200,17.687,75.927
Solapur,21-09-2020,39,2020,9,0,15,165,184,17.687,75.927
Solapur,28-09-2020,40,2020,9,0,15,172,196,17.687,75.927
Solapur,05-10-2020,41,2020,10,2,6,64,78,17.687,75.927
Solapur,12-10-2020,42,2020,10,1,7,71,82,17.687,75.927
Solapur,19-10-2020,43,2020,10,0,6,62,75,17.687,75.927
Solapur,26-10-2020,44,2020,10,0,7,69,83,17.687,75.927
Solapur,02-11-2020,45,2020,11,1,7,58,71,17.687,75.927
Solapur,09-11-2020,46,2020,11,0,10,57,69,17.687,75.927
Solapur,16-11-2020,47,2020,11,0,6,59,68,17.687,75.927
Solapur,23-11-2020,48,2020,11,1,6,74,89,17.687,75.927
Solapur,30-11-2020,49,2020,11,0,7,53,63,17.687,75.927
Solapur,07-12-2020,50,2020,12,1,9,50,64,17.687,75.927
Solapur,14-12-2020,51,2020,12,1,11,52,70,17.687,75.927
Solapur,21-12-2020,52,2020,12,1,8,54,63,17.687,75.927
Solapur,28-12-2020,53,2020,12,0,12,44,62,17.687,75.927
Solapur,04-01-2021,1,2021,1,0,10,56,68,17.687,75.927
Solapur,11-01-2021,2,2021,1,0,10,56,72,17.687,75.927
Solapur,18-01-2021,3,2021,1,0,4,56,64,17.687,75.927
Solapur,25-01-2021,4,2021,1,0,6,58,67,17.687,75.927
Solapur,01-02-2021,5,2021,2,0,9,45,59,17.687,75.927
Solapur,08-02-2021,6,2021,2,0,6,58,78,17.687,75.927
Solapur,15-02-2021,7,2021,2,0,11,47,63,17.687,75.927
Solapur,22-02-2021,8,2021,2,0,11,52,64,17.687,75.927
Solapur,01-03-2021,9,2021,3,0,14,41,60,17.687,75.927
Solapur,08-03-2021,10,2021,3,0,3,55,66,17.687,75.927
Solapur,15-03-2021,11,2021,3,0,7,43,53,17.687,75.927
Solapur,22-03-2021,12,2021,3,0,9,63,78,17.687,75.927
Solapur,29-03-2021,13,2021,3,1,11,50,68,17.687,75.927
Solapur,05-04-2021,14,2021,4,0,11,80,94,17.687,75.927
Solapur,12-04-2021,15,2021,4,2,13,89,109,17.687,75.927
Solapur,19-04-2021,16,2021,4,0,20,76,101,17.687,75.927
Solapur,26-04-2021,17,2021,4,2,11,100,114,17.687,75.927
Solapur,03-05-2021,18,2021,5,1,8,88,102,17.687,75.927
Solapur,10-05-2021,19,2021,5,1,14,65,86,17.687,75.927
Solapur,17-05-2021,20,2021,5,0,11,102,122,17.687,75.927
Solapur,24-05-2021,21,2021,5,0,12,73,88,17.687,75.927
Solapur,31-05-2021,22,2021,5,0,11,71,85,17.687,75.927
Solapur,07-06-2021,23,2021,6,0,13,137,156,17.687,75.927
Solapur,14-06-2021,24,2021,6,4,8,176,194,17.687,75.927
Solapur,21-06-2021,25,2021,6,3,10,175,198,17.687,75.927
Solapur,28-06-2021,26,2021,6,0,12,155,172,17.687,75.927
Solapur,05-07-2021,27,2021,7,0,8,156,172,17.687,75.927
Solapur,12-07-2021,28,2021,7,1,14,165,189,17.687,75.927
Solapur,19-07-2021,29,2021,7,0,11,184,201,17.687,75.927
Solapur,26-07-2021,30,2021,7,1,18,168,190,17.687,75.927
Solapur,02-08-2021,31,2021,8,1,10,142,162,17.687,75.927
Solapur,09-08-2021,32,2021,8,2,14,156,182,17.687,75.927
Solapur,16-08-2021,33,2021,8,2,14,145,167,17.687,75.927
Solapur,23-08-2021,34,2021,8,1,12,157,175,17.687,75.927
Solapur,30-08-2021,35,2021,8,3,14,166,187,17.687,75.927
Solapur,06-09-2021,36,2021,9,0,17,140,161,17.687,75.927
Solapur,13-09-2021,37,2021,9,0,12,157,175,17.687,75.927
Solapur,20-09-2021,38,2021,9,0,20,168,193,17.687,75.927
Solapur,27-09-2021,39,2021,9,2,14,169,190,17.687,75.927
Solapur,04-10-2021,40,2021,10,0,6,65,74,17.687,75.927
Solapur,11-10-2021,41,2021,10,1,8,66,82,17.687,75.927
Solapur,18-10-2021,42,2021,10,1,9,74,88,17.687,75.927
Solapur,25-10-2021,43,2021,10,0,8,58,73,17.687,75.927
Solapur,01-11-2021,44,2021,11,0,9,70,82,17.687,75.927
Solapur,08-11-2021,45,2021,11,0,10,63,75,17.687,75.927
Solapur,15-11-2021,46,2021,11,0,5,67,75,17.687,75.927
Solapur,22-11-2021,47,2021,11,0,10,64,75,17.687,75.927
Solapur,29-11-2021,48,2021,11,2,3,73,82,17.687,75.927
Solapur,06-12-2021,49,2021,12,0,11,37,53,17.687,75.927
Solapur,13-12-2021,50,2021,12,1,5,56,64,17.687,75.927
Solapur,20-12-2021,51,2021,12,0,8,52,67,17.687,75.927
Solapur,27-12-2021,52,2021,12,1,3,59,66,17.687,75.927
Solapur,03-01-2022,1,2022,1,0,9,48,62,17.687,75.927
Solapur,10-01-2022,2,2022,1,1,2,53,63,17.687,75.927
Solapur,17-01-2022,3,2022,1,0,9,50,65,17.687,75.927
Solapur,24-01-2022,4,2022,1,0,8,46,60,17.687,75.927
Solapur,31-01-2022,5,2022,1,1,4,46,57,17.687,75.927
Solapur,07-02-2022,6,2022,2,0,8,43,53,17.687,75.927
Solapur,14-02-2022,7,2022,2,0,8,41,55,17.687,75.927
Solapur,21-02-2022,8,2022,2,0,11,44,59,17.687,75.927
Solapur,28-02-2022,9,2022,2,0,7,41,49,17.687,75.927
Solapur,07-03-2022,10,2022,3,1,5,67,76,17.687,75.927
Solapur,14-03-2022,11,2022,3,0,7,41,54,17.687,75.927
Solapur,21-03-2022,12,2022,3,1,7,42,54,17.687,75.927
Solapur,28-03-2022,13,2022,3,2,9,51,69,17.687,75.927
Solapur,04-04-2022,14,2022,4,1,14,86,104,17.687,75.927
Solapur,11-04-2022,15,2022,4,0,11,89,103,17.687,75.927
Solapur,18-04-2022,16,2022,4,0,9,91,102,17.687,75.927
Solapur,25-04-2022,17,2022,4,1,21,89,118,17.687,75.927
Solapur,02-05-2022,18,2022,5,0,6,108,121,17.687,75.927
Solapur,09-05-2022,19,2022,5,0,11,83,97,17.687,75.927
Solapur,16-05-2022,20,2022,5,0,15,99,120,17.687,75.927
Solapur,23-05-2022,21,2022,5,1,14,72,89,17.687,75.927
Solapur,30-05-2022,22,2022,5,0,6,68,81,17.687,75.927
Solapur,06-06-2022,23,2022,6,2,14,148,168,17.687,75.927
Solapur,13-06-2022,24,2022,6,1,9,154,168,17.687,75.927
Solapur,20-06-2022,25,2022,6,1,10,174,189,17.687,75.927
Solapur,27-06-2022,26,2022,6,0,12,147,161,17.687,75.927
Solapur,04-07-2022,27,2022,7,0,8,144,156,17.687,75.927
Solapur,11-07-2022,28,2022,7,0,7,162,179,17.687,75.927
Solapur,18-07-2022,29,2022,7,1,9,159,178,17.687,75.927
Solapur,25-07-2022,30,2022,7,0,12,173,193,17.687,75.927
Solapur,01-08-2022,31,2022,8,0,8,172,191,17.687,75.927
Solapur,08-08-2022,32,2022,8,2,10,156,175,17.687,75.927
Solapur,15-08-2022,33,2022,8,1,10,159,178,17.687,75.927
Solapur,22-08-2022,34,2022,8,0,11,176,195,17.687,75.927
Solapur,29-08-2022,35,2022,8,0,13,163,185,17.687,75.927
Solapur,05-09-2022,36,2022,9,0,11,165,180,17.687,75.927
Solapur,12-09-2022,37,2022,9,1,9,142,160,17.687,75.927
Solapur,19-09-2022,38,2022,9,1,15,182,199,17.687,75.927
Solapur,26-09-2022,39,2022,9,1,4,167,180,17.687,75.927
Solapur,03-10-2022,40,2022,10,1,9,64,76,17.687,75.927
Solapur,10-10-2022,41,2022,10,0,10,63,78,17.687,75.927
Solapur,17-10-2022,42,2022,10,0,12,57,75,17.687,75.927
Solapur,24-10-2022,43,2022,10,0,8,74,86,17.687,75.927
Solapur,31-10-2022,44,2022,10,1,10,61,74,17.687,75.927
Solapur,07-11-2022,45,2022,11,0,4,65,78,17.687,75.927
Solapur,14-11-2022,46,2022,11,1,1,70,76,17.687,75.927
Solapur,21-11-2022,47,2022,11,0,11,70,84,17.687,75.927
Solapur,28-11-2022,48,2022,11,0,4,82,91,17.687,75.927
Solapur,05-12-2022,49,2022,12,1,8,51,61,17.687,75.927
Solapur,12-12-2022,50,2022,12,0,5,51,60,17.687,75.927
Solapur,19-12-2022,51,2022,12,0,14,49,66,17.687,75.927
Solapur,26-12-2022,52,2022,12,1,6,43,52,17.687,75.927
Solapur,02-01-2023,1,2023,1,1,8,52,64,17.687,75.927
Solapur,09-01-2023,2,2023,1,0,10,37,52,17.687,75.927
Solapur,16-01-2023,3,2023,1,0,6,38,50,17.687,75.927
Solapur,23-01-2023,4,2023,1,0,4,55,60,17.687,75.927
Solapur,30-01-2023,5,2023,1,0,9,46,61,17.687,75.927
Solapur,06-02-2023,6,2023,2,0,9,54,68,17.687,75.927
Solapur,13-02-2023,7,2023,2,0,18,42,61,17.687,75.927
Solapur,20-02-2023,8,2023,2,0,4,41,48,17.687,75.927
Solapur,27-02-2023,9,2023,2,1,8,31,43,17.687,75.927
Solapur,06-03-2023,10,2023,3,0,8,54,68,17.687,75.927
Solapur,13-03-2023,11,2023,3,0,9,45,58,17.687,75.927
Solapur,20-03-2023,12,2023,3,0,11,41,56,17.687,75.927
Solapur,27-03-2023,13,2023,3,0,12,55,68,17.687,75.927
Solapur,03-04-2023,14,2023,4,0,12,96,116,17.687,75.927
Solapur,10-04-2023,15,2023,4,0,17,89,109,17.687,75.927
Solapur,17-04-2023,16,2023,4,0,18,88,108,17.687,75.927
Solapur,24-04-2023,17,2023,4,1,10,96,112,17.687,75.927
Solapur,01-05-2023,18,2023,5,0,13,79,97,17.687,75.927
Solapur,08-05-2023,19,2023,5,0,22,94,123,17.687,75.927
Solapur,15-05-2023,20,2023,5,0,18,96,118,17.687,75.927
Solapur,22-05-2023,21,2023,5,1,8,88,99,17.687,75.927
Solapur,29-05-2023,22,2023,5,0,14,76,94,17.687,75.927
Solapur,05-06-2023,23,2023,6,3,6,185,197,17.687,75.927
Solapur,12-06-2023,24,2023,6,0,12,155,170,17.687,75.927
Solapur,19-06-2023,25,2023,6,3,8,171,188,17.687,75.927
Solapur,26-06-2023,26,2023,6,1,13,144,165,17.687,75.927
Solapur,03-07-2023,27,2023,7,1,13,178,198,17.687,75.927
Solapur,10-07-2023,28,2023,7,1,12,174,197,17.687,75.927
Solapur,17-07-2023,29,2023,7,0,11,156,181,17.687,75.927
Solapur,24-07-2023,30,2023,7,2,10,170,186,17.687,75.927
Solapur,31-07-2023,31,2023,7,1,8,167,186,17.687,75.927
Solapur,07-08-2023,32,2023,8,0,11,167,181,17.687,75.927
Solapur,14-08-2023,33,2023,8,3,10,179,197,17.687,75.927
Solapur,21-08-2023,34,2023,8,0,15,151,171,17.687,75.927
Solapur,28-08-2023,35,2023,8,1,17,181,212,17.687,75.927
Solapur,04-09-2023,36,2023,9,1,4,164,173,17.687,75.927
Solapur,11-09-2023,37,2023,9,1,15,165,186,17.687,75.927
Solapur,18-09-2023,38,2023,9,1,16,170,189,17.687,75.927
Solapur,25-09-2023,39,2023,9,0,11,159,176,17.687,75.927
Solapur,02-10-2023,40,2023,10,0,10,71,89,17.687,75.927
Solapur,09-10-2023,41,2023,10,1,8,68,82,17.687,75.927
Solapur,16-10-2023,42,2023,10,0,2,57,61,17.687,75.927
Solapur,23-10-2023,43,2023,10,0,10,67,80,17.687,75.927
Solapur,30-10-2023,44,2023,10,0,12,68,85,17.687,75.927
Solapur,06-11-2023,45,2023,11,1,11,77,95,17.687,75.927
Solapur,13-11-2023,46,2023,11,0,8,76,90,17.687,75.927
Solapur,20-11-2023,47,2023,11,1,3,50,58,17.687,75.927
Solapur,27-11-2023,48,2023,11,0,12,72,84,17.687,75.927
Solapur,04-12-2023,49,2023,12,1,6,66,81,17.687,75.927
Solapur,11-12-2023,50,2023,12,0,6,43,55,17.687,75.927
Solapur,18-12-2023,51,2023,12,1,8,57,71,17.687,75.927
Solapur,25-12-2023,52,2023,12,0,6,46,59,17.687,75.927
Kolhapur,07-01-2019,2,2019,1,1,3,29,40,16.7,74.233
Kolhapur,14-01-2019,3,2019,1,0,6,39,51,16.7,74.233
Kolhapur,21-01-2019,4,2019,1,0,2,35,39,16.7,74.233
Kolhapur,28-01-2019,5,2019,1,1,5,32,39,16.7,74.233
Kolhapur,04-02-2019,6,2019,2,0,3,32,41,16.7,74.233
Kolhapur,11-02-2019,7,2019,2,0,7,33,43,16.7,74.233
Kolhapur,18-02-2019,8,2019,2,0,4,40,50,16.7,74.233
Kolhapur,25-02-2019,9,2019,2,1,7,37,47,16.7,74.233
Kolhapur,04-03-2019,10,2019,3,1,8,32,42,16.7,74.233
Kolhapur,11-03-2019,11,2019,3,0,6,36,46,16.7,74.233
Kolhapur,18-03-2019,12,2019,3,0,7,26,38,16.7,74.233
Kolhapur,25-03-2019,13,2019,3,0,5,36,43,16.7,74.233
Kolhapur,01-04-2019,14,2019,4,0,12,45,57,16.7,74.233
Kolhapur,08-04-2019,15,2019,4,0,13,63,78,16.7,74.233
Kolhapur,15-04-2019,16,2019,4,0,10,52,66,16.7,74.233
Kolhapur,22-04-2019,17,2019,4,0,16,65,85,16.7,74.233
Kolhapur,29-04-2019,18,2019,4,0,14,58,78,16.7,74.233
Kolhapur,06-05-2019,19,2019,5,0,11,78,96,16.7,74.233
Kolhapur,13-05-2019,20,2019,5,0,6,49,57,16.7,74.233
Kolhapur,20-05-2019,21,2019,5,0,5,53,63,16.7,74.233
Kolhapur,27-05-2019,22,2019,5,1,7,63,77,16.7,74.233
Kolhapur,03-06-2019,23,2019,6,2,17,126,151,16.7,74.233
Kolhapur,10-06-2019,24,2019,6,2,6,112,122,16.7,74.233
Kolhapur,17-06-2019,25,2019,6,1,8,130,142,16.7,74.233
Kolhapur,24-06-2019,26,2019,6,2,11,129,148,16.7,74.233
Kolhapur,01-07-2019,27,2019,7,1,7,119,130,16.7,74.233
Kolhapur,08-07-2019,28,2019,7,3,7,119,131,16.7,74.233
Kolhapur,15-07-2019,29,2019,7,1,10,111,124,16.7,74.233
Kolhapur,22-07-2019,30,2019,7,0,12,114,130,16.7,74.233
Kolhapur,29-07-2019,31,2019,7,1,7,119,133,16.7,74.233
Kolhapur,05-08-2019,32,2019,8,2,6,113,127,16.7,74.233
Kolhapur,12-08-2019,33,2019,8,0,9,129,141,16.7,74.233
Kolhapur,19-08-2019,34,2019,8,0,7,116,135,16.7,74.233
Kolhapur,26-08-2019,35,2019,8,2,13,108,127,16.7,74.233
Kolhapur,02-09-2019,36,2019,9,0,12,127,145,16.7,74.233
Kolhapur,09-09-2019,37,2019,9,1,9,129,145,16.7,74.233
Kolhapur,16-09-2019,38,2019,9,3,8,125,140,16.7,74.233
Kolhapur,23-09-2019,39,2019,9,1,7,132,149,16.7,74.233
Kolhapur,30-09-2019,40,2019,9,2,13,127,144,16.7,74.233
Kolhapur,07-10-2019,41,2019,10,2,3,36,47,16.7,74.233
Kolhapur,14-10-2019,42,2019,10,0,6,49,57,16.7,74.233
Kolhapur,21-10-2019,43,2019,10,0,6,54,64,16.7,74.233
Kolhapur,28-10-2019,44,2019,10,1,7,44,58,16.7,74.233
Kolhapur,04-11-2019,45,2019,11,0,3,47,51,16.7,74.233
Kolhapur,11-11-2019,46,2019,11,0,0,53,55,16.7,74.233
Kolhapur,18-11-2019,47,2019,11,1,7,41,54,16.7,74.233
Kolhapur,25-11-2019,48,2019,11,0,3,54,61,16.7,74.233
Kolhapur,02-12-2019,49,2019,12,0,5,45,55,16.7,74.233
Kolhapur,09-12-2019,50,2019,12,0,7,32,43,16.7,74.233
Kolhapur,16-12-2019,51,2019,12,0,7,38,50,16.7,74.233
Kolhapur,23-12-2019,52,2019,12,0,4,29,35,16.7,74.233
Kolhapur,30-12-2019,1,2019,12,0,6,39,50,16.7,74.233
Kolhapur,06-01-2020,2,2020,1,0,2,30,34,16.7,74.233
Kolhapur,13-01-2020,3,2020,1,1,6,35,45,16.7,74.233
Kolhapur,20-01-2020,4,2020,1,0,8,30,46,16.7,74.233
Kolhapur,27-01-2020,5,2020,1,0,4,40,46,16.7,74.233
Kolhapur,03-02-2020,6,2020,2,0,3,35,43,16.7,74.233
Kolhapur,10-02-2020,7,2020,2,0,7,24,37,16.7,74.233
Kolhapur,17-02-2020,8,2020,2,0,4,38,42,16.7,74.233
Kolhapur,24-02-2020,9,2020,2,0,6,35,48,16.7,74.233
Kolhapur,02-03-2020,10,2020,3,0,6,28,38,16.7,74.233
Kolhapur,09-03-2020,11,2020,3,1,8,39,55,16.7,74.233
Kolhapur,16-03-2020,12,2020,3,0,5,32,39,16.7,74.233
Kolhapur,23-03-2020,13,2020,3,0,6,30,41,16.7,74.233
Kolhapur,30-03-2020,14,2020,3,1,5,34,41,16.7,74.233
Kolhapur,06-04-2020,15,2020,4,0,8,62,74,16.7,74.233
Kolhapur,13-04-2020,16,2020,4,0,17,69,90,16.7,74.233
Kolhapur,20-04-2020,17,2020,4,2,16,75,96,16.7,74.233
Kolhapur,27-04-2020,18,2020,4,1,9,61,72,16.7,74.233
Kolhapur,04-05-2020,19,2020,5,0,13,64,78,16.7,74.233
Kolhapur,11-05-2020,20,2020,5,0,10,64,76,16.7,74.233
Kolhapur,18-05-2020,21,2020,5,0,13,62,79,16.7,74.233
Kolhapur,25-05-2020,22,2020,5,1,9,59,70,16.7,74.233
Kolhapur,01-06-2020,23,2020,6,0,6,95,108,16.7,74.233
Kolhapur,08-06-2020,24,2020,6,0,12,119,136,16.7,74.233
Kolhapur,15-06-2020,25,2020,6,1,10,130,145,16.7,74.233
Kolhapur,22-06-2020,26,2020,6,0,9,136,150,16.7,74.233
Kolhapur,29-06-2020,27,2020,6,1,8,127,147,16.7,74.233
Kolhapur,06-07-2020,28,2020,7,0,9,144,162,16.7,74.233
Kolhapur,13-07-2020,29,2020,7,0,9,130,145,16.7,74.233
Kolhapur,20-07-2020,30,2020,7,0,9,128,140,16.7,74.233
Kolhapur,27-07-2020,31,2020,7,1,11,107,126,16.7,74.233
Kolhapur,03-08-2020,32,2020,8,1,5,106,117,16.7,74.233
Kolhapur,10-08-2020,33,2020,8,3,8,134,150,16.7,74.233
Kolhapur,17-08-2020,34,2020,8,1,12,125,142,16.7,74.233
Kolhapur,24-08-2020,35,2020,8,0,9,130,141,16.7,74.233
Kolhapur,31-08-2020,36,2020,8,1,12,112,139,16.7,74.233
Kolhapur,07-09-2020,37,2020,9,0,7,120,137,16.7,74.233
Kolhapur,14-09-2020,38,2020,9,0,3,111,123,16.7,74.233
Kolhapur,21-09-2020,39,2020,9,1,7,106,120,16.7,74.233
Kolhapur,28-09-2020,40,2020,9,0,7,124,134,16.7,74.233
Kolhapur,05-10-2020,41,2020,10,0,10,50,64,16.7,74.233
Kolhapur,12-10-2020,42,2020,10,0,8,48,63,16.7,74.233
Kolhapur,19-10-2020,43,2020,10,1,6,38,48,16.7,74.233
Kolhapur,26-10-2020,44,2020,10,0,2,55,61,16.7,74.233
Kolhapur,02-11-2020,45,2020,11,0,5,44,51,16.7,74.233
Kolhapur,09-11-2020,46,2020,11,0,7,61,71,16.7,74.233
Kolhapur,16-11-2020,47,2020,11,0,5,40,47,16.7,74.233
Kolhapur,23-11-2020,48,2020,11,0,7,48,58,16.7,74.233
Kolhapur,30-11-2020,49,2020,11,0,9,53,68,16.7,74.233
Kolhapur,07-12-2020,50,2020,12,0,6,33,41,16.7,74.233
Kolhapur,14-12-2020,51,2020,12,0,6,33,48,16.7,74.233
Kolhapur,21-12-2020,52,2020,12,0,5,40,48,16.7,74.233
Kolhapur,28-12-2020,53,2020,12,0,6,32,46,16.7,74.233
Kolhapur,04-01-2021,1,2021,1,0,3,32,38,16.7,74.233
Kolhapur,11-01-2021,2,2021,1,0,6,40,49,16.7,74.233
Kolhapur,18-01-2021,3,2021,1,1,1,43,49,16.7,74.233
Kolhapur,25-01-2021,4,2021,1,1,6,33,42,16.7,74.233
Kolhapur,01-02-2021,5,2021,2,0,7,35,43,16.7,74.233
Kolhapur,08-02-2021,6,2021,2,0,2,41,45,16.7,74.233
Kolhapur,15-02-2021,7,2021,2,0,7,26,36,16.7,74.233
Kolhapur,22-02-2021,8,2021,2,0,5,32,40,16.7,74.233
Kolhapur,01-03-2021,9,2021,3,0,4,38,45,16.7,74.233
Kolhapur,08-03-2021,10,2021,3,0,4,33,38,16.7,74.233
Kolhapur,15-03-2021,11,2021,3,0,6,34,41,16.7,74.233
Kolhapur,22-03-2021,12,2021,3,0,6,34,44,16.7,74.233
Kolhapur,29-03-2021,13,2021,3,1,7,36,50,16.7,74.233
Kolhapur,05-04-2021,14,2021,4,0,9,67,83,16.7,74.233
Kolhapur,12-04-2021,15,2021,4,0,10,78,93,16.7,74.233
Kolhapur,19-04-2021,16,2021,4,1,10,61,75,16.7,74.233
Kolhapur,26-04-2021,17,2021,4,1,13,53,72,16.7,74.233
Kolhapur,03-05-2021,18,2021,5,0,15,48,65,16.7,74.233
Kolhapur,10-05-2021,19,2021,5,0,7,67,77,16.7,74.233
Kolhapur,17-05-2021,20,2021,5,1,8,67,84,16.7,74.233
Kolhapur,24-05-2021,21,2021,5,0,12,59,76,16.7,74.233
Kolhapur,31-05-2021,22,2021,5,2,12,60,78,16.7,74.233
Kolhapur,07-06-2021,23,2021,6,0,8,112,121,16.7,74.233
Kolhapur,14-06-2021,24,2021,6,2,4,141,160,16.7,74.233
Kolhapur,21-06-2021,25,2021,6,1,10,119,136,16.7,74.233
Kolhapur,28-06-2021,26,2021,6,2,10,136,152,16.7,74.233
Kolhapur,05-07-2021,27,2021,7,0,9,115,129,16.7,74.233
Kolhapur,12-07-2021,28,2021,7,0,9,120,134,16.7,74.233
Kolhapur,19-07-2021,29,2021,7,2,9,128,142,16.7,74.233
Kolhapur,26-07-2021,30,2021,7,2,8,101,119,16.7,74.233
Kolhapur,02-08-2021,31,2021,8,1,11,144,160,16.7,74.233
Kolhapur,09-08-2021,32,2021,8,0,14,118,138,16.7,74.233
Kolhapur,16-08-2021,33,2021,8,2,9,130,143,16.7,74.233
Kolhapur,23-08-2021,34,2021,8,0,8,138,154,16.7,74.233
Kolhapur,30-08-2021,35,2021,8,1,11,121,136,16.7,74.233
Kolhapur,06-09-2021,36,2021,9,0,9,125,142,16.7,74.233
Kolhapur,13-09-2021,37,2021,9,0,6,124,132,16.7,74.233
Kolhapur,20-09-2021,38,2021,9,0,9,100,110,16.7,74.233
Kolhapur,27-09-2021,39,2021,9,1,14,135,156,16.7,74.233
Kolhapur,04-10-2021,40,2021,10,0,5,46,52,16.7,74.233
Kolhapur,11-10-2021,41,2021,10,1,6,61,70,16.7,74.233
Kolhapur,18-10-2021,42,2021,10,0,7,42,51,16.7,74.233
Kolhapur,25-10-2021,43,2021,10,1,6,49,61,16.7,74.233
Kolhapur,01-11-2021,44,2021,11,0,6,38,47,16.7,74.233
Kolhapur,08-11-2021,45,2021,11,0,5,47,55,16.7,74.233
Kolhapur,15-11-2021,46,2021,11,0,7,56,64,16.7,74.233
Kolhapur,22-11-2021,47,2021,11,0,5,53,60,16.7,74.233
Kolhapur,29-11-2021,48,2021,11,1,11,38,55,16.7,74.233
Kolhapur,06-12-2021,49,2021,12,0,2,52,61,16.7,74.233
Kolhapur,13-12-2021,50,2021,12,0,6,45,54,16.7,74.233
Kolhapur,20-12-2021,51,2021,12,0,9,40,52,16.7,74.233
Kolhapur,27-12-2021,52,2021,12,0,6,33,44,16.7,74.233
Kolhapur,03-01-2022,1,2022,1,0,6,32,43,16.7,74.233
Kolhapur,10-01-2022,2,2022,1,0,5,29,39,16.7,74.233
Kolhapur,17-01-2022,3,2022,1,0,5,36,45,16.7,74.233
Kolhapur,24-01-2022,4,2022,1,0,6,32,38,16.7,74.233
Kolhapur,31-01-2022,5,2022,1,1,2,41,48,16.7,74.233
Kolhapur,07-02-2022,6,2022,2,0,4,24,32,16.7,74.233
Kolhapur,14-02-2022,7,2022,2,1,5,27,36,16.7,74.233
Kolhapur,21-02-2022,8,2022,2,0,2,32,42,16.7,74.233
Kolhapur,28-02-2022,9,2022,2,0,6,32,41,16.7,74.233
Kolhapur,07-03-2022,10,2022,3,2,6,33,47,16.7,74.233
Kolhapur,14-03-2022,11,2022,3,0,5,32,38,16.7,74.233
Kolhapur,21-03-2022,12,2022,3,0,7,37,50,16.7,74.233
Kolhapur,28-03-2022,13,2022,3,0,5,37,48,16.7,74.233
Kolhapur,04-04-2022,14,2022,4,1,12,56,74,16.7,74.233
Kolhapur,11-04-2022,15,2022,4,0,9,66,82,16.7,74.233
Kolhapur,18-04-2022,16,2022,4,1,10,64,79,16.7,74.233
Kolhapur,25-04-2022,17,2022,4,1,10,61,75,16.7,74.233
Kolhapur,02-05-2022,18,2022,5,1,10,69,84,16.7,74.233
Kolhapur,09-05-2022,19,2022,5,0,5,67,75,16.7,74.233
Kolhapur,16-05-2022,20,2022,5,0,4,62,68,16.7,74.233
Kolhapur,23-05-2022,21,2022,5,0,12,57,74,16.7,74.233
Kolhapur,30-05-2022,22,2022,5,0,10,62,78,16.7,74.233
Kolhapur,06-06-2022,23,2022,6,2,4,111,120,16.7,74.233
Kolhapur,13-06-2022,24,2022,6,0,6,138,148,16.7,74.233
Kolhapur,20-06-2022,25,2022,6,1,3,116,123,16.7,74.233
Kolhapur,27-06-2022,26,2022,6,3,16,129,153,16.7,74.233
Kolhapur,04-07-2022,27,2022,7,1,8,107,123,16.7,74.233
Kolhapur,11-07-2022,28,2022,7,1,3,113,120,16.7,74.233
Kolhapur,18-07-2022,29,2022,7,2,8,102,116,16.7,74.233
Kolhapur,25-07-2022,30,2022,7,1,10,125,139,16.7,74.233
Kolhapur,01-08-2022,31,2022,8,1,5,121,134,16.7,74.233
Kolhapur,08-08-2022,32,2022,8,0,8,116,131,16.7,74.233
Kolhapur,15-08-2022,33,2022,8,0,4,121,135,16.7,74.233
Kolhapur,22-08-2022,34,2022,8,1,7,128,139,16.7,74.233
Kolhapur,29-08-2022,35,2022,8,2,13,122,141,16.7,74.233
Kolhapur,05-09-2022,36,2022,9,0,10,103,115,16.7,74.233
Kolhapur,12-09-2022,37,2022,9,3,4,101,111,16.7,74.233
Kolhapur,19-09-2022,38,2022,9,2,17,118,141,16.7,74.233
Kolhapur,26-09-2022,39,2022,9,0,6,116,125,16.7,74.233
Kolhapur,03-10-2022,40,2022,10,1,8,54,67,16.7,74.233
Kolhapur,10-10-2022,41,2022,10,0,5,47,56,16.7,74.233
Kolhapur,17-10-2022,42,2022,10,1,6,38,51,16.7,74.233
Kolhapur,24-10-2022,43,2022,10,1,4,49,58,16.7,74.233
Kolhapur,31-10-2022,44,2022,10,1,6,51,63,16.7,74.233
Kolhapur,07-11-2022,45,2022,11,2,1,47,52,16.7,74.233
Kolhapur,14-11-2022,46,2022,11,0,5,43,52,16.7,74.233
Kolhapur,21-11-2022,47,2022,11,0,7,44,53,16.7,74.233
Kolhapur,28-11-2022,48,2022,11,0,6,47,57,16.7,74.233
Kolhapur,05-12-2022,49,2022,12,0,5,37,43,16.7,74.233
Kolhapur,12-12-2022,50,2022,12,2,8,35,48,16.7,74.233
Kolhapur,19-12-2022,51,2022,12,1,7,44,56,16.7,74.233
Kolhapur,26-12-2022,52,2022,12,0,3,30,37,16.7,74.233
Kolhapur,02-01-2023,1,2023,1,0,10,31,45,16.7,74.233
Kolhapur,09-01-2023,2,2023,1,0,7,32,40,16.7,74.233
Kolhapur,16-01-2023,3,2023,1,0,11,32,49,16.7,74.233
Kolhapur,23-01-2023,4,2023,1,0,4,47,55,16.7,74.233
Kolhapur,30-01-2023,5,2023,1,0,3,33,40,16.7,74.233
Kolhapur,06-02-2023,6,2023,2,0,8,35,48,16.7,74.233
Kolhapur,13-02-2023,7,2023,2,0,5,34,39,16.7,74.233
Kolhapur,20-02-2023,8,2023,2,0,8,46,57,16.7,74.233
Kolhapur,27-02-2023,9,2023,2,0,4,36,44,16.7,74.233
Kolhapur,06-03-2023,10,2023,3,1,7,30,39,16.7,74.233
Kolhapur,13-03-2023,11,2023,3,0,12,47,62,16.7,74.233
Kolhapur,20-03-2023,12,2023,3,0,8,40,53,16.7,74.233
Kolhapur,27-03-2023,13,2023,3,0,4,44,50,16.7,74.233
Kolhapur,03-04-2023,14,2023,4,1,9,52,64,16.7,74.233
Kolhapur,10-04-2023,15,2023,4,0,9,65,78,16.7,74.233
Kolhapur,17-04-2023,16,2023,4,0,9,66,78,16.7,74.233
Kolhapur,24-04-2023,17,2023,4,0,8,63,78,16.7,74.233
Kolhapur,01-05-2023,18,2023,5,0,14,65,84,16.7,74.233
Kolhapur,08-05-2023,19,2023,5,0,9,59,75,16.7,74.233
Kolhapur,15-05-2023,20,2023,5,2,8,55,69,16.7,74.233
Kolhapur,22-05-2023,21,2023,5,0,8,68,78,16.7,74.233
Kolhapur,29-05-2023,22,2023,5,1,11,65,80,16.7,74.233
Kolhapur,05-06-2023,23,2023,6,0,14,112,130,16.7,74.233
Kolhapur,12-06-2023,24,2023,6,2,7,134,151,16.7,74.233
Kolhapur,19-06-2023,25,2023,6,0,8,123,139,16.7,74.233
Kolhapur,26-06-2023,26,2023,6,0,14,118,137,16.7,74.233
Kolhapur,03-07-2023,27,2023,7,2,8,129,146,16.7,74.233
Kolhapur,10-07-2023,28,2023,7,0,10,92,104,16.7,74.233
Kolhapur,17-07-2023,29,2023,7,0,11,121,136,16.7,74.233
Kolhapur,24-07-2023,30,2023,7,3,5,127,139,16.7,74.233
Kolhapur,31-07-2023,31,2023,7,0,10,128,148,16.7,74.233
Kolhapur,07-08-2023,32,2023,8,0,10,114,130,16.7,74.233
Kolhapur,14-08-2023,33,2023,8,0,6,142,155,16.7,74.233
Kolhapur,21-08-2023,34,2023,8,1,9,127,140,16.7,74.233
Kolhapur,28-08-2023,35,2023,8,1,12,130,150,16.7,74.233
Kolhapur,04-09-2023,36,2023,9,0,6,139,149,16.7,74.233
Kolhapur,11-09-2023,37,2023,9,0,5,119,126,16.7,74.233
Kolhapur,18-09-2023,38,2023,9,0,8,107,120,16.7,74.233
Kolhapur,25-09-2023,39,2023,9,1,6,99,110,16.7,74.233
Kolhapur,02-10-2023,40,2023,10,0,3,46,56,16.7,74.233
Kolhapur,09-10-2023,41,2023,10,0,8,56,68,16.7,74.233
Kolhapur,16-10-2023,42,2023,10,0,8,55,67,16.7,74.233
Kolhapur,23-10-2023,43,2023,10,0,9,45,59,16.7,74.233
Kolhapur,30-10-2023,44,2023,10,1,7,40,57,16.7,74.233
Kolhapur,06-11-2023,45,2023,11,2,9,45,60,16.7,74.233
Kolhapur,13-11-2023,46,2023,11,0,1,55,57,16.7,74.233
Kolhapur,20-11-2023,47,2023,11,0,3,46,55,16.7,74.233
Kolhapur,27-11-2023,48,2023,11,0,11,49,61,16.7,74.233
Kolhapur,04-12-2023,49,2023,12,0,3,34,39,16.7,74.233
Kolhapur,11-12-2023,50,2023,12,0,3,36,45,16.7,74.233
Kolhapur,18-12-2023,51,2023,12,0,3,35,39,16.7,74.233
Kolhapur,25-12-2023,52,2023,12,1,4,37,42,16.7,74.233
Aurangabad,07-01-2019,2,2019,1,1,10,51,65,19.877,75.329
Aurangabad,14-01-2019,3,2019,1,0,11,45,60,19.877,75.329
Aurangabad,21-01-2019,4,2019,1,0,5,45,53,19.877,75.329
Aurangabad,28-01-2019,5,2019,1,2,7,44,58,19.877,75.329
Aurangabad,04-02-2019,6,2019,2,0,10,49,68,19.877,75.329
Aurangabad,11-02-2019,7,2019,2,0,5,34,46,19.877,75.329
Aurangabad,18-02-2019,8,2019,2,1,7,48,60,19.877,75.329
Aurangabad,25-02-2019,9,2019,2,2,9,55,68,19.877,75.329
Aurangabad,04-03-2019,10,2019,3,0,9,46,60,19.877,75.329
Aurangabad,11-03-2019,11,2019,3,1,9,43,55,19.877,75.329
Aurangabad,18-03-2019,12,2019,3,1,9,48,65,19.877,75.329
Aurangabad,25-03-2019,13,2019,3,0,11,58,76,19.877,75.329
Aurangabad,01-04-2019,14,2019,4,1,18,82,104,19.877,75.329
Aurangabad,08-04-2019,15,2019,4,1,16,70,93,19.877,75.329
Aurangabad,15-04-2019,16,2019,4,2,14,87,107,19.877,75.329
Aurangabad,22-04-2019,17,2019,4,1,13,73,91,19.877,75.329
Aurangabad,29-04-2019,18,2019,4,1,9,83,95,19.877,75.329
Aurangabad,06-05-2019,19,2019,5,1,14,83,104,19.877,75.329
Aurangabad,13-05-2019,20,2019,5,2,18,91,117,19.877,75.329
Aurangabad,20-05-2019,21,2019,5,2,12,87,112,19.877,75.329
Aurangabad,27-05-2019,22,2019,5,2,5,69,81,19.877,75.329
Aurangabad,03-06-2019,23,2019,6,1,10,155,171,19.877,75.329
Aurangabad,10-06-2019,24,2019,6,1,12,168,191,19.877,75.329
Aurangabad,17-06-2019,25,2019,6,2,17,146,171,19.877,75.329
Aurangabad,24-06-2019,26,2019,6,4,13,152,178,19.877,75.329
Aurangabad,01-07-2019,27,2019,7,0,6,144,159,19.877,75.329
Aurangabad,08-07-2019,28,2019,7,2,12,157,177,19.877,75.329
Aurangabad,15-07-2019,29,2019,7,0,7,189,200,19.877,75.329
Aurangabad,22-07-2019,30,2019,7,5,12,153,175,19.877,75.329
Aurangabad,29-07-2019,31,2019,7,3,9,144,161,19.877,75.329
Aurangabad,05-08-2019,32,2019,8,0,14,160,183,19.877,75.329
Aurangabad,12-08-2019,33,2019,8,4,10,158,178,19.877,75.329
Aurangabad,19-08-2019,34,2019,8,2,11,175,195,19.877,75.329
Aurangabad,26-08-2019,35,2019,8,2,11,138,157,19.877,75.329
Aurangabad,02-09-2019,36,2019,9,6,13,185,209,19.877,75.329
Aurangabad,09-09-2019,37,2019,9,1,14,141,169,19.877,75.329
Aurangabad,16-09-2019,38,2019,9,3,11,187,212,19.877,75.329
Aurangabad,23-09-2019,39,2019,9,1,16,144,165,19.877,75.329
Aurangabad,30-09-2019,40,2019,9,1,7,161,175,19.877,75.329
Aurangabad,07-10-2019,41,2019,10,0,7,59,72,19.877,75.329
Aurangabad,14-10-2019,42,2019,10,1,9,68,81,19.877,75.329
Aurangabad,21-10-2019,43,2019,10,1,7,57,71,19.877,75.329
Aurangabad,28-10-2019,44,2019,10,1,8,59,73,19.877,75.329
Aurangabad,04-11-2019,45,2019,11,0,5,65,78,19.877,75.329
Aurangabad,11-11-2019,46,2019,11,0,3,64,71,19.877,75.329
Aurangabad,18-11-2019,47,2019,11,0,8,59,71,19.877,75.329
Aurangabad,25-11-2019,48,2019,11,1,8,57,74,19.877,75.329
Aurangabad,02-12-2019,49,2019,12,0,9,27,41,19.877,75.329
Aurangabad,09-12-2019,50,2019,12,1,8,40,53,19.877,75.329
Aurangabad,16-12-2019,51,2019,12,0,5,53,65,19.877,75.329
Aurangabad,23-12-2019,52,2019,12,0,10,41,54,19.877,75.329
Aurangabad,30-12-2019,1,2019,12,0,7,63,76,19.877,75.329
Aurangabad,06-01-2020,2,2020,1,0,3,36,42,19.877,75.329
Aurangabad,13-01-2020,3,2020,1,0,5,38,47,19.877,75.329
Aurangabad,20-01-2020,4,2020,1,0,9,48,62,19.877,75.329
Aurangabad,27-01-2020,5,2020,1,0,9,41,54,19.877,75.329
Aurangabad,03-02-2020,6,2020,2,0,8,41,52,19.877,75.329
Aurangabad,10-02-2020,7,2020,2,1,10,54,65,19.877,75.329
Aurangabad,17-02-2020,8,2020,2,1,9,42,56,19.877,75.329
Aurangabad,24-02-2020,9,2020,2,0,4,44,50,19.877,75.329
Aurangabad,02-03-2020,10,2020,3,0,7,44,55,19.877,75.329
Aurangabad,09-03-2020,11,2020,3,0,7,55,66,19.877,75.329
Aurangabad,16-03-2020,12,2020,3,0,6,49,55,19.877,75.329
Aurangabad,23-03-2020,13,2020,3,1,4,43,53,19.877,75.329
Aurangabad,30-03-2020,14,2020,3,0,8,50,64,19.877,75.329
Aurangabad,06-04-2020,15,2020,4,1,14,82,103,19.877,75.329
Aurangabad,13-04-2020,16,2020,4,1,11,74,91,19.877,75.329
Aurangabad,20-04-2020,17,2020,4,0,18,93,114,19.877,75.329
Aurangabad,27-04-2020,18,2020,4,1,11,78,97,19.877,75.329
Aurangabad,04-05-2020,19,2020,5,0,14,68,85,19.877,75.329
Aurangabad,11-05-2020,20,2020,5,0,16,77,100,19.877,75.329
Aurangabad,18-05-2020,21,2020,5,0,15,94,115,19.877,75.329
Aurangabad,25-05-2020,22,2020,5,0,11,74,95,19.877,75.329
Aurangabad,01-06-2020,23,2020,6,4,9,150,166,19.877,75.329
Aurangabad,08-06-2020,24,2020,6,3,14,167,187,19.877,75.329
Aurangabad,15-06-2020,25,2020,6,3,8,163,175,19.877,75.329
Aurangabad,22-06-2020,26,2020,6,2,11,163,183,19.877,75.329
Aurangabad,29-06-2020,27,2020,6,0,15,149,171,19.877,75.329
Aurangabad,06-07-2020,28,2020,7,1,12,168,189,19.877,75.329
Aurangabad,13-07-2020,29,2020,7,1,10,142,157,19.877,75.329
Aurangabad,20-07-2020,30,2020,7,1,8,143,158,19.877,75.329
Aurangabad,27-07-2020,31,2020,7,4,9,178,195,19.877,75.329
Aurangabad,03-08-2020,32,2020,8,2,8,150,165,19.877,75.329
Aurangabad,10-08-2020,33,2020,8,1,12,147,165,19.877,75.329
Aurangabad,17-08-2020,34,2020,8,1,9,163,178,19.877,75.329
Aurangabad,24-08-2020,35,2020,8,3,8,164,189,19.877,75.329
Aurangabad,31-08-2020,36,2020,8,1,12,180,199,19.877,75.329
Aurangabad,07-09-2020,37,2020,9,6,20,162,195,19.877,75.329
Aurangabad,14-09-2020,38,2020,9,2,6,161,174,19.877,75.329
Aurangabad,21-09-2020,39,2020,9,1,3,172,181,19.877,75.329
Aurangabad,28-09-2020,40,2020,9,3,15,142,168,19.877,75.329
Aurangabad,05-10-2020,41,2020,10,0,7,72,82,19.877,75.329
Aurangabad,12-10-2020,42,2020,10,1,12,65,80,19.877,75.329
Aurangabad,19-10-2020,43,2020,10,0,9,45,59,19.877,75.329
Aurangabad,26-10-2020,44,2020,10,4,10,69,87,19.877,75.329
Aurangabad,02-11-2020,45,2020,11,0,4,54,62,19.877,75.329
Aurangabad,09-11-2020,46,2020,11,0,8,64,75,19.877,75.329
Aurangabad,16-11-2020,47,2020,11,1,12,62,79,19.877,75.329
Aurangabad,23-11-2020,48,2020,11,0,6,57,69,19.877,75.329
Aurangabad,30-11-2020,49,2020,11,0,8,62,73,19.877,75.329
Aurangabad,07-12-2020,50,2020,12,0,10,43,55,19.877,75.329
Aurangabad,14-12-2020,51,2020,12,1,10,37,49,19.877,75.329
Aurangabad,21-12-2020,52,2020,12,0,7,54,64,19.877,75.329
Aurangabad,28-12-2020,53,2020,12,1,8,50,67,19.877,75.329
Aurangabad,04-01-2021,1,2021,1,0,5,63,73,19.877,75.329
Aurangabad,11-01-2021,2,2021,1,1,11,51,68,19.877,75.329
Aurangabad,18-01-2021,3,2021,1,2,10,36,51,19.877,75.329
Aurangabad,25-01-2021,4,2021,1,1,9,44,56,19.877,75.329
Aurangabad,01-02-2021,5,2021,2,1,9,58,69,19.877,75.329
Aurangabad,08-02-2021,6,2021,2,1,3,46,51,19.877,75.329
Aurangabad,15-02-2021,7,2021,2,0,6,39,50,19.877,75.329
Aurangabad,22-02-2021,8,2021,2,0,7,46,61,19.877,75.329
Aurangabad,01-03-2021,9,2021,3,1,7,44,55,19.877,75.329
Aurangabad,08-03-2021,10,2021,3,1,8,48,62,19.877,75.329
Aurangabad,15-03-2021,11,2021,3,0,13,52,69,19.877,75.329
Aurangabad,22-03-2021,12,2021,3,2,6,37,51,19.877,75.329
Aurangabad,29-03-2021,13,2021,3,1,4,41,53,19.877,75.329
Aurangabad,05-04-2021,14,2021,4,1,11,97,112,19.877,75.329
Aurangabad,12-04-2021,15,2021,4,0,7,77,90,19.877,75.329
Aurangabad,19-04-2021,16,2021,4,0,13,79,96,19.877,75.329
Aurangabad,26-04-2021,17,2021,4,0,13,75,95,19.877,75.329
Aurangabad,03-05-2021,18,2021,5,1,13,77,95,19.877,75.329
Aurangabad,10-05-2021,19,2021,5,1,15,78,101,19.877,75.329
Aurangabad,17-05-2021,20,2021,5,4,10,75,94,19.877,75.329
Aurangabad,24-05-2021,21,2021,5,0,12,81,100,19.877,75.329
Aurangabad,31-05-2021,22,2021,5,0,20,76,98,19.877,75.329
Aurangabad,07-06-2021,23,2021,6,4,7,170,187,19.877,75.329
Aurangabad,14-06-2021,24,2021,6,1,11,163,182,19.877,75.329
Aurangabad,21-06-2021,25,2021,6,4,6,168,186,19.877,75.329
Aurangabad,28-06-2021,26,2021,6,1,11,162,177,19.877,75.329
Aurangabad,05-07-2021,27,2021,7,2,12,132,148,19.877,75.329
Aurangabad,12-07-2021,28,2021,7,3,12,161,181,19.877,75.329
Aurangabad,19-07-2021,29,2021,7,1,10,164,177,19.877,75.329
Aurangabad,26-07-2021,30,2021,7,1,11,176,192,19.877,75.329
Aurangabad,02-08-2021,31,2021,8,0,11,171,188,19.877,75.329
Aurangabad,09-08-2021,32,2021,8,4,11,167,185,19.877,75.329
Aurangabad,16-08-2021,33,2021,8,1,6,149,169,19.877,75.329
Aurangabad,23-08-2021,34,2021,8,7,12,155,182,19.877,75.329
Aurangabad,30-08-2021,35,2021,8,2,8,150,164,19.877,75.329
Aurangabad,06-09-2021,36,2021,9,0,18,157,187,19.877,75.329
Aurangabad,13-09-2021,37,2021,9,3,10,156,178,19.877,75.329
Aurangabad,20-09-2021,38,2021,9,0,17,139,160,19.877,75.329
Aurangabad,27-09-2021,39,2021,9,1,9,136,149,19.877,75.329
Aurangabad,04-10-2021,40,2021,10,2,9,63,76,19.877,75.329
Aurangabad,11-10-2021,41,2021,10,2,8,54,68,19.877,75.329
Aurangabad,18-10-2021,42,2021,10,0,13,70,89,19.877,75.329
Aurangabad,25-10-2021,43,2021,10,2,1,69,76,19.877,75.329
Aurangabad,01-11-2021,44,2021,11,1,9,56,68,19.877,75.329
Aurangabad,08-11-2021,45,2021,11,0,5,55,64,19.877,75.329
Aurangabad,15-11-2021,46,2021,11,3,10,59,76,19.877,75.329
Aurangabad,22-11-2021,47,2021,11,1,9,72,84,19.877,75.329
Aurangabad,29-11-2021,48,2021,11,3,12,71,90,19.877,75.329
Aurangabad,06-12-2021,49,2021,12,0,9,41,53,19.877,75.329
Aurangabad,13-12-2021,50,2021,12,0,8,40,52,19.877,75.329
Aurangabad,20-12-2021,51,2021,12,0,6,60,70,19.877,75.329
Aurangabad,27-12-2021,52,2021,12,0,8,46,60,19.877,75.329
Aurangabad,03-01-2022,1,2022,1,1,12,42,61,19.877,75.329
Aurangabad,10-01-2022,2,2022,1,0,8,58,71,19.877,75.329
Aurangabad,17-01-2022,3,2022,1,1,8,49,62,19.877,75.329
Aurangabad,24-01-2022,4,2022,1,0,13,49,64,19.877,75.329
Aurangabad,31-01-2022,5,2022,1,1,9,37,49,19.877,75.329
Aurangabad,07-02-2022,6,2022,2,0,7,44,54,19.877,75.329
Aurangabad,14-02-2022,7,2022,2,0,3,40,48,19.877,75.329
Aurangabad,21-02-2022,8,2022,2,1,11,32,46,19.877,75.329
Aurangabad,28-02-2022,9,2022,2,1,8,45,58,19.877,75.329
Aurangabad,07-03-2022,10,2022,3,1,8,53,66,19.877,75.329
Aurangabad,14-03-2022,11,2022,3,1,9,50,67,19.877,75.329
Aurangabad,21-03-2022,12,2022,3,0,4,44,51,19.877,75.329
Aurangabad,28-03-2022,13,2022,3,1,13,46,62,19.877,75.329
Aurangabad,04-04-2022,14,2022,4,1,19,89,116,19.877,75.329
Aurangabad,11-04-2022,15,2022,4,2,18,71,95,19.877,75.329
Aurangabad,18-04-2022,16,2022,4,1,18,88,112,19.877,75.329
Aurangabad,25-04-2022,17,2022,4,0,10,79,92,19.877,75.329
Aurangabad,02-05-2022,18,2022,5,3,14,88,110,19.877,75.329
Aurangabad,09-05-2022,19,2022,5,0,16,65,87,19.877,75.329
Aurangabad,16-05-2022,20,2022,5,1,16,80,100,19.877,75.329
Aurangabad,23-05-2022,21,2022,5,0,14,84,105,19.877,75.329
Aurangabad,30-05-2022,22,2022,5,0,16,92,115,19.877,75.329
Aurangabad,06-06-2022,23,2022,6,2,10,152,169,19.877,75.329
Aurangabad,13-06-2022,24,2022,6,2,14,178,196,19.877,75.329
Aurangabad,20-06-2022,25,2022,6,2,10,159,184,19.877,75.329
Aurangabad,27-06-2022,26,2022,6,2,9,147,166,19.877,75.329
Aurangabad,04-07-2022,27,2022,7,0,11,150,165,19.877,75.329
Aurangabad,11-07-2022,28,2022,7,2,9,143,158,19.877,75.329
Aurangabad,18-07-2022,29,2022,7,2,9,145,161,19.877,75.329
Aurangabad,25-07-2022,30,2022,7,0,11,156,169,19.877,75.329
Aurangabad,01-08-2022,31,2022,8,1,11,146,167,19.877,75.329
Aurangabad,08-08-2022,32,2022,8,2,16,159,185,19.877,75.329
Aurangabad,15-08-2022,33,2022,8,0,14,168,193,19.877,75.329
Aurangabad,22-08-2022,34,2022,8,2,10,152,174,19.877,75.329
Aurangabad,29-08-2022,35,2022,8,1,9,146,160,19.877,75.329
Aurangabad,05-09-2022,36,2022,9,2,12,145,163,19.877,75.329
Aurangabad,12-09-2022,37,2022,9,1,9,177,192,19.877,75.329
Aurangabad,19-09-2022,38,2022,9,1,10,158,172,19.877,75.329
Aurangabad,26-09-2022,39,2022,9,1,11,144,166,19.877,75.329
Aurangabad,03-10-2022,40,2022,10,1,7,56,67,19.877,75.329
Aurangabad,10-10-2022,41,2022,10,1,11,53,67,19.877,75.329
Aurangabad,17-10-2022,42,2022,10,0,3,63,74,19.877,75.329
Aurangabad,24-10-2022,43,2022,10,0,9,67,81,19.877,75.329
Aurangabad,31-10-2022,44,2022,10,1,16,69,93,19.877,75.329
Aurangabad,07-11-2022,45,2022,11,0,12,79,98,19.877,75.329
Aurangabad,14-11-2022,46,2022,11,0,8,55,68,19.877,75.329
Aurangabad,21-11-2022,47,2022,11,0,4,57,66,19.877,75.329
Aurangabad,28-11-2022,48,2022,11,2,5,60,73,19.877,75.329
Aurangabad,05-12-2022,49,2022,12,0,7,45,58,19.877,75.329
Aurangabad,12-12-2022,50,2022,12,0,6,41,50,19.877,75.329
Aurangabad,19-12-2022,51,2022,12,0,2,44,51,19.877,75.329
Aurangabad,26-12-2022,52,2022,12,0,5,51,61,19.877,75.329
Aurangabad,02-01-2023,1,2023,1,0,9,52,72,19.877,75.329
Aurangabad,09-01-2023,2,2023,1,0,8,48,59,19.877,75.329
Aurangabad,16-01-2023,3,2023,1,0,8,46,58,19.877,75.329
Aurangabad,23-01-2023,4,2023,1,0,10,44,61,19.877,75.329
Aurangabad,30-01-2023,5,2023,1,0,4,52,60,19.877,75.329
Aurangabad,06-02-2023,6,2023,2,1,8,36,49,19.877,75.329
Aurangabad,13-02-2023,7,2023,2,1,10,42,59,19.877,75.329
Aurangabad,20-02-2023,8,2023,2,0,5,49,57,19.877,75.329
Aurangabad,27-02-2023,9,2023,2,0,2,55,60,19.877,75.329
Aurangabad,06-03-2023,10,2023,3,0,7,44,59,19.877,75.329
Aurangabad,13-03-2023,11,2023,3,1,6,42,52,19.877,75.329
Aurangabad,20-03-2023,12,2023,3,0,6,47,58,19.877,75.329
Aurangabad,27-03-2023,13,2023,3,0,6,43,54,19.877,75.329
Aurangabad,03-04-2023,14,2023,4,0,16,69,90,19.877,75.329
Aurangabad,10-04-2023,15,2023,4,0,15,74,97,19.877,75.329
Aurangabad,17-04-2023,16,2023,4,1,18,93,115,19.877,75.329
Aurangabad,24-04-2023,17,2023,4,3,14,98,119,19.877,75.329
Aurangabad,01-05-2023,18,2023,5,1,22,90,115,19.877,75.329
Aurangabad,08-05-2023,19,2023,5,0,12,87,100,19.877,75.329
Aurangabad,15-05-2023,20,2023,5,1,13,94,115,19.877,75.329
Aurangabad,22-05-2023,21,2023,5,1,12,82,101,19.877,75.329
Aurangabad,29-05-2023,22,2023,5,0,15,96,117,19.877,75.329
Aurangabad,05-06-2023,23,2023,6,3,9,149,167,19.877,75.329
Aurangabad,12-06-2023,24,2023,6,1,12,141,156,19.877,75.329
Aurangabad,19-06-2023,25,2023,6,3,7,149,165,19.877,75.329
Aurangabad,26-06-2023,26,2023,6,2,10,149,167,19.877,75.329
Aurangabad,03-07-2023,27,2023,7,6,10,155,179,19.877,75.329
Aurangabad,10-07-2023,28,2023,7,1,11,145,166,19.877,75.329
Aurangabad,17-07-2023,29,2023,7,1,9,171,191,19.877,75.329
Aurangabad,24-07-2023,30,2023,7,3,5,189,201,19.877,75.329
Aurangabad,31-07-2023,31,2023,7,0,16,167,194,19.877,75.329
Aurangabad,07-08-2023,32,2023,8,1,11,155,183,19.877,75.329
Aurangabad,14-08-2023,33,2023,8,3,8,175,189,19.877,75.329
Aurangabad,21-08-2023,34,2023,8,2,19,168,199,19.877,75.329
Aurangabad,28-08-2023,35,2023,8,2,6,140,153,19.877,75.329
Aurangabad,04-09-2023,36,2023,9,7,16,182,211,19.877,75.329
Aurangabad,11-09-2023,37,2023,9,4,9,154,174,19.877,75.329
Aurangabad,18-09-2023,38,2023,9,0,7,130,140,19.877,75.329
Aurangabad,25-09-2023,39,2023,9,1,18,172,208,19.877,75.329
Aurangabad,02-10-2023,40,2023,10,1,3,72,80,19.877,75.329
Aurangabad,09-10-2023,41,2023,10,2,4,64,70,19.877,75.329
Aurangabad,16-10-2023,42,2023,10,1,11,63,81,19.877,75.329
Aurangabad,23-10-2023,43,2023,10,0,4,67,71,19.877,75.329
Aurangabad,30-10-2023,44,2023,10,0,6,47,59,19.877,75.329
Aurangabad,06-11-2023,45,2023,11,1,8,69,83,19.877,75.329
Aurangabad,13-11-2023,46,2023,11,0,11,75,92,19.877,75.329
Aurangabad,20-11-2023,47,2023,11,0,6,69,77,19.877,75.329
Aurangabad,27-11-2023,48,2023,11,1,5,77,90,19.877,75.329
Aurangabad,04-12-2023,49,2023,12,2,2,48,58,19.877,75.329
Aurangabad,11-12-2023,50,2023,12,0,6,45,56,19.877,75.329
Aurangabad,18-12-2023,51,2023,12,0,11,44,58,19.877,75.329
Aurangabad,25-12-2023,52,2023,12,0,11,38,52,19.877,75.329
Jalna,07-01-2019,2,2019,1,0,4,23,30,19.834,75.883
Jalna,14-01-2019,3,2019,1,0,10,29,39,19.834,75.883
Jalna,21-01-2019,4,2019,1,0,3,23,32,19.834,75.883
Jalna,28-01-2019,5,2019,1,0,4,25,30,19.834,75.883
Jalna,04-02-2019,6,2019,2,1,6,31,41,19.834,75.883
Jalna,11-02-2019,7,2019,2,0,7,24,34,19.834,75.883
Jalna,18-02-2019,8,2019,2,1,3,34,39,19.834,75.883
Jalna,25-02-2019,9,2019,2,0,5,19,28,19.834,75.883
Jalna,04-03-2019,10,2019,3,0,6,27,33,19.834,75.883
Jalna,11-03-2019,11,2019,3,0,5,31,39,19.834,75.883
Jalna,18-03-2019,12,2019,3,1,6,31,41,19.834,75.883
Jalna,25-03-2019,13,2019,3,0,1,21,23,19.834,75.883
Jalna,01-04-2019,14,2019,4,1,5,63,76,19.834,75.883
Jalna,08-04-2019,15,2019,4,0,5,47,54,19.834,75.883
Jalna,15-04-2019,16,2019,4,0,7,54,61,19.834,75.883
Jalna,22-04-2019,17,2019,4,0,8,46,57,19.834,75.883
Jalna,29-04-2019,18,2019,4,0,9,51,60,19.834,75.883
Jalna,06-05-2019,19,2019,5,1,7,42,52,19.834,75.883
Jalna,13-05-2019,20,2019,5,0,8,38,48,19.834,75.883
Jalna,20-05-2019,21,2019,5,1,7,52,62,19.834,75.883
Jalna,27-05-2019,22,2019,5,0,8,49,59,19.834,75.883
Jalna,03-06-2019,23,2019,6,0,7,88,99,19.834,75.883
Jalna,10-06-2019,24,2019,6,4,9,86,101,19.834,75.883
Jalna,17-06-2019,25,2019,6,0,10,94,107,19.834,75.883
Jalna,24-06-2019,26,2019,6,0,6,86,95,19.834,75.883
Jalna,01-07-2019,27,2019,7,3,6,94,105,19.834,75.883
Jalna,08-07-2019,28,2019,7,3,10,82,103,19.834,75.883
Jalna,15-07-2019,29,2019,7,0,3,83,88,19.834,75.883
Jalna,22-07-2019,30,2019,7,1,9,89,101,19.834,75.883
Jalna,29-07-2019,31,2019,7,2,2,105,111,19.834,75.883
Jalna,05-08-2019,32,2019,8,0,9,109,121,19.834,75.883
Jalna,12-08-2019,33,2019,8,0,4,98,104,19.834,75.883
Jalna,19-08-2019,34,2019,8,1,7,84,96,19.834,75.883
Jalna,26-08-2019,35,2019,8,2,5,103,121,19.834,75.883
Jalna,02-09-2019,36,2019,9,0,6,101,109,19.834,75.883
Jalna,09-09-2019,37,2019,9,4,6,94,108,19.834,75.883
Jalna,16-09-2019,38,2019,9,2,6,108,120,19.834,75.883
Jalna,23-09-2019,39,2019,9,0,7,109,117,19.834,75.883
Jalna,30-09-2019,40,2019,9,3,5,107,118,19.834,75.883
Jalna,07-10-2019,41,2019,10,0,4,45,51,19.834,75.883
Jalna,14-10-2019,42,2019,10,0,7,37,45,19.834,75.883
Jalna,21-10-2019,43,2019,10,0,7,44,57,19.834,75.883
Jalna,28-10-2019,44,2019,10,0,6,39,48,19.834,75.883
Jalna,04-11-2019,45,2019,11,1,5,46,52,19.834,75.883
Jalna,11-11-2019,46,2019,11,1,2,32,41,19.834,75.883
Jalna,18-11-2019,47,2019,11,0,7,41,49,19.834,75.883
Jalna,25-11-2019,48,2019,11,1,5,32,40,19.834,75.883
Jalna,02-12-2019,49,2019,12,0,2,20,23,19.834,75.883
Jalna,09-12-2019,50,2019,12,0,1,33,35,19.834,75.883
Jalna,16-12-2019,51,2019,12,0,8,29,42,19.834,75.883
Jalna,23-12-2019,52,2019,12,0,5,28,38,19.834,75.883
Jalna,30-12-2019,1,2019,12,0,4,23,28,19.834,75.883
Jalna,06-01-2020,2,2020,1,2,4,15,23,19.834,75.883
Jalna,13-01-2020,3,2020,1,0,6,23,30,19.834,75.883
Jalna,20-01-2020,4,2020,1,0,2,21,25,19.834,75.883
Jalna,27-01-2020,5,2020,1,1,5,26,36,19.834,75.883
Jalna,03-02-2020,6,2020,2,0,4,33,40,19.834,75.883
Jalna,10-02-2020,7,2020,2,0,5,27,35,19.834,75.883
Jalna,17-02-2020,8,2020,2,0,2,31,36,19.834,75.883
Jalna,24-02-2020,9,2020,2,0,4,26,32,19.834,75.883
Jalna,02-03-2020,10,2020,3,0,7,33,46,19.834,75.883
Jalna,09-03-2020,11,2020,3,0,1,28,32,19.834,75.883
Jalna,16-03-2020,12,2020,3,0,3,33,39,19.834,75.883
Jalna,23-03-2020,13,2020,3,0,2,18,25,19.834,75.883
Jalna,30-03-2020,14,2020,3,0,6,25,34,19.834,75.883
Jalna,06-04-2020,15,2020,4,1,7,37,46,19.834,75.883
Jalna,13-04-2020,16,2020,4,2,7,42,53,19.834,75.883
Jalna,20-04-2020,17,2020,4,1,6,57,65,19.834,75.883
Jalna,27-04-2020,18,2020,4,1,11,42,57,19.834,75.883
Jalna,04-05-2020,19,2020,5,1,6,53,63,19.834,75.883
Jalna,11-05-2020,20,2020,5,0,7,44,52,19.834,75.883
Jalna,18-05-2020,21,2020,5,0,6,41,50,19.834,75.883
Jalna,25-05-2020,22,2020,5,0,8,46,58,19.834,75.883
Jalna,01-06-2020,23,2020,6,1,9,102,119,19.834,75.883
Jalna,08-06-2020,24,2020,6,2,5,97,106,19.834,75.883
Jalna,15-06-2020,25,2020,6,0,3,87,94,19.834,75.883
Jalna,22-06-2020,26,2020,6,0,5,85,94,19.834,75.883
Jalna,29-06-2020,27,2020,6,1,5,100,111,19.834,75.883
Jalna,06-07-2020,28,2020,7,2,6,111,121,19.834,75.883
Jalna,13-07-2020,29,2020,7,0,8,100,112,19.834,75.883
Jalna,20-07-2020,30,2020,7,0,7,97,108,19.834,75.883
Jalna,27-07-2020,31,2020,7,1,8,87,100,19.834,75.883
Jalna,03-08-2020,32,2020,8,0,11,80,98,19.834,75.883
Jalna,10-08-2020,33,2020,8,2,6,76,86,19.834,75.883
Jalna,17-08-2020,34,2020,8,3,8,68,81,19.834,75.883
Jalna,24-08-2020,35,2020,8,1,4,95,108,19.834,75.883
Jalna,31-08-2020,36,2020,8,1,5,91,102,19.834,75.883
Jalna,07-09-2020,37,2020,9,1,8,81,93,19.834,75.883
Jalna,14-09-2020,38,2020,9,2,6,106,115,19.834,75.883
Jalna,21-09-2020,39,2020,9,0,7,104,113,19.834,75.883
Jalna,28-09-2020,40,2020,9,2,3,75,84,19.834,75.883
Jalna,05-10-2020,41,2020,10,0,4,55,61,19.834,75.883
Jalna,12-10-2020,42,2020,10,0,7,35,43,19.834,75.883
Jalna,19-10-2020,43,2020,10,0,10,38,52,19.834,75.883
Jalna,26-10-2020,44,2020,10,2,2,30,38,19.834,75.883
Jalna,02-11-2020,45,2020,11,0,4,37,42,19.834,75.883
Jalna,09-11-2020,46,2020,11,1,4,32,40,19.834,75.883
Jalna,16-11-2020,47,2020,11,0,5,48,56,19.834,75.883
Jalna,23-11-2020,48,2020,11,0,3,42,46,19.834,75.883
Jalna,30-11-2020,49,2020,11,0,4,52,56,19.834,75.883
Jalna,07-12-2020,50,2020,12,1,6,21,29,19.834,75.883
Jalna,14-12-2020,51,2020,12,0,6,25,33,19.834,75.883
Jalna,21-12-2020,52,2020,12,1,7,26,34,19.834,75.883
Jalna,28-12-2020,53,2020,12,0,6,27,36,19.834,75.883
Jalna,04-01-2021,1,2021,1,2,5,23,33,19.834,75.883
Jalna,11-01-2021,2,2021,1,0,3,29,35,19.834,75.883
Jalna,18-01-2021,3,2021,1,0,3,23,28,19.834,75.883
Jalna,25-01-2021,4,2021,1,0,6,20,29,19.834,75.883
Jalna,01-02-2021,5,2021,2,0,1,34,40,19.834,75.883
Jalna,08-02-2021,6,2021,2,0,5,23,29,19.834,75.883
Jalna,15-02-2021,7,2021,2,0,3,29,32,19.834,75.883
Jalna,22-02-2021,8,2021,2,0,8,27,40,19.834,75.883
Jalna,01-03-2021,9,2021,3,0,3,28,32,19.834,75.883
Jalna,08-03-2021,10,2021,3,0,4,30,40,19.834,75.883
Jalna,15-03-2021,11,2021,3,0,2,36,40,19.834,75.883
Jalna,22-03-2021,12,2021,3,0,6,27,35,19.834,75.883
Jalna,29-03-2021,13,2021,3,0,3,27,33,19.834,75.883
Jalna,05-04-2021,14,2021,4,1,9,51,63,19.834,75.883
Jalna,12-04-2021,15,2021,4,0,11,50,64,19.834,75.883
Jalna,19-04-2021,16,2021,4,0,7,47,57,19.834,75.883
Jalna,26-04-2021,17,2021,4,0,7,54,64,19.834,75.883
Jalna,03-05-2021,18,2021,5,1,11,37,51,19.834,75.883
Jalna,10-05-2021,19,2021,5,0,8,53,65,19.834,75.883
Jalna,17-05-2021,20,2021,5,2,10,42,56,19.834,75.883
Jalna,24-05-2021,21,2021,5,0,11,45,58,19.834,75.883
Jalna,31-05-2021,22,2021,5,1,11,39,51,19.834,75.883
Jalna,07-06-2021,23,2021,6,0,3,87,90,19.834,75.883
Jalna,14-06-2021,24,2021,6,0,6,91,100,19.834,75.883
Jalna,21-06-2021,25,2021,6,2,9,96,111,19.834,75.883
Jalna,28-06-2021,26,2021,6,1,7,95,106,19.834,75.883
Jalna,05-07-2021,27,2021,7,2,6,98,108,19.834,75.883
Jalna,12-07-2021,28,2021,7,1,5,83,93,19.834,75.883
Jalna,19-07-2021,29,2021,7,4,6,100,111,19.834,75.883
Jalna,26-07-2021,30,2021,7,2,9,73,86,19.834,75.883
Jalna,02-08-2021,31,2021,8,1,6,75,88,19.834,75.883
Jalna,09-08-2021,32,2021,8,4,4,108,120,19.834,75.883
Jalna,16-08-2021,33,2021,8,1,5,90,97,19.834,75.883
Jalna,23-08-2021,34,2021,8,1,7,101,113,19.834,75.883
Jalna,30-08-2021,35,2021,8,0,9,88,102,19.834,75.883
Jalna,06-09-2021,36,2021,9,0,12,96,109,19.834,75.883
Jalna,13-09-2021,37,2021,9,0,4,90,96,19.834,75.883
Jalna,20-09-2021,38,2021,9,7,6,102,118,19.834,75.883
Jalna,27-09-2021,39,2021,9,0,8,87,99,19.834,75.883
Jalna,04-10-2021,40,2021,10,1,5,30,39,19.834,75.883
Jalna,11-10-2021,41,2021,10,0,5,40,46,19.834,75.883
Jalna,18-10-2021,42,2021,10,0,6,42,52,19.834,75.883
Jalna,25-10-2021,43,2021,10,0,2,45,51,19.834,75.883
Jalna,01-11-2021,44,2021,11,1,5,33,43,19.834,75.883
Jalna,08-11-2021,45,2021,11,1,3,26,33,19.834,75.883
Jalna,15-11-2021,46,2021,11,0,7,34,46,19.834,75.883
Jalna,22-11-2021,47,2021,11,1,4,32,39,19.834,75.883
Jalna,29-11-2021,48,2021,11,1,2,40,48,19.834,75.883
Jalna,06-12-2021,49,2021,12,1,2,20,26,19.834,75.883
Jalna,13-12-2021,50,2021,12,0,8,39,48,19.834,75.883
Jalna,20-12-2021,51,2021,12,1,3,16,20,19.834,75.883
Jalna,27-12-2021,52,2021,12,0,6,24,32,19.834,75.883
Jalna,03-01-2022,1,2022,1,0,5,26,35,19.834,75.883
Jalna,10-01-2022,2,2022,1,0,6,25,35,19.834,75.883
Jalna,17-01-2022,3,2022,1,0,5,22,30,19.834,75.883
Jalna,24-01-2022,4,2022,1,0,3,27,30,19.834,75.883
Jalna,31-01-2022,5,2022,1,0,5,31,40,19.834,75.883
Jalna,07-02-2022,6,2022,2,0,3,18,25,19.834,75.883
Jalna,14-02-2022,7,2022,2,0,3,24,31,19.834,75.883
Jalna,21-02-2022,8,2022,2,0,5,21,28,19.834,75.883
Jalna,28-02-2022,9,2022,2,0,1,25,28,19.834,75.883
Jalna,07-03-2022,10,2022,3,0,2,31,36,19.834,75.883
Jalna,14-03-2022,11,2022,3,0,6,31,42,19.834,75.883
Jalna,21-03-2022,12,2022,3,0,4,26,33,19.834,75.883
Jalna,28-03-2022,13,2022,3,1,2,31,36,19.834,75.883
Jalna,04-04-2022,14,2022,4,0,13,38,55,19.834,75.883
Jalna,11-04-2022,15,2022,4,0,8,54,68,19.834,75.883
Jalna,18-04-2022,16,2022,4,0,9,36,46,19.834,75.883
Jalna,25-04-2022,17,2022,4,0,7,35,44,19.834,75.883
Jalna,02-05-2022,18,2022,5,0,6,55,63,19.834,75.883
Jalna,09-05-2022,19,2022,5,1,5,47,56,19.834,75.883
Jalna,16-05-2022,20,2022,5,0,14,51,73,19.834,75.883
Jalna,23-05-2022,21,2022,5,0,5,56,65,19.834,75.883
Jalna,30-05-2022,22,2022,5,1,14,54,70,19.834,75.883
Jalna,06-06-2022,23,2022,6,1,3,82,88,19.834,75.883
Jalna,13-06-2022,24,2022,6,1,8,98,110,19.834,75.883
Jalna,20-06-2022,25,2022,6,2,5,94,104,19.834,75.883
Jalna,27-06-2022,26,2022,6,2,9,82,94,19.834,75.883
Jalna,04-07-2022,27,2022,7,3,11,97,113,19.834,75.883
Jalna,11-07-2022,28,2022,7,2,4,80,87,19.834,75.883
Jalna,18-07-2022,29,2022,7,2,3,86,94,19.834,75.883
Jalna,25-07-2022,30,2022,7,0,7,89,101,19.834,75.883
Jalna,01-08-2022,31,2022,8,1,7,101,113,19.834,75.883
Jalna,08-08-2022,32,2022,8,2,4,97,106,19.834,75.883
Jalna,15-08-2022,33,2022,8,1,4,114,122,19.834,75.883
Jalna,22-08-2022,34,2022,8,0,5,84,95,19.834,75.883
Jalna,29-08-2022,35,2022,8,1,6,78,90,19.834,75.883
Jalna,05-09-2022,36,2022,9,2,7,95,107,19.834,75.883
Jalna,12-09-2022,37,2022,9,5,7,110,128,19.834,75.883
Jalna,19-09-2022,38,2022,9,0,3,83,91,19.834,75.883
Jalna,26-09-2022,39,2022,9,1,6,94,102,19.834,75.883
Jalna,03-10-2022,40,2022,10,0,2,48,52,19.834,75.883
Jalna,10-10-2022,41,2022,10,2,5,45,52,19.834,75.883
Jalna,17-10-2022,42,2022,10,0,7,31,42,19.834,75.883
Jalna,24-10-2022,43,2022,10,0,6,34,43,19.834,75.883
Jalna,31-10-2022,44,2022,10,1,5,53,60,19.834,75.883
Jalna,07-11-2022,45,2022,11,1,6,35,45,19.834,75.883
Jalna,14-11-2022,46,2022,11,0,4,40,46,19.834,75.883
Jalna,21-11-2022,47,2022,11,0,6,45,54,19.834,75.883
Jalna,28-11-2022,48,2022,11,0,4,37,43,19.834,75.883
Jalna,05-12-2022,49,2022,12,0,6,26,33,19.834,75.883
Jalna,12-12-2022,50,2022,12,1,6,20,29,19.834,75.883
Jalna,19-12-2022,51,2022,12,1,1,30,37,19.834,75.883
Jalna,26-12-2022,52,2022,12,0,8,21,32,19.834,75.883
Jalna,02-01-2023,1,2023,1,0,4,34,41,19.834,75.883
Jalna,09-01-2023,2,2023,1,0,5,25,33,19.834,75.883
Jalna,16-01-2023,3,2023,1,0,5,15,21,19.834,75.883
Jalna,23-01-2023,4,2023,1,1,4,28,37,19.834,75.883
Jalna,30-01-2023,5,2023,1,1,2,29,37,19.834,75.883
Jalna,06-02-2023,6,2023,2,0,6,23,31,19.834,75.883
Jalna,13-02-2023,7,2023,2,0,5,23,30,19.834,75.883
Jalna,20-02-2023,8,2023,2,0,5,25,34,19.834,75.883
Jalna,27-02-2023,9,2023,2,1,4,31,40,19.834,75.883
Jalna,06-03-2023,10,2023,3,0,5,19,27,19.834,75.883
Jalna,13-03-2023,11,2023,3,0,3,28,32,19.834,75.883
Jalna,20-03-2023,12,2023,3,0,3,37,44,19.834,75.883
Jalna,27-03-2023,13,2023,3,0,5,22,28,19.834,75.883
Jalna,03-04-2023,14,2023,4,0,6,57,66,19.834,75.883
Jalna,10-04-2023,15,2023,4,0,5,43,50,19.834,75.883
Jalna,17-04-2023,16,2023,4,0,9,49,64,19.834,75.883
Jalna,24-04-2023,17,2023,4,2,8,42,53,19.834,75.883
Jalna,01-05-2023,18,2023,5,1,8,59,70,19.834,75.883
Jalna,08-05-2023,19,2023,5,0,14,49,66,19.834,75.883
Jalna,15-05-2023,20,2023,5,0,7,35,45,19.834,75.883
Jalna,22-05-2023,21,2023,5,1,10,31,44,19.834,75.883
Jalna,29-05-2023,22,2023,5,1,15,46,64,19.834,75.883
Jalna,05-06-2023,23,2023,6,2,9,94,107,19.834,75.883
Jalna,12-06-2023,24,2023,6,1,6,107,116,19.834,75.883
Jalna,19-06-2023,25,2023,6,3,9,75,87,19.834,75.883
Jalna,26-06-2023,26,2023,6,0,9,89,100,19.834,75.883
Jalna,03-07-2023,27,2023,7,0,5,97,105,19.834,75.883
Jalna,10-07-2023,28,2023,7,2,4,72,83,19.834,75.883
Jalna,17-07-2023,29,2023,7,1,8,84,96,19.834,75.883
Jalna,24-07-2023,30,2023,7,0,8,94,104,19.834,75.883
Jalna,31-07-2023,31,2023,7,3,6,83,97,19.834,75.883
Jalna,07-08-2023,32,2023,8,0,7,85,95,19.834,75.883
Jalna,14-08-2023,33,2023,8,0,5,108,116,19.834,75.883
Jalna,21-08-2023,34,2023,8,0,8,83,98,19.834,75.883
Jalna,28-08-2023,35,2023,8,3,7,83,98,19.834,75.883
Jalna,04-09-2023,36,2023,9,2,6,97,107,19.834,75.883
Jalna,11-09-2023,37,2023,9,2,5,88,100,19.834,75.883
Jalna,18-09-2023,38,2023,9,1,8,108,119,19.834,75.883
Jalna,25-09-2023,39,2023,9,0,7,92,102,19.834,75.883
Jalna,02-10-2023,40,2023,10,0,9,36,45,19.834,75.883
Jalna,09-10-2023,41,2023,10,1,6,39,51,19.834,75.883
Jalna,16-10-2023,42,2023,10,1,9,36,49,19.834,75.883
Jalna,23-10-2023,43,2023,10,0,4,38,48,19.834,75.883
Jalna,30-10-2023,44,2023,10,1,10,30,44,19.834,75.883
Jalna,06-11-2023,45,2023,11,2,5,42,53,19.834,75.883
Jalna,13-11-2023,46,2023,11,0,4,27,39,19.834,75.883
Jalna,20-11-2023,47,2023,11,1,3,35,42,19.834,75.883
Jalna,27-11-2023,48,2023,11,1,4,36,46,19.834,75.883
Jalna,04-12-2023,49,2023,12,0,3,18,21,19.834,75.883
Jalna,11-12-2023,50,2023,12,0,5,25,32,19.834,75.883
Jalna,18-12-2023,51,2023,12,0,3,25,31,19.834,75.883
Jalna,25-12-2023,52,2023,12,0,4,26,33,19.834,75.883
Beed,07-01-2019,2,2019,1,0,6,39,52,18.99,75.756
Beed,14-01-2019,3,2019,1,0,5,35,44,18.99,75.756
Beed,21-01-2019,4,2019,1,0,8,33,41,18.99,75.756
Beed,28-01-2019,5,2019,1,1,6,35,46,18.99,75.756
Beed,04-02-2019,6,2019,2,0,3,39,44,18.99,75.756
Beed,11-02-2019,7,2019,2,0,2,32,38,18.99,75.756
Beed,18-02-2019,8,2019,2,0,5,33,41,18.99,75.756
Beed,25-02-2019,9,2019,2,0,6,33,43,18.99,75.756
Beed,04-03-2019,10,2019,3,1,11,38,53,18.99,75.756
Beed,11-03-2019,11,2019,3,0,4,46,54,18.99,75.756
Beed,18-03-2019,12,2019,3,0,3,33,41,18.99,75.756
Beed,25-03-2019,13,2019,3,0,3,30,35,18.99,75.756
Beed,01-04-2019,14,2019,4,0,10,63,77,18.99,75.756
Beed,08-04-2019,15,2019,4,0,9,65,79,18.99,75.756
Beed,15-04-2019,16,2019,4,0,9,71,83,18.99,75.756
Beed,22-04-2019,17,2019,4,0,12,68,83,18.99,75.756
Beed,29-04-2019,18,2019,4,1,15,63,79,18.99,75.756
Beed,06-05-2019,19,2019,5,1,10,70,84,18.99,75.756
Beed,13-05-2019,20,2019,5,1,8,70,82,18.99,75.756
Beed,20-05-2019,21,2019,5,1,11,64,82,18.99,75.756
Beed,27-05-2019,22,2019,5,0,6,68,81,18.99,75.756
Beed,03-06-2019,23,2019,6,0,8,114,125,18.99,75.756
Beed,10-06-2019,24,2019,6,0,7,120,134,18.99,75.756
Beed,17-06-2019,25,2019,6,0,9,135,151,18.99,75.756
Beed,24-06-2019,26,2019,6,0,9,131,145,18.99,75.756
Beed,01-07-2019,27,2019,7,0,10,111,127,18.99,75.756
Beed,08-07-2019,28,2019,7,1,5,117,127,18.99,75.756
Beed,15-07-2019,29,2019,7,0,11,118,133,18.99,75.756
Beed,22-07-2019,30,2019,7,2,7,141,154,18.99,75.756
Beed,29-07-2019,31,2019,7,0,5,112,119,18.99,75.756
Beed,05-08-2019,32,2019,8,6,5,129,144,18.99,75.756
Beed,12-08-2019,33,2019,8,0,11,107,124,18.99,75.756
Beed,19-08-2019,34,2019,8,1,6,125,135,18.99,75.756
Beed,26-08-2019,35,2019,8,0,7,134,147,18.99,75.756
Beed,02-09-2019,36,2019,9,0,7,114,122,18.99,75.756
Beed,09-09-2019,37,2019,9,0,7,143,155,18.99,75.756
Beed,16-09-2019,38,2019,9,5,6,126,142,18.99,75.756
Beed,23-09-2019,39,2019,9,2,8,134,150,18.99,75.756
Beed,30-09-2019,40,2019,9,1,10,113,129,18.99,75.756
Beed,07-10-2019,41,2019,10,1,7,45,58,18.99,75.756
Beed,14-10-2019,42,2019,10,0,2,50,54,18.99,75.756
Beed,21-10-2019,43,2019,10,0,9,53,71,18.99,75.756
Beed,28-10-2019,44,2019,10,0,6,43,50,18.99,75.756
Beed,04-11-2019,45,2019,11,0,9,45,58,18.99,75.756
Beed,11-11-2019,46,2019,11,1,11,73,92,18.99,75.756
Beed,18-11-2019,47,2019,11,0,4,35,40,18.99,75.756
Beed,25-11-2019,48,2019,11,0,7,49,60,18.99,75.756
Beed,02-12-2019,49,2019,12,1,8,25,35,18.99,75.756
Beed,09-12-2019,50,2019,12,0,8,32,44,18.99,75.756
Beed,16-12-2019,51,2019,12,0,1,42,47,18.99,75.756
Beed,23-12-2019,52,2019,12,1,4,34,42,18.99,75.756
Beed,30-12-2019,1,2019,12,0,6,34,43,18.99,75.756
Beed,06-01-2020,2,2020,1,0,11,40,59,18.99,75.756
Beed,13-01-2020,3,2020,1,0,3,31,39,18.99,75.756
Beed,20-01-2020,4,2020,1,0,5,32,37,18.99,75.756
Beed,27-01-2020,5,2020,1,0,7,40,52,18.99,75.756
Beed,03-02-2020,6,2020,2,0,9,38,50,18.99,75.756
Beed,10-02-2020,7,2020,2,2,4,31,41,18.99,75.756
Beed,17-02-2020,8,2020,2,0,6,34,42,18.99,75.756
Beed,24-02-2020,9,2020,2,0,6,38,48,18.99,75.756
Beed,02-03-2020,10,2020,3,0,8,31,42,18.99,75.756
Beed,09-03-2020,11,2020,3,0,6,36,43,18.99,75.756
Beed,16-03-2020,12,2020,3,0,5,27,36,18.99,75.756
Beed,23-03-2020,13,2020,3,0,2,37,41,18.99,75.756
Beed,30-03-2020,14,2020,3,0,7,30,46,18.99,75.756
Beed,06-04-2020,15,2020,4,0,15,56,77,18.99,75.756
Beed,13-04-2020,16,2020,4,0,17,59,81,18.99,75.756
Beed,20-04-2020,17,2020,4,0,11,52,70,18.99,75.756
Beed,27-04-2020,18,2020,4,0,10,49,60,18.99,75.756
Beed,04-05-2020,19,2020,5,0,5,68,77,18.99,75.756
Beed,11-05-2020,20,2020,5,0,11,76,94,18.99,75.756
Beed,18-05-2020,21,2020,5,0,14,53,71,18.99,75.756
Beed,25-05-2020,22,2020,5,0,8,56,68,18.99,75.756
Beed,01-06-2020,23,2020,6,0,7,118,129,18.99,75.756
Beed,08-06-2020,24,2020,6,1,9,122,134,18.99,75.756
Beed,15-06-2020,25,2020,6,1,10,130,143,18.99,75.756
Beed,22-06-2020,26,2020,6,0,12,118,134,18.99,75.756
Beed,29-06-2020,27,2020,6,0,10,119,133,18.99,75.756
Beed,06-07-2020,28,2020,7,1,13,107,128,18.99,75.756
Beed,13-07-2020,29,2020,7,2,13,119,137,18.99,75.756
Beed,20-07-2020,30,2020,7,1,7,113,124,18.99,75.756
Beed,27-07-2020,31,2020,7,0,3,133,137,18.99,75.756
Beed,03-08-2020,32,2020,8,3,10,123,141,18.99,75.756
Beed,10-08-2020,33,2020,8,2,7,146,160,18.99,75.756
Beed,17-08-2020,34,2020,8,1,5,98,110,18.99,75.756
Beed,24-08-2020,35,2020,8,0,9,108,124,18.99,75.756
Beed,31-08-2020,36,2020,8,0,9,111,125,18.99,75.756
Beed,07-09-2020,37,2020,9,2,12,139,156,18.99,75.756
Beed,14-09-2020,38,2020,9,0,4,131,139,18.99,75.756
Beed,21-09-2020,39,2020,9,1,8,122,139,18.99,75.756
Beed,28-09-2020,40,2020,9,1,8,110,127,18.99,75.756
Beed,05-10-2020,41,2020,10,0,6,48,56,18.99,75.756
Beed,12-10-2020,42,2020,10,0,2,55,61,18.99,75.756
Beed,19-10-2020,43,2020,10,0,6,53,62,18.99,75.756
Beed,26-10-2020,44,2020,10,0,5,37,47,18.99,75.756
Beed,02-11-2020,45,2020,11,0,9,61,73,18.99,75.756
Beed,09-11-2020,46,2020,11,0,9,58,72,18.99,75.756
Beed,16-11-2020,47,2020,11,0,6,55,67,18.99,75.756
Beed,23-11-2020,48,2020,11,0,8,39,52,18.99,75.756
Beed,30-11-2020,49,2020,11,0,6,58,65,18.99,75.756
Beed,07-12-2020,50,2020,12,0,5,32,39,18.99,75.756
Beed,14-12-2020,51,2020,12,0,1,27,35,18.99,75.756
Beed,21-12-2020,52,2020,12,0,10,31,41,18.99,75.756
Beed,28-12-2020,53,2020,12,0,2,30,34,18.99,75.756
Beed,04-01-2021,1,2021,1,0,6,33,43,18.99,75.756
Beed,11-01-2021,2,2021,1,0,6,37,47,18.99,75.756
Beed,18-01-2021,3,2021,1,0,7,27,39,18.99,75.756
Beed,25-01-2021,4,2021,1,0,5,37,47,18.99,75.756
Beed,01-02-2021,5,2021,2,0,5,27,34,18.99,75.756
Beed,08-02-2021,6,2021,2,1,8,32,45,18.99,75.756
Beed,15-02-2021,7,2021,2,0,9,39,49,18.99,75.756
Beed,22-02-2021,8,2021,2,1,5,36,45,18.99,75.756
Beed,01-03-2021,9,2021,3,0,3,33,42,18.99,75.756
Beed,08-03-2021,10,2021,3,0,3,49,52,18.99,75.756
Beed,15-03-2021,11,2021,3,1,4,23,32,18.99,75.756
Beed,22-03-2021,12,2021,3,1,2,28,33,18.99,75.756
Beed,29-03-2021,13,2021,3,0,2,43,45,18.99,75.756
Beed,05-04-2021,14,2021,4,0,18,58,80,18.99,75.756
Beed,12-04-2021,15,2021,4,0,10,50,64,18.99,75.756
Beed,19-04-2021,16,2021,4,0,6,74,84,18.99,75.756
Beed,26-04-2021,17,2021,4,1,8,71,87,18.99,75.756
Beed,03-05-2021,18,2021,5,1,12,57,74,18.99,75.756
Beed,10-05-2021,19,2021,5,1,8,62,74,18.99,75.756
Beed,17-05-2021,20,2021,5,1,10,71,87,18.99,75.756
Beed,24-05-2021,21,2021,5,1,10,52,67,18.99,75.756
Beed,31-05-2021,22,2021,5,1,14,53,71,18.99,75.756
Beed,07-06-2021,23,2021,6,1,8,118,132,18.99,75.756
Beed,14-06-2021,24,2021,6,1,7,112,123,18.99,75.756
Beed,21-06-2021,25,2021,6,0,6,113,128,18.99,75.756
Beed,28-06-2021,26,2021,6,0,7,121,135,18.99,75.756
Beed,05-07-2021,27,2021,7,0,8,119,134,18.99,75.756
Beed,12-07-2021,28,2021,7,0,9,129,142,18.99,75.756
Beed,19-07-2021,29,2021,7,0,11,121,138,18.99,75.756
Beed,26-07-2021,30,2021,7,3,4,123,133,18.99,75.756
Beed,02-08-2021,31,2021,8,0,3,110,119,18.99,75.756
Beed,09-08-2021,32,2021,8,0,9,112,126,18.99,75.756
Beed,16-08-2021,33,2021,8,1,5,111,123,18.99,75.756
Beed,23-08-2021,34,2021,8,1,12,142,158,18.99,75.756
Beed,30-08-2021,35,2021,8,1,13,103,124,18.99,75.756
Beed,06-09-2021,36,2021,9,0,10,117,132,18.99,75.756
Beed,13-09-2021,37,2021,9,1,7,124,139,18.99,75.756
Beed,20-09-2021,38,2021,9,0,4,134,139,18.99,75.756
Beed,27-09-2021,39,2021,9,0,15,113,134,18.99,75.756
Beed,04-10-2021,40,2021,10,0,7,43,54,18.99,75.756
Beed,11-10-2021,41,2021,10,1,4,42,52,18.99,75.756
Beed,18-10-2021,42,2021,10,1,2,41,48,18.99,75.756
Beed,25-10-2021,43,2021,10,0,6,60,68,18.99,75.756
Beed,01-11-2021,44,2021,11,0,8,38,50,18.99,75.756
Beed,08-11-2021,45,2021,11,0,8,52,64,18.99,75.756
Beed,15-11-2021,46,2021,11,0,7,34,45,18.99,75.756
Beed,22-11-2021,47,2021,11,0,4,44,53,18.99,75.756
Beed,29-11-2021,48,2021,11,0,5,57,65,18.99,75.756
Beed,06-12-2021,49,2021,12,0,6,27,35,18.99,75.756
Beed,13-12-2021,50,2021,12,1,7,35,48,18.99,75.756
Beed,20-12-2021,51,2021,12,0,5,22,30,18.99,75.756
Beed,27-12-2021,52,2021,12,0,6,36,45,18.99,75.756
Beed,03-01-2022,1,2022,1,0,8,41,51,18.99,75.756
Beed,10-01-2022,2,2022,1,0,3,37,44,18.99,75.756
Beed,17-01-2022,3,2022,1,0,9,33,48,18.99,75.756
Beed,24-01-2022,4,2022,1,0,2,41,45,18.99,75.756
Beed,31-01-2022,5,2022,1,0,5,36,43,18.99,75.756
Beed,07-02-2022,6,2022,2,0,11,34,48,18.99,75.756
Beed,14-02-2022,7,2022,2,0,1,34,37,18.99,75.756
Beed,21-02-2022,8,2022,2,0,4,34,40,18.99,75.756
Beed,28-02-2022,9,2022,2,0,6,27,34,18.99,75.756
Beed,07-03-2022,10,2022,3,0,3,32,41,18.99,75.756
Beed,14-03-2022,11,2022,3,0,6,37,47,18.99,75.756
Beed,21-03-2022,12,2022,3,1,4,29,38,18.99,75.756
Beed,28-03-2022,13,2022,3,1,3,36,47,18.99,75.756
Beed,04-04-2022,14,2022,4,0,10,61,77,18.99,75.756
Beed,11-04-2022,15,2022,4,1,11,80,92,18.99,75.756
Beed,18-04-2022,16,2022,4,0,10,46,60,18.99,75.756
Beed,25-04-2022,17,2022,4,0,6,63,71,18.99,75.756
Beed,02-05-2022,18,2022,5,0,10,66,78,18.99,75.756
Beed,09-05-2022,19,2022,5,0,8,53,67,18.99,75.756
Beed,16-05-2022,20,2022,5,0,7,65,74,18.99,75.756
Beed,23-05-2022,21,2022,5,1,13,58,75,18.99,75.756
Beed,30-05-2022,22,2022,5,1,11,74,89,18.99,75.756
Beed,06-06-2022,23,2022,6,1,6,133,145,18.99,75.756
Beed,13-06-2022,24,2022,6,1,8,119,132,18.99,75.756
Beed,20-06-2022,25,2022,6,1,8,122,136,18.99,75.756
Beed,27-06-2022,26,2022,6,1,6,135,144,18.99,75.756
Beed,04-07-2022,27,2022,7,2,6,120,132,18.99,75.756
Beed,11-07-2022,28,2022,7,2,3,143,155,18.99,75.756
Beed,18-07-2022,29,2022,7,1,10,121,135,18.99,75.756
Beed,25-07-2022,30,2022,7,1,9,142,156,18.99,75.756
Beed,01-08-2022,31,2022,8,0,9,123,140,18.99,75.756
Beed,08-08-2022,32,2022,8,2,7,117,130,18.99,75.756
Beed,15-08-2022,33,2022,8,1,4,130,138,18.99,75.756
Beed,22-08-2022,34,2022,8,0,9,122,137,18.99,75.756
Beed,29-08-2022,35,2022,8,2,9,117,130,18.99,75.756
Beed,05-09-2022,36,2022,9,2,7,132,149,18.99,75.756
Beed,12-09-2022,37,2022,9,2,4,111,121,18.99,75.756
Beed,19-09-2022,38,2022,9,0,5,129,136,18.99,75.756
Beed,26-09-2022,39,2022,9,0,7,114,123,18.99,75.756
Beed,03-10-2022,40,2022,10,0,4,49,56,18.99,75.756
Beed,10-10-2022,41,2022,10,0,9,52,64,18.99,75.756
Beed,17-10-2022,42,2022,10,0,8,51,61,18.99,75.756
Beed,24-10-2022,43,2022,10,1,6,47,57,18.99,75.756
Beed,31-10-2022,44,2022,10,0,5,40,47,18.99,75.756
Beed,07-11-2022,45,2022,11,0,10,49,61,18.99,75.756
Beed,14-11-2022,46,2022,11,1,3,48,60,18.99,75.756
Beed,21-11-2022,47,2022,11,0,5,43,49,18.99,75.756
Beed,28-11-2022,48,2022,11,1,2,53,57,18.99,75.756
Beed,05-12-2022,49,2022,12,0,7,43,53,18.99,75.756
Beed,12-12-2022,50,2022,12,2,4,33,40,18.99,75.756
Beed,19-12-2022,51,2022,12,1,0,36,42,18.99,75.756
Beed,26-12-2022,52,2022,12,1,6,41,49,18.99,75.756
Beed,02-01-2023,1,2023,1,0,2,37,43,18.99,75.756
Beed,09-01-2023,2,2023,1,0,4,29,35,18.99,75.756
Beed,16-01-2023,3,2023,1,0,11,24,38,18.99,75.756
Beed,23-01-2023,4,2023,1,0,7,36,44,18.99,75.756
Beed,30-01-2023,5,2023,1,0,6,44,52,18.99,75.756
Beed,06-02-2023,6,2023,2,0,9,39,50,18.99,75.756
Beed,13-02-2023,7,2023,2,0,8,47,56,18.99,75.756
Beed,20-02-2023,8,2023,2,0,3,32,42,18.99,75.756
Beed,27-02-2023,9,2023,2,0,4,31,37,18.99,75.756
Beed,06-03-2023,10,2023,3,1,4,41,51,18.99,75.756
Beed,13-03-2023,11,2023,3,0,3,40,45,18.99,75.756
Beed,20-03-2023,12,2023,3,0,10,31,42,18.99,75.756
Beed,27-03-2023,13,2023,3,0,7,33,43,18.99,75.756
Beed,03-04-2023,14,2023,4,1,8,58,71,18.99,75.756
Beed,10-04-2023,15,2023,4,0,5,61,73,18.99,75.756
Beed,17-04-2023,16,2023,4,0,11,62,76,18.99,75.756
Beed,24-04-2023,17,2023,4,0,10,44,57,18.99,75.756
Beed,01-05-2023,18,2023,5,0,8,61,73,18.99,75.756
Beed,08-05-2023,19,2023,5,1,18,64,84,18.99,75.756
Beed,15-05-2023,20,2023,5,1,11,63,77,18.99,75.756
Beed,22-05-2023,21,2023,5,0,12,68,82,18.99,75.756
Beed,29-05-2023,22,2023,5,0,16,60,84,18.99,75.756
Beed,05-06-2023,23,2023,6,1,5,107,116,18.99,75.756
Beed,12-06-2023,24,2023,6,1,4,101,111,18.99,75.756
Beed,19-06-2023,25,2023,6,1,9,122,140,18.99,75.756
Beed,26-06-2023,26,2023,6,1,10,119,136,18.99,75.756
Beed,03-07-2023,27,2023,7,2,8,127,141,18.99,75.756
Beed,10-07-2023,28,2023,7,1,4,112,129,18.99,75.756
Beed,17-07-2023,29,2023,7,1,8,120,132,18.99,75.756
Beed,24-07-2023,30,2023,7,1,8,118,131,18.99,75.756
Beed,31-07-2023,31,2023,7,0,6,137,151,18.99,75.756
Beed,07-08-2023,32,2023,8,1,6,115,126,18.99,75.756
Beed,14-08-2023,33,2023,8,0,10,117,134,18.99,75.756
Beed,21-08-2023,34,2023,8,2,5,130,147,18.99,75.756
Beed,28-08-2023,35,2023,8,0,16,138,163,18.99,75.756
Beed,04-09-2023,36,2023,9,1,5,127,137,18.99,75.756
Beed,11-09-2023,37,2023,9,1,12,134,152,18.99,75.756
Beed,18-09-2023,38,2023,9,1,7,119,133,18.99,75.756
Beed,25-09-2023,39,2023,9,0,5,134,144,18.99,75.756
Beed,02-10-2023,40,2023,10,0,5,43,52,18.99,75.756
Beed,09-10-2023,41,2023,10,0,6,33,41,18.99,75.756
Beed,16-10-2023,42,2023,10,0,4,54,62,18.99,75.756
Beed,23-10-2023,43,2023,10,0,5,52,60,18.99,75.756
Beed,30-10-2023,44,2023,10,0,3,46,52,18.99,75.756
Beed,06-11-2023,45,2023,11,0,6,63,74,18.99,75.756
Beed,13-11-2023,46,2023,11,0,6,52,60,18.99,75.756
Beed,20-11-2023,47,2023,11,0,4,49,57,18.99,75.756
Beed,27-11-2023,48,2023,11,0,7,63,75,18.99,75.756
Beed,04-12-2023,49,2023,12,0,3,33,38,18.99,75.756
Beed,11-12-2023,50,2023,12,1,2,35,45,18.99,75.756
Beed,18-12-2023,51,2023,12,0,8,45,58,18.99,75.756
Beed,25-12-2023,52,2023,12,0,3,38,45,18.99,75.756
Osmanabad,07-01-2019,2,2019,1,2,5,17,28,18.178,76.042
Osmanabad,14-01-2019,3,2019,1,0,7,20,29,18.178,76.042
Osmanabad,21-01-2019,4,2019,1,0,6,24,32,18.178,76.042
Osmanabad,28-01-2019,5,2019,1,0,7,26,35,18.178,76.042
Osmanabad,04-02-2019,6,2019,2,0,7,19,29,18.178,76.042
Osmanabad,11-02-2019,7,2019,2,0,2,28,31,18.178,76.042
Osmanabad,18-02-2019,8,2019,2,1,5,20,26,18.178,76.042
Osmanabad,25-02-2019,9,2019,2,0,2,29,37,18.178,76.042
Osmanabad,04-03-2019,10,2019,3,0,2,19,25,18.178,76.042
Osmanabad,11-03-2019,11,2019,3,0,4,24,33,18.178,76.042
Osmanabad,18-03-2019,12,2019,3,0,6,22,31,18.178,76.042
Osmanabad,25-03-2019,13,2019,3,0,4,24,32,18.178,76.042
Osmanabad,01-04-2019,14,2019,4,0,5,30,36,18.178,76.042
Osmanabad,08-04-2019,15,2019,4,1,6,37,46,18.178,76.042
Osmanabad,15-04-2019,16,2019,4,0,3,46,51,18.178,76.042
Osmanabad,22-04-2019,17,2019,4,0,6,30,40,18.178,76.042
Osmanabad,29-04-2019,18,2019,4,0,11,30,42,18.178,76.042
Osmanabad,06-05-2019,19,2019,5,1,7,34,42,18.178,76.042
Osmanabad,13-05-2019,20,2019,5,0,5,30,36,18.178,76.042
Osmanabad,20-05-2019,21,2019,5,0,10,33,44,18.178,76.042
Osmanabad,27-05-2019,22,2019,5,0,6,32,40,18.178,76.042
Osmanabad,03-06-2019,23,2019,6,0,2,86,93,18.178,76.042
Osmanabad,10-06-2019,24,2019,6,4,7,69,86,18.178,76.042
Osmanabad,17-06-2019,25,2019,6,1,5,82,90,18.178,76.042
Osmanabad,24-06-2019,26,2019,6,1,6,77,85,18.178,76.042
Osmanabad,01-07-2019,27,2019,7,1,10,77,90,18.178,76.042
Osmanabad,08-07-2019,28,2019,7,0,4,70,75,18.178,76.042
Osmanabad,15-07-2019,29,2019,7,0,9,73,83,18.178,76.042
Osmanabad,22-07-2019,30,2019,7,0,5,82,89,18.178,76.042
Osmanabad,29-07-2019,31,2019,7,0,8,80,90,18.178,76.042
Osmanabad,05-08-2019,32,2019,8,1,4,81,89,18.178,76.042
Osmanabad,12-08-2019,33,2019,8,0,0,83,86,18.178,76.042
Osmanabad,19-08-2019,34,2019,8,0,8,77,88,18.178,76.042
Osmanabad,26-08-2019,35,2019,8,2,4,86,96,18.178,76.042
Osmanabad,02-09-2019,36,2019,9,0,5,63,69,18.178,76.042
Osmanabad,09-09-2019,37,2019,9,0,1,71,73,18.178,76.042
Osmanabad,16-09-2019,38,2019,9,0,6,83,91,18.178,76.042
Osmanabad,23-09-2019,39,2019,9,2,6,81,94,18.178,76.042
Osmanabad,30-09-2019,40,2019,9,1,6,64,75,18.178,76.042
Osmanabad,07-10-2019,41,2019,10,0,8,34,44,18.178,76.042
Osmanabad,14-10-2019,42,2019,10,0,2,37,40,18.178,76.042
Osmanabad,21-10-2019,43,2019,10,1,2,34,43,18.178,76.042
Osmanabad,28-10-2019,44,2019,10,0,1,34,38,18.178,76.042
Osmanabad,04-11-2019,45,2019,11,0,2,30,33,18.178,76.042
Osmanabad,11-11-2019,46,2019,11,1,5,26,32,18.178,76.042
Osmanabad,18-11-2019,47,2019,11,0,3,28,33,18.178,76.042
Osmanabad,25-11-2019,48,2019,11,0,5,30,37,18.178,76.042
Osmanabad,02-12-2019,49,2019,12,0,4,15,20,18.178,76.042
Osmanabad,09-12-2019,50,2019,12,1,5,22,29,18.178,76.042
Osmanabad,16-12-2019,51,2019,12,0,3,19,24,18.178,76.042
Osmanabad,23-12-2019,52,2019,12,1,1,23,28,18.178,76.042
Osmanabad,30-12-2019,1,2019,12,0,3,14,21,18.178,76.042
Osmanabad,06-01-2020,2,2020,1,0,4,19,26,18.178,76.042
Osmanabad,13-01-2020,3,2020,1,0,4,25,30,18.178,76.042
Osmanabad,20-01-2020,4,2020,1,0,4,15,22,18.178,76.042
Osmanabad,27-01-2020,5,2020,1,0,2,19,21,18.178,76.042
Osmanabad,03-02-2020,6,2020,2,0,5,16,27,18.178,76.042
Osmanabad,10-02-2020,7,2020,2,0,3,19,22,18.178,76.042
Osmanabad,17-02-2020,8,2020,2,1,3,26,33,18.178,76.042
Osmanabad,24-02-2020,9,2020,2,1,1,21,26,18.178,76.042
Osmanabad,02-03-2020,10,2020,3,0,2,21,26,18.178,76.042
Osmanabad,09-03-2020,11,2020,3,0,5,22,30,18.178,76.042
Osmanabad,16-03-2020,12,2020,3,0,1,17,21,18.178,76.042
Osmanabad,23-03-2020,13,2020,3,0,2,14,17,18.178,76.042
Osmanabad,30-03-2020,14,2020,3,0,7,16,25,18.178,76.042
Osmanabad,06-04-2020,15,2020,4,0,4,39,45,18.178,76.042
Osmanabad,13-04-2020,16,2020,4,0,6,53,61,18.178,76.042
Osmanabad,20-04-2020,17,2020,4,0,6,42,49,18.178,76.042
Osmanabad,27-04-2020,18,2020,4,0,9,35,47,18.178,76.042
Osmanabad,04-05-2020,19,2020,5,1,6,44,54,18.178,76.042
Osmanabad,11-05-2020,20,2020,5,1,4,22,29,18.178,76.042
Osmanabad,18-05-2020,21,2020,5,0,2,39,41,18.178,76.042
Osmanabad,25-05-2020,22,2020,5,0,7,40,49,18.178,76.042
Osmanabad,01-06-2020,23,2020,6,1,6,78,88,18.178,76.042
Osmanabad,08-06-2020,24,2020,6,1,5,72,85,18.178,76.042
Osmanabad,15-06-2020,25,2020,6,0,3,81,86,18.178,76.042
Osmanabad,22-06-2020,26,2020,6,0,3,88,96,18.178,76.042
Osmanabad,29-06-2020,27,2020,6,0,3,88,94,18.178,76.042
Osmanabad,06-07-2020,28,2020,7,1,7,69,80,18.178,76.042
Osmanabad,13-07-2020,29,2020,7,0,6,82,89,18.178,76.042
Osmanabad,20-07-2020,30,2020,7,0,6,75,83,18.178,76.042
Osmanabad,27-07-2020,31,2020,7,0,2,84,89,18.178,76.042
Osmanabad,03-08-2020,32,2020,8,1,4,68,74,18.178,76.042
Osmanabad,10-08-2020,33,2020,8,0,6,77,85,18.178,76.042
Osmanabad,17-08-2020,34,2020,8,0,2,71,74,18.178,76.042
Osmanabad,24-08-2020,35,2020,8,1,5,69,77,18.178,76.042
Osmanabad,31-08-2020,36,2020,8,1,6,78,89,18.178,76.042
Osmanabad,07-09-2020,37,2020,9,1,4,78,87,18.178,76.042
Osmanabad,14-09-2020,38,2020,9,0,8,63,76,18.178,76.042
Osmanabad,21-09-2020,39,2020,9,0,7,75,84,18.178,76.042
Osmanabad,28-09-2020,40,2020,9,3,6,74,85,18.178,76.042
Osmanabad,05-10-2020,41,2020,10,1,3,25,30,18.178,76.042
Osmanabad,12-10-2020,42,2020,10,0,3,19,24,18.178,76.042
Osmanabad,19-10-2020,43,2020,10,0,5,37,44,18.178,76.042
Osmanabad,26-10-2020,44,2020,10,1,5,33,39,18.178,76.042
Osmanabad,02-11-2020,45,2020,11,0,4,28,37,18.178,76.042
Osmanabad,09-11-2020,46,2020,11,0,5,24,31,18.178,76.042
Osmanabad,16-11-2020,47,2020,11,1,3,27,33,18.178,76.042
Osmanabad,23-11-2020,48,2020,11,1,5,27,39,18.178,76.042
Osmanabad,30-11-2020,49,2020,11,0,3,34,39,18.178,76.042
Osmanabad,07-12-2020,50,2020,12,0,3,19,24,18.178,76.042
Osmanabad,14-12-2020,51,2020,12,0,5,9,16,18.178,76.042
Osmanabad,21-12-2020,52,2020,12,1,3,20,28,18.178,76.042
Osmanabad,28-12-2020,53,2020,12,1,3,24,31,18.178,76.042
Osmanabad,04-01-2021,1,2021,1,0,2,21,24,18.178,76.042
Osmanabad,11-01-2021,2,2021,1,0,4,25,33,18.178,76.042
Osmanabad,18-01-2021,3,2021,1,0,2,14,21,18.178,76.042
Osmanabad,25-01-2021,4,2021,1,0,2,12,15,18.178,76.042
Osmanabad,01-02-2021,5,2021,2,0,6,17,26,18.178,76.042
Osmanabad,08-02-2021,6,2021,2,0,3,24,28,18.178,76.042
Osmanabad,15-02-2021,7,2021,2,1,2,23,27,18.178,76.042
Osmanabad,22-02-2021,8,2021,2,1,6,27,37,18.178,76.042
Osmanabad,01-03-2021,9,2021,3,0,6,20,27,18.178,76.042
Osmanabad,08-03-2021,10,2021,3,0,3,26,30,18.178,76.042
Osmanabad,15-03-2021,11,2021,3,1,3,29,35,18.178,76.042
Osmanabad,22-03-2021,12,2021,3,1,5,21,31,18.178,76.042
Osmanabad,29-03-2021,13,2021,3,0,2,16,19,18.178,76.042
Osmanabad,05-04-2021,14,2021,4,0,5,36,41,18.178,76.042
Osmanabad,12-04-2021,15,2021,4,0,6,34,42,18.178,76.042
Osmanabad,19-04-2021,16,2021,4,0,3,39,44,18.178,76.042
Osmanabad,26-04-2021,17,2021,4,1,4,29,38,18.178,76.042
Osmanabad,03-05-2021,18,2021,5,0,6,48,56,18.178,76.042
Osmanabad,10-05-2021,19,2021,5,0,12,34,49,18.178,76.042
Osmanabad,17-05-2021,20,2021,5,0,2,39,44,18.178,76.042
Osmanabad,24-05-2021,21,2021,5,0,9,35,44,18.178,76.042
Osmanabad,31-05-2021,22,2021,5,0,5,47,53,18.178,76.042
Osmanabad,07-06-2021,23,2021,6,0,4,77,84,18.178,76.042
Osmanabad,14-06-2021,24,2021,6,0,6,64,74,18.178,76.042
Osmanabad,21-06-2021,25,2021,6,0,4,73,78,18.178,76.042
Osmanabad,28-06-2021,26,2021,6,1,4,86,92,18.178,76.042
Osmanabad,05-07-2021,27,2021,7,0,3,83,90,18.178,76.042
Osmanabad,12-07-2021,28,2021,7,0,4,82,88,18.178,76.042
Osmanabad,19-07-2021,29,2021,7,1,3,60,65,18.178,76.042
Osmanabad,26-07-2021,30,2021,7,1,7,71,79,18.178,76.042
Osmanabad,02-08-2021,31,2021,8,0,9,70,84,18.178,76.042
Osmanabad,09-08-2021,32,2021,8,0,7,67,75,18.178,76.042
Osmanabad,16-08-2021,33,2021,8,0,6,54,60,18.178,76.042
Osmanabad,23-08-2021,34,2021,8,0,6,63,71,18.178,76.042
Osmanabad,30-08-2021,35,2021,8,0,3,65,69,18.178,76.042
Osmanabad,06-09-2021,36,2021,9,1,2,74,84,18.178,76.042
Osmanabad,13-09-2021,37,2021,9,1,3,72,79,18.178,76.042
Osmanabad,20-09-2021,38,2021,9,1,2,73,78,18.178,76.042
Osmanabad,27-09-2021,39,2021,9,1,7,65,76,18.178,76.042
Osmanabad,04-10-2021,40,2021,10,0,4,28,38,18.178,76.042
Osmanabad,11-10-2021,41,2021,10,1,7,29,37,18.178,76.042
Osmanabad,18-10-2021,42,2021,10,1,5,28,37,18.178,76.042
Osmanabad,25-10-2021,43,2021,10,1,5,37,45,18.178,76.042
Osmanabad,01-11-2021,44,2021,11,0,2,26,29,18.178,76.042
Osmanabad,08-11-2021,45,2021,11,0,1,30,32,18.178,76.042
Osmanabad,15-11-2021,46,2021,11,0,2,33,38,18.178,76.042
Osmanabad,22-11-2021,47,2021,11,1,3,30,37,18.178,76.042
Osmanabad,29-11-2021,48,2021,11,0,5,35,42,18.178,76.042
Osmanabad,06-12-2021,49,2021,12,0,1,24,26,18.178,76.042
Osmanabad,13-12-2021,50,2021,12,0,3,15,20,18.178,76.042
Osmanabad,20-12-2021,51,2021,12,0,4,20,25,18.178,76.042
Osmanabad,27-12-2021,52,2021,12,0,6,27,34,18.178,76.042
Osmanabad,03-01-2022,1,2022,1,0,1,27,33,18.178,76.042
Osmanabad,10-01-2022,2,2022,1,1,1,24,28,18.178,76.042
Osmanabad,17-01-2022,3,2022,1,0,6,21,29,18.178,76.042
Osmanabad,24-01-2022,4,2022,1,0,6,17,26,18.178,76.042
Osmanabad,31-01-2022,5,2022,1,0,3,17,24,18.178,76.042
Osmanabad,07-02-2022,6,2022,2,0,0,29,32,18.178,76.042
Osmanabad,14-02-2022,7,2022,2,0,1,20,24,18.178,76.042
Osmanabad,21-02-2022,8,2022,2,1,4,20,26,18.178,76.042
Osmanabad,28-02-2022,9,2022,2,0,2,23,25,18.178,76.042
Osmanabad,07-03-2022,10,2022,3,0,4,16,23,18.178,76.042
Osmanabad,14-03-2022,11,2022,3,1,5,23,32,18.178,76.042
Osmanabad,21-03-2022,12,2022,3,0,4,23,31,18.178,76.042
Osmanabad,28-03-2022,13,2022,3,1,1,18,23,18.178,76.042
Osmanabad,04-04-2022,14,2022,4,0,11,37,52,18.178,76.042
Osmanabad,11-04-2022,15,2022,4,0,3,31,38,18.178,76.042
Osmanabad,18-04-2022,16,2022,4,0,5,37,44,18.178,76.042
Osmanabad,25-04-2022,17,2022,4,0,5,44,49,18.178,76.042
Osmanabad,02-05-2022,18,2022,5,0,8,37,46,18.178,76.042
Osmanabad,09-05-2022,19,2022,5,0,8,36,46,18.178,76.042
Osmanabad,16-05-2022,20,2022,5,0,6,37,45,18.178,76.042
Osmanabad,23-05-2022,21,2022,5,0,7,45,53,18.178,76.042
Osmanabad,30-05-2022,22,2022,5,0,6,48,57,18.178,76.042
Osmanabad,06-06-2022,23,2022,6,0,6,68,77,18.178,76.042
Osmanabad,13-06-2022,24,2022,6,1,12,66,85,18.178,76.042
Osmanabad,20-06-2022,25,2022,6,0,5,71,78,18.178,76.042
Osmanabad,27-06-2022,26,2022,6,0,4,71,75,18.178,76.042
Osmanabad,04-07-2022,27,2022,7,0,3,70,75,18.178,76.042
Osmanabad,11-07-2022,28,2022,7,0,9,64,79,18.178,76.042
Osmanabad,18-07-2022,29,2022,7,0,8,64,77,18.178,76.042
Osmanabad,25-07-2022,30,2022,7,1,2,66,71,18.178,76.042
Osmanabad,01-08-2022,31,2022,8,1,5,73,80,18.178,76.042
Osmanabad,08-08-2022,32,2022,8,0,5,84,93,18.178,76.042
Osmanabad,15-08-2022,33,2022,8,0,4,88,94,18.178,76.042
Osmanabad,22-08-2022,34,2022,8,0,4,78,83,18.178,76.042
Osmanabad,29-08-2022,35,2022,8,1,2,82,90,18.178,76.042
Osmanabad,05-09-2022,36,2022,9,1,6,74,82,18.178,76.042
Osmanabad,12-09-2022,37,2022,9,0,4,75,82,18.178,76.042
Osmanabad,19-09-2022,38,2022,9,0,1,69,74,18.178,76.042
Osmanabad,26-09-2022,39,2022,9,1,5,80,89,18.178,76.042
Osmanabad,03-10-2022,40,2022,10,0,4,37,42,18.178,76.042
Osmanabad,10-10-2022,41,2022,10,0,6,27,34,18.178,76.042
Osmanabad,17-10-2022,42,2022,10,0,6,36,46,18.178,76.042
Osmanabad,24-10-2022,43,2022,10,0,5,22,29,18.178,76.042
Osmanabad,31-10-2022,44,2022,10,0,4,24,28,18.178,76.042
Osmanabad,07-11-2022,45,2022,11,0,1,33,35,18.178,76.042
Osmanabad,14-11-2022,46,2022,11,0,3,24,30,18.178,76.042
Osmanabad,21-11-2022,47,2022,11,1,2,30,37,18.178,76.042
Osmanabad,28-11-2022,48,2022,11,1,5,24,32,18.178,76.042
Osmanabad,05-12-2022,49,2022,12,0,9,27,37,18.178,76.042
Osmanabad,12-12-2022,50,2022,12,0,4,16,23,18.178,76.042
Osmanabad,19-12-2022,51,2022,12,0,5,20,26,18.178,76.042
Osmanabad,26-12-2022,52,2022,12,0,5,26,32,18.178,76.042
Osmanabad,02-01-2023,1,2023,1,0,2,18,20,18.178,76.042
Osmanabad,09-01-2023,2,2023,1,0,2,24,28,18.178,76.042
Osmanabad,16-01-2023,3,2023,1,1,2,22,29,18.178,76.042
Osmanabad,23-01-2023,4,2023,1,0,7,18,28,18.178,76.042
Osmanabad,30-01-2023,5,2023,1,0,6,23,30,18.178,76.042
Osmanabad,06-02-2023,6,2023,2,2,1,25,30,18.178,76.042
Osmanabad,13-02-2023,7,2023,2,0,6,22,30,18.178,76.042
Osmanabad,20-02-2023,8,2023,2,0,2,19,23,18.178,76.042
Osmanabad,27-02-2023,9,2023,2,0,2,14,17,18.178,76.042
Osmanabad,06-03-2023,10,2023,3,1,4,16,22,18.178,76.042
Osmanabad,13-03-2023,11,2023,3,0,3,29,35,18.178,76.042
Osmanabad,20-03-2023,12,2023,3,0,3,26,32,18.178,76.042
Osmanabad,27-03-2023,13,2023,3,0,2,16,20,18.178,76.042
Osmanabad,03-04-2023,14,2023,4,0,8,27,40,18.178,76.042
Osmanabad,10-04-2023,15,2023,4,0,3,39,44,18.178,76.042
Osmanabad,17-04-2023,16,2023,4,1,4,45,50,18.178,76.042
Osmanabad,24-04-2023,17,2023,4,0,8,27,36,18.178,76.042
Osmanabad,01-05-2023,18,2023,5,0,4,43,48,18.178,76.042
Osmanabad,08-05-2023,19,2023,5,0,8,35,44,18.178,76.042
Osmanabad,15-05-2023,20,2023,5,0,1,44,47,18.178,76.042
Osmanabad,22-05-2023,21,2023,5,0,7,36,44,18.178,76.042
Osmanabad,29-05-2023,22,2023,5,0,5,35,42,18.178,76.042
Osmanabad,05-06-2023,23,2023,6,1,7,67,82,18.178,76.042
Osmanabad,12-06-2023,24,2023,6,0,4,76,85,18.178,76.042
Osmanabad,19-06-2023,25,2023,6,0,4,72,82,18.178,76.042
Osmanabad,26-06-2023,26,2023,6,1,9,84,98,18.178,76.042
Osmanabad,03-07-2023,27,2023,7,1,8,75,88,18.178,76.042
Osmanabad,10-07-2023,28,2023,7,1,7,82,92,18.178,76.042
Osmanabad,17-07-2023,29,2023,7,0,3,63,68,18.178,76.042
Osmanabad,24-07-2023,30,2023,7,1,2,72,77,18.178,76.042
Osmanabad,31-07-2023,31,2023,7,0,2,74,80,18.178,76.042
Osmanabad,07-08-2023,32,2023,8,2,4,76,84,18.178,76.042
Osmanabad,14-08-2023,33,2023,8,0,9,72,83,18.178,76.042
Osmanabad,21-08-2023,34,2023,8,1,4,79,85,18.178,76.042
Osmanabad,28-08-2023,35,2023,8,0,7,76,87,18.178,76.042
Osmanabad,04-09-2023,36,2023,9,1,7,66,77,18.178,76.042
Osmanabad,11-09-2023,37,2023,9,0,4,69,78,18.178,76.042
Osmanabad,18-09-2023,38,2023,9,1,9,92,109,18.178,76.042
Osmanabad,25-09-2023,39,2023,9,2,6,74,82,18.178,76.042
Osmanabad,02-10-2023,40,2023,10,1,4,30,39,18.178,76.042
Osmanabad,09-10-2023,41,2023,10,0,5,28,34,18.178,76.042
Osmanabad,16-10-2023,42,2023,10,0,4,26,31,18.178,76.042
Osmanabad,23-10-2023,43,2023,10,0,2,24,28,18.178,76.042
Osmanabad,30-10-2023,44,2023,10,0,3,21,26,18.178,76.042
Osmanabad,06-11-2023,45,2023,11,0,4,40,46,18.178,76.042
Osmanabad,13-11-2023,46,2023,11,1,3,29,33,18.178,76.042
Osmanabad,20-11-2023,47,2023,11,0,1,29,31,18.178,76.042
Osmanabad,27-11-2023,48,2023,11,0,2,25,28,18.178,76.042
Osmanabad,04-12-2023,49,2023,12,0,3,26,31,18.178,76.042
Osmanabad,11-12-2023,50,2023,12,0,5,17,23,18.178,76.042
Osmanabad,18-12-2023,51,2023,12,0,2,21,24,18.178,76.042
Osmanabad,25-12-2023,52,2023,12,0,1,23,26,18.178,76.042
Latur,07-01-2019,2,2019,1,0,2,30,34,18.407,76.56
Latur,14-01-2019,3,2019,1,0,5,27,35,18.407,76.56
Latur,21-01-2019,4,2019,1,1,2,32,37,18.407,76.56
Latur,28-01-2019,5,2019,1,0,1,23,27,18.407,76.56
Latur,04-02-2019,6,2019,2,0,6,34,41,18.407,76.56
Latur,11-02-2019,7,2019,2,0,7,27,37,18.407,76.56
Latur,18-02-2019,8,2019,2,1,0,30,33,18.407,76.56
Latur,25-02-2019,9,2019,2,0,6,26,37,18.407,76.56
Latur,04-03-2019,10,2019,3,0,6,35,44,18.407,76.56
Latur,11-03-2019,11,2019,3,1,2,32,39,18.407,76.56
Latur,18-03-2019,12,2019,3,0,2,40,47,18.407,76.56
Latur,25-03-2019,13,2019,3,1,7,38,52,18.407,76.56
Latur,01-04-2019,14,2019,4,0,13,36,52,18.407,76.56
Latur,08-04-2019,15,2019,4,0,7,48,56,18.407,76.56
Latur,15-04-2019,16,2019,4,0,8,60,73,18.407,76.56
Latur,22-04-2019,17,2019,4,0,9,52,63,18.407,76.56
Latur,29-04-2019,18,2019,4,0,6,47,57,18.407,76.56
Latur,06-05-2019,19,2019,5,0,6,52,60,18.407,76.56
Latur,13-05-2019,20,2019,5,2,15,70,89,18.407,76.56
Latur,20-05-2019,21,2019,5,0,9,53,65,18.407,76.56
Latur,27-05-2019,22,2019,5,0,2,44,50,18.407,76.56
Latur,03-06-2019,23,2019,6,1,7,94,106,18.407,76.56
Latur,10-06-2019,24,2019,6,1,6,100,111,18.407,76.56
Latur,17-06-2019,25,2019,6,0,10,106,121,18.407,76.56
Latur,24-06-2019,26,2019,6,1,12,122,135,18.407,76.56
Latur,01-07-2019,27,2019,7,2,3,86,97,18.407,76.56
Latur,08-07-2019,28,2019,7,1,11,88,103,18.407,76.56
Latur,15-07-2019,29,2019,7,0,7,89,99,18.407,76.56
Latur,22-07-2019,30,2019,7,1,5,113,122,18.407,76.56
Latur,29-07-2019,31,2019,7,0,2,115,119,18.407,76.56
Latur,05-08-2019,32,2019,8,1,2,115,119,18.407,76.56
Latur,12-08-2019,33,2019,8,0,6,113,124,18.407,76.56
Latur,19-08-2019,34,2019,8,2,8,100,110,18.407,76.56
Latur,26-08-2019,35,2019,8,0,10,91,104,18.407,76.56
Latur,02-09-2019,36,2019,9,0,3,102,113,18.407,76.56
Latur,09-09-2019,37,2019,9,1,8,91,108,18.407,76.56
Latur,16-09-2019,38,2019,9,1,7,113,126,18.407,76.56
Latur,23-09-2019,39,2019,9,1,5,113,123,18.407,76.56
Latur,30-09-2019,40,2019,9,2,10,101,114,18.407,76.56
Latur,07-10-2019,41,2019,10,1,4,50,56,18.407,76.56
Latur,14-10-2019,42,2019,10,0,5,45,53,18.407,76.56
Latur,21-10-2019,43,2019,10,0,2,33,37,18.407,76.56
Latur,28-10-2019,44,2019,10,0,3,38,47,18.407,76.56
Latur,04-11-2019,45,2019,11,0,6,49,58,18.407,76.56
Latur,11-11-2019,46,2019,11,0,5,41,47,18.407,76.56
Latur,18-11-2019,47,2019,11,0,4,44,52,18.407,76.56
Latur,25-11-2019,48,2019,11,0,4,49,57,18.407,76.56
Latur,02-12-2019,49,2019,12,0,5,28,33,18.407,76.56
Latur,09-12-2019,50,2019,12,0,4,31,36,18.407,76.56
Latur,16-12-2019,51,2019,12,0,3,29,33,18.407,76.56
Latur,23-12-2019,52,2019,12,1,4,26,33,18.407,76.56
Latur,30-12-2019,1,2019,12,2,4,19,27,18.407,76.56
Latur,06-01-2020,2,2020,1,0,1,28,32,18.407,76.56
Latur,13-01-2020,3,2020,1,0,7,21,31,18.407,76.56
Latur,20-01-2020,4,2020,1,0,3,34,38,18.407,76.56
Latur,27-01-2020,5,2020,1,0,3,30,36,18.407,76.56
Latur,03-02-2020,6,2020,2,0,6,26,33,18.407,76.56
Latur,10-02-2020,7,2020,2,1,7,21,34,18.407,76.56
Latur,17-02-2020,8,2020,2,1,3,39,48,18.407,76.56
Latur,24-02-2020,9,2020,2,0,5,18,23,18.407,76.56
Latur,02-03-2020,10,2020,3,0,5,21,34,18.407,76.56
Latur,09-03-2020,11,2020,3,1,5,41,55,18.407,76.56
Latur,16-03-2020,12,2020,3,0,6,25,33,18.407,76.56
Latur,23-03-2020,13,2020,3,0,3,31,35,18.407,76.56
Latur,30-03-2020,14,2020,3,0,4,19,25,18.407,76.56
Latur,06-04-2020,15,2020,4,0,13,48,62,18.407,76.56
Latur,13-04-2020,16,2020,4,1,10,56,69,18.407,76.56
Latur,20-04-2020,17,2020,4,1,8,55,67,18.407,76.56
Latur,27-04-2020,18,2020,4,4,11,57,75,18.407,76.56
Latur,04-05-2020,19,2020,5,0,10,54,68,18.407,76.56
Latur,11-05-2020,20,2020,5,0,16,56,73,18.407,76.56
Latur,18-05-2020,21,2020,5,0,8,59,70,18.407,76.56
Latur,25-05-2020,22,2020,5,1,8,48,61,18.407,76.56
Latur,01-06-2020,23,2020,6,1,5,90,99,18.407,76.56
Latur,08-06-2020,24,2020,6,1,8,99,111,18.407,76.56
Latur,15-06-2020,25,2020,6,1,4,101,110,18.407,76.56
Latur,22-06-2020,26,2020,6,1,10,101,118,18.407,76.56
Latur,29-06-2020,27,2020,6,2,8,92,111,18.407,76.56
Latur,06-07-2020,28,2020,7,2,5,106,113,18.407,76.56
Latur,13-07-2020,29,2020,7,0,8,78,91,18.407,76.56
Latur,20-07-2020,30,2020,7,0,6,117,126,18.407,76.56
Latur,27-07-2020,31,2020,7,0,7,110,119,18.407,76.56
Latur,03-08-2020,32,2020,8,0,6,104,112,18.407,76.56
Latur,10-08-2020,33,2020,8,0,6,100,107,18.407,76.56
Latur,17-08-2020,34,2020,8,1,10,99,111,18.407,76.56
Latur,24-08-2020,35,2020,8,0,11,91,103,18.407,76.56
Latur,31-08-2020,36,2020,8,0,13,113,136,18.407,76.56
Latur,07-09-2020,37,2020,9,1,10,107,122,18.407,76.56
Latur,14-09-2020,38,2020,9,1,9,98,112,18.407,76.56
Latur,21-09-2020,39,2020,9,1,9,97,111,18.407,76.56
Latur,28-09-2020,40,2020,9,0,8,92,104,18.407,76.56
Latur,05-10-2020,41,2020,10,0,5,39,45,18.407,76.56
Latur,12-10-2020,42,2020,10,1,7,40,52,18.407,76.56
Latur,19-10-2020,43,2020,10,0,6,37,47,18.407,76.56
Latur,26-10-2020,44,2020,10,1,3,39,48,18.407,76.56
Latur,02-11-2020,45,2020,11,0,5,44,52,18.407,76.56
Latur,09-11-2020,46,2020,11,0,8,43,53,18.407,76.56
Latur,16-11-2020,47,2020,11,1,4,35,43,18.407,76.56
Latur,23-11-2020,48,2020,11,1,6,40,48,18.407,76.56
Latur,30-11-2020,49,2020,11,0,5,51,61,18.407,76.56
Latur,07-12-2020,50,2020,12,0,9,20,31,18.407,76.56
Latur,14-12-2020,51,2020,12,0,6,29,37,18.407,76.56
Latur,21-12-2020,52,2020,12,0,7,21,29,18.407,76.56
Latur,28-12-2020,53,2020,12,0,4,22,28,18.407,76.56
Latur,04-01-2021,1,2021,1,1,6,32,43,18.407,76.56
Latur,11-01-2021,2,2021,1,0,5,33,44,18.407,76.56
Latur,18-01-2021,3,2021,1,1,2,30,33,18.407,76.56
Latur,25-01-2021,4,2021,1,0,6,36,43,18.407,76.56
Latur,01-02-2021,5,2021,2,1,9,34,49,18.407,76.56
Latur,08-02-2021,6,2021,2,0,6,34,44,18.407,76.56
Latur,15-02-2021,7,2021,2,0,3,36,43,18.407,76.56
Latur,22-02-2021,8,2021,2,0,2,34,40,18.407,76.56
Latur,01-03-2021,9,2021,3,0,5,26,34,18.407,76.56
Latur,08-03-2021,10,2021,3,0,3,32,37,18.407,76.56
Latur,15-03-2021,11,2021,3,0,4,31,38,18.407,76.56
Latur,22-03-2021,12,2021,3,0,6,26,36,18.407,76.56
Latur,29-03-2021,13,2021,3,0,5,34,43,18.407,76.56
Latur,05-04-2021,14,2021,4,0,10,46,57,18.407,76.56
Latur,12-04-2021,15,2021,4,0,7,53,63,18.407,76.56
Latur,19-04-2021,16,2021,4,0,5,53,61,18.407,76.56
Latur,26-04-2021,17,2021,4,1,7,52,64,18.407,76.56
Latur,03-05-2021,18,2021,5,0,5,44,50,18.407,76.56
Latur,10-05-2021,19,2021,5,0,13,55,72,18.407,76.56
Latur,17-05-2021,20,2021,5,0,7,47,55,18.407,76.56
Latur,24-05-2021,21,2021,5,1,12,51,66,18.407,76.56
Latur,31-05-2021,22,2021,5,0,8,50,65,18.407,76.56
Latur,07-06-2021,23,2021,6,1,5,93,102,18.407,76.56
Latur,14-06-2021,24,2021,6,0,3,104,112,18.407,76.56
Latur,21-06-2021,25,2021,6,1,6,85,98,18.407,76.56
Latur,28-06-2021,26,2021,6,0,4,106,111,18.407,76.56
Latur,05-07-2021,27,2021,7,0,4,85,92,18.407,76.56
Latur,12-07-2021,28,2021,7,2,9,92,107,18.407,76.56
Latur,19-07-2021,29,2021,7,2,10,98,112,18.407,76.56
Latur,26-07-2021,30,2021,7,2,6,100,111,18.407,76.56
Latur,02-08-2021,31,2021,8,0,11,86,98,18.407,76.56
Latur,09-08-2021,32,2021,8,1,12,112,129,18.407,76.56
Latur,16-08-2021,33,2021,8,0,10,97,110,18.407,76.56
Latur,23-08-2021,34,2021,8,0,13,91,114,18.407,76.56
Latur,30-08-2021,35,2021,8,0,8,117,130,18.407,76.56
Latur,06-09-2021,36,2021,9,0,8,81,94,18.407,76.56
Latur,13-09-2021,37,2021,9,0,8,99,108,18.407,76.56
Latur,20-09-2021,38,2021,9,0,6,73,82,18.407,76.56
Latur,27-09-2021,39,2021,9,1,6,82,95,18.407,76.56
Latur,04-10-2021,40,2021,10,0,2,48,52,18.407,76.56
Latur,11-10-2021,41,2021,10,0,5,44,53,18.407,76.56
Latur,18-10-2021,42,2021,10,1,3,44,51,18.407,76.56
Latur,25-10-2021,43,2021,10,1,4,49,57,18.407,76.56
Latur,01-11-2021,44,2021,11,1,2,32,36,18.407,76.56
Latur,08-11-2021,45,2021,11,0,6,44,55,18.407,76.56
Latur,15-11-2021,46,2021,11,0,4,35,40,18.407,76.56
Latur,22-11-2021,47,2021,11,0,4,48,53,18.407,76.56
Latur,29-11-2021,48,2021,11,1,9,33,45,18.407,76.56
Latur,06-12-2021,49,2021,12,0,10,34,44,18.407,76.56
Latur,13-12-2021,50,2021,12,0,4,35,43,18.407,76.56
Latur,20-12-2021,51,2021,12,1,4,36,43,18.407,76.56
Latur,27-12-2021,52,2021,12,0,6,39,46,18.407,76.56
Latur,03-01-2022,1,2022,1,0,6,31,39,18.407,76.56
Latur,10-01-2022,2,2022,1,0,6,22,33,18.407,76.56
Latur,17-01-2022,3,2022,1,0,2,22,27,18.407,76.56
Latur,24-01-2022,4,2022,1,0,6,29,37,18.407,76.56
Latur,31-01-2022,5,2022,1,0,3,31,38,18.407,76.56
Latur,07-02-2022,6,2022,2,0,6,31,40,18.407,76.56
Latur,14-02-2022,7,2022,2,0,2,34,39,18.407,76.56
Latur,21-02-2022,8,2022,2,0,2,22,26,18.407,76.56
Latur,28-02-2022,9,2022,2,0,4,31,38,18.407,76.56
Latur,07-03-2022,10,2022,3,0,5,22,29,18.407,76.56
Latur,14-03-2022,11,2022,3,0,7,24,33,18.407,76.56
Latur,21-03-2022,12,2022,3,0,1,31,33,18.407,76.56
Latur,28-03-2022,13,2022,3,0,2,29,33,18.407,76.56
Latur,04-04-2022,14,2022,4,0,6,45,53,18.407,76.56
Latur,11-04-2022,15,2022,4,0,5,60,68,18.407,76.56
Latur,18-04-2022,16,2022,4,2,11,55,71,18.407,76.56
Latur,25-04-2022,17,2022,4,1,9,47,60,18.407,76.56
Latur,02-05-2022,18,2022,5,1,9,55,70,18.407,76.56
Latur,09-05-2022,19,2022,5,0,5,48,55,18.407,76.56
Latur,16-05-2022,20,2022,5,1,8,54,65,18.407,76.56
Latur,23-05-2022,21,2022,5,1,8,59,71,18.407,76.56
Latur,30-05-2022,22,2022,5,1,8,54,66,18.407,76.56
Latur,06-06-2022,23,2022,6,0,5,91,100,18.407,76.56
Latur,13-06-2022,24,2022,6,0,8,109,121,18.407,76.56
Latur,20-06-2022,25,2022,6,1,5,103,115,18.407,76.56
Latur,27-06-2022,26,2022,6,0,7,98,106,18.407,76.56
Latur,04-07-2022,27,2022,7,1,7,96,105,18.407,76.56
Latur,11-07-2022,28,2022,7,0,7,113,123,18.407,76.56
Latur,18-07-2022,29,2022,7,2,10,108,123,18.407,76.56
Latur,25-07-2022,30,2022,7,0,8,106,116,18.407,76.56
Latur,01-08-2022,31,2022,8,0,8,105,116,18.407,76.56
Latur,08-08-2022,32,2022,8,0,8,100,113,18.407,76.56
Latur,15-08-2022,33,2022,8,0,7,96,106,18.407,76.56
Latur,22-08-2022,34,2022,8,1,9,103,119,18.407,76.56
Latur,29-08-2022,35,2022,8,0,8,108,122,18.407,76.56
Latur,05-09-2022,36,2022,9,2,5,97,106,18.407,76.56
Latur,12-09-2022,37,2022,9,0,3,119,127,18.407,76.56
Latur,19-09-2022,38,2022,9,0,12,103,117,18.407,76.56
Latur,26-09-2022,39,2022,9,0,10,94,108,18.407,76.56
Latur,03-10-2022,40,2022,10,0,4,47,56,18.407,76.56
Latur,10-10-2022,41,2022,10,0,6,52,60,18.407,76.56
Latur,17-10-2022,42,2022,10,0,7,45,56,18.407,76.56
Latur,24-10-2022,43,2022,10,0,2,41,47,18.407,76.56
Latur,31-10-2022,44,2022,10,0,3,40,45,18.407,76.56
Latur,07-11-2022,45,2022,11,0,2,39,44,18.407,76.56
Latur,14-11-2022,46,2022,11,0,6,33,41,18.407,76.56
Latur,21-11-2022,47,2022,11,0,3,36,42,18.407,76.56
Latur,28-11-2022,48,2022,11,0,3,36,43,18.407,76.56
Latur,05-12-2022,49,2022,12,0,6,35,44,18.407,76.56
Latur,12-12-2022,50,2022,12,0,4,26,33,18.407,76.56
Latur,19-12-2022,51,2022,12,0,4,20,27,18.407,76.56
Latur,26-12-2022,52,2022,12,0,4,25,34,18.407,76.56
Latur,02-01-2023,1,2023,1,0,9,31,41,18.407,76.56
Latur,09-01-2023,2,2023,1,0,3,25,33,18.407,76.56
Latur,16-01-2023,3,2023,1,0,7,22,31,18.407,76.56
Latur,23-01-2023,4,2023,1,0,5,24,29,18.407,76.56
Latur,30-01-2023,5,2023,1,0,6,23,34,18.407,76.56
Latur,06-02-2023,6,2023,2,0,6,39,48,18.407,76.56
Latur,13-02-2023,7,2023,2,0,1,31,32,18.407,76.56
Latur,20-02-2023,8,2023,2,0,2,28,34,18.407,76.56
Latur,27-02-2023,9,2023,2,1,3,24,31,18.407,76.56
Latur,06-03-2023,10,2023,3,0,4,18,25,18.407,76.56
Latur,13-03-2023,11,2023,3,0,4,26,34,18.407,76.56
Latur,20-03-2023,12,2023,3,0,3,30,38,18.407,76.56
Latur,27-03-2023,13,2023,3,0,8,29,38,18.407,76.56
Latur,03-04-2023,14,2023,4,0,10,45,59,18.407,76.56
Latur,10-04-2023,15,2023,4,0,13,55,71,18.407,76.56
Latur,17-04-2023,16,2023,4,0,5,51,56,18.407,76.56
Latur,24-04-2023,17,2023,4,0,11,52,68,18.407,76.56
Latur,01-05-2023,18,2023,5,0,11,55,67,18.407,76.56
Latur,08-05-2023,19,2023,5,1,7,61,73,18.407,76.56
Latur,15-05-2023,20,2023,5,1,9,57,72,18.407,76.56
Latur,22-05-2023,21,2023,5,0,13,54,69,18.407,76.56
Latur,29-05-2023,22,2023,5,0,6,55,63,18.407,76.56
Latur,05-06-2023,23,2023,6,0,5,102,112,18.407,76.56
Latur,12-06-2023,24,2023,6,1,7,112,124,18.407,76.56
Latur,19-06-2023,25,2023,6,1,10,125,139,18.407,76.56
Latur,26-06-2023,26,2023,6,3,10,105,122,18.407,76.56
Latur,03-07-2023,27,2023,7,0,3,107,113,18.407,76.56
Latur,10-07-2023,28,2023,7,3,7,112,124,18.407,76.56
Latur,17-07-2023,29,2023,7,1,8,123,136,18.407,76.56
Latur,24-07-2023,30,2023,7,0,5,86,91,18.407,76.56
Latur,31-07-2023,31,2023,7,0,4,92,99,18.407,76.56
Latur,07-08-2023,32,2023,8,1,10,95,109,18.407,76.56
Latur,14-08-2023,33,2023,8,1,8,102,113,18.407,76.56
Latur,21-08-2023,34,2023,8,0,4,89,96,18.407,76.56
Latur,28-08-2023,35,2023,8,0,8,121,138,18.407,76.56
Latur,04-09-2023,36,2023,9,0,6,82,91,18.407,76.56
Latur,11-09-2023,37,2023,9,0,16,95,112,18.407,76.56
Latur,18-09-2023,38,2023,9,0,14,96,117,18.407,76.56
Latur,25-09-2023,39,2023,9,1,5,98,109,18.407,76.56
Latur,02-10-2023,40,2023,10,0,6,27,36,18.407,76.56
Latur,09-10-2023,41,2023,10,0,7,34,42,18.407,76.56
Latur,16-10-2023,42,2023,10,0,1,38,39,18.407,76.56
Latur,23-10-2023,43,2023,10,0,5,42,51,18.407,76.56
Latur,30-10-2023,44,2023,10,0,4,34,42,18.407,76.56
Latur,06-11-2023,45,2023,11,0,3,43,49,18.407,76.56
Latur,13-11-2023,46,2023,11,0,6,33,42,18.407,76.56
Latur,20-11-2023,47,2023,11,1,2,35,41,18.407,76.56
Latur,27-11-2023,48,2023,11,0,5,46,53,18.407,76.56
Latur,04-12-2023,49,2023,12,0,3,25,29,18.407,76.56
Latur,11-12-2023,50,2023,12,1,7,29,42,18.407,76.56
Latur,18-12-2023,51,2023,12,0,3,38,45,18.407,76.56
Latur,25-12-2023,52,2023,12,0,7,42,53,18.407,76.56
Nanded,07-01-2019,2,2019,1,0,9,37,48,19.153,77.308
Nanded,14-01-2019,3,2019,1,0,8,46,59,19.153,77.308
Nanded,21-01-2019,4,2019,1,0,11,58,75,19.153,77.308
Nanded,28-01-2019,5,2019,1,1,6,48,58,19.153,77.308
Nanded,04-02-2019,6,2019,2,1,8,36,49,19.153,77.308
Nanded,11-02-2019,7,2019,2,2,6,49,61,19.153,77.308
Nanded,18-02-2019,8,2019,2,0,9,41,54,19.153,77.308
Nanded,25-02-2019,9,2019,2,2,12,41,56,19.153,77.308
Nanded,04-03-2019,10,2019,3,0,9,51,63,19.153,77.308
Nanded,11-03-2019,11,2019,3,2,10,50,64,19.153,77.308
Nanded,18-03-2019,12,2019,3,0,7,56,71,19.153,77.308
Nanded,25-03-2019,13,2019,3,0,9,36,47,19.153,77.308
Nanded,01-04-2019,14,2019,4,3,7,69,83,19.153,77.308
Nanded,08-04-2019,15,2019,4,1,16,77,95,19.153,77.308
Nanded,15-04-2019,16,2019,4,2,13,84,103,19.153,77.308
Nanded,22-04-2019,17,2019,4,2,23,83,114,19.153,77.308
Nanded,29-04-2019,18,2019,4,0,10,84,99,19.153,77.308
Nanded,06-05-2019,19,2019,5,0,14,87,102,19.153,77.308
Nanded,13-05-2019,20,2019,5,1,16,69,90,19.153,77.308
Nanded,20-05-2019,21,2019,5,2,8,73,86,19.153,77.308
Nanded,27-05-2019,22,2019,5,1,8,71,82,19.153,77.308
Nanded,03-06-2019,23,2019,6,0,10,154,172,19.153,77.308
Nanded,10-06-2019,24,2019,6,1,7,163,175,19.153,77.308
Nanded,17-06-2019,25,2019,6,2,13,163,183,19.153,77.308
Nanded,24-06-2019,26,2019,6,3,12,150,168,19.153,77.308
Nanded,01-07-2019,27,2019,7,2,19,150,176,19.153,77.308
Nanded,08-07-2019,28,2019,7,2,12,131,157,19.153,77.308
Nanded,15-07-2019,29,2019,7,2,11,147,168,19.153,77.308
Nanded,22-07-2019,30,2019,7,1,15,139,163,19.153,77.308
Nanded,29-07-2019,31,2019,7,4,13,118,142,19.153,77.308
Nanded,05-08-2019,32,2019,8,2,8,131,146,19.153,77.308
Nanded,12-08-2019,33,2019,8,3,10,139,155,19.153,77.308
Nanded,19-08-2019,34,2019,8,2,7,133,146,19.153,77.308
Nanded,26-08-2019,35,2019,8,0,9,163,177,19.153,77.308
Nanded,02-09-2019,36,2019,9,2,11,140,158,19.153,77.308
Nanded,09-09-2019,37,2019,9,6,14,148,173,19.153,77.308
Nanded,16-09-2019,38,2019,9,1,6,153,163,19.153,77.308
Nanded,23-09-2019,39,2019,9,5,9,169,192,19.153,77.308
Nanded,30-09-2019,40,2019,9,0,9,137,153,19.153,77.308
Nanded,07-10-2019,41,2019,10,1,6,58,68,19.153,77.308
Nanded,14-10-2019,42,2019,10,0,10,65,81,19.153,77.308
Nanded,21-10-2019,43,2019,10,1,10,58,73,19.153,77.308
Nanded,28-10-2019,44,2019,10,1,8,60,75,19.153,77.308
Nanded,04-11-2019,45,2019,11,1,6,71,82,19.153,77.308
Nanded,11-11-2019,46,2019,11,1,6,60,70,19.153,77.308
Nanded,18-11-2019,47,2019,11,0,11,64,79,19.153,77.308
Nanded,25-11-2019,48,2019,11,0,2,59,64,19.153,77.308
Nanded,02-12-2019,49,2019,12,0,12,39,53,19.153,77.308
Nanded,09-12-2019,50,2019,12,1,5,43,57,19.153,77.308
Nanded,16-12-2019,51,2019,12,1,7,44,59,19.153,77.308
Nanded,23-12-2019,52,2019,12,1,7,47,62,19.153,77.308
Nanded,30-12-2019,1,2019,12,0,4,48,55,19.153,77.308
Nanded,06-01-2020,2,2020,1,0,5,41,51,19.153,77.308
Nanded,13-01-2020,3,2020,1,2,8,32,48,19.153,77.308
Nanded,20-01-2020,4,2020,1,0,8,41,55,19.153,77.308
Nanded,27-01-2020,5,2020,1,0,5,49,58,19.153,77.308
Nanded,03-02-2020,6,2020,2,0,5,38,46,19.153,77.308
Nanded,10-02-2020,7,2020,2,1,12,48,64,19.153,77.308
Nanded,17-02-2020,8,2020,2,0,9,39,49,19.153,77.308
Nanded,24-02-2020,9,2020,2,1,7,55,70,19.153,77.308
Nanded,02-03-2020,10,2020,3,0,2,44,47,19.153,77.308
Nanded,09-03-2020,11,2020,3,0,6,46,54,19.153,77.308
Nanded,16-03-2020,12,2020,3,1,7,32,43,19.153,77.308
Nanded,23-03-2020,13,2020,3,0,5,46,56,19.153,77.308
Nanded,30-03-2020,14,2020,3,0,8,44,56,19.153,77.308
Nanded,06-04-2020,15,2020,4,2,10,72,86,19.153,77.308
Nanded,13-04-2020,16,2020,4,1,11,77,91,19.153,77.308
Nanded,20-04-2020,17,2020,4,0,10,66,80,19.153,77.308
Nanded,27-04-2020,18,2020,4,1,16,85,108,19.153,77.308
Nanded,04-05-2020,19,2020,5,2,22,71,100,19.153,77.308
Nanded,11-05-2020,20,2020,5,1,11,90,110,19.153,77.308
Nanded,18-05-2020,21,2020,5,0,11,92,105,19.153,77.308
Nanded,25-05-2020,22,2020,5,0,15,68,88,19.153,77.308
Nanded,01-06-2020,23,2020,6,0,14,137,155,19.153,77.308
Nanded,08-06-2020,24,2020,6,1,13,164,184,19.153,77.308
Nanded,15-06-2020,25,2020,6,1,6,146,163,19.153,77.308
Nanded,22-06-2020,26,2020,6,3,10,121,140,19.153,77.308
Nanded,29-06-2020,27,2020,6,2,9,146,163,19.153,77.308
Nanded,06-07-2020,28,2020,7,5,12,157,179,19.153,77.308
Nanded,13-07-2020,29,2020,7,3,15,151,172,19.153,77.308
Nanded,20-07-2020,30,2020,7,1,11,167,184,19.153,77.308
Nanded,27-07-2020,31,2020,7,2,10,127,145,19.153,77.308
Nanded,03-08-2020,32,2020,8,0,25,144,174,19.153,77.308
Nanded,10-08-2020,33,2020,8,1,18,170,194,19.153,77.308
Nanded,17-08-2020,34,2020,8,1,13,136,153,19.153,77.308
Nanded,24-08-2020,35,2020,8,4,12,150,172,19.153,77.308
Nanded,31-08-2020,36,2020,8,4,15,167,196,19.153,77.308
Nanded,07-09-2020,37,2020,9,2,8,152,173,19.153,77.308
Nanded,14-09-2020,38,2020,9,3,10,160,176,19.153,77.308
Nanded,21-09-2020,39,2020,9,2,12,150,169,19.153,77.308
Nanded,28-09-2020,40,2020,9,3,9,163,179,19.153,77.308
Nanded,05-10-2020,41,2020,10,0,5,55,68,19.153,77.308
Nanded,12-10-2020,42,2020,10,1,11,58,71,19.153,77.308
Nanded,19-10-2020,43,2020,10,2,7,76,89,19.153,77.308
Nanded,26-10-2020,44,2020,10,0,6,72,80,19.153,77.308
Nanded,02-11-2020,45,2020,11,0,5,55,62,19.153,77.308
Nanded,09-11-2020,46,2020,11,1,13,65,80,19.153,77.308
Nanded,16-11-2020,47,2020,11,0,3,58,66,19.153,77.308
Nanded,23-11-2020,48,2020,11,0,11,68,81,19.153,77.308
Nanded,30-11-2020,49,2020,11,1,7,61,74,19.153,77.308
Nanded,07-12-2020,50,2020,12,0,7,40,54,19.153,77.308
Nanded,14-12-2020,51,2020,12,1,10,49,66,19.153,77.308
Nanded,21-12-2020,52,2020,12,0,12,46,64,19.153,77.308
Nanded,28-12-2020,53,2020,12,0,7,43,53,19.153,77.308
Nanded,04-01-2021,1,2021,1,2,8,39,53,19.153,77.308
Nanded,11-01-2021,2,2021,1,0,6,36,49,19.153,77.308
Nanded,18-01-2021,3,2021,1,0,1,52,56,19.153,77.308
Nanded,25-01-2021,4,2021,1,0,9,52,67,19.153,77.308
Nanded,01-02-2021,5,2021,2,0,10,40,55,19.153,77.308
Nanded,08-02-2021,6,2021,2,0,9,37,49,19.153,77.308
Nanded,15-02-2021,7,2021,2,0,6,39,49,19.153,77.308
Nanded,22-02-2021,8,2021,2,0,12,47,66,19.153,77.308
Nanded,01-03-2021,9,2021,3,0,6,50,61,19.153,77.308
Nanded,08-03-2021,10,2021,3,0,6,36,50,19.153,77.308
Nanded,15-03-2021,11,2021,3,1,9,43,59,19.153,77.308
Nanded,22-03-2021,12,2021,3,0,1,41,43,19.153,77.308
Nanded,29-03-2021,13,2021,3,1,4,35,43,19.153,77.308
Nanded,05-04-2021,14,2021,4,1,18,87,117,19.153,77.308
Nanded,12-04-2021,15,2021,4,0,9,75,86,19.153,77.308
Nanded,19-04-2021,16,2021,4,1,10,75,89,19.153,77.308
Nanded,26-04-2021,17,2021,4,1,22,82,107,19.153,77.308
Nanded,03-05-2021,18,2021,5,1,7,79,90,19.153,77.308
Nanded,10-05-2021,19,2021,5,3,13,70,91,19.153,77.308
Nanded,17-05-2021,20,2021,5,0,8,71,84,19.153,77.308
Nanded,24-05-2021,21,2021,5,0,15,71,89,19.153,77.308
Nanded,31-05-2021,22,2021,5,2,12,75,92,19.153,77.308
Nanded,07-06-2021,23,2021,6,0,6,161,171,19.153,77.308
Nanded,14-06-2021,24,2021,6,1,13,167,182,19.153,77.308
Nanded,21-06-2021,25,2021,6,2,8,130,145,19.153,77.308
Nanded,28-06-2021,26,2021,6,1,13,138,158,19.153,77.308
Nanded,05-07-2021,27,2021,7,3,11,159,178,19.153,77.308
Nanded,12-07-2021,28,2021,7,3,12,151,170,19.153,77.308
Nanded,19-07-2021,29,2021,7,2,15,134,154,19.153,77.308
Nanded,26-07-2021,30,2021,7,2,14,137,159,19.153,77.308
Nanded,02-08-2021,31,2021,8,1,18,146,167,19.153,77.308
Nanded,09-08-2021,32,2021,8,4,10,150,168,19.153,77.308
Nanded,16-08-2021,33,2021,8,2,13,116,135,19.153,77.308
Nanded,23-08-2021,34,2021,8,2,5,136,156,19.153,77.308
Nanded,30-08-2021,35,2021,8,1,7,167,179,19.153,77.308
Nanded,06-09-2021,36,2021,9,1,11,138,154,19.153,77.308
Nanded,13-09-2021,37,2021,9,2,15,170,191,19.153,77.308
Nanded,20-09-2021,38,2021,9,4,16,149,173,19.153,77.308
Nanded,27-09-2021,39,2021,9,2,10,147,167,19.153,77.308
Nanded,04-10-2021,40,2021,10,1,6,58,72,19.153,77.308
Nanded,11-10-2021,41,2021,10,1,5,58,69,19.153,77.308
Nanded,18-10-2021,42,2021,10,0,2,60,65,19.153,77.308
Nanded,25-10-2021,43,2021,10,0,6,73,86,19.153,77.308
Nanded,01-11-2021,44,2021,11,0,13,55,70,19.153,77.308
Nanded,08-11-2021,45,2021,11,1,3,64,79,19.153,77.308
Nanded,15-11-2021,46,2021,11,0,10,54,67,19.153,77.308
Nanded,22-11-2021,47,2021,11,0,7,64,74,19.153,77.308
Nanded,29-11-2021,48,2021,11,1,4,66,73,19.153,77.308
Nanded,06-12-2021,49,2021,12,2,3,40,46,19.153,77.308
Nanded,13-12-2021,50,2021,12,0,5,42,48,19.153,77.308
Nanded,20-12-2021,51,2021,12,0,8,40,51,19.153,77.308
Nanded,27-12-2021,52,2021,12,0,5,54,62,19.153,77.308
Nanded,03-01-2022,1,2022,1,0,9,42,56,19.153,77.308
Nanded,10-01-2022,2,2022,1,1,7,51,62,19.153,77.308
Nanded,17-01-2022,3,2022,1,0,9,55,66,19.153,77.308
Nanded,24-01-2022,4,2022,1,0,4,41,47,19.153,77.308
Nanded,31-01-2022,5,2022,1,2,8,38,50,19.153,77.308
Nanded,07-02-2022,6,2022,2,0,11,39,51,19.153,77.308
Nanded,14-02-2022,7,2022,2,0,8,39,49,19.153,77.308
Nanded,21-02-2022,8,2022,2,1,13,48,72,19.153,77.308
Nanded,28-02-2022,9,2022,2,1,11,40,55,19.153,77.308
Nanded,07-03-2022,10,2022,3,1,9,44,61,19.153,77.308
Nanded,14-03-2022,11,2022,3,1,7,50,65,19.153,77.308
Nanded,21-03-2022,12,2022,3,0,8,48,63,19.153,77.308
Nanded,28-03-2022,13,2022,3,0,6,49,57,19.153,77.308
Nanded,04-04-2022,14,2022,4,3,12,90,111,19.153,77.308
Nanded,11-04-2022,15,2022,4,2,15,105,125,19.153,77.308
Nanded,18-04-2022,16,2022,4,4,23,84,114,19.153,77.308
Nanded,25-04-2022,17,2022,4,1,14,80,100,19.153,77.308
Nanded,02-05-2022,18,2022,5,0,17,84,107,19.153,77.308
Nanded,09-05-2022,19,2022,5,1,19,79,100,19.153,77.308
Nanded,16-05-2022,20,2022,5,1,14,74,91,19.153,77.308
Nanded,23-05-2022,21,2022,5,3,13,73,94,19.153,77.308
Nanded,30-05-2022,22,2022,5,0,14,87,105,19.153,77.308
Nanded,06-06-2022,23,2022,6,0,14,155,173,19.153,77.308
Nanded,13-06-2022,24,2022,6,2,12,137,154,19.153,77.308
Nanded,20-06-2022,25,2022,6,0,7,154,167,19.153,77.308
Nanded,27-06-2022,26,2022,6,0,14,151,170,19.153,77.308
Nanded,04-07-2022,27,2022,7,0,7,132,153,19.153,77.308
Nanded,11-07-2022,28,2022,7,4,13,144,165,19.153,77.308
Nanded,18-07-2022,29,2022,7,0,4,154,163,19.153,77.308
Nanded,25-07-2022,30,2022,7,3,6,153,170,19.153,77.308
Nanded,01-08-2022,31,2022,8,0,13,143,161,19.153,77.308
Nanded,08-08-2022,32,2022,8,2,11,162,181,19.153,77.308
Nanded,15-08-2022,33,2022,8,1,11,140,158,19.153,77.308
Nanded,22-08-2022,34,2022,8,2,10,159,175,19.153,77.308
Nanded,29-08-2022,35,2022,8,1,12,136,152,19.153,77.308
Nanded,05-09-2022,36,2022,9,4,19,152,179,19.153,77.308
Nanded,12-09-2022,37,2022,9,3,12,182,201,19.153,77.308
Nanded,19-09-2022,38,2022,9,2,11,128,148,19.153,77.308
Nanded,26-09-2022,39,2022,9,0,11,153,168,19.153,77.308
Nanded,03-10-2022,40,2022,10,1,7,73,85,19.153,77.308
Nanded,10-10-2022,41,2022,10,2,7,66,77,19.153,77.308
Nanded,17-10-2022,42,2022,10,0,11,62,82,19.153,77.308
Nanded,24-10-2022,43,2022,10,0,11,65,79,19.153,77.308
Nanded,31-10-2022,44,2022,10,0,7,54,66,19.153,77.308
Nanded,07-11-2022,45,2022,11,0,8,67,77,19.153,77.308
Nanded,14-11-2022,46,2022,11,1,8,56,67,19.153,77.308
Nanded,21-11-2022,47,2022,11,0,10,56,73,19.153,77.308
Nanded,28-11-2022,48,2022,11,2,4,71,81,19.153,77.308
Nanded,05-12-2022,49,2022,12,1,7,30,44,19.153,77.308
Nanded,12-12-2022,50,2022,12,0,12,47,61,19.153,77.308
Nanded,19-12-2022,51,2022,12,0,2,47,55,19.153,77.308
Nanded,26-12-2022,52,2022,12,2,11,40,56,19.153,77.308
Nanded,02-01-2023,1,2023,1,0,8,42,51,19.153,77.308
Nanded,09-01-2023,2,2023,1,1,6,35,46,19.153,77.308
Nanded,16-01-2023,3,2023,1,0,6,41,50,19.153,77.308
Nanded,23-01-2023,4,2023,1,1,11,43,62,19.153,77.308
Nanded,30-01-2023,5,2023,1,0,8,44,57,19.153,77.308
Nanded,06-02-2023,6,2023,2,0,5,39,45,19.153,77.308
Nanded,13-02-2023,7,2023,2,0,8,52,64,19.153,77.308
Nanded,20-02-2023,8,2023,2,0,3,44,52,19.153,77.308
Nanded,27-02-2023,9,2023,2,0,17,51,74,19.153,77.308
Nanded,06-03-2023,10,2023,3,1,6,41,55,19.153,77.308
Nanded,13-03-2023,11,2023,3,0,6,44,54,19.153,77.308
Nanded,20-03-2023,12,2023,3,1,5,40,48,19.153,77.308
Nanded,27-03-2023,13,2023,3,1,6,49,58,19.153,77.308
Nanded,03-04-2023,14,2023,4,1,15,78,98,19.153,77.308
Nanded,10-04-2023,15,2023,4,1,17,83,106,19.153,77.308
Nanded,17-04-2023,16,2023,4,2,5,79,88,19.153,77.308
Nanded,24-04-2023,17,2023,4,1,9,82,97,19.153,77.308
Nanded,01-05-2023,18,2023,5,4,9,82,104,19.153,77.308
Nanded,08-05-2023,19,2023,5,0,11,80,100,19.153,77.308
Nanded,15-05-2023,20,2023,5,0,19,77,109,19.153,77.308
Nanded,22-05-2023,21,2023,5,0,9,70,84,19.153,77.308
Nanded,29-05-2023,22,2023,5,2,20,77,103,19.153,77.308
Nanded,05-06-2023,23,2023,6,1,13,161,182,19.153,77.308
Nanded,12-06-2023,24,2023,6,4,14,146,166,19.153,77.308
Nanded,19-06-2023,25,2023,6,1,13,138,157,19.153,77.308
Nanded,26-06-2023,26,2023,6,4,11,139,159,19.153,77.308
Nanded,03-07-2023,27,2023,7,2,7,137,151,19.153,77.308
Nanded,10-07-2023,28,2023,7,1,10,151,167,19.153,77.308
Nanded,17-07-2023,29,2023,7,2,12,133,155,19.153,77.308
Nanded,24-07-2023,30,2023,7,0,7,153,166,19.153,77.308
Nanded,31-07-2023,31,2023,7,2,8,157,169,19.153,77.308
Nanded,07-08-2023,32,2023,8,4,12,152,176,19.153,77.308
Nanded,14-08-2023,33,2023,8,1,8,148,165,19.153,77.308
Nanded,21-08-2023,34,2023,8,1,11,133,148,19.153,77.308
Nanded,28-08-2023,35,2023,8,2,14,133,153,19.153,77.308
Nanded,04-09-2023,36,2023,9,5,14,159,183,19.153,77.308
Nanded,11-09-2023,37,2023,9,3,11,146,166,19.153,77.308
Nanded,18-09-2023,38,2023,9,2,14,150,186,19.153,77.308
Nanded,25-09-2023,39,2023,9,1,9,153,170,19.153,77.308
Nanded,02-10-2023,40,2023,10,1,4,67,78,19.153,77.308
Nanded,09-10-2023,41,2023,10,1,9,51,66,19.153,77.308
Nanded,16-10-2023,42,2023,10,0,11,53,68,19.153,77.308
Nanded,23-10-2023,43,2023,10,2,8,63,80,19.153,77.308
Nanded,30-10-2023,44,2023,10,0,7,62,75,19.153,77.308
Nanded,06-11-2023,45,2023,11,0,13,64,85,19.153,77.308
Nanded,13-11-2023,46,2023,11,0,10,69,84,19.153,77.308
Nanded,20-11-2023,47,2023,11,3,8,51,64,19.153,77.308
Nanded,27-11-2023,48,2023,11,2,5,58,69,19.153,77.308
Nanded,04-12-2023,49,2023,12,1,7,37,49,19.153,77.308
Nanded,11-12-2023,50,2023,12,1,8,54,67,19.153,77.308
Nanded,18-12-2023,51,2023,12,1,5,53,61,19.153,77.308
Nanded,25-12-2023,52,2023,12,2,7,39,55,19.153,77.308
Parbhani,07-01-2019,2,2019,1,0,11,21,33,19.271,76.774
Parbhani,14-01-2019,3,2019,1,1,1,26,29,19.271,76.774
Parbhani,21-01-2019,4,2019,1,0,5,22,29,19.271,76.774
Parbhani,28-01-2019,5,2019,1,1,3,25,32,19.271,76.774
Parbhani,04-02-2019,6,2019,2,0,5,29,40,19.271,76.774
Parbhani,11-02-2019,7,2019,2,0,0,28,31,19.271,76.774
Parbhani,18-02-2019,8,2019,2,0,1,28,30,19.271,76.774
Parbhani,25-02-2019,9,2019,2,0,1,29,31,19.271,76.774
Parbhani,04-03-2019,10,2019,3,1,5,24,31,19.271,76.774
Parbhani,11-03-2019,11,2019,3,0,6,29,37,19.271,76.774
Parbhani,18-03-2019,12,2019,3,1,3,21,29,19.271,76.774
Parbhani,25-03-2019,13,2019,3,1,5,26,35,19.271,76.774
Parbhani,01-04-2019,14,2019,4,0,8,48,59,19.271,76.774
Parbhani,08-04-2019,15,2019,4,0,9,49,60,19.271,76.774
Parbhani,15-04-2019,16,2019,4,0,5,33,41,19.271,76.774
Parbhani,22-04-2019,17,2019,4,0,7,41,51,19.271,76.774
Parbhani,29-04-2019,18,2019,4,1,9,42,55,19.271,76.774
Parbhani,06-05-2019,19,2019,5,0,9,50,62,19.271,76.774
Parbhani,13-05-2019,20,2019,5,0,6,40,48,19.271,76.774
Parbhani,20-05-2019,21,2019,5,0,7,57,68,19.271,76.774
Parbhani,27-05-2019,22,2019,5,0,7,43,53,19.271,76.774
Parbhani,03-06-2019,23,2019,6,0,3,89,95,19.271,76.774
Parbhani,10-06-2019,24,2019,6,0,3,84,91,19.271,76.774
Parbhani,17-06-2019,25,2019,6,0,8,87,98,19.271,76.774
Parbhani,24-06-2019,26,2019,6,1,11,89,102,19.271,76.774
Parbhani,01-07-2019,27,2019,7,3,6,88,99,19.271,76.774
Parbhani,08-07-2019,28,2019,7,1,6,85,97,19.271,76.774
Parbhani,15-07-2019,29,2019,7,0,9,85,99,19.271,76.774
Parbhani,22-07-2019,30,2019,7,0,10,78,91,19.271,76.774
Parbhani,29-07-2019,31,2019,7,1,4,82,88,19.271,76.774
Parbhani,05-08-2019,32,2019,8,0,3,80,88,19.271,76.774
Parbhani,12-08-2019,33,2019,8,2,6,75,87,19.271,76.774
Parbhani,19-08-2019,34,2019,8,0,9,81,91,19.271,76.774
Parbhani,26-08-2019,35,2019,8,0,5,76,83,19.271,76.774
Parbhani,02-09-2019,36,2019,9,2,3,79,87,19.271,76.774
Parbhani,09-09-2019,37,2019,9,2,3,81,88,19.271,76.774
Parbhani,16-09-2019,38,2019,9,1,14,81,102,19.271,76.774
Parbhani,23-09-2019,39,2019,9,2,5,88,96,19.271,76.774
Parbhani,30-09-2019,40,2019,9,0,7,82,91,19.271,76.774
Parbhani,07-10-2019,41,2019,10,0,2,29,33,19.271,76.774
Parbhani,14-10-2019,42,2019,10,1,4,29,36,19.271,76.774
Parbhani,21-10-2019,43,2019,10,1,3,26,35,19.271,76.774
Parbhani,28-10-2019,44,2019,10,0,5,34,44,19.271,76.774
Parbhani,04-11-2019,45,2019,11,0,3,31,36,19.271,76.774
Parbhani,11-11-2019,46,2019,11,1,3,52,58,19.271,76.774
Parbhani,18-11-2019,47,2019,11,1,2,26,29,19.271,76.774
Parbhani,25-11-2019,48,2019,11,1,3,34,39,19.271,76.774
Parbhani,02-12-2019,49,2019,12,0,3,36,42,19.271,76.774
Parbhani,09-12-2019,50,2019,12,0,1,25,28,19.271,76.774
Parbhani,16-12-2019,51,2019,12,0,4,19,26,19.271,76.774
Parbhani,23-12-2019,52,2019,12,0,4,22,31,19.271,76.774
Parbhani,30-12-2019,1,2019,12,0,0,24,26,19.271,76.774
Parbhani,06-01-2020,2,2020,1,0,2,24,27,19.271,76.774
Parbhani,13-01-2020,3,2020,1,0,2,30,36,19.271,76.774
Parbhani,20-01-2020,4,2020,1,0,2,33,36,19.271,76.774
Parbhani,27-01-2020,5,2020,1,0,4,32,40,19.271,76.774
Parbhani,03-02-2020,6,2020,2,2,0,25,27,19.271,76.774
Parbhani,10-02-2020,7,2020,2,0,3,36,46,19.271,76.774
Parbhani,17-02-2020,8,2020,2,0,1,25,29,19.271,76.774
Parbhani,24-02-2020,9,2020,2,1,5,28,38,19.271,76.774
Parbhani,02-03-2020,10,2020,3,0,6,22,30,19.271,76.774
Parbhani,09-03-2020,11,2020,3,0,4,32,37,19.271,76.774
Parbhani,16-03-2020,12,2020,3,0,5,19,24,19.271,76.774
Parbhani,23-03-2020,13,2020,3,0,5,21,27,19.271,76.774
Parbhani,30-03-2020,14,2020,3,1,3,20,26,19.271,76.774
Parbhani,06-04-2020,15,2020,4,0,7,53,63,19.271,76.774
Parbhani,13-04-2020,16,2020,4,1,10,33,48,19.271,76.774
Parbhani,20-04-2020,17,2020,4,0,5,47,56,19.271,76.774
Parbhani,27-04-2020,18,2020,4,1,4,42,48,19.271,76.774
Parbhani,04-05-2020,19,2020,5,1,10,61,79,19.271,76.774
Parbhani,11-05-2020,20,2020,5,0,7,59,68,19.271,76.774
Parbhani,18-05-2020,21,2020,5,0,10,43,55,19.271,76.774
Parbhani,25-05-2020,22,2020,5,0,8,49,58,19.271,76.774
Parbhani,01-06-2020,23,2020,6,0,4,83,92,19.271,76.774
Parbhani,08-06-2020,24,2020,6,1,1,87,93,19.271,76.774
Parbhani,15-06-2020,25,2020,6,0,0,96,97,19.271,76.774
Parbhani,22-06-2020,26,2020,6,0,3,85,90,19.271,76.774
Parbhani,29-06-2020,27,2020,6,0,8,84,93,19.271,76.774
Parbhani,06-07-2020,28,2020,7,0,9,80,92,19.271,76.774
Parbhani,13-07-2020,29,2020,7,2,5,97,106,19.271,76.774
Parbhani,20-07-2020,30,2020,7,0,5,86,92,19.271,76.774
Parbhani,27-07-2020,31,2020,7,2,8,92,105,19.271,76.774
Parbhani,03-08-2020,32,2020,8,0,7,85,94,19.271,76.774
Parbhani,10-08-2020,33,2020,8,2,6,76,86,19.271,76.774
Parbhani,17-08-2020,34,2020,8,2,7,87,98,19.271,76.774
Parbhani,24-08-2020,35,2020,8,1,7,77,87,19.271,76.774
Parbhani,31-08-2020,36,2020,8,1,5,93,100,19.271,76.774
Parbhani,07-09-2020,37,2020,9,0,6,89,98,19.271,76.774
Parbhani,14-09-2020,38,2020,9,2,5,76,89,19.271,76.774
Parbhani,21-09-2020,39,2020,9,1,2,105,110,19.271,76.774
Parbhani,28-09-2020,40,2020,9,2,7,95,106,19.271,76.774
Parbhani,05-10-2020,41,2020,10,0,4,35,40,19.271,76.774
Parbhani,12-10-2020,42,2020,10,0,4,23,31,19.271,76.774
Parbhani,19-10-2020,43,2020,10,0,6,33,43,19.271,76.774
Parbhani,26-10-2020,44,2020,10,1,8,34,45,19.271,76.774
Parbhani,02-11-2020,45,2020,11,0,5,29,36,19.271,76.774
Parbhani,09-11-2020,46,2020,11,0,4,33,39,19.271,76.774
Parbhani,16-11-2020,47,2020,11,1,3,31,37,19.271,76.774
Parbhani,23-11-2020,48,2020,11,0,5,37,43,19.271,76.774
Parbhani,30-11-2020,49,2020,11,0,2,35,38,19.271,76.774
Parbhani,07-12-2020,50,2020,12,0,4,27,34,19.271,76.774
Parbhani,14-12-2020,51,2020,12,1,1,21,29,19.271,76.774
Parbhani,21-12-2020,52,2020,12,2,4,19,25,19.271,76.774
Parbhani,28-12-2020,53,2020,12,0,5,21,28,19.271,76.774
Parbhani,04-01-2021,1,2021,1,0,4,19,26,19.271,76.774
Parbhani,11-01-2021,2,2021,1,1,6,31,40,19.271,76.774
Parbhani,18-01-2021,3,2021,1,0,2,30,34,19.271,76.774
Parbhani,25-01-2021,4,2021,1,1,3,27,32,19.271,76.774
Parbhani,01-02-2021,5,2021,2,0,8,22,36,19.271,76.774
Parbhani,08-02-2021,6,2021,2,1,2,34,40,19.271,76.774
Parbhani,15-02-2021,7,2021,2,0,4,20,26,19.271,76.774
Parbhani,22-02-2021,8,2021,2,2,4,12,20,19.271,76.774
Parbhani,01-03-2021,9,2021,3,0,6,17,25,19.271,76.774
Parbhani,08-03-2021,10,2021,3,0,4,19,23,19.271,76.774
Parbhani,15-03-2021,11,2021,3,0,5,28,35,19.271,76.774
Parbhani,22-03-2021,12,2021,3,0,4,25,34,19.271,76.774
Parbhani,29-03-2021,13,2021,3,0,5,26,32,19.271,76.774
Parbhani,05-04-2021,14,2021,4,0,6,39,49,19.271,76.774
Parbhani,12-04-2021,15,2021,4,1,11,38,52,19.271,76.774
Parbhani,19-04-2021,16,2021,4,2,6,48,58,19.271,76.774
Parbhani,26-04-2021,17,2021,4,2,11,43,60,19.271,76.774
Parbhani,03-05-2021,18,2021,5,0,7,43,52,19.271,76.774
Parbhani,10-05-2021,19,2021,5,0,5,46,53,19.271,76.774
Parbhani,17-05-2021,20,2021,5,1,8,43,53,19.271,76.774
Parbhani,24-05-2021,21,2021,5,0,1,50,53,19.271,76.774
Parbhani,31-05-2021,22,2021,5,1,5,47,53,19.271,76.774
Parbhani,07-06-2021,23,2021,6,1,6,86,95,19.271,76.774
Parbhani,14-06-2021,24,2021,6,1,5,76,88,19.271,76.774
Parbhani,21-06-2021,25,2021,6,0,6,92,100,19.271,76.774
Parbhani,28-06-2021,26,2021,6,0,3,69,75,19.271,76.774
Parbhani,05-07-2021,27,2021,7,1,5,74,80,19.271,76.774
Parbhani,12-07-2021,28,2021,7,2,6,80,88,19.271,76.774
Parbhani,19-07-2021,29,2021,7,1,5,79,92,19.271,76.774
Parbhani,26-07-2021,30,2021,7,1,1,81,86,19.271,76.774
Parbhani,02-08-2021,31,2021,8,2,6,101,110,19.271,76.774
Parbhani,09-08-2021,32,2021,8,2,5,72,81,19.271,76.774
Parbhani,16-08-2021,33,2021,8,1,11,88,103,19.271,76.774
Parbhani,23-08-2021,34,2021,8,0,9,89,99,19.271,76.774
Parbhani,30-08-2021,35,2021,8,2,9,79,94,19.271,76.774
Parbhani,06-09-2021,36,2021,9,1,4,76,82,19.271,76.774
Parbhani,13-09-2021,37,2021,9,0,9,75,87,19.271,76.774
Parbhani,20-09-2021,38,2021,9,0,6,93,104,19.271,76.774
Parbhani,27-09-2021,39,2021,9,3,7,86,98,19.271,76.774
Parbhani,04-10-2021,40,2021,10,0,4,35,41,19.271,76.774
Parbhani,11-10-2021,41,2021,10,2,4,33,41,19.271,76.774
Parbhani,18-10-2021,42,2021,10,0,6,38,46,19.271,76.774
Parbhani,25-10-2021,43,2021,10,0,5,30,37,19.271,76.774
Parbhani,01-11-2021,44,2021,11,0,3,33,40,19.271,76.774
Parbhani,08-11-2021,45,2021,11,1,4,23,31,19.271,76.774
Parbhani,15-11-2021,46,2021,11,0,3,36,41,19.271,76.774
Parbhani,22-11-2021,47,2021,11,2,3,32,37,19.271,76.774
Parbhani,29-11-2021,48,2021,11,0,2,38,44,19.271,76.774
Parbhani,06-12-2021,49,2021,12,1,4,17,28,19.271,76.774
Parbhani,13-12-2021,50,2021,12,1,3,31,37,19.271,76.774
Parbhani,20-12-2021,51,2021,12,2,4,23,32,19.271,76.774
Parbhani,27-12-2021,52,2021,12,0,3,19,25,19.271,76.774
Parbhani,03-01-2022,1,2022,1,0,4,22,29,19.271,76.774
Parbhani,10-01-2022,2,2022,1,0,1,25,29,19.271,76.774
Parbhani,17-01-2022,3,2022,1,0,3,26,31,19.271,76.774
Parbhani,24-01-2022,4,2022,1,1,2,27,32,19.271,76.774
Parbhani,31-01-2022,5,2022,1,1,5,17,25,19.271,76.774
Parbhani,07-02-2022,6,2022,2,0,2,22,27,19.271,76.774
Parbhani,14-02-2022,7,2022,2,0,3,20,26,19.271,76.774
Parbhani,21-02-2022,8,2022,2,0,3,21,30,19.271,76.774
Parbhani,28-02-2022,9,2022,2,1,5,27,33,19.271,76.774
Parbhani,07-03-2022,10,2022,3,0,5,27,33,19.271,76.774
Parbhani,14-03-2022,11,2022,3,0,3,20,24,19.271,76.774
Parbhani,21-03-2022,12,2022,3,0,5,20,26,19.271,76.774
Parbhani,28-03-2022,13,2022,3,0,4,35,42,19.271,76.774
Parbhani,04-04-2022,14,2022,4,0,5,38,43,19.271,76.774
Parbhani,11-04-2022,15,2022,4,0,6,43,50,19.271,76.774
Parbhani,18-04-2022,16,2022,4,0,3,37,42,19.271,76.774
Parbhani,25-04-2022,17,2022,4,0,3,43,49,19.271,76.774
Parbhani,02-05-2022,18,2022,5,2,5,35,44,19.271,76.774
Parbhani,09-05-2022,19,2022,5,1,6,43,54,19.271,76.774
Parbhani,16-05-2022,20,2022,5,0,10,38,50,19.271,76.774
Parbhani,23-05-2022,21,2022,5,2,5,40,49,19.271,76.774
Parbhani,30-05-2022,22,2022,5,2,8,41,57,19.271,76.774
Parbhani,06-06-2022,23,2022,6,1,6,86,93,19.271,76.774
Parbhani,13-06-2022,24,2022,6,0,4,101,108,19.271,76.774
Parbhani,20-06-2022,25,2022,6,1,5,93,102,19.271,76.774
Parbhani,27-06-2022,26,2022,6,2,5,76,86,19.271,76.774
Parbhani,04-07-2022,27,2022,7,1,9,74,89,19.271,76.774
Parbhani,11-07-2022,28,2022,7,0,4,85,90,19.271,76.774
Parbhani,18-07-2022,29,2022,7,2,3,72,80,19.271,76.774
Parbhani,25-07-2022,30,2022,7,1,7,84,98,19.271,76.774
Parbhani,01-08-2022,31,2022,8,3,4,90,100,19.271,76.774
Parbhani,08-08-2022,32,2022,8,1,3,85,93,19.271,76.774
Parbhani,15-08-2022,33,2022,8,2,6,90,100,19.271,76.774
Parbhani,22-08-2022,34,2022,8,1,7,81,95,19.271,76.774
Parbhani,29-08-2022,35,2022,8,0,3,93,98,19.271,76.774
Parbhani,05-09-2022,36,2022,9,3,6,79,88,19.271,76.774
Parbhani,12-09-2022,37,2022,9,3,7,113,127,19.271,76.774
Parbhani,19-09-2022,38,2022,9,1,7,76,89,19.271,76.774
Parbhani,26-09-2022,39,2022,9,0,7,70,83,19.271,76.774
Parbhani,03-10-2022,40,2022,10,0,7,36,46,19.271,76.774
Parbhani,10-10-2022,41,2022,10,2,4,25,35,19.271,76.774
Parbhani,17-10-2022,42,2022,10,1,2,30,33,19.271,76.774
Parbhani,24-10-2022,43,2022,10,0,5,33,41,19.271,76.774
Parbhani,31-10-2022,44,2022,10,1,7,35,44,19.271,76.774
Parbhani,07-11-2022,45,2022,11,0,4,30,35,19.271,76.774
Parbhani,14-11-2022,46,2022,11,0,4,45,52,19.271,76.774
Parbhani,21-11-2022,47,2022,11,0,3,41,47,19.271,76.774
Parbhani,28-11-2022,48,2022,11,0,3,39,42,19.271,76.774
Parbhani,05-12-2022,49,2022,12,1,4,29,40,19.271,76.774
Parbhani,12-12-2022,50,2022,12,0,2,32,37,19.271,76.774
Parbhani,19-12-2022,51,2022,12,0,2,24,27,19.271,76.774
Parbhani,26-12-2022,52,2022,12,0,4,21,27,19.271,76.774
Parbhani,02-01-2023,1,2023,1,1,4,30,35,19.271,76.774
Parbhani,09-01-2023,2,2023,1,1,2,17,22,19.271,76.774
Parbhani,16-01-2023,3,2023,1,1,3,27,33,19.271,76.774
Parbhani,23-01-2023,4,2023,1,1,4,30,39,19.271,76.774
Parbhani,30-01-2023,5,2023,1,1,3,26,33,19.271,76.774
Parbhani,06-02-2023,6,2023,2,0,2,23,26,19.271,76.774
Parbhani,13-02-2023,7,2023,2,2,2,24,29,19.271,76.774
Parbhani,20-02-2023,8,2023,2,0,5,22,27,19.271,76.774
Parbhani,27-02-2023,9,2023,2,0,5,27,34,19.271,76.774
Parbhani,06-03-2023,10,2023,3,0,8,22,32,19.271,76.774
Parbhani,13-03-2023,11,2023,3,0,5,21,28,19.271,76.774
Parbhani,20-03-2023,12,2023,3,0,3,17,23,19.271,76.774
Parbhani,27-03-2023,13,2023,3,0,3,23,31,19.271,76.774
Parbhani,03-04-2023,14,2023,4,0,10,42,52,19.271,76.774
Parbhani,10-04-2023,15,2023,4,1,6,44,55,19.271,76.774
Parbhani,17-04-2023,16,2023,4,0,11,43,56,19.271,76.774
Parbhani,24-04-2023,17,2023,4,0,10,45,56,19.271,76.774
Parbhani,01-05-2023,18,2023,5,1,6,39,47,19.271,76.774
Parbhani,08-05-2023,19,2023,5,1,10,49,61,19.271,76.774
Parbhani,15-05-2023,20,2023,5,2,7,28,40,19.271,76.774
Parbhani,22-05-2023,21,2023,5,1,6,52,61,19.271,76.774
Parbhani,29-05-2023,22,2023,5,1,9,49,62,19.271,76.774
Parbhani,05-06-2023,23,2023,6,1,10,100,114,19.271,76.774
Parbhani,12-06-2023,24,2023,6,1,6,83,95,19.271,76.774
Parbhani,19-06-2023,25,2023,6,0,4,79,90,19.271,76.774
Parbhani,26-06-2023,26,2023,6,1,9,97,110,19.271,76.774
Parbhani,03-07-2023,27,2023,7,0,9,82,94,19.271,76.774
Parbhani,10-07-2023,28,2023,7,2,5,90,103,19.271,76.774
Parbhani,17-07-2023,29,2023,7,3,9,84,99,19.271,76.774
Parbhani,24-07-2023,30,2023,7,2,10,90,104,19.271,76.774
Parbhani,31-07-2023,31,2023,7,2,4,78,87,19.271,76.774
Parbhani,07-08-2023,32,2023,8,1,3,101,108,19.271,76.774
Parbhani,14-08-2023,33,2023,8,0,4,89,97,19.271,76.774
Parbhani,21-08-2023,34,2023,8,2,8,82,98,19.271,76.774
Parbhani,28-08-2023,35,2023,8,1,9,75,88,19.271,76.774
Parbhani,04-09-2023,36,2023,9,1,6,98,109,19.271,76.774
Parbhani,11-09-2023,37,2023,9,1,6,76,86,19.271,76.774
Parbhani,18-09-2023,38,2023,9,2,12,102,119,19.271,76.774
Parbhani,25-09-2023,39,2023,9,0,4,83,92,19.271,76.774
Parbhani,02-10-2023,40,2023,10,1,3,36,42,19.271,76.774
Parbhani,09-10-2023,41,2023,10,1,6,31,39,19.271,76.774
Parbhani,16-10-2023,42,2023,10,0,2,23,28,19.271,76.774
Parbhani,23-10-2023,43,2023,10,0,7,41,52,19.271,76.774
Parbhani,30-10-2023,44,2023,10,0,6,28,36,19.271,76.774
Parbhani,06-11-2023,45,2023,11,0,5,23,31,19.271,76.774
Parbhani,13-11-2023,46,2023,11,0,1,40,45,19.271,76.774
Parbhani,20-11-2023,47,2023,11,0,2,32,39,19.271,76.774
Parbhani,27-11-2023,48,2023,11,0,4,29,36,19.271,76.774
Parbhani,04-12-2023,49,2023,12,1,6,19,29,19.271,76.774
Parbhani,11-12-2023,50,2023,12,1,3,23,28,19.271,76.774
Parbhani,18-12-2023,51,2023,12,1,2,28,35,19.271,76.774
Parbhani,25-12-2023,52,2023,12,1,6,26,33,19.271,76.774
Hingoli,07-01-2019,2,2019,1,0,7,18,28,19.717,77.149
Hingoli,14-01-2019,3,2019,1,0,3,19,24,19.717,77.149
Hingoli,21-01-2019,4,2019,1,0,5,8,14,19.717,77.149
Hingoli,28-01-2019,5,2019,1,0,1,14,18,19.717,77.149
Hingoli,04-02-2019,6,2019,2,0,6,16,23,19.717,77.149
Hingoli,11-02-2019,7,2019,2,0,3,20,26,19.717,77.149
Hingoli,18-02-2019,8,2019,2,0,3,19,25,19.717,77.149
Hingoli,25-02-2019,9,2019,2,0,3,16,20,19.717,77.149
Hingoli,04-03-2019,10,2019,3,0,6,16,23,19.717,77.149
Hingoli,11-03-2019,11,2019,3,0,1,14,15,19.717,77.149
Hingoli,18-03-2019,12,2019,3,0,3,18,23,19.717,77.149
Hingoli,25-03-2019,13,2019,3,0,0,12,12,19.717,77.149
Hingoli,01-04-2019,14,2019,4,0,2,38,40,19.717,77.149
Hingoli,08-04-2019,15,2019,4,1,2,29,35,19.717,77.149
Hingoli,15-04-2019,16,2019,4,0,4,31,40,19.717,77.149
Hingoli,22-04-2019,17,2019,4,0,7,37,46,19.717,77.149
Hingoli,29-04-2019,18,2019,4,0,4,38,44,19.717,77.149
Hingoli,06-05-2019,19,2019,5,0,11,32,44,19.717,77.149
Hingoli,13-05-2019,20,2019,5,1,8,21,35,19.717,77.149
Hingoli,20-05-2019,21,2019,5,0,2,32,34,19.717,77.149
Hingoli,27-05-2019,22,2019,5,0,3,30,35,19.717,77.149
Hingoli,03-06-2019,23,2019,6,0,3,58,66,19.717,77.149
Hingoli,10-06-2019,24,2019,6,1,4,56,62,19.717,77.149
Hingoli,17-06-2019,25,2019,6,0,3,54,58,19.717,77.149
Hingoli,24-06-2019,26,2019,6,0,5,79,84,19.717,77.149
Hingoli,01-07-2019,27,2019,7,0,5,57,67,19.717,77.149
Hingoli,08-07-2019,28,2019,7,0,2,43,49,19.717,77.149
Hingoli,15-07-2019,29,2019,7,0,4,45,52,19.717,77.149
Hingoli,22-07-2019,30,2019,7,0,2,68,71,19.717,77.149
Hingoli,29-07-2019,31,2019,7,0,3,60,64,19.717,77.149
Hingoli,05-08-2019,32,2019,8,0,4,61,65,19.717,77.149
Hingoli,12-08-2019,33,2019,8,0,4,57,63,19.717,77.149
Hingoli,19-08-2019,34,2019,8,0,4,49,54,19.717,77.149
Hingoli,26-08-2019,35,2019,8,0,2,48,51,19.717,77.149
Hingoli,02-09-2019,36,2019,9,0,0,49,51,19.717,77.149
Hingoli,09-09-2019,37,2019,9,0,2,46,53,19.717,77.149
Hingoli,16-09-2019,38,2019,9,0,2,44,49,19.717,77.149
Hingoli,23-09-2019,39,2019,9,0,5,47,54,19.717,77.149
Hingoli,30-09-2019,40,2019,9,0,4,68,74,19.717,77.149
Hingoli,07-10-2019,41,2019,10,0,5,26,31,19.717,77.149
Hingoli,14-10-2019,42,2019,10,0,0,25,25,19.717,77.149
Hingoli,21-10-2019,43,2019,10,0,2,15,19,19.717,77.149
Hingoli,28-10-2019,44,2019,10,0,4,31,36,19.717,77.149
Hingoli,04-11-2019,45,2019,11,0,5,29,34,19.717,77.149
Hingoli,11-11-2019,46,2019,11,0,3,27,34,19.717,77.149
Hingoli,18-11-2019,47,2019,11,0,2,18,20,19.717,77.149
Hingoli,25-11-2019,48,2019,11,1,1,26,31,19.717,77.149
Hingoli,02-12-2019,49,2019,12,1,3,17,22,19.717,77.149
Hingoli,09-12-2019,50,2019,12,0,7,17,25,19.717,77.149
Hingoli,16-12-2019,51,2019,12,0,3,25,29,19.717,77.149
Hingoli,23-12-2019,52,2019,12,0,1,16,18,19.717,77.149
Hingoli,30-12-2019,1,2019,12,0,3,7,11,19.717,77.149
Hingoli,06-01-2020,2,2020,1,0,3,15,20,19.717,77.149
Hingoli,13-01-2020,3,2020,1,0,4,14,20,19.717,77.149
Hingoli,20-01-2020,4,2020,1,0,4,15,19,19.717,77.149
Hingoli,27-01-2020,5,2020,1,0,4,16,22,19.717,77.149
Hingoli,03-02-2020,6,2020,2,0,2,17,22,19.717,77.149
Hingoli,10-02-2020,7,2020,2,0,9,22,31,19.717,77.149
Hingoli,17-02-2020,8,2020,2,0,1,16,19,19.717,77.149
Hingoli,24-02-2020,9,2020,2,0,4,17,23,19.717,77.149
Hingoli,02-03-2020,10,2020,3,0,2,14,17,19.717,77.149
Hingoli,09-03-2020,11,2020,3,0,6,23,29,19.717,77.149
Hingoli,16-03-2020,12,2020,3,0,3,15,18,19.717,77.149
Hingoli,23-03-2020,13,2020,3,0,2,18,21,19.717,77.149
Hingoli,30-03-2020,14,2020,3,0,1,18,20,19.717,77.149
Hingoli,06-04-2020,15,2020,4,0,4,36,43,19.717,77.149
Hingoli,13-04-2020,16,2020,4,0,2,32,37,19.717,77.149
Hingoli,20-04-2020,17,2020,4,0,7,15,25,19.717,77.149
Hingoli,27-04-2020,18,2020,4,0,4,30,36,19.717,77.149
Hingoli,04-05-2020,19,2020,5,1,8,26,38,19.717,77.149
Hingoli,11-05-2020,20,2020,5,0,7,25,32,19.717,77.149
Hingoli,18-05-2020,21,2020,5,0,5,20,26,19.717,77.149
Hingoli,25-05-2020,22,2020,5,0,2,23,25,19.717,77.149
Hingoli,01-06-2020,23,2020,6,0,2,59,62,19.717,77.149
Hingoli,08-06-2020,24,2020,6,0,4,65,70,19.717,77.149
Hingoli,15-06-2020,25,2020,6,0,3,42,47,19.717,77.149
Hingoli,22-06-2020,26,2020,6,0,4,68,73,19.717,77.149
Hingoli,29-06-2020,27,2020,6,1,5,60,70,19.717,77.149
Hingoli,06-07-2020,28,2020,7,0,4,53,57,19.717,77.149
Hingoli,13-07-2020,29,2020,7,0,2,46,51,19.717,77.149
Hingoli,20-07-2020,30,2020,7,1,3,61,70,19.717,77.149
Hingoli,27-07-2020,31,2020,7,1,3,65,70,19.717,77.149
Hingoli,03-08-2020,32,2020,8,0,6,62,68,19.717,77.149
Hingoli,10-08-2020,33,2020,8,0,2,50,53,19.717,77.149
Hingoli,17-08-2020,34,2020,8,0,5,61,66,19.717,77.149
Hingoli,24-08-2020,35,2020,8,0,4,57,64,19.717,77.149
Hingoli,31-08-2020,36,2020,8,0,3,59,66,19.717,77.149
Hingoli,07-09-2020,37,2020,9,0,5,47,53,19.717,77.149
Hingoli,14-09-2020,38,2020,9,0,5,56,62,19.717,77.149
Hingoli,21-09-2020,39,2020,9,1,3,68,74,19.717,77.149
Hingoli,28-09-2020,40,2020,9,0,5,47,54,19.717,77.149
Hingoli,05-10-2020,41,2020,10,0,2,23,26,19.717,77.149
Hingoli,12-10-2020,42,2020,10,1,4,20,26,19.717,77.149
Hingoli,19-10-2020,43,2020,10,0,0,26,28,19.717,77.149
Hingoli,26-10-2020,44,2020,10,0,2,23,25,19.717,77.149
Hingoli,02-11-2020,45,2020,11,0,1,30,33,19.717,77.149
Hingoli,09-11-2020,46,2020,11,0,4,14,20,19.717,77.149
Hingoli,16-11-2020,47,2020,11,0,1,22,25,19.717,77.149
Hingoli,23-11-2020,48,2020,11,0,3,21,25,19.717,77.149
Hingoli,30-11-2020,49,2020,11,2,2,18,25,19.717,77.149
Hingoli,07-12-2020,50,2020,12,1,3,24,29,19.717,77.149
Hingoli,14-12-2020,51,2020,12,1,1,16,18,19.717,77.149
Hingoli,21-12-2020,52,2020,12,1,7,14,27,19.717,77.149
Hingoli,28-12-2020,53,2020,12,0,1,19,22,19.717,77.149
Hingoli,04-01-2021,1,2021,1,0,4,10,15,19.717,77.149
Hingoli,11-01-2021,2,2021,1,0,3,14,19,19.717,77.149
Hingoli,18-01-2021,3,2021,1,0,1,22,25,19.717,77.149
Hingoli,25-01-2021,4,2021,1,0,6,19,25,19.717,77.149
Hingoli,01-02-2021,5,2021,2,0,2,18,22,19.717,77.149
Hingoli,08-02-2021,6,2021,2,0,2,21,25,19.717,77.149
Hingoli,15-02-2021,7,2021,2,0,2,16,19,19.717,77.149
Hingoli,22-02-2021,8,2021,2,0,1,12,14,19.717,77.149
Hingoli,01-03-2021,9,2021,3,0,0,14,15,19.717,77.149
Hingoli,08-03-2021,10,2021,3,0,6,18,26,19.717,77.149
Hingoli,15-03-2021,11,2021,3,0,1,16,18,19.717,77.149
Hingoli,22-03-2021,12,2021,3,0,5,16,21,19.717,77.149
Hingoli,29-03-2021,13,2021,3,0,3,17,22,19.717,77.149
Hingoli,05-04-2021,14,2021,4,0,5,26,31,19.717,77.149
Hingoli,12-04-2021,15,2021,4,1,4,38,44,19.717,77.149
Hingoli,19-04-2021,16,2021,4,1,9,27,41,19.717,77.149
Hingoli,26-04-2021,17,2021,4,0,5,26,33,19.717,77.149
Hingoli,03-05-2021,18,2021,5,0,3,28,31,19.717,77.149
Hingoli,10-05-2021,19,2021,5,0,8,36,50,19.717,77.149
Hingoli,17-05-2021,20,2021,5,0,4,22,27,19.717,77.149
Hingoli,24-05-2021,21,2021,5,0,3,18,22,19.717,77.149
Hingoli,31-05-2021,22,2021,5,0,4,31,35,19.717,77.149
Hingoli,07-06-2021,23,2021,6,1,4,66,73,19.717,77.149
Hingoli,14-06-2021,24,2021,6,0,3,57,62,19.717,77.149
Hingoli,21-06-2021,25,2021,6,0,2,52,56,19.717,77.149
Hingoli,28-06-2021,26,2021,6,0,5,66,72,19.717,77.149
Hingoli,05-07-2021,27,2021,7,0,2,61,65,19.717,77.149
Hingoli,12-07-2021,28,2021,7,0,3,53,57,19.717,77.149
Hingoli,19-07-2021,29,2021,7,1,3,71,76,19.717,77.149
Hingoli,26-07-2021,30,2021,7,1,5,62,70,19.717,77.149
Hingoli,02-08-2021,31,2021,8,0,7,55,64,19.717,77.149
Hingoli,09-08-2021,32,2021,8,0,2,65,69,19.717,77.149
Hingoli,16-08-2021,33,2021,8,0,4,56,66,19.717,77.149
Hingoli,23-08-2021,34,2021,8,0,3,65,70,19.717,77.149
Hingoli,30-08-2021,35,2021,8,1,3,67,75,19.717,77.149
Hingoli,06-09-2021,36,2021,9,1,5,56,63,19.717,77.149
Hingoli,13-09-2021,37,2021,9,1,3,60,66,19.717,77.149
Hingoli,20-09-2021,38,2021,9,0,3,72,76,19.717,77.149
Hingoli,27-09-2021,39,2021,9,0,7,71,80,19.717,77.149
Hingoli,04-10-2021,40,2021,10,1,2,21,25,19.717,77.149
Hingoli,11-10-2021,41,2021,10,0,5,23,32,19.717,77.149
Hingoli,18-10-2021,42,2021,10,0,3,21,25,19.717,77.149
Hingoli,25-10-2021,43,2021,10,1,2,22,25,19.717,77.149
Hingoli,01-11-2021,44,2021,11,0,0,18,19,19.717,77.149
Hingoli,08-11-2021,45,2021,11,0,4,19,25,19.717,77.149
Hingoli,15-11-2021,46,2021,11,0,2,26,29,19.717,77.149
Hingoli,22-11-2021,47,2021,11,0,0,23,26,19.717,77.149
Hingoli,29-11-2021,48,2021,11,0,1,17,19,19.717,77.149
Hingoli,06-12-2021,49,2021,12,0,2,24,27,19.717,77.149
Hingoli,13-12-2021,50,2021,12,0,2,12,14,19.717,77.149
Hingoli,20-12-2021,51,2021,12,0,1,14,15,19.717,77.149
Hingoli,27-12-2021,52,2021,12,0,1,22,28,19.717,77.149
Hingoli,03-01-2022,1,2022,1,0,4,18,24,19.717,77.149
Hingoli,10-01-2022,2,2022,1,1,2,14,17,19.717,77.149
Hingoli,17-01-2022,3,2022,1,0,2,19,22,19.717,77.149
Hingoli,24-01-2022,4,2022,1,0,3,21,24,19.717,77.149
Hingoli,31-01-2022,5,2022,1,0,1,16,21,19.717,77.149
Hingoli,07-02-2022,6,2022,2,0,2,18,22,19.717,77.149
Hingoli,14-02-2022,7,2022,2,0,4,13,18,19.717,77.149
Hingoli,21-02-2022,8,2022,2,0,3,22,28,19.717,77.149
Hingoli,28-02-2022,9,2022,2,0,3,10,14,19.717,77.149
Hingoli,07-03-2022,10,2022,3,0,1,10,13,19.717,77.149
Hingoli,14-03-2022,11,2022,3,0,3,15,23,19.717,77.149
Hingoli,21-03-2022,12,2022,3,0,1,21,24,19.717,77.149
Hingoli,28-03-2022,13,2022,3,0,4,13,19,19.717,77.149
Hingoli,04-04-2022,14,2022,4,0,6,30,41,19.717,77.149
Hingoli,11-04-2022,15,2022,4,0,5,23,28,19.717,77.149
Hingoli,18-04-2022,16,2022,4,0,3,39,45,19.717,77.149
Hingoli,25-04-2022,17,2022,4,1,6,23,31,19.717,77.149
Hingoli,02-05-2022,18,2022,5,0,7,20,31,19.717,77.149
Hingoli,09-05-2022,19,2022,5,1,3,22,29,19.717,77.149
Hingoli,16-05-2022,20,2022,5,1,2,34,40,19.717,77.149
Hingoli,23-05-2022,21,2022,5,0,9,19,31,19.717,77.149
Hingoli,30-05-2022,22,2022,5,0,8,36,45,19.717,77.149
Hingoli,06-06-2022,23,2022,6,0,6,39,46,19.717,77.149
Hingoli,13-06-2022,24,2022,6,0,3,55,59,19.717,77.149
Hingoli,20-06-2022,25,2022,6,0,5,61,67,19.717,77.149
Hingoli,27-06-2022,26,2022,6,0,5,60,66,19.717,77.149
Hingoli,04-07-2022,27,2022,7,0,2,74,77,19.717,77.149
Hingoli,11-07-2022,28,2022,7,0,1,78,81,19.717,77.149
Hingoli,18-07-2022,29,2022,7,0,4,68,74,19.717,77.149
Hingoli,25-07-2022,30,2022,7,0,5,68,74,19.717,77.149
Hingoli,01-08-2022,31,2022,8,0,1,53,56,19.717,77.149
Hingoli,08-08-2022,32,2022,8,0,4,62,68,19.717,77.149
Hingoli,15-08-2022,33,2022,8,1,6,52,60,19.717,77.149
Hingoli,22-08-2022,34,2022,8,0,2,55,60,19.717,77.149
Hingoli,29-08-2022,35,2022,8,0,3,68,72,19.717,77.149
Hingoli,05-09-2022,36,2022,9,0,4,54,63,19.717,77.149
Hingoli,12-09-2022,37,2022,9,1,5,50,65,19.717,77.149
Hingoli,19-09-2022,38,2022,9,0,3,60,65,19.717,77.149
Hingoli,26-09-2022,39,2022,9,0,1,49,55,19.717,77.149
Hingoli,03-10-2022,40,2022,10,0,4,16,24,19.717,77.149
Hingoli,10-10-2022,41,2022,10,0,3,15,19,19.717,77.149
Hingoli,17-10-2022,42,2022,10,0,1,27,29,19.717,77.149
Hingoli,24-10-2022,43,2022,10,0,2,26,28,19.717,77.149
Hingoli,31-10-2022,44,2022,10,0,6,24,31,19.717,77.149
Hingoli,07-11-2022,45,2022,11,0,5,33,39,19.717,77.149
Hingoli,14-11-2022,46,2022,11,0,6,16,25,19.717,77.149
Hingoli,21-11-2022,47,2022,11,0,1,23,25,19.717,77.149
Hingoli,28-11-2022,48,2022,11,0,5,22,30,19.717,77.149
Hingoli,05-12-2022,49,2022,12,0,2,16,22,19.717,77.149
Hingoli,12-12-2022,50,2022,12,0,3,24,29,19.717,77.149
Hingoli,19-12-2022,51,2022,12,0,3,23,26,19.717,77.149
Hingoli,26-12-2022,52,2022,12,0,5,18,23,19.717,77.149
Hingoli,02-01-2023,1,2023,1,0,2,17,19,19.717,77.149
Hingoli,09-01-2023,2,2023,1,0,4,19,24,19.717,77.149
Hingoli,16-01-2023,3,2023,1,0,3,12,20,19.717,77.149
Hingoli,23-01-2023,4,2023,1,0,4,23,29,19.717,77.149
Hingoli,30-01-2023,5,2023,1,0,2,21,24,19.717,77.149
Hingoli,06-02-2023,6,2023,2,0,2,18,21,19.717,77.149
Hingoli,13-02-2023,7,2023,2,0,3,10,17,19.717,77.149
Hingoli,20-02-2023,8,2023,2,0,5,18,25,19.717,77.149
Hingoli,27-02-2023,9,2023,2,0,1,23,26,19.717,77.149
Hingoli,06-03-2023,10,2023,3,0,4,19,24,19.717,77.149
Hingoli,13-03-2023,11,2023,3,0,2,12,16,19.717,77.149
Hingoli,20-03-2023,12,2023,3,0,1,16,18,19.717,77.149
Hingoli,27-03-2023,13,2023,3,0,5,18,25,19.717,77.149
Hingoli,03-04-2023,14,2023,4,1,6,36,44,19.717,77.149
Hingoli,10-04-2023,15,2023,4,1,6,43,54,19.717,77.149
Hingoli,17-04-2023,16,2023,4,0,8,37,46,19.717,77.149
Hingoli,24-04-2023,17,2023,4,0,6,34,43,19.717,77.149
Hingoli,01-05-2023,18,2023,5,0,4,25,31,19.717,77.149
Hingoli,08-05-2023,19,2023,5,0,5,27,34,19.717,77.149
Hingoli,15-05-2023,20,2023,5,0,8,34,42,19.717,77.149
Hingoli,22-05-2023,21,2023,5,0,7,29,39,19.717,77.149
Hingoli,29-05-2023,22,2023,5,0,5,30,37,19.717,77.149
Hingoli,05-06-2023,23,2023,6,0,2,64,69,19.717,77.149
Hingoli,12-06-2023,24,2023,6,0,2,55,58,19.717,77.149
Hingoli,19-06-2023,25,2023,6,0,5,57,66,19.717,77.149
Hingoli,26-06-2023,26,2023,6,1,7,55,65,19.717,77.149
Hingoli,03-07-2023,27,2023,7,0,7,66,76,19.717,77.149
Hingoli,10-07-2023,28,2023,7,1,8,46,56,19.717,77.149
Hingoli,17-07-2023,29,2023,7,0,4,69,75,19.717,77.149
Hingoli,24-07-2023,30,2023,7,0,1,52,54,19.717,77.149
Hingoli,31-07-2023,31,2023,7,1,3,64,71,19.717,77.149
Hingoli,07-08-2023,32,2023,8,0,4,49,56,19.717,77.149
Hingoli,14-08-2023,33,2023,8,0,8,53,66,19.717,77.149
Hingoli,21-08-2023,34,2023,8,0,2,65,73,19.717,77.149
Hingoli,28-08-2023,35,2023,8,1,3,52,59,19.717,77.149
Hingoli,04-09-2023,36,2023,9,1,3,53,58,19.717,77.149
Hingoli,11-09-2023,37,2023,9,0,5,54,62,19.717,77.149
Hingoli,18-09-2023,38,2023,9,0,2,75,78,19.717,77.149
Hingoli,25-09-2023,39,2023,9,0,5,60,66,19.717,77.149
Hingoli,02-10-2023,40,2023,10,0,1,16,20,19.717,77.149
Hingoli,09-10-2023,41,2023,10,0,2,19,22,19.717,77.149
Hingoli,16-10-2023,42,2023,10,0,1,27,28,19.717,77.149
Hingoli,23-10-2023,43,2023,10,0,2,28,30,19.717,77.149
Hingoli,30-10-2023,44,2023,10,1,2,19,27,19.717,77.149
Hingoli,06-11-2023,45,2023,11,0,2,13,18,19.717,77.149
Hingoli,13-11-2023,46,2023,11,0,1,31,32,19.717,77.149
Hingoli,20-11-2023,47,2023,11,0,1,24,27,19.717,77.149
Hingoli,27-11-2023,48,2023,11,0,3,25,28,19.717,77.149
Hingoli,04-12-2023,49,2023,12,0,2,13,17,19.717,77.149
Hingoli,11-12-2023,50,2023,12,0,3,13,19,19.717,77.149
Hingoli,18-12-2023,51,2023,12,0,2,19,21,19.717,77.149
Hingoli,25-12-2023,52,2023,12,0,2,23,26,19.717,77.149
Buldhana,07-01-2019,2,2019,1,0,11,40,52,20.529,76.184
Buldhana,14-01-2019,3,2019,1,0,2,25,30,20.529,76.184
Buldhana,21-01-2019,4,2019,1,0,4,31,41,20.529,76.184
Buldhana,28-01-2019,5,2019,1,0,2,31,36,20.529,76.184
Buldhana,04-02-2019,6,2019,2,0,5,29,36,20.529,76.184
Buldhana,11-02-2019,7,2019,2,0,5,34,46,20.529,76.184
Buldhana,18-02-2019,8,2019,2,0,8,34,44,20.529,76.184
Buldhana,25-02-2019,9,2019,2,0,4,26,31,20.529,76.184
Buldhana,04-03-2019,10,2019,3,0,5,40,48,20.529,76.184
Buldhana,11-03-2019,11,2019,3,1,7,31,42,20.529,76.184
Buldhana,18-03-2019,12,2019,3,0,7,27,35,20.529,76.184
Buldhana,25-03-2019,13,2019,3,0,3,39,46,20.529,76.184
Buldhana,01-04-2019,14,2019,4,0,9,62,75,20.529,76.184
Buldhana,08-04-2019,15,2019,4,0,7,58,67,20.529,76.184
Buldhana,15-04-2019,16,2019,4,0,12,76,92,20.529,76.184
Buldhana,22-04-2019,17,2019,4,1,6,62,71,20.529,76.184
Buldhana,29-04-2019,18,2019,4,0,9,58,70,20.529,76.184
Buldhana,06-05-2019,19,2019,5,0,12,55,71,20.529,76.184
Buldhana,13-05-2019,20,2019,5,1,17,53,74,20.529,76.184
Buldhana,20-05-2019,21,2019,5,0,7,71,84,20.529,76.184
Buldhana,27-05-2019,22,2019,5,0,10,43,53,20.529,76.184
Buldhana,03-06-2019,23,2019,6,0,7,91,102,20.529,76.184
Buldhana,10-06-2019,24,2019,6,0,5,121,130,20.529,76.184
Buldhana,17-06-2019,25,2019,6,2,6,117,130,20.529,76.184
Buldhana,24-06-2019,26,2019,6,2,6,101,111,20.529,76.184
Buldhana,01-07-2019,27,2019,7,0,11,105,124,20.529,76.184
Buldhana,08-07-2019,28,2019,7,1,6,115,128,20.529,76.184
Buldhana,15-07-2019,29,2019,7,1,7,96,106,20.529,76.184
Buldhana,22-07-2019,30,2019,7,0,17,127,148,20.529,76.184
Buldhana,29-07-2019,31,2019,7,0,8,120,131,20.529,76.184
Buldhana,05-08-2019,32,2019,8,0,7,104,118,20.529,76.184
Buldhana,12-08-2019,33,2019,8,1,7,119,133,20.529,76.184
Buldhana,19-08-2019,34,2019,8,0,8,110,123,20.529,76.184
Buldhana,26-08-2019,35,2019,8,1,6,108,118,20.529,76.184
Buldhana,02-09-2019,36,2019,9,1,17,136,158,20.529,76.184
Buldhana,09-09-2019,37,2019,9,1,4,111,117,20.529,76.184
Buldhana,16-09-2019,38,2019,9,2,4,114,129,20.529,76.184
Buldhana,23-09-2019,39,2019,9,1,6,122,136,20.529,76.184
Buldhana,30-09-2019,40,2019,9,0,3,116,122,20.529,76.184
Buldhana,07-10-2019,41,2019,10,0,5,42,51,20.529,76.184
Buldhana,14-10-2019,42,2019,10,1,6,58,67,20.529,76.184
Buldhana,21-10-2019,43,2019,10,0,5,43,54,20.529,76.184
Buldhana,28-10-2019,44,2019,10,0,5,49,56,20.529,76.184
Buldhana,04-11-2019,45,2019,11,0,7,41,51,20.529,76.184
Buldhana,11-11-2019,46,2019,11,1,4,39,47,20.529,76.184
Buldhana,18-11-2019,47,2019,11,0,12,59,74,20.529,76.184
Buldhana,25-11-2019,48,2019,11,1,5,42,49,20.529,76.184
Buldhana,02-12-2019,49,2019,12,1,1,36,46,20.529,76.184
Buldhana,09-12-2019,50,2019,12,0,1,30,36,20.529,76.184
Buldhana,16-12-2019,51,2019,12,0,0,36,42,20.529,76.184
Buldhana,23-12-2019,52,2019,12,0,2,32,41,20.529,76.184
Buldhana,30-12-2019,1,2019,12,0,7,35,44,20.529,76.184
Buldhana,06-01-2020,2,2020,1,0,4,36,44,20.529,76.184
Buldhana,13-01-2020,3,2020,1,0,8,37,46,20.529,76.184
Buldhana,20-01-2020,4,2020,1,0,4,28,33,20.529,76.184
Buldhana,27-01-2020,5,2020,1,0,3,30,37,20.529,76.184
Buldhana,03-02-2020,6,2020,2,0,7,30,41,20.529,76.184
Buldhana,10-02-2020,7,2020,2,0,5,31,39,20.529,76.184
Buldhana,17-02-2020,8,2020,2,0,3,29,35,20.529,76.184
Buldhana,24-02-2020,9,2020,2,0,7,29,37,20.529,76.184
Buldhana,02-03-2020,10,2020,3,0,4,31,39,20.529,76.184
Buldhana,09-03-2020,11,2020,3,0,5,38,46,20.529,76.184
Buldhana,16-03-2020,12,2020,3,1,7,39,50,20.529,76.184
Buldhana,23-03-2020,13,2020,3,1,3,36,46,20.529,76.184
Buldhana,30-03-2020,14,2020,3,0,5,32,40,20.529,76.184
Buldhana,06-04-2020,15,2020,4,0,11,60,71,20.529,76.184
Buldhana,13-04-2020,16,2020,4,0,8,57,69,20.529,76.184
Buldhana,20-04-2020,17,2020,4,0,9,58,70,20.529,76.184
Buldhana,27-04-2020,18,2020,4,0,7,55,69,20.529,76.184
Buldhana,04-05-2020,19,2020,5,2,7,82,99,20.529,76.184
Buldhana,11-05-2020,20,2020,5,0,13,71,87,20.529,76.184
Buldhana,18-05-2020,21,2020,5,0,11,69,81,20.529,76.184
Buldhana,25-05-2020,22,2020,5,0,13,58,77,20.529,76.184
Buldhana,01-06-2020,23,2020,6,0,8,105,117,20.529,76.184
Buldhana,08-06-2020,24,2020,6,2,7,123,139,20.529,76.184
Buldhana,15-06-2020,25,2020,6,0,7,112,124,20.529,76.184
Buldhana,22-06-2020,26,2020,6,0,9,96,109,20.529,76.184
Buldhana,29-06-2020,27,2020,6,2,3,130,143,20.529,76.184
Buldhana,06-07-2020,28,2020,7,1,9,95,108,20.529,76.184
Buldhana,13-07-2020,29,2020,7,0,6,108,116,20.529,76.184
Buldhana,20-07-2020,30,2020,7,0,6,128,139,20.529,76.184
Buldhana,27-07-2020,31,2020,7,0,6,120,130,20.529,76.184
Buldhana,03-08-2020,32,2020,8,1,10,131,150,20.529,76.184
Buldhana,10-08-2020,33,2020,8,3,5,104,113,20.529,76.184
Buldhana,17-08-2020,34,2020,8,0,7,95,109,20.529,76.184
Buldhana,24-08-2020,35,2020,8,1,9,117,128,20.529,76.184
Buldhana,31-08-2020,36,2020,8,0,7,98,113,20.529,76.184
Buldhana,07-09-2020,37,2020,9,1,8,122,136,20.529,76.184
Buldhana,14-09-2020,38,2020,9,2,9,109,128,20.529,76.184
Buldhana,21-09-2020,39,2020,9,1,11,128,144,20.529,76.184
Buldhana,28-09-2020,40,2020,9,0,7,110,122,20.529,76.184
Buldhana,05-10-2020,41,2020,10,0,5,37,46,20.529,76.184
Buldhana,12-10-2020,42,2020,10,0,6,44,55,20.529,76.184
Buldhana,19-10-2020,43,2020,10,0,10,51,63,20.529,76.184
Buldhana,26-10-2020,44,2020,10,1,4,45,54,20.529,76.184
Buldhana,02-11-2020,45,2020,11,0,5,35,45,20.529,76.184
Buldhana,09-11-2020,46,2020,11,0,7,36,44,20.529,76.184
Buldhana,16-11-2020,47,2020,11,1,5,37,45,20.529,76.184
Buldhana,23-11-2020,48,2020,11,2,7,49,60,20.529,76.184
Buldhana,30-11-2020,49,2020,11,1,2,49,54,20.529,76.184
Buldhana,07-12-2020,50,2020,12,0,7,35,45,20.529,76.184
Buldhana,14-12-2020,51,2020,12,0,7,30,40,20.529,76.184
Buldhana,21-12-2020,52,2020,12,0,6,34,44,20.529,76.184
Buldhana,28-12-2020,53,2020,12,0,5,29,35,20.529,76.184
Buldhana,04-01-2021,1,2021,1,0,5,28,33,20.529,76.184
Buldhana,11-01-2021,2,2021,1,1,13,37,55,20.529,76.184
Buldhana,18-01-2021,3,2021,1,0,1,43,49,20.529,76.184
Buldhana,25-01-2021,4,2021,1,0,6,41,51,20.529,76.184
Buldhana,01-02-2021,5,2021,2,1,6,31,42,20.529,76.184
Buldhana,08-02-2021,6,2021,2,0,9,27,39,20.529,76.184
Buldhana,15-02-2021,7,2021,2,0,7,35,44,20.529,76.184
Buldhana,22-02-2021,8,2021,2,0,6,34,43,20.529,76.184
Buldhana,01-03-2021,9,2021,3,1,8,19,34,20.529,76.184
Buldhana,08-03-2021,10,2021,3,0,3,32,40,20.529,76.184
Buldhana,15-03-2021,11,2021,3,0,9,28,38,20.529,76.184
Buldhana,22-03-2021,12,2021,3,0,3,17,24,20.529,76.184
Buldhana,29-03-2021,13,2021,3,3,3,34,40,20.529,76.184
Buldhana,05-04-2021,14,2021,4,0,12,64,78,20.529,76.184
Buldhana,12-04-2021,15,2021,4,0,11,65,77,20.529,76.184
Buldhana,19-04-2021,16,2021,4,0,9,65,78,20.529,76.184
Buldhana,26-04-2021,17,2021,4,0,9,47,57,20.529,76.184
Buldhana,03-05-2021,18,2021,5,2,9,54,68,20.529,76.184
Buldhana,10-05-2021,19,2021,5,0,12,63,76,20.529,76.184
Buldhana,17-05-2021,20,2021,5,0,11,71,85,20.529,76.184
Buldhana,24-05-2021,21,2021,5,1,6,58,66,20.529,76.184
Buldhana,31-05-2021,22,2021,5,2,8,44,58,20.529,76.184
Buldhana,07-06-2021,23,2021,6,0,8,125,140,20.529,76.184
Buldhana,14-06-2021,24,2021,6,0,4,119,127,20.529,76.184
Buldhana,21-06-2021,25,2021,6,0,5,111,119,20.529,76.184
Buldhana,28-06-2021,26,2021,6,0,6,122,135,20.529,76.184
Buldhana,05-07-2021,27,2021,7,1,10,128,145,20.529,76.184
Buldhana,12-07-2021,28,2021,7,1,10,129,143,20.529,76.184
Buldhana,19-07-2021,29,2021,7,1,7,128,140,20.529,76.184
Buldhana,26-07-2021,30,2021,7,1,10,108,125,20.529,76.184
Buldhana,02-08-2021,31,2021,8,0,8,108,119,20.529,76.184
Buldhana,09-08-2021,32,2021,8,0,7,109,119,20.529,76.184
Buldhana,16-08-2021,33,2021,8,4,11,111,128,20.529,76.184
Buldhana,23-08-2021,34,2021,8,0,6,112,125,20.529,76.184
Buldhana,30-08-2021,35,2021,8,0,11,111,129,20.529,76.184
Buldhana,06-09-2021,36,2021,9,0,6,104,114,20.529,76.184
Buldhana,13-09-2021,37,2021,9,0,8,108,122,20.529,76.184
Buldhana,20-09-2021,38,2021,9,0,9,129,141,20.529,76.184
Buldhana,27-09-2021,39,2021,9,1,7,128,138,20.529,76.184
Buldhana,04-10-2021,40,2021,10,0,4,46,53,20.529,76.184
Buldhana,11-10-2021,41,2021,10,1,6,42,52,20.529,76.184
Buldhana,18-10-2021,42,2021,10,0,3,54,61,20.529,76.184
Buldhana,25-10-2021,43,2021,10,0,5,38,48,20.529,76.184
Buldhana,01-11-2021,44,2021,11,0,4,55,64,20.529,76.184
Buldhana,08-11-2021,45,2021,11,0,5,40,48,20.529,76.184
Buldhana,15-11-2021,46,2021,11,1,7,49,59,20.529,76.184
Buldhana,22-11-2021,47,2021,11,0,7,43,52,20.529,76.184
Buldhana,29-11-2021,48,2021,11,0,3,40,44,20.529,76.184
Buldhana,06-12-2021,49,2021,12,0,6,30,38,20.529,76.184
Buldhana,13-12-2021,50,2021,12,0,4,29,34,20.529,76.184
Buldhana,20-12-2021,51,2021,12,0,3,30,35,20.529,76.184
Buldhana,27-12-2021,52,2021,12,0,4,25,30,20.529,76.184
Buldhana,03-01-2022,1,2022,1,0,3,24,28,20.529,76.184
Buldhana,10-01-2022,2,2022,1,0,5,31,43,20.529,76.184
Buldhana,17-01-2022,3,2022,1,0,3,37,43,20.529,76.184
Buldhana,24-01-2022,4,2022,1,0,6,31,42,20.529,76.184
Buldhana,31-01-2022,5,2022,1,0,5,28,34,20.529,76.184
Buldhana,07-02-2022,6,2022,2,1,6,20,28,20.529,76.184
Buldhana,14-02-2022,7,2022,2,1,4,40,47,20.529,76.184
Buldhana,21-02-2022,8,2022,2,0,6,29,37,20.529,76.184
Buldhana,28-02-2022,9,2022,2,0,6,28,37,20.529,76.184
Buldhana,07-03-2022,10,2022,3,0,3,28,38,20.529,76.184
Buldhana,14-03-2022,11,2022,3,3,5,36,50,20.529,76.184
Buldhana,21-03-2022,12,2022,3,0,6,30,37,20.529,76.184
Buldhana,28-03-2022,13,2022,3,0,5,37,45,20.529,76.184
Buldhana,04-04-2022,14,2022,4,0,12,58,74,20.529,76.184
Buldhana,11-04-2022,15,2022,4,1,7,60,71,20.529,76.184
Buldhana,18-04-2022,16,2022,4,1,13,63,79,20.529,76.184
Buldhana,25-04-2022,17,2022,4,0,8,54,62,20.529,76.184
Buldhana,02-05-2022,18,2022,5,0,11,66,81,20.529,76.184
Buldhana,09-05-2022,19,2022,5,0,7,52,65,20.529,76.184
Buldhana,16-05-2022,20,2022,5,0,8,56,66,20.529,76.184
Buldhana,23-05-2022,21,2022,5,0,9,61,74,20.529,76.184
Buldhana,30-05-2022,22,2022,5,2,10,54,71,20.529,76.184
Buldhana,06-06-2022,23,2022,6,0,8,105,117,20.529,76.184
Buldhana,13-06-2022,24,2022,6,1,5,89,97,20.529,76.184
Buldhana,20-06-2022,25,2022,6,0,6,112,122,20.529,76.184
Buldhana,27-06-2022,26,2022,6,2,7,103,116,20.529,76.184
Buldhana,04-07-2022,27,2022,7,2,2,103,109,20.529,76.184
Buldhana,11-07-2022,28,2022,7,0,7,120,132,20.529,76.184
Buldhana,18-07-2022,29,2022,7,0,9,111,123,20.529,76.184
Buldhana,25-07-2022,30,2022,7,2,10,102,116,20.529,76.184
Buldhana,01-08-2022,31,2022,8,0,11,111,127,20.529,76.184
Buldhana,08-08-2022,32,2022,8,2,9,105,119,20.529,76.184
Buldhana,15-08-2022,33,2022,8,1,7,131,146,20.529,76.184
Buldhana,22-08-2022,34,2022,8,0,9,106,118,20.529,76.184
Buldhana,29-08-2022,35,2022,8,1,7,121,135,20.529,76.184
Buldhana,05-09-2022,36,2022,9,0,8,113,122,20.529,76.184
Buldhana,12-09-2022,37,2022,9,2,5,115,126,20.529,76.184
Buldhana,19-09-2022,38,2022,9,1,14,117,137,20.529,76.184
Buldhana,26-09-2022,39,2022,9,0,14,110,126,20.529,76.184
Buldhana,03-10-2022,40,2022,10,0,4,52,62,20.529,76.184
Buldhana,10-10-2022,41,2022,10,1,4,56,63,20.529,76.184
Buldhana,17-10-2022,42,2022,10,1,0,46,53,20.529,76.184
Buldhana,24-10-2022,43,2022,10,0,5,57,67,20.529,76.184
Buldhana,31-10-2022,44,2022,10,0,8,50,58,20.529,76.184
Buldhana,07-11-2022,45,2022,11,0,4,37,46,20.529,76.184
Buldhana,14-11-2022,46,2022,11,0,4,43,50,20.529,76.184
Buldhana,21-11-2022,47,2022,11,1,5,50,59,20.529,76.184
Buldhana,28-11-2022,48,2022,11,0,10,50,61,20.529,76.184
Buldhana,05-12-2022,49,2022,12,0,3,27,32,20.529,76.184
Buldhana,12-12-2022,50,2022,12,0,9,29,41,20.529,76.184
Buldhana,19-12-2022,51,2022,12,0,7,34,43,20.529,76.184
Buldhana,26-12-2022,52,2022,12,0,6,38,47,20.529,76.184
Buldhana,02-01-2023,1,2023,1,1,6,21,32,20.529,76.184
Buldhana,09-01-2023,2,2023,1,1,8,23,32,20.529,76.184
Buldhana,16-01-2023,3,2023,1,1,3,34,41,20.529,76.184
Buldhana,23-01-2023,4,2023,1,0,6,36,44,20.529,76.184
Buldhana,30-01-2023,5,2023,1,0,7,25,34,20.529,76.184
Buldhana,06-02-2023,6,2023,2,0,5,38,44,20.529,76.184
Buldhana,13-02-2023,7,2023,2,0,1,30,34,20.529,76.184
Buldhana,20-02-2023,8,2023,2,0,10,26,37,20.529,76.184
Buldhana,27-02-2023,9,2023,2,0,4,30,38,20.529,76.184
Buldhana,06-03-2023,10,2023,3,0,5,33,41,20.529,76.184
Buldhana,13-03-2023,11,2023,3,0,5,36,42,20.529,76.184
Buldhana,20-03-2023,12,2023,3,1,6,34,44,20.529,76.184
Buldhana,27-03-2023,13,2023,3,1,7,34,44,20.529,76.184
Buldhana,03-04-2023,14,2023,4,3,9,59,71,20.529,76.184
Buldhana,10-04-2023,15,2023,4,0,13,63,79,20.529,76.184
Buldhana,17-04-2023,16,2023,4,1,5,73,85,20.529,76.184
Buldhana,24-04-2023,17,2023,4,0,11,61,77,20.529,76.184
Buldhana,01-05-2023,18,2023,5,0,10,58,72,20.529,76.184
Buldhana,08-05-2023,19,2023,5,0,4,65,71,20.529,76.184
Buldhana,15-05-2023,20,2023,5,0,13,61,77,20.529,76.184
Buldhana,22-05-2023,21,2023,5,0,10,55,70,20.529,76.184
Buldhana,29-05-2023,22,2023,5,1,8,62,76,20.529,76.184
Buldhana,05-06-2023,23,2023,6,0,8,134,146,20.529,76.184
Buldhana,12-06-2023,24,2023,6,0,8,87,97,20.529,76.184
Buldhana,19-06-2023,25,2023,6,1,7,120,132,20.529,76.184
Buldhana,26-06-2023,26,2023,6,0,4,107,114,20.529,76.184
Buldhana,03-07-2023,27,2023,7,2,8,140,151,20.529,76.184
Buldhana,10-07-2023,28,2023,7,0,14,106,130,20.529,76.184
Buldhana,17-07-2023,29,2023,7,0,7,94,107,20.529,76.184
Buldhana,24-07-2023,30,2023,7,2,13,105,123,20.529,76.184
Buldhana,31-07-2023,31,2023,7,1,5,120,130,20.529,76.184
Buldhana,07-08-2023,32,2023,8,1,6,112,125,20.529,76.184
Buldhana,14-08-2023,33,2023,8,0,9,114,124,20.529,76.184
Buldhana,21-08-2023,34,2023,8,0,5,109,117,20.529,76.184
Buldhana,28-08-2023,35,2023,8,1,8,141,155,20.529,76.184
Buldhana,04-09-2023,36,2023,9,0,7,139,152,20.529,76.184
Buldhana,11-09-2023,37,2023,9,1,11,107,123,20.529,76.184
Buldhana,18-09-2023,38,2023,9,0,8,106,122,20.529,76.184
Buldhana,25-09-2023,39,2023,9,0,10,120,134,20.529,76.184
Buldhana,02-10-2023,40,2023,10,0,3,46,51,20.529,76.184
Buldhana,09-10-2023,41,2023,10,0,4,49,55,20.529,76.184
Buldhana,16-10-2023,42,2023,10,0,7,50,58,20.529,76.184
Buldhana,23-10-2023,43,2023,10,0,2,61,67,20.529,76.184
Buldhana,30-10-2023,44,2023,10,1,8,49,64,20.529,76.184
Buldhana,06-11-2023,45,2023,11,0,5,46,54,20.529,76.184
Buldhana,13-11-2023,46,2023,11,0,6,53,64,20.529,76.184
Buldhana,20-11-2023,47,2023,11,0,9,43,53,20.529,76.184
Buldhana,27-11-2023,48,2023,11,1,8,43,57,20.529,76.184
Buldhana,04-12-2023,49,2023,12,0,9,25,36,20.529,76.184
Buldhana,11-12-2023,50,2023,12,1,5,40,47,20.529,76.184
Buldhana,18-12-2023,51,2023,12,0,1,35,41,20.529,76.184
Buldhana,25-12-2023,52,2023,12,0,8,28,38,20.529,76.184
Akola,07-01-2019,2,2019,1,0,5,18,24,20.709,77.007
Akola,14-01-2019,3,2019,1,0,0,20,21,20.709,77.007
Akola,21-01-2019,4,2019,1,0,3,16,22,20.709,77.007
Akola,28-01-2019,5,2019,1,0,3,25,31,20.709,77.007
Akola,04-02-2019,6,2019,2,1,4,18,24,20.709,77.007
Akola,11-02-2019,7,2019,2,0,4,17,22,20.709,77.007
Akola,18-02-2019,8,2019,2,0,4,21,26,20.709,77.007
Akola,25-02-2019,9,2019,2,0,3,20,25,20.709,77.007
Akola,04-03-2019,10,2019,3,0,7,19,28,20.709,77.007
Akola,11-03-2019,11,2019,3,0,2,16,21,20.709,77.007
Akola,18-03-2019,12,2019,3,1,8,19,31,20.709,77.007
Akola,25-03-2019,13,2019,3,1,1,11,15,20.709,77.007
Akola,01-04-2019,14,2019,4,0,6,34,42,20.709,77.007
Akola,08-04-2019,15,2019,4,0,9,29,39,20.709,77.007
Akola,15-04-2019,16,2019,4,0,7,40,48,20.709,77.007
Akola,22-04-2019,17,2019,4,0,7,45,54,20.709,77.007
Akola,29-04-2019,18,2019,4,0,6,34,41,20.709,77.007
Akola,06-05-2019,19,2019,5,0,6,43,50,20.709,77.007
Akola,13-05-2019,20,2019,5,1,11,43,58,20.709,77.007
Akola,20-05-2019,21,2019,5,0,9,39,50,20.709,77.007
Akola,27-05-2019,22,2019,5,0,10,33,43,20.709,77.007
Akola,03-06-2019,23,2019,6,1,7,54,65,20.709,77.007
Akola,10-06-2019,24,2019,6,0,3,62,66,20.709,77.007
Akola,17-06-2019,25,2019,6,0,8,84,95,20.709,77.007
Akola,24-06-2019,26,2019,6,0,4,63,72,20.709,77.007
Akola,01-07-2019,27,2019,7,0,2,59,62,20.709,77.007
Akola,08-07-2019,28,2019,7,0,7,80,89,20.709,77.007
Akola,15-07-2019,29,2019,7,0,6,73,82,20.709,77.007
Akola,22-07-2019,30,2019,7,0,3,87,91,20.709,77.007
Akola,29-07-2019,31,2019,7,0,5,71,82,20.709,77.007
Akola,05-08-2019,32,2019,8,0,4,62,69,20.709,77.007
Akola,12-08-2019,33,2019,8,0,9,65,75,20.709,77.007
Akola,19-08-2019,34,2019,8,1,6,62,70,20.709,77.007
Akola,26-08-2019,35,2019,8,1,5,66,77,20.709,77.007
Akola,02-09-2019,36,2019,9,0,2,81,88,20.709,77.007
Akola,09-09-2019,37,2019,9,0,7,73,80,20.709,77.007
Akola,16-09-2019,38,2019,9,0,3,57,61,20.709,77.007
Akola,23-09-2019,39,2019,9,0,8,63,75,20.709,77.007
Akola,30-09-2019,40,2019,9,0,3,79,84,20.709,77.007
Akola,07-10-2019,41,2019,10,1,5,27,35,20.709,77.007
Akola,14-10-2019,42,2019,10,0,4,23,31,20.709,77.007
Akola,21-10-2019,43,2019,10,0,3,25,30,20.709,77.007
Akola,28-10-2019,44,2019,10,0,4,31,36,20.709,77.007
Akola,04-11-2019,45,2019,11,0,6,27,37,20.709,77.007
Akola,11-11-2019,46,2019,11,0,4,16,23,20.709,77.007
Akola,18-11-2019,47,2019,11,0,2,30,36,20.709,77.007
Akola,25-11-2019,48,2019,11,0,4,38,46,20.709,77.007
Akola,02-12-2019,49,2019,12,0,0,15,18,20.709,77.007
Akola,09-12-2019,50,2019,12,0,4,27,36,20.709,77.007
Akola,16-12-2019,51,2019,12,0,2,20,24,20.709,77.007
Akola,23-12-2019,52,2019,12,0,3,26,30,20.709,77.007
Akola,30-12-2019,1,2019,12,0,3,13,18,20.709,77.007
Akola,06-01-2020,2,2020,1,0,4,22,28,20.709,77.007
Akola,13-01-2020,3,2020,1,0,4,13,17,20.709,77.007
Akola,20-01-2020,4,2020,1,0,3,16,21,20.709,77.007
Akola,27-01-2020,5,2020,1,0,0,15,18,20.709,77.007
Akola,03-02-2020,6,2020,2,0,2,23,27,20.709,77.007
Akola,10-02-2020,7,2020,2,0,4,18,25,20.709,77.007
Akola,17-02-2020,8,2020,2,0,3,23,26,20.709,77.007
Akola,24-02-2020,9,2020,2,0,2,26,29,20.709,77.007
Akola,02-03-2020,10,2020,3,0,2,30,34,20.709,77.007
Akola,09-03-2020,11,2020,3,0,3,19,23,20.709,77.007
Akola,16-03-2020,12,2020,3,0,1,18,22,20.709,77.007
Akola,23-03-2020,13,2020,3,1,4,26,32,20.709,77.007
Akola,30-03-2020,14,2020,3,0,3,25,28,20.709,77.007
Akola,06-04-2020,15,2020,4,0,4,29,35,20.709,77.007
Akola,13-04-2020,16,2020,4,0,7,37,47,20.709,77.007
Akola,20-04-2020,17,2020,4,0,7,42,50,20.709,77.007
Akola,27-04-2020,18,2020,4,0,7,45,56,20.709,77.007
Akola,04-05-2020,19,2020,5,0,3,44,49,20.709,77.007
Akola,11-05-2020,20,2020,5,0,12,39,52,20.709,77.007
Akola,18-05-2020,21,2020,5,0,9,32,44,20.709,77.007
Akola,25-05-2020,22,2020,5,0,6,39,47,20.709,77.007
Akola,01-06-2020,23,2020,6,0,8,64,72,20.709,77.007
Akola,08-06-2020,24,2020,6,1,4,83,92,20.709,77.007
Akola,15-06-2020,25,2020,6,2,5,72,81,20.709,77.007
Akola,22-06-2020,26,2020,6,0,4,66,73,20.709,77.007
Akola,29-06-2020,27,2020,6,0,7,54,63,20.709,77.007
Akola,06-07-2020,28,2020,7,0,6,65,73,20.709,77.007
Akola,13-07-2020,29,2020,7,1,4,73,78,20.709,77.007
Akola,20-07-2020,30,2020,7,1,7,59,68,20.709,77.007
Akola,27-07-2020,31,2020,7,0,7,76,86,20.709,77.007
Akola,03-08-2020,32,2020,8,1,8,71,83,20.709,77.007
Akola,10-08-2020,33,2020,8,0,7,69,83,20.709,77.007
Akola,17-08-2020,34,2020,8,0,4,76,84,20.709,77.007
Akola,24-08-2020,35,2020,8,1,2,80,86,20.709,77.007
Akola,31-08-2020,36,2020,8,1,3,77,82,20.709,77.007
Akola,07-09-2020,37,2020,9,0,2,63,71,20.709,77.007
Akola,14-09-2020,38,2020,9,0,7,75,82,20.709,77.007
Akola,21-09-2020,39,2020,9,0,8,62,75,20.709,77.007
Akola,28-09-2020,40,2020,9,0,6,65,73,20.709,77.007
Akola,05-10-2020,41,2020,10,0,0,31,33,20.709,77.007
Akola,12-10-2020,42,2020,10,0,4,24,30,20.709,77.007
Akola,19-10-2020,43,2020,10,0,4,31,38,20.709,77.007
Akola,26-10-2020,44,2020,10,0,0,26,30,20.709,77.007
Akola,02-11-2020,45,2020,11,1,5,39,45,20.709,77.007
Akola,09-11-2020,46,2020,11,0,5,36,45,20.709,77.007
Akola,16-11-2020,47,2020,11,0,3,39,43,20.709,77.007
Akola,23-11-2020,48,2020,11,0,2,33,36,20.709,77.007
Akola,30-11-2020,49,2020,11,0,5,38,48,20.709,77.007
Akola,07-12-2020,50,2020,12,0,4,13,20,20.709,77.007
Akola,14-12-2020,51,2020,12,0,1,23,27,20.709,77.007
Akola,21-12-2020,52,2020,12,0,2,21,24,20.709,77.007
Akola,28-12-2020,53,2020,12,0,2,23,25,20.709,77.007
Akola,04-01-2021,1,2021,1,0,0,12,13,20.709,77.007
Akola,11-01-2021,2,2021,1,0,5,19,26,20.709,77.007
Akola,18-01-2021,3,2021,1,0,5,15,23,20.709,77.007
Akola,25-01-2021,4,2021,1,0,8,24,32,20.709,77.007
Akola,01-02-2021,5,2021,2,0,2,20,24,20.709,77.007
Akola,08-02-2021,6,2021,2,0,4,21,29,20.709,77.007
Akola,15-02-2021,7,2021,2,0,4,16,23,20.709,77.007
Akola,22-02-2021,8,2021,2,0,3,22,26,20.709,77.007
Akola,01-03-2021,9,2021,3,1,3,15,21,20.709,77.007
Akola,08-03-2021,10,2021,3,0,4,31,35,20.709,77.007
Akola,15-03-2021,11,2021,3,0,1,19,23,20.709,77.007
Akola,22-03-2021,12,2021,3,0,1,22,24,20.709,77.007
Akola,29-03-2021,13,2021,3,0,1,20,22,20.709,77.007
Akola,05-04-2021,14,2021,4,0,5,26,31,20.709,77.007
Akola,12-04-2021,15,2021,4,0,6,38,45,20.709,77.007
Akola,19-04-2021,16,2021,4,0,5,34,44,20.709,77.007
Akola,26-04-2021,17,2021,4,1,3,44,50,20.709,77.007
Akola,03-05-2021,18,2021,5,0,9,37,51,20.709,77.007
Akola,10-05-2021,19,2021,5,0,4,33,40,20.709,77.007
Akola,17-05-2021,20,2021,5,1,0,29,35,20.709,77.007
Akola,24-05-2021,21,2021,5,0,8,30,39,20.709,77.007
Akola,31-05-2021,22,2021,5,0,4,41,47,20.709,77.007
Akola,07-06-2021,23,2021,6,1,1,87,92,20.709,77.007
Akola,14-06-2021,24,2021,6,1,4,76,92,20.709,77.007
Akola,21-06-2021,25,2021,6,0,6,69,76,20.709,77.007
Akola,28-06-2021,26,2021,6,1,8,63,76,20.709,77.007
Akola,05-07-2021,27,2021,7,0,3,82,86,20.709,77.007
Akola,12-07-2021,28,2021,7,1,7,64,75,20.709,77.007
Akola,19-07-2021,29,2021,7,0,6,61,68,20.709,77.007
Akola,26-07-2021,30,2021,7,0,5,67,73,20.709,77.007
Akola,02-08-2021,31,2021,8,1,11,68,81,20.709,77.007
Akola,09-08-2021,32,2021,8,0,2,79,82,20.709,77.007
Akola,16-08-2021,33,2021,8,1,4,63,76,20.709,77.007
Akola,23-08-2021,34,2021,8,1,4,67,76,20.709,77.007
Akola,30-08-2021,35,2021,8,0,6,74,80,20.709,77.007
Akola,06-09-2021,36,2021,9,0,6,76,85,20.709,77.007
Akola,13-09-2021,37,2021,9,0,2,59,69,20.709,77.007
Akola,20-09-2021,38,2021,9,0,5,68,77,20.709,77.007
Akola,27-09-2021,39,2021,9,0,6,83,95,20.709,77.007
Akola,04-10-2021,40,2021,10,0,5,34,39,20.709,77.007
Akola,11-10-2021,41,2021,10,1,7,24,33,20.709,77.007
Akola,18-10-2021,42,2021,10,0,2,29,36,20.709,77.007
Akola,25-10-2021,43,2021,10,1,3,37,43,20.709,77.007
Akola,01-11-2021,44,2021,11,0,2,27,32,20.709,77.007
Akola,08-11-2021,45,2021,11,0,3,25,29,20.709,77.007
Akola,15-11-2021,46,2021,11,1,3,26,32,20.709,77.007
Akola,22-11-2021,47,2021,11,2,3,29,35,20.709,77.007
Akola,29-11-2021,48,2021,11,0,1,29,32,20.709,77.007
Akola,06-12-2021,49,2021,12,0,4,18,24,20.709,77.007
Akola,13-12-2021,50,2021,12,0,3,24,29,20.709,77.007
Akola,20-12-2021,51,2021,12,0,2,17,23,20.709,77.007
Akola,27-12-2021,52,2021,12,0,1,16,18,20.709,77.007
Akola,03-01-2022,1,2022,1,0,4,24,31,20.709,77.007
Akola,10-01-2022,2,2022,1,0,1,16,20,20.709,77.007
Akola,17-01-2022,3,2022,1,0,9,18,28,20.709,77.007
Akola,24-01-2022,4,2022,1,0,2,14,19,20.709,77.007
Akola,31-01-2022,5,2022,1,0,2,21,24,20.709,77.007
Akola,07-02-2022,6,2022,2,0,1,15,18,20.709,77.007
Akola,14-02-2022,7,2022,2,0,5,24,32,20.709,77.007
Akola,21-02-2022,8,2022,2,0,2,22,25,20.709,77.007
Akola,28-02-2022,9,2022,2,1,2,16,23,20.709,77.007
Akola,07-03-2022,10,2022,3,0,7,24,33,20.709,77.007
Akola,14-03-2022,11,2022,3,0,4,24,30,20.709,77.007
Akola,21-03-2022,12,2022,3,0,6,19,25,20.709,77.007
Akola,28-03-2022,13,2022,3,1,4,16,23,20.709,77.007
Akola,04-04-2022,14,2022,4,0,6,32,41,20.709,77.007
Akola,11-04-2022,15,2022,4,0,4,33,38,20.709,77.007
Akola,18-04-2022,16,2022,4,1,10,27,45,20.709,77.007
Akola,25-04-2022,17,2022,4,1,5,44,53,20.709,77.007
Akola,02-05-2022,18,2022,5,0,3,31,35,20.709,77.007
Akola,09-05-2022,19,2022,5,0,7,47,55,20.709,77.007
Akola,16-05-2022,20,2022,5,1,7,36,47,20.709,77.007
Akola,23-05-2022,21,2022,5,0,9,35,45,20.709,77.007
Akola,30-05-2022,22,2022,5,0,10,31,43,20.709,77.007
Akola,06-06-2022,23,2022,6,0,3,76,82,20.709,77.007
Akola,13-06-2022,24,2022,6,0,9,70,82,20.709,77.007
Akola,20-06-2022,25,2022,6,2,5,80,90,20.709,77.007
Akola,27-06-2022,26,2022,6,1,1,66,69,20.709,77.007
Akola,04-07-2022,27,2022,7,0,10,64,76,20.709,77.007
Akola,11-07-2022,28,2022,7,0,8,71,82,20.709,77.007
Akola,18-07-2022,29,2022,7,0,6,64,73,20.709,77.007
Akola,25-07-2022,30,2022,7,0,5,61,67,20.709,77.007
Akola,01-08-2022,31,2022,8,0,3,66,72,20.709,77.007
Akola,08-08-2022,32,2022,8,0,5,62,67,20.709,77.007
Akola,15-08-2022,33,2022,8,0,5,76,84,20.709,77.007
Akola,22-08-2022,34,2022,8,0,7,86,95,20.709,77.007
Akola,29-08-2022,35,2022,8,0,4,70,77,20.709,77.007
Akola,05-09-2022,36,2022,9,1,4,69,76,20.709,77.007
Akola,12-09-2022,37,2022,9,0,3,71,76,20.709,77.007
Akola,19-09-2022,38,2022,9,2,3,66,72,20.709,77.007
Akola,26-09-2022,39,2022,9,1,3,68,76,20.709,77.007
Akola,03-10-2022,40,2022,10,0,4,28,36,20.709,77.007
Akola,10-10-2022,41,2022,10,0,6,33,41,20.709,77.007
Akola,17-10-2022,42,2022,10,0,3,33,37,20.709,77.007
Akola,24-10-2022,43,2022,10,1,3,26,33,20.709,77.007
Akola,31-10-2022,44,2022,10,0,1,25,30,20.709,77.007
Akola,07-11-2022,45,2022,11,1,5,25,33,20.709,77.007
Akola,14-11-2022,46,2022,11,0,3,27,30,20.709,77.007
Akola,21-11-2022,47,2022,11,0,6,30,37,20.709,77.007
Akola,28-11-2022,48,2022,11,0,3,34,37,20.709,77.007
Akola,05-12-2022,49,2022,12,0,4,23,30,20.709,77.007
Akola,12-12-2022,50,2022,12,0,4,19,25,20.709,77.007
Akola,19-12-2022,51,2022,12,0,1,7,11,20.709,77.007
Akola,26-12-2022,52,2022,12,0,7,16,24,20.709,77.007
Akola,02-01-2023,1,2023,1,1,4,27,34,20.709,77.007
Akola,09-01-2023,2,2023,1,0,3,21,25,20.709,77.007
Akola,16-01-2023,3,2023,1,0,5,23,31,20.709,77.007
Akola,23-01-2023,4,2023,1,0,2,13,19,20.709,77.007
Akola,30-01-2023,5,2023,1,0,2,17,21,20.709,77.007
Akola,06-02-2023,6,2023,2,0,4,20,26,20.709,77.007
Akola,13-02-2023,7,2023,2,1,1,21,23,20.709,77.007
Akola,20-02-2023,8,2023,2,0,4,18,24,20.709,77.007
Akola,27-02-2023,9,2023,2,0,2,34,39,20.709,77.007
Akola,06-03-2023,10,2023,3,0,3,15,19,20.709,77.007
Akola,13-03-2023,11,2023,3,0,1,19,20,20.709,77.007
Akola,20-03-2023,12,2023,3,0,4,19,26,20.709,77.007
Akola,27-03-2023,13,2023,3,0,6,18,28,20.709,77.007
Akola,03-04-2023,14,2023,4,0,6,36,45,20.709,77.007
Akola,10-04-2023,15,2023,4,0,10,34,45,20.709,77.007
Akola,17-04-2023,16,2023,4,0,6,41,52,20.709,77.007
Akola,24-04-2023,17,2023,4,0,4,35,42,20.709,77.007
Akola,01-05-2023,18,2023,5,0,11,37,50,20.709,77.007
Akola,08-05-2023,19,2023,5,0,4,38,45,20.709,77.007
Akola,15-05-2023,20,2023,5,0,1,39,46,20.709,77.007
Akola,22-05-2023,21,2023,5,0,5,42,49,20.709,77.007
Akola,29-05-2023,22,2023,5,1,8,27,38,20.709,77.007
Akola,05-06-2023,23,2023,6,0,7,65,74,20.709,77.007
Akola,12-06-2023,24,2023,6,1,6,72,79,20.709,77.007
Akola,19-06-2023,25,2023,6,0,9,68,78,20.709,77.007
Akola,26-06-2023,26,2023,6,0,4,66,75,20.709,77.007
Akola,03-07-2023,27,2023,7,1,4,84,94,20.709,77.007
Akola,10-07-2023,28,2023,7,0,7,69,79,20.709,77.007
Akola,17-07-2023,29,2023,7,1,3,86,93,20.709,77.007
Akola,24-07-2023,30,2023,7,0,5,73,80,20.709,77.007
Akola,31-07-2023,31,2023,7,0,7,64,75,20.709,77.007
Akola,07-08-2023,32,2023,8,1,5,86,92,20.709,77.007
Akola,14-08-2023,33,2023,8,0,0,66,67,20.709,77.007
Akola,21-08-2023,34,2023,8,0,1,63,65,20.709,77.007
Akola,28-08-2023,35,2023,8,1,7,57,70,20.709,77.007
Akola,04-09-2023,36,2023,9,0,5,60,68,20.709,77.007
Akola,11-09-2023,37,2023,9,0,4,74,79,20.709,77.007
Akola,18-09-2023,38,2023,9,1,3,69,75,20.709,77.007
Akola,25-09-2023,39,2023,9,0,5,77,84,20.709,77.007
Akola,02-10-2023,40,2023,10,0,2,26,31,20.709,77.007
Akola,09-10-2023,41,2023,10,0,4,29,34,20.709,77.007
Akola,16-10-2023,42,2023,10,0,1,25,27,20.709,77.007
Akola,23-10-2023,43,2023,10,0,1,26,28,20.709,77.007
Akola,30-10-2023,44,2023,10,0,3,33,37,20.709,77.007
Akola,06-11-2023,45,2023,11,0,0,25,27,20.709,77.007
Akola,13-11-2023,46,2023,11,0,0,30,34,20.709,77.007
Akola,20-11-2023,47,2023,11,1,6,26,36,20.709,77.007
Akola,27-11-2023,48,2023,11,0,3,25,29,20.709,77.007
Akola,04-12-2023,49,2023,12,0,5,15,20,20.709,77.007
Akola,11-12-2023,50,2023,12,0,7,19,27,20.709,77.007
Akola,18-12-2023,51,2023,12,0,2,25,34,20.709,77.007
Akola,25-12-2023,52,2023,12,0,6,18,27,20.709,77.007
Washim,07-01-2019,2,2019,1,0,5,21,28,20.113,77.133
Washim,14-01-2019,3,2019,1,0,3,17,21,20.113,77.133
Washim,21-01-2019,4,2019,1,0,6,8,15,20.113,77.133
Washim,28-01-2019,5,2019,1,0,5,14,23,20.113,77.133
Washim,04-02-2019,6,2019,2,0,7,18,26,20.113,77.133
Washim,11-02-2019,7,2019,2,0,5,15,21,20.113,77.133
Washim,18-02-2019,8,2019,2,0,1,10,11,20.113,77.133
Washim,25-02-2019,9,2019,2,0,7,10,17,20.113,77.133
Washim,04-03-2019,10,2019,3,0,4,7,12,20.113,77.133
Washim,11-03-2019,11,2019,3,0,0,15,16,20.113,77.133
Washim,18-03-2019,12,2019,3,0,3,13,16,20.113,77.133
Washim,25-03-2019,13,2019,3,0,1,13,15,20.113,77.133
Washim,01-04-2019,14,2019,4,0,9,31,41,20.113,77.133
Washim,08-04-2019,15,2019,4,0,3,29,32,20.113,77.133
Washim,15-04-2019,16,2019,4,0,7,37,45,20.113,77.133
Washim,22-04-2019,17,2019,4,0,3,30,34,20.113,77.133
Washim,29-04-2019,18,2019,4,0,2,44,48,20.113,77.133
Washim,06-05-2019,19,2019,5,2,3,26,33,20.113,77.133
Washim,13-05-2019,20,2019,5,0,4,21,26,20.113,77.133
Washim,20-05-2019,21,2019,5,0,2,28,33,20.113,77.133
Washim,27-05-2019,22,2019,5,1,7,28,37,20.113,77.133
Washim,03-06-2019,23,2019,6,0,5,52,58,20.113,77.133
Washim,10-06-2019,24,2019,6,0,3,58,61,20.113,77.133
Washim,17-06-2019,25,2019,6,0,6,51,57,20.113,77.133
Washim,24-06-2019,26,2019,6,0,8,64,74,20.113,77.133
Washim,01-07-2019,27,2019,7,0,3,43,48,20.113,77.133
Washim,08-07-2019,28,2019,7,0,2,50,53,20.113,77.133
Washim,15-07-2019,29,2019,7,1,3,52,56,20.113,77.133
Washim,22-07-2019,30,2019,7,1,2,60,65,20.113,77.133
Washim,29-07-2019,31,2019,7,0,6,51,60,20.113,77.133
Washim,05-08-2019,32,2019,8,0,3,49,54,20.113,77.133
Washim,12-08-2019,33,2019,8,0,5,62,70,20.113,77.133
Washim,19-08-2019,34,2019,8,0,6,57,66,20.113,77.133
Washim,26-08-2019,35,2019,8,1,3,55,61,20.113,77.133
Washim,02-09-2019,36,2019,9,0,5,53,61,20.113,77.133
Washim,09-09-2019,37,2019,9,0,6,47,54,20.113,77.133
Washim,16-09-2019,38,2019,9,1,1,65,67,20.113,77.133
Washim,23-09-2019,39,2019,9,0,5,65,74,20.113,77.133
Washim,30-09-2019,40,2019,9,0,4,56,60,20.113,77.133
Washim,07-10-2019,41,2019,10,1,3,14,19,20.113,77.133
Washim,14-10-2019,42,2019,10,0,3,22,28,20.113,77.133
Washim,21-10-2019,43,2019,10,0,2,21,25,20.113,77.133
Washim,28-10-2019,44,2019,10,0,4,21,27,20.113,77.133
Washim,04-11-2019,45,2019,11,0,3,25,30,20.113,77.133
Washim,11-11-2019,46,2019,11,0,5,22,28,20.113,77.133
Washim,18-11-2019,47,2019,11,0,4,10,15,20.113,77.133
Washim,25-11-2019,48,2019,11,0,4,20,26,20.113,77.133
Washim,02-12-2019,49,2019,12,0,1,15,16,20.113,77.133
Washim,09-12-2019,50,2019,12,0,0,14,14,20.113,77.133
Washim,16-12-2019,51,2019,12,0,2,9,14,20.113,77.133
Washim,23-12-2019,52,2019,12,0,4,20,26,20.113,77.133
Washim,30-12-2019,1,2019,12,0,3,16,19,20.113,77.133
Washim,06-01-2020,2,2020,1,1,4,19,25,20.113,77.133
Washim,13-01-2020,3,2020,1,0,1,14,16,20.113,77.133
Washim,20-01-2020,4,2020,1,0,2,18,22,20.113,77.133
Washim,27-01-2020,5,2020,1,0,2,21,24,20.113,77.133
Washim,03-02-2020,6,2020,2,0,3,6,9,20.113,77.133
Washim,10-02-2020,7,2020,2,0,2,24,27,20.113,77.133
Washim,17-02-2020,8,2020,2,0,4,17,23,20.113,77.133
Washim,24-02-2020,9,2020,2,0,3,16,20,20.113,77.133
Washim,02-03-2020,10,2020,3,0,3,16,24,20.113,77.133
Washim,09-03-2020,11,2020,3,0,4,13,18,20.113,77.133
Washim,16-03-2020,12,2020,3,0,2,12,16,20.113,77.133
Washim,23-03-2020,13,2020,3,0,3,18,23,20.113,77.133
Washim,30-03-2020,14,2020,3,0,3,19,24,20.113,77.133
Washim,06-04-2020,15,2020,4,0,5,28,34,20.113,77.133
Washim,13-04-2020,16,2020,4,0,10,31,45,20.113,77.133
Washim,20-04-2020,17,2020,4,1,5,30,42,20.113,77.133
Washim,27-04-2020,18,2020,4,0,6,37,46,20.113,77.133
Washim,04-05-2020,19,2020,5,0,7,29,36,20.113,77.133
Washim,11-05-2020,20,2020,5,0,3,26,31,20.113,77.133
Washim,18-05-2020,21,2020,5,0,5,32,39,20.113,77.133
Washim,25-05-2020,22,2020,5,0,6,21,30,20.113,77.133
Washim,01-06-2020,23,2020,6,0,6,59,67,20.113,77.133
Washim,08-06-2020,24,2020,6,1,1,41,45,20.113,77.133
Washim,15-06-2020,25,2020,6,0,5,49,56,20.113,77.133
Washim,22-06-2020,26,2020,6,1,2,58,66,20.113,77.133
Washim,29-06-2020,27,2020,6,0,3,55,58,20.113,77.133
Washim,06-07-2020,28,2020,7,0,3,65,69,20.113,77.133
Washim,13-07-2020,29,2020,7,0,3,66,73,20.113,77.133
Washim,20-07-2020,30,2020,7,0,4,56,64,20.113,77.133
Washim,27-07-2020,31,2020,7,0,5,55,64,20.113,77.133
Washim,03-08-2020,32,2020,8,2,2,49,53,20.113,77.133
Washim,10-08-2020,33,2020,8,0,2,50,53,20.113,77.133
Washim,17-08-2020,34,2020,8,0,3,53,58,20.113,77.133
Washim,24-08-2020,35,2020,8,1,5,68,75,20.113,77.133
Washim,31-08-2020,36,2020,8,0,6,55,63,20.113,77.133
Washim,07-09-2020,37,2020,9,0,0,56,56,20.113,77.133
Washim,14-09-2020,38,2020,9,0,5,55,63,20.113,77.133
Washim,21-09-2020,39,2020,9,1,3,53,59,20.113,77.133
Washim,28-09-2020,40,2020,9,0,2,50,56,20.113,77.133
Washim,05-10-2020,41,2020,10,0,0,18,19,20.113,77.133
Washim,12-10-2020,42,2020,10,0,1,22,25,20.113,77.133
Washim,19-10-2020,43,2020,10,0,1,25,30,20.113,77.133
Washim,26-10-2020,44,2020,10,1,4,23,29,20.113,77.133
Washim,02-11-2020,45,2020,11,0,7,15,25,20.113,77.133
Washim,09-11-2020,46,2020,11,0,2,17,20,20.113,77.133
Washim,16-11-2020,47,2020,11,0,2,16,19,20.113,77.133
Washim,23-11-2020,48,2020,11,0,1,28,32,20.113,77.133
Washim,30-11-2020,49,2020,11,0,2,25,28,20.113,77.133
Washim,07-12-2020,50,2020,12,0,3,24,27,20.113,77.133
Washim,14-12-2020,51,2020,12,0,2,14,19,20.113,77.133
Washim,21-12-2020,52,2020,12,0,3,21,26,20.113,77.133
Washim,28-12-2020,53,2020,12,0,3,17,21,20.113,77.133
Washim,04-01-2021,1,2021,1,0,2,18,21,20.113,77.133
Washim,11-01-2021,2,2021,1,0,5,22,30,20.113,77.133
Washim,18-01-2021,3,2021,1,0,3,14,21,20.113,77.133
Washim,25-01-2021,4,2021,1,0,6,25,33,20.113,77.133
Washim,01-02-2021,5,2021,2,0,1,14,17,20.113,77.133
Washim,08-02-2021,6,2021,2,0,2,14,20,20.113,77.133
Washim,15-02-2021,7,2021,2,0,1,12,17,20.113,77.133
Washim,22-02-2021,8,2021,2,1,3,16,23,20.113,77.133
Washim,01-03-2021,9,2021,3,0,1,18,22,20.113,77.133
Washim,08-03-2021,10,2021,3,0,1,6,8,20.113,77.133
Washim,15-03-2021,11,2021,3,0,3,18,21,20.113,77.133
Washim,22-03-2021,12,2021,3,0,2,15,18,20.113,77.133
Washim,29-03-2021,13,2021,3,0,2,17,20,20.113,77.133
Washim,05-04-2021,14,2021,4,0,5,20,27,20.113,77.133
Washim,12-04-2021,15,2021,4,0,4,29,37,20.113,77.133
Washim,19-04-2021,16,2021,4,1,8,36,46,20.113,77.133
Washim,26-04-2021,17,2021,4,1,4,25,33,20.113,77.133
Washim,03-05-2021,18,2021,5,0,6,28,36,20.113,77.133
Washim,10-05-2021,19,2021,5,0,6,32,39,20.113,77.133
Washim,17-05-2021,20,2021,5,0,2,21,24,20.113,77.133
Washim,24-05-2021,21,2021,5,0,7,31,43,20.113,77.133
Washim,31-05-2021,22,2021,5,1,2,29,34,20.113,77.133
Washim,07-06-2021,23,2021,6,0,6,59,67,20.113,77.133
Washim,14-06-2021,24,2021,6,0,2,67,71,20.113,77.133
Washim,21-06-2021,25,2021,6,0,2,51,53,20.113,77.133
Washim,28-06-2021,26,2021,6,0,2,57,65,20.113,77.133
Washim,05-07-2021,27,2021,7,0,4,44,50,20.113,77.133
Washim,12-07-2021,28,2021,7,0,1,60,61,20.113,77.133
Washim,19-07-2021,29,2021,7,0,3,63,67,20.113,77.133
Washim,26-07-2021,30,2021,7,0,5,47,52,20.113,77.133
Washim,02-08-2021,31,2021,8,0,5,53,60,20.113,77.133
Washim,09-08-2021,32,2021,8,0,4,51,57,20.113,77.133
Washim,16-08-2021,33,2021,8,0,3,53,59,20.113,77.133
Washim,23-08-2021,34,2021,8,0,5,44,52,20.113,77.133
Washim,30-08-2021,35,2021,8,0,3,51,56,20.113,77.133
Washim,06-09-2021,36,2021,9,0,2,52,58,20.113,77.133
Washim,13-09-2021,37,2021,9,0,3,59,64,20.113,77.133
Washim,20-09-2021,38,2021,9,0,3,58,65,20.113,77.133
Washim,27-09-2021,39,2021,9,0,4,56,60,20.113,77.133
Washim,04-10-2021,40,2021,10,0,2,31,37,20.113,77.133
Washim,11-10-2021,41,2021,10,0,1,30,32,20.113,77.133
Washim,18-10-2021,42,2021,10,0,3,20,25,20.113,77.133
Washim,25-10-2021,43,2021,10,0,2,14,18,20.113,77.133
Washim,01-11-2021,44,2021,11,0,2,21,23,20.113,77.133
Washim,08-11-2021,45,2021,11,0,0,23,24,20.113,77.133
Washim,15-11-2021,46,2021,11,0,3,20,28,20.113,77.133
Washim,22-11-2021,47,2021,11,0,1,28,30,20.113,77.133
Washim,29-11-2021,48,2021,11,0,3,22,25,20.113,77.133
Washim,06-12-2021,49,2021,12,0,6,20,29,20.113,77.133
Washim,13-12-2021,50,2021,12,0,2,13,16,20.113,77.133
Washim,20-12-2021,51,2021,12,0,3,20,25,20.113,77.133
Washim,27-12-2021,52,2021,12,1,1,10,12,20.113,77.133
Washim,03-01-2022,1,2022,1,0,1,12,13,20.113,77.133
Washim,10-01-2022,2,2022,1,0,0,21,23,20.113,77.133
Washim,17-01-2022,3,2022,1,0,1,12,14,20.113,77.133
Washim,24-01-2022,4,2022,1,0,2,14,18,20.113,77.133
Washim,31-01-2022,5,2022,1,0,2,24,27,20.113,77.133
Washim,07-02-2022,6,2022,2,0,3,9,13,20.113,77.133
Washim,14-02-2022,7,2022,2,0,1,16,20,20.113,77.133
Washim,21-02-2022,8,2022,2,0,3,15,19,20.113,77.133
Washim,28-02-2022,9,2022,2,0,6,11,19,20.113,77.133
Washim,07-03-2022,10,2022,3,0,3,13,18,20.113,77.133
Washim,14-03-2022,11,2022,3,0,1,18,20,20.113,77.133
Washim,21-03-2022,12,2022,3,0,0,13,14,20.113,77.133
Washim,28-03-2022,13,2022,3,0,2,18,20,20.113,77.133
Washim,04-04-2022,14,2022,4,0,5,34,39,20.113,77.133
Washim,11-04-2022,15,2022,4,0,4,24,29,20.113,77.133
Washim,18-04-2022,16,2022,4,0,1,34,38,20.113,77.133
Washim,25-04-2022,17,2022,4,0,11,35,47,20.113,77.133
Washim,02-05-2022,18,2022,5,0,4,28,38,20.113,77.133
Washim,09-05-2022,19,2022,5,0,5,29,36,20.113,77.133
Washim,16-05-2022,20,2022,5,0,3,34,40,20.113,77.133
Washim,23-05-2022,21,2022,5,0,2,26,28,20.113,77.133
Washim,30-05-2022,22,2022,5,0,5,22,28,20.113,77.133
Washim,06-06-2022,23,2022,6,0,4,50,55,20.113,77.133
Washim,13-06-2022,24,2022,6,1,6,58,66,20.113,77.133
Washim,20-06-2022,25,2022,6,0,5,61,67,20.113,77.133
Washim,27-06-2022,26,2022,6,0,1,51,55,20.113,77.133
Washim,04-07-2022,27,2022,7,0,4,68,74,20.113,77.133
Washim,11-07-2022,28,2022,7,1,3,53,58,20.113,77.133
Washim,18-07-2022,29,2022,7,1,1,62,65,20.113,77.133
Washim,25-07-2022,30,2022,7,0,6,72,80,20.113,77.133
Washim,01-08-2022,31,2022,8,0,4,53,60,20.113,77.133
Washim,08-08-2022,32,2022,8,2,5,61,70,20.113,77.133
Washim,15-08-2022,33,2022,8,0,3,60,65,20.113,77.133
Washim,22-08-2022,34,2022,8,0,3,57,64,20.113,77.133
Washim,29-08-2022,35,2022,8,0,4,63,68,20.113,77.133
Washim,05-09-2022,36,2022,9,0,4,43,47,20.113,77.133
Washim,12-09-2022,37,2022,9,0,3,44,51,20.113,77.133
Washim,19-09-2022,38,2022,9,0,2,49,51,20.113,77.133
Washim,26-09-2022,39,2022,9,2,3,39,45,20.113,77.133
Washim,03-10-2022,40,2022,10,0,4,17,23,20.113,77.133
Washim,10-10-2022,41,2022,10,0,2,22,26,20.113,77.133
Washim,17-10-2022,42,2022,10,0,4,30,34,20.113,77.133
Washim,24-10-2022,43,2022,10,0,1,26,29,20.113,77.133
Washim,31-10-2022,44,2022,10,0,2,18,22,20.113,77.133
Washim,07-11-2022,45,2022,11,0,3,21,25,20.113,77.133
Washim,14-11-2022,46,2022,11,1,5,30,39,20.113,77.133
Washim,21-11-2022,47,2022,11,0,3,26,32,20.113,77.133
Washim,28-11-2022,48,2022,11,0,5,27,33,20.113,77.133
Washim,05-12-2022,49,2022,12,0,2,12,15,20.113,77.133
Washim,12-12-2022,50,2022,12,0,4,11,15,20.113,77.133
Washim,19-12-2022,51,2022,12,0,1,9,10,20.113,77.133
Washim,26-12-2022,52,2022,12,0,4,10,15,20.113,77.133
Washim,02-01-2023,1,2023,1,0,1,10,12,20.113,77.133
Washim,09-01-2023,2,2023,1,0,3,18,23,20.113,77.133
Washim,16-01-2023,3,2023,1,0,4,12,18,20.113,77.133
Washim,23-01-2023,4,2023,1,0,3,9,13,20.113,77.133
Washim,30-01-2023,5,2023,1,1,1,14,16,20.113,77.133
Washim,06-02-2023,6,2023,2,0,1,13,15,20.113,77.133
Washim,13-02-2023,7,2023,2,0,3,12,16,20.113,77.133
Washim,20-02-2023,8,2023,2,0,4,12,18,20.113,77.133
Washim,27-02-2023,9,2023,2,1,5,25,31,20.113,77.133
Washim,06-03-2023,10,2023,3,0,2,15,21,20.113,77.133
Washim,13-03-2023,11,2023,3,0,4,17,22,20.113,77.133
Washim,20-03-2023,12,2023,3,0,1,14,18,20.113,77.133
Washim,27-03-2023,13,2023,3,0,3,15,18,20.113,77.133
Washim,03-04-2023,14,2023,4,0,2,20,25,20.113,77.133
Washim,10-04-2023,15,2023,4,0,4,28,35,20.113,77.133
Washim,17-04-2023,16,2023,4,0,8,31,40,20.113,77.133
Washim,24-04-2023,17,2023,4,0,4,24,29,20.113,77.133
Washim,01-05-2023,18,2023,5,1,7,20,30,20.113,77.133
Washim,08-05-2023,19,2023,5,0,6,30,37,20.113,77.133
Washim,15-05-2023,20,2023,5,1,6,27,34,20.113,77.133
Washim,22-05-2023,21,2023,5,0,3,33,37,20.113,77.133
Washim,29-05-2023,22,2023,5,0,6,22,29,20.113,77.133
Washim,05-06-2023,23,2023,6,0,3,54,57,20.113,77.133
Washim,12-06-2023,24,2023,6,1,3,53,60,20.113,77.133
Washim,19-06-2023,25,2023,6,0,3,65,72,20.113,77.133
Washim,26-06-2023,26,2023,6,1,0,39,45,20.113,77.133
Washim,03-07-2023,27,2023,7,0,4,73,78,20.113,77.133
Washim,10-07-2023,28,2023,7,0,5,46,54,20.113,77.133
Washim,17-07-2023,29,2023,7,0,4,48,53,20.113,77.133
Washim,24-07-2023,30,2023,7,0,3,50,54,20.113,77.133
Washim,31-07-2023,31,2023,7,0,2,58,64,20.113,77.133
Washim,07-08-2023,32,2023,8,0,5,41,49,20.113,77.133
Washim,14-08-2023,33,2023,8,0,5,39,46,20.113,77.133
Washim,21-08-2023,34,2023,8,1,2,59,64,20.113,77.133
Washim,28-08-2023,35,2023,8,0,3,69,75,20.113,77.133
Washim,04-09-2023,36,2023,9,1,1,59,62,20.113,77.133
Washim,11-09-2023,37,2023,9,0,5,60,71,20.113,77.133
Washim,18-09-2023,38,2023,9,0,1,63,65,20.113,77.133
Washim,25-09-2023,39,2023,9,2,4,57,67,20.113,77.133
Washim,02-10-2023,40,2023,10,1,6,31,39,20.113,77.133
Washim,09-10-2023,41,2023,10,0,1,26,28,20.113,77.133
Washim,16-10-2023,42,2023,10,0,5,26,32,20.113,77.133
Washim,23-10-2023,43,2023,10,0,2,20,26,20.113,77.133
Washim,30-10-2023,44,2023,10,1,4,22,30,20.113,77.133
Washim,06-11-2023,45,2023,11,0,3,23,28,20.113,77.133
Washim,13-11-2023,46,2023,11,1,1,13,19,20.113,77.133
Washim,20-11-2023,47,2023,11,0,3,13,17,20.113,77.133
Washim,27-11-2023,48,2023,11,0,2,31,34,20.113,77.133
Washim,04-12-2023,49,2023,12,0,5,20,28,20.113,77.133
Washim,11-12-2023,50,2023,12,0,4,12,17,20.113,77.133
Washim,18-12-2023,51,2023,12,0,3,7,12,20.113,77.133
Washim,25-12-2023,52,2023,12,0,0,19,21,20.113,77.133
Amravati,07-01-2019,2,2019,1,0,9,37,47,20.932,77.75
Amravati,14-01-2019,3,2019,1,0,6,38,46,20.932,77.75
Amravati,21-01-2019,4,2019,1,0,3,35,40,20.932,77.75
Amravati,28-01-2019,5,2019,1,0,3,33,41,20.932,77.75
Amravati,04-02-2019,6,2019,2,1,7,27,37,20.932,77.75
Amravati,11-02-2019,7,2019,2,0,8,31,41,20.932,77.75
Amravati,18-02-2019,8,2019,2,0,7,29,39,20.932,77.75
Amravati,25-02-2019,9,2019,2,0,8,30,41,20.932,77.75
Amravati,04-03-2019,10,2019,3,1,7,45,55,20.932,77.75
Amravati,11-03-2019,11,2019,3,0,5,25,37,20.932,77.75
Amravati,18-03-2019,12,2019,3,0,8,26,38,20.932,77.75
Amravati,25-03-2019,13,2019,3,0,7,28,35,20.932,77.75
Amravati,01-04-2019,14,2019,4,0,11,56,69,20.932,77.75
Amravati,08-04-2019,15,2019,4,0,14,67,83,20.932,77.75
Amravati,15-04-2019,16,2019,4,0,10,85,96,20.932,77.75
Amravati,22-04-2019,17,2019,4,0,8,63,75,20.932,77.75
Amravati,29-04-2019,18,2019,4,1,10,54,68,20.932,77.75
Amravati,06-05-2019,19,2019,5,0,6,47,57,20.932,77.75
Amravati,13-05-2019,20,2019,5,0,13,64,81,20.932,77.75
Amravati,20-05-2019,21,2019,5,0,7,39,48,20.932,77.75
Amravati,27-05-2019,22,2019,5,0,17,57,79,20.932,77.75
Amravati,03-06-2019,23,2019,6,0,10,110,126,20.932,77.75
Amravati,10-06-2019,24,2019,6,0,8,113,128,20.932,77.75
Amravati,17-06-2019,25,2019,6,1,10,114,126,20.932,77.75
Amravati,24-06-2019,26,2019,6,0,5,122,129,20.932,77.75
Amravati,01-07-2019,27,2019,7,3,7,128,140,20.932,77.75
Amravati,08-07-2019,28,2019,7,1,7,109,124,20.932,77.75
Amravati,15-07-2019,29,2019,7,0,12,99,115,20.932,77.75
Amravati,22-07-2019,30,2019,7,1,7,114,127,20.932,77.75
Amravati,29-07-2019,31,2019,7,0,5,115,123,20.932,77.75
Amravati,05-08-2019,32,2019,8,1,10,132,150,20.932,77.75
Amravati,12-08-2019,33,2019,8,0,9,121,136,20.932,77.75
Amravati,19-08-2019,34,2019,8,1,8,124,138,20.932,77.75
Amravati,26-08-2019,35,2019,8,3,7,116,133,20.932,77.75
Amravati,02-09-2019,36,2019,9,1,6,127,137,20.932,77.75
Amravati,09-09-2019,37,2019,9,2,10,103,117,20.932,77.75
Amravati,16-09-2019,38,2019,9,0,4,120,127,20.932,77.75
Amravati,23-09-2019,39,2019,9,0,5,99,115,20.932,77.75
Amravati,30-09-2019,40,2019,9,0,7,106,115,20.932,77.75
Amravati,07-10-2019,41,2019,10,0,8,49,59,20.932,77.75
Amravati,14-10-2019,42,2019,10,0,3,44,52,20.932,77.75
Amravati,21-10-2019,43,2019,10,0,1,50,55,20.932,77.75
Amravati,28-10-2019,44,2019,10,1,5,46,52,20.932,77.75
Amravati,04-11-2019,45,2019,11,0,3,38,45,20.932,77.75
Amravati,11-11-2019,46,2019,11,0,7,31,40,20.932,77.75
Amravati,18-11-2019,47,2019,11,1,5,39,48,20.932,77.75
Amravati,25-11-2019,48,2019,11,0,7,44,57,20.932,77.75
Amravati,02-12-2019,49,2019,12,0,3,24,32,20.932,77.75
Amravati,09-12-2019,50,2019,12,0,5,25,31,20.932,77.75
Amravati,16-12-2019,51,2019,12,0,5,38,47,20.932,77.75
Amravati,23-12-2019,52,2019,12,1,4,25,31,20.932,77.75
Amravati,30-12-2019,1,2019,12,0,3,36,44,20.932,77.75
Amravati,06-01-2020,2,2020,1,0,5,33,42,20.932,77.75
Amravati,13-01-2020,3,2020,1,0,5,24,29,20.932,77.75
Amravati,20-01-2020,4,2020,1,0,3,35,39,20.932,77.75
Amravati,27-01-2020,5,2020,1,0,5,36,44,20.932,77.75
Amravati,03-02-2020,6,2020,2,0,10,24,39,20.932,77.75
Amravati,10-02-2020,7,2020,2,0,5,33,39,20.932,77.75
Amravati,17-02-2020,8,2020,2,0,7,33,43,20.932,77.75
Amravati,24-02-2020,9,2020,2,0,6,37,46,20.932,77.75
Amravati,02-03-2020,10,2020,3,0,1,28,30,20.932,77.75
Amravati,09-03-2020,11,2020,3,0,4,36,44,20.932,77.75
Amravati,16-03-2020,12,2020,3,0,4,30,37,20.932,77.75
Amravati,23-03-2020,13,2020,3,0,5,34,45,20.932,77.75
Amravati,30-03-2020,14,2020,3,0,9,33,46,20.932,77.75
Amravati,06-04-2020,15,2020,4,0,8,64,74,20.932,77.75
Amravati,13-04-2020,16,2020,4,1,10,61,74,20.932,77.75
Amravati,20-04-2020,17,2020,4,0,9,52,62,20.932,77.75
Amravati,27-04-2020,18,2020,4,0,3,61,66,20.932,77.75
Amravati,04-05-2020,19,2020,5,1,11,56,72,20.932,77.75
Amravati,11-05-2020,20,2020,5,0,11,58,73,20.932,77.75
Amravati,18-05-2020,21,2020,5,0,6,66,76,20.932,77.75
Amravati,25-05-2020,22,2020,5,1,5,58,66,20.932,77.75
Amravati,01-06-2020,23,2020,6,1,8,103,118,20.932,77.75
Amravati,08-06-2020,24,2020,6,1,10,91,107,20.932,77.75
Amravati,15-06-2020,25,2020,6,4,6,110,123,20.932,77.75
Amravati,22-06-2020,26,2020,6,0,13,108,131,20.932,77.75
Amravati,29-06-2020,27,2020,6,0,8,120,133,20.932,77.75
Amravati,06-07-2020,28,2020,7,2,10,123,139,20.932,77.75
Amravati,13-07-2020,29,2020,7,0,8,96,108,20.932,77.75
Amravati,20-07-2020,30,2020,7,1,3,105,113,20.932,77.75
Amravati,27-07-2020,31,2020,7,2,5,122,136,20.932,77.75
Amravati,03-08-2020,32,2020,8,1,10,106,125,20.932,77.75
Amravati,10-08-2020,33,2020,8,0,12,109,125,20.932,77.75
Amravati,17-08-2020,34,2020,8,0,2,106,112,20.932,77.75
Amravati,24-08-2020,35,2020,8,0,5,132,140,20.932,77.75
Amravati,31-08-2020,36,2020,8,0,7,103,118,20.932,77.75
Amravati,07-09-2020,37,2020,9,0,10,121,134,20.932,77.75
Amravati,14-09-2020,38,2020,9,0,6,113,121,20.932,77.75
Amravati,21-09-2020,39,2020,9,0,7,111,123,20.932,77.75
Amravati,28-09-2020,40,2020,9,0,6,126,134,20.932,77.75
Amravati,05-10-2020,41,2020,10,1,8,40,51,20.932,77.75
Amravati,12-10-2020,42,2020,10,0,7,32,41,20.932,77.75
Amravati,19-10-2020,43,2020,10,0,4,41,47,20.932,77.75
Amravati,26-10-2020,44,2020,10,0,5,25,33,20.932,77.75
Amravati,02-11-2020,45,2020,11,0,9,38,50,20.932,77.75
Amravati,09-11-2020,46,2020,11,0,7,59,70,20.932,77.75
Amravati,16-11-2020,47,2020,11,0,6,45,55,20.932,77.75
Amravati,23-11-2020,48,2020,11,0,4,49,56,20.932,77.75
Amravati,30-11-2020,49,2020,11,0,4,52,60,20.932,77.75
Amravati,07-12-2020,50,2020,12,0,6,27,37,20.932,77.75
Amravati,14-12-2020,51,2020,12,0,7,31,42,20.932,77.75
Amravati,21-12-2020,52,2020,12,0,6,35,45,20.932,77.75
Amravati,28-12-2020,53,2020,12,1,6,26,36,20.932,77.75
Amravati,04-01-2021,1,2021,1,0,6,30,39,20.932,77.75
Amravati,11-01-2021,2,2021,1,1,6,38,49,20.932,77.75
Amravati,18-01-2021,3,2021,1,1,7,23,34,20.932,77.75
Amravati,25-01-2021,4,2021,1,1,7,26,36,20.932,77.75
Amravati,01-02-2021,5,2021,2,1,4,32,42,20.932,77.75
Amravati,08-02-2021,6,2021,2,0,5,37,49,20.932,77.75
Amravati,15-02-2021,7,2021,2,1,4,40,48,20.932,77.75
Amravati,22-02-2021,8,2021,2,1,3,31,42,20.932,77.75
Amravati,01-03-2021,9,2021,3,0,2,32,37,20.932,77.75
Amravati,08-03-2021,10,2021,3,1,2,25,31,20.932,77.75
Amravati,15-03-2021,11,2021,3,1,3,35,39,20.932,77.75
Amravati,22-03-2021,12,2021,3,0,5,29,35,20.932,77.75
Amravati,29-03-2021,13,2021,3,0,4,36,43,20.932,77.75
Amravati,05-04-2021,14,2021,4,1,11,55,71,20.932,77.75
Amravati,12-04-2021,15,2021,4,0,5,56,63,20.932,77.75
Amravati,19-04-2021,16,2021,4,1,7,54,63,20.932,77.75
Amravati,26-04-2021,17,2021,4,0,10,48,60,20.932,77.75
Amravati,03-05-2021,18,2021,5,1,8,53,66,20.932,77.75
Amravati,10-05-2021,19,2021,5,0,10,64,79,20.932,77.75
Amravati,17-05-2021,20,2021,5,0,8,51,63,20.932,77.75
Amravati,24-05-2021,21,2021,5,0,10,70,83,20.932,77.75
Amravati,31-05-2021,22,2021,5,0,10,49,62,20.932,77.75
Amravati,07-06-2021,23,2021,6,1,5,113,121,20.932,77.75
Amravati,14-06-2021,24,2021,6,2,10,118,131,20.932,77.75
Amravati,21-06-2021,25,2021,6,1,13,112,129,20.932,77.75
Amravati,28-06-2021,26,2021,6,0,7,134,148,20.932,77.75
Amravati,05-07-2021,27,2021,7,0,11,94,110,20.932,77.75
Amravati,12-07-2021,28,2021,7,0,4,88,97,20.932,77.75
Amravati,19-07-2021,29,2021,7,0,7,108,120,20.932,77.75
Amravati,26-07-2021,30,2021,7,2,7,115,130,20.932,77.75
Amravati,02-08-2021,31,2021,8,1,10,102,117,20.932,77.75
Amravati,09-08-2021,32,2021,8,1,4,118,129,20.932,77.75
Amravati,16-08-2021,33,2021,8,1,8,119,133,20.932,77.75
Amravati,23-08-2021,34,2021,8,0,6,77,89,20.932,77.75
Amravati,30-08-2021,35,2021,8,3,7,104,123,20.932,77.75
Amravati,06-09-2021,36,2021,9,1,9,133,145,20.932,77.75
Amravati,13-09-2021,37,2021,9,0,7,98,111,20.932,77.75
Amravati,20-09-2021,38,2021,9,2,8,121,137,20.932,77.75
Amravati,27-09-2021,39,2021,9,0,6,105,116,20.932,77.75
Amravati,04-10-2021,40,2021,10,0,3,53,58,20.932,77.75
Amravati,11-10-2021,41,2021,10,0,4,40,47,20.932,77.75
Amravati,18-10-2021,42,2021,10,0,5,57,66,20.932,77.75
Amravati,25-10-2021,43,2021,10,0,6,38,47,20.932,77.75
Amravati,01-11-2021,44,2021,11,2,1,47,51,20.932,77.75
Amravati,08-11-2021,45,2021,11,0,4,28,35,20.932,77.75
Amravati,15-11-2021,46,2021,11,0,5,50,57,20.932,77.75
Amravati,22-11-2021,47,2021,11,0,9,32,42,20.932,77.75
Amravati,29-11-2021,48,2021,11,1,2,41,46,20.932,77.75
Amravati,06-12-2021,49,2021,12,0,3,22,25,20.932,77.75
Amravati,13-12-2021,50,2021,12,0,3,43,49,20.932,77.75
Amravati,20-12-2021,51,2021,12,0,8,33,45,20.932,77.75
Amravati,27-12-2021,52,2021,12,0,5,30,35,20.932,77.75
Amravati,03-01-2022,1,2022,1,0,4,29,37,20.932,77.75
Amravati,10-01-2022,2,2022,1,0,6,31,38,20.932,77.75
Amravati,17-01-2022,3,2022,1,0,5,29,37,20.932,77.75
Amravati,24-01-2022,4,2022,1,1,9,31,44,20.932,77.75
Amravati,31-01-2022,5,2022,1,0,4,44,49,20.932,77.75
Amravati,07-02-2022,6,2022,2,0,8,33,42,20.932,77.75
Amravati,14-02-2022,7,2022,2,0,4,29,36,20.932,77.75
Amravati,21-02-2022,8,2022,2,0,3,30,37,20.932,77.75
Amravati,28-02-2022,9,2022,2,0,7,32,42,20.932,77.75
Amravati,07-03-2022,10,2022,3,1,9,34,44,20.932,77.75
Amravati,14-03-2022,11,2022,3,0,7,42,53,20.932,77.75
Amravati,21-03-2022,12,2022,3,0,6,30,45,20.932,77.75
Amravati,28-03-2022,13,2022,3,0,9,29,42,20.932,77.75
Amravati,04-04-2022,14,2022,4,0,10,55,65,20.932,77.75
Amravati,11-04-2022,15,2022,4,0,16,43,64,20.932,77.75
Amravati,18-04-2022,16,2022,4,0,11,37,51,20.932,77.75
Amravati,25-04-2022,17,2022,4,2,5,51,61,20.932,77.75
Amravati,02-05-2022,18,2022,5,0,9,53,67,20.932,77.75
Amravati,09-05-2022,19,2022,5,0,7,56,65,20.932,77.75
Amravati,16-05-2022,20,2022,5,0,7,45,55,20.932,77.75
Amravati,23-05-2022,21,2022,5,0,13,55,74,20.932,77.75
Amravati,30-05-2022,22,2022,5,0,9,53,66,20.932,77.75
Amravati,06-06-2022,23,2022,6,0,13,113,128,20.932,77.75
Amravati,13-06-2022,24,2022,6,1,6,121,131,20.932,77.75
Amravati,20-06-2022,25,2022,6,0,9,109,124,20.932,77.75
Amravati,27-06-2022,26,2022,6,0,4,105,116,20.932,77.75
Amravati,04-07-2022,27,2022,7,0,6,114,123,20.932,77.75
Amravati,11-07-2022,28,2022,7,0,12,110,123,20.932,77.75
Amravati,18-07-2022,29,2022,7,1,5,125,140,20.932,77.75
Amravati,25-07-2022,30,2022,7,0,7,112,122,20.932,77.75
Amravati,01-08-2022,31,2022,8,1,5,86,96,20.932,77.75
Amravati,08-08-2022,32,2022,8,0,10,119,135,20.932,77.75
Amravati,15-08-2022,33,2022,8,1,6,121,129,20.932,77.75
Amravati,22-08-2022,34,2022,8,0,8,118,130,20.932,77.75
Amravati,29-08-2022,35,2022,8,0,4,112,117,20.932,77.75
Amravati,05-09-2022,36,2022,9,1,8,101,113,20.932,77.75
Amravati,12-09-2022,37,2022,9,0,6,105,112,20.932,77.75
Amravati,19-09-2022,38,2022,9,0,10,106,122,20.932,77.75
Amravati,26-09-2022,39,2022,9,1,8,107,118,20.932,77.75
Amravati,03-10-2022,40,2022,10,0,8,50,63,20.932,77.75
Amravati,10-10-2022,41,2022,10,0,8,51,64,20.932,77.75
Amravati,17-10-2022,42,2022,10,0,3,48,55,20.932,77.75
Amravati,24-10-2022,43,2022,10,0,2,44,48,20.932,77.75
Amravati,31-10-2022,44,2022,10,1,8,46,56,20.932,77.75
Amravati,07-11-2022,45,2022,11,0,4,47,56,20.932,77.75
Amravati,14-11-2022,46,2022,11,0,7,32,41,20.932,77.75
Amravati,21-11-2022,47,2022,11,1,6,54,62,20.932,77.75
Amravati,28-11-2022,48,2022,11,1,3,47,53,20.932,77.75
Amravati,05-12-2022,49,2022,12,0,7,32,41,20.932,77.75
Amravati,12-12-2022,50,2022,12,0,3,40,46,20.932,77.75
Amravati,19-12-2022,51,2022,12,1,1,35,43,20.932,77.75
Amravati,26-12-2022,52,2022,12,0,5,30,36,20.932,77.75
Amravati,02-01-2023,1,2023,1,0,5,34,41,20.932,77.75
Amravati,09-01-2023,2,2023,1,0,3,22,31,20.932,77.75
Amravati,16-01-2023,3,2023,1,0,6,30,37,20.932,77.75
Amravati,23-01-2023,4,2023,1,0,7,32,40,20.932,77.75
Amravati,30-01-2023,5,2023,1,0,2,28,33,20.932,77.75
Amravati,06-02-2023,6,2023,2,0,4,33,41,20.932,77.75
Amravati,13-02-2023,7,2023,2,0,4,31,39,20.932,77.75
Amravati,20-02-2023,8,2023,2,0,4,30,36,20.932,77.75
Amravati,27-02-2023,9,2023,2,0,2,36,41,20.932,77.75
Amravati,06-03-2023,10,2023,3,0,7,29,42,20.932,77.75
Amravati,13-03-2023,11,2023,3,0,4,40,48,20.932,77.75
Amravati,20-03-2023,12,2023,3,1,9,32,42,20.932,77.75
Amravati,27-03-2023,13,2023,3,1,8,25,39,20.932,77.75
Amravati,03-04-2023,14,2023,4,2,7,67,80,20.932,77.75
Amravati,10-04-2023,15,2023,4,1,10,59,72,20.932,77.75
Amravati,17-04-2023,16,2023,4,0,9,52,63,20.932,77.75
Amravati,24-04-2023,17,2023,4,0,3,55,62,20.932,77.75
Amravati,01-05-2023,18,2023,5,0,7,55,64,20.932,77.75
Amravati,08-05-2023,19,2023,5,1,14,57,74,20.932,77.75
Amravati,15-05-2023,20,2023,5,0,9,53,65,20.932,77.75
Amravati,22-05-2023,21,2023,5,1,10,48,62,20.932,77.75
Amravati,29-05-2023,22,2023,5,0,10,64,80,20.932,77.75
Amravati,05-06-2023,23,2023,6,1,10,115,128,20.932,77.75
Amravati,12-06-2023,24,2023,6,2,9,125,143,20.932,77.75
Amravati,19-06-2023,25,2023,6,3,12,87,105,20.932,77.75
Amravati,26-06-2023,26,2023,6,1,3,117,124,20.932,77.75
Amravati,03-07-2023,27,2023,7,0,4,101,109,20.932,77.75
Amravati,10-07-2023,28,2023,7,0,6,107,118,20.932,77.75
Amravati,17-07-2023,29,2023,7,2,6,98,109,20.932,77.75
Amravati,24-07-2023,30,2023,7,0,7,112,126,20.932,77.75
Amravati,31-07-2023,31,2023,7,0,7,126,136,20.932,77.75
Amravati,07-08-2023,32,2023,8,0,7,106,115,20.932,77.75
Amravati,14-08-2023,33,2023,8,0,8,113,126,20.932,77.75
Amravati,21-08-2023,34,2023,8,1,9,104,118,20.932,77.75
Amravati,28-08-2023,35,2023,8,0,7,114,126,20.932,77.75
Amravati,04-09-2023,36,2023,9,0,3,111,118,20.932,77.75
Amravati,11-09-2023,37,2023,9,0,8,119,130,20.932,77.75
Amravati,18-09-2023,38,2023,9,3,7,101,118,20.932,77.75
Amravati,25-09-2023,39,2023,9,2,9,117,129,20.932,77.75
Amravati,02-10-2023,40,2023,10,1,7,34,44,20.932,77.75
Amravati,09-10-2023,41,2023,10,1,5,51,59,20.932,77.75
Amravati,16-10-2023,42,2023,10,0,2,45,48,20.932,77.75
Amravati,23-10-2023,43,2023,10,1,6,43,57,20.932,77.75
Amravati,30-10-2023,44,2023,10,0,6,34,43,20.932,77.75
Amravati,06-11-2023,45,2023,11,2,9,47,61,20.932,77.75
Amravati,13-11-2023,46,2023,11,0,2,51,54,20.932,77.75
Amravati,20-11-2023,47,2023,11,0,4,46,52,20.932,77.75
Amravati,27-11-2023,48,2023,11,2,4,52,61,20.932,77.75
Amravati,04-12-2023,49,2023,12,2,2,29,38,20.932,77.75
Amravati,11-12-2023,50,2023,12,0,6,30,38,20.932,77.75
Amravati,18-12-2023,51,2023,12,0,3,30,34,20.932,77.75
Amravati,25-12-2023,52,2023,12,0,9,35,49,20.932,77.75
Yavatmal,07-01-2019,2,2019,1,1,4,35,48,20.389,78.133
Yavatmal,14-01-2019,3,2019,1,0,6,31,42,20.389,78.133
Yavatmal,21-01-2019,4,2019,1,0,4,32,42,20.389,78.133
Yavatmal,28-01-2019,5,2019,1,0,10,56,67,20.389,78.133
Yavatmal,04-02-2019,6,2019,2,0,7,38,48,20.389,78.133
Yavatmal,11-02-2019,7,2019,2,1,4,38,47,20.389,78.133
Yavatmal,18-02-2019,8,2019,2,2,7,36,49,20.389,78.133
Yavatmal,25-02-2019,9,2019,2,0,8,40,48,20.389,78.133
Yavatmal,04-03-2019,10,2019,3,0,8,44,53,20.389,78.133
Yavatmal,11-03-2019,11,2019,3,1,4,41,46,20.389,78.133
Yavatmal,18-03-2019,12,2019,3,0,5,25,35,20.389,78.133
Yavatmal,25-03-2019,13,2019,3,2,4,23,32,20.389,78.133
Yavatmal,01-04-2019,14,2019,4,0,11,77,90,20.389,78.133
Yavatmal,08-04-2019,15,2019,4,0,10,66,79,20.389,78.133
Yavatmal,15-04-2019,16,2019,4,2,11,60,76,20.389,78.133
Yavatmal,22-04-2019,17,2019,4,0,8,61,72,20.389,78.133
Yavatmal,29-04-2019,18,2019,4,1,7,72,84,20.389,78.133
Yavatmal,06-05-2019,19,2019,5,1,7,72,85,20.389,78.133
Yavatmal,13-05-2019,20,2019,5,0,11,63,78,20.389,78.133
Yavatmal,20-05-2019,21,2019,5,1,11,65,80,20.389,78.133
Yavatmal,27-05-2019,22,2019,5,1,12,65,81,20.389,78.133
Yavatmal,03-06-2019,23,2019,6,0,9,120,132,20.389,78.133
Yavatmal,10-06-2019,24,2019,6,0,8,124,140,20.389,78.133
Yavatmal,17-06-2019,25,2019,6,0,9,134,149,20.389,78.133
Yavatmal,24-06-2019,26,2019,6,1,13,129,145,20.389,78.133
Yavatmal,01-07-2019,27,2019,7,0,11,132,149,20.389,78.133
Yavatmal,08-07-2019,28,2019,7,2,8,113,125,20.389,78.133
Yavatmal,15-07-2019,29,2019,7,0,4,127,138,20.389,78.133
Yavatmal,22-07-2019,30,2019,7,1,4,122,132,20.389,78.133
Yavatmal,29-07-2019,31,2019,7,0,5,122,129,20.389,78.133
Yavatmal,05-08-2019,32,2019,8,0,11,122,138,20.389,78.133
Yavatmal,12-08-2019,33,2019,8,1,14,117,141,20.389,78.133
Yavatmal,19-08-2019,34,2019,8,0,5,112,123,20.389,78.133
Yavatmal,26-08-2019,35,2019,8,1,10,130,143,20.389,78.133
Yavatmal,02-09-2019,36,2019,9,1,9,121,136,20.389,78.133
Yavatmal,09-09-2019,37,2019,9,1,9,109,124,20.389,78.133
Yavatmal,16-09-2019,38,2019,9,0,10,118,129,20.389,78.133
Yavatmal,23-09-2019,39,2019,9,0,12,134,154,20.389,78.133
Yavatmal,30-09-2019,40,2019,9,0,12,113,126,20.389,78.133
Yavatmal,07-10-2019,41,2019,10,0,9,35,48,20.389,78.133
Yavatmal,14-10-2019,42,2019,10,0,4,57,65,20.389,78.133
Yavatmal,21-10-2019,43,2019,10,1,4,45,52,20.389,78.133
Yavatmal,28-10-2019,44,2019,10,0,6,50,58,20.389,78.133
Yavatmal,04-11-2019,45,2019,11,0,9,47,59,20.389,78.133
Yavatmal,11-11-2019,46,2019,11,0,4,50,59,20.389,78.133
Yavatmal,18-11-2019,47,2019,11,0,9,51,62,20.389,78.133
Yavatmal,25-11-2019,48,2019,11,0,6,51,65,20.389,78.133
Yavatmal,02-12-2019,49,2019,12,0,2,26,30,20.389,78.133
Yavatmal,09-12-2019,50,2019,12,1,5,45,54,20.389,78.133
Yavatmal,16-12-2019,51,2019,12,1,3,36,45,20.389,78.133
Yavatmal,23-12-2019,52,2019,12,0,5,42,51,20.389,78.133
Yavatmal,30-12-2019,1,2019,12,1,8,27,39,20.389,78.133
Yavatmal,06-01-2020,2,2020,1,1,5,33,42,20.389,78.133
Yavatmal,13-01-2020,3,2020,1,0,4,32,43,20.389,78.133
Yavatmal,20-01-2020,4,2020,1,1,4,48,57,20.389,78.133
Yavatmal,27-01-2020,5,2020,1,0,7,39,48,20.389,78.133
Yavatmal,03-02-2020,6,2020,2,0,4,48,53,20.389,78.133
Yavatmal,10-02-2020,7,2020,2,1,13,38,56,20.389,78.133
Yavatmal,17-02-2020,8,2020,2,0,6,35,43,20.389,78.133
Yavatmal,24-02-2020,9,2020,2,0,7,40,50,20.389,78.133
Yavatmal,02-03-2020,10,2020,3,0,5,39,48,20.389,78.133
Yavatmal,09-03-2020,11,2020,3,1,7,31,45,20.389,78.133
Yavatmal,16-03-2020,12,2020,3,1,3,34,41,20.389,78.133
Yavatmal,23-03-2020,13,2020,3,0,4,28,34,20.389,78.133
Yavatmal,30-03-2020,14,2020,3,0,7,37,46,20.389,78.133
Yavatmal,06-04-2020,15,2020,4,0,10,67,83,20.389,78.133
Yavatmal,13-04-2020,16,2020,4,0,9,75,87,20.389,78.133
Yavatmal,20-04-2020,17,2020,4,0,14,66,84,20.389,78.133
Yavatmal,27-04-2020,18,2020,4,0,12,64,77,20.389,78.133
Yavatmal,04-05-2020,19,2020,5,0,10,74,86,20.389,78.133
Yavatmal,11-05-2020,20,2020,5,1,9,69,84,20.389,78.133
Yavatmal,18-05-2020,21,2020,5,2,6,71,83,20.389,78.133
Yavatmal,25-05-2020,22,2020,5,0,13,67,83,20.389,78.133
Yavatmal,01-06-2020,23,2020,6,0,12,107,125,20.389,78.133
Yavatmal,08-06-2020,24,2020,6,0,12,140,161,20.389,78.133
Yavatmal,15-06-2020,25,2020,6,1,9,139,154,20.389,78.133
Yavatmal,22-06-2020,26,2020,6,0,8,131,140,20.389,78.133
Yavatmal,29-06-2020,27,2020,6,1,12,142,157,20.389,78.133
Yavatmal,06-07-2020,28,2020,7,0,4,123,131,20.389,78.133
Yavatmal,13-07-2020,29,2020,7,0,10,126,139,20.389,78.133
Yavatmal,20-07-2020,30,2020,7,0,14,118,135,20.389,78.133
Yavatmal,27-07-2020,31,2020,7,0,9,111,129,20.389,78.133
Yavatmal,03-08-2020,32,2020,8,0,9,133,148,20.389,78.133
Yavatmal,10-08-2020,33,2020,8,2,13,135,157,20.389,78.133
Yavatmal,17-08-2020,34,2020,8,1,7,128,140,20.389,78.133
Yavatmal,24-08-2020,35,2020,8,0,13,128,148,20.389,78.133
Yavatmal,31-08-2020,36,2020,8,0,7,109,129,20.389,78.133
Yavatmal,07-09-2020,37,2020,9,0,5,122,142,20.389,78.133
Yavatmal,14-09-2020,38,2020,9,0,10,133,149,20.389,78.133
Yavatmal,21-09-2020,39,2020,9,0,9,126,141,20.389,78.133
Yavatmal,28-09-2020,40,2020,9,0,11,122,137,20.389,78.133
Yavatmal,05-10-2020,41,2020,10,0,8,51,64,20.389,78.133
Yavatmal,12-10-2020,42,2020,10,0,7,49,61,20.389,78.133
Yavatmal,19-10-2020,43,2020,10,0,5,51,57,20.389,78.133
Yavatmal,26-10-2020,44,2020,10,0,3,36,41,20.389,78.133
Yavatmal,02-11-2020,45,2020,11,0,9,54,67,20.389,78.133
Yavatmal,09-11-2020,46,2020,11,0,8,59,67,20.389,78.133
Yavatmal,16-11-2020,47,2020,11,0,2,56,62,20.389,78.133
Yavatmal,23-11-2020,48,2020,11,0,6,49,59,20.389,78.133
Yavatmal,30-11-2020,49,2020,11,2,10,51,71,20.389,78.133
Yavatmal,07-12-2020,50,2020,12,0,9,35,45,20.389,78.133
Yavatmal,14-12-2020,51,2020,12,0,6,30,40,20.389,78.133
Yavatmal,21-12-2020,52,2020,12,0,10,31,44,20.389,78.133
Yavatmal,28-12-2020,53,2020,12,0,5,23,32,20.389,78.133
Yavatmal,04-01-2021,1,2021,1,0,10,34,49,20.389,78.133
Yavatmal,11-01-2021,2,2021,1,0,12,40,53,20.389,78.133
Yavatmal,18-01-2021,3,2021,1,0,7,30,38,20.389,78.133
Yavatmal,25-01-2021,4,2021,1,0,4,43,49,20.389,78.133
Yavatmal,01-02-2021,5,2021,2,1,9,34,46,20.389,78.133
Yavatmal,08-02-2021,6,2021,2,0,6,27,35,20.389,78.133
Yavatmal,15-02-2021,7,2021,2,1,5,31,46,20.389,78.133
Yavatmal,22-02-2021,8,2021,2,0,6,32,40,20.389,78.133
Yavatmal,01-03-2021,9,2021,3,0,5,32,38,20.389,78.133
Yavatmal,08-03-2021,10,2021,3,0,8,29,40,20.389,78.133
Yavatmal,15-03-2021,11,2021,3,0,5,33,43,20.389,78.133
Yavatmal,22-03-2021,12,2021,3,0,5,42,50,20.389,78.133
Yavatmal,29-03-2021,13,2021,3,0,5,24,31,20.389,78.133
Yavatmal,05-04-2021,14,2021,4,0,14,63,77,20.389,78.133
Yavatmal,12-04-2021,15,2021,4,1,13,47,67,20.389,78.133
Yavatmal,19-04-2021,16,2021,4,0,16,65,83,20.389,78.133
Yavatmal,26-04-2021,17,2021,4,1,7,64,78,20.389,78.133
Yavatmal,03-05-2021,18,2021,5,2,9,68,81,20.389,78.133
Yavatmal,10-05-2021,19,2021,5,0,12,65,80,20.389,78.133
Yavatmal,17-05-2021,20,2021,5,1,12,65,82,20.389,78.133
Yavatmal,24-05-2021,21,2021,5,1,11,52,67,20.389,78.133
Yavatmal,31-05-2021,22,2021,5,0,7,51,61,20.389,78.133
Yavatmal,07-06-2021,23,2021,6,1,9,115,129,20.389,78.133
Yavatmal,14-06-2021,24,2021,6,0,8,121,139,20.389,78.133
Yavatmal,21-06-2021,25,2021,6,1,11,147,167,20.389,78.133
Yavatmal,28-06-2021,26,2021,6,2,8,136,149,20.389,78.133
Yavatmal,05-07-2021,27,2021,7,0,4,116,125,20.389,78.133
Yavatmal,12-07-2021,28,2021,7,1,4,124,133,20.389,78.133
Yavatmal,19-07-2021,29,2021,7,0,16,140,163,20.389,78.133
Yavatmal,26-07-2021,30,2021,7,0,10,134,145,20.389,78.133
Yavatmal,02-08-2021,31,2021,8,2,7,128,141,20.389,78.133
Yavatmal,09-08-2021,32,2021,8,0,10,140,163,20.389,78.133
Yavatmal,16-08-2021,33,2021,8,0,10,127,144,20.389,78.133
Yavatmal,23-08-2021,34,2021,8,1,11,107,121,20.389,78.133
Yavatmal,30-08-2021,35,2021,8,2,4,121,133,20.389,78.133
Yavatmal,06-09-2021,36,2021,9,0,8,127,142,20.389,78.133
Yavatmal,13-09-2021,37,2021,9,0,6,121,128,20.389,78.133
Yavatmal,20-09-2021,38,2021,9,0,11,135,150,20.389,78.133
Yavatmal,27-09-2021,39,2021,9,2,11,110,127,20.389,78.133
Yavatmal,04-10-2021,40,2021,10,0,7,40,51,20.389,78.133
Yavatmal,11-10-2021,41,2021,10,0,8,42,54,20.389,78.133
Yavatmal,18-10-2021,42,2021,10,0,3,59,63,20.389,78.133
Yavatmal,25-10-2021,43,2021,10,0,5,43,52,20.389,78.133
Yavatmal,01-11-2021,44,2021,11,1,8,52,63,20.389,78.133
Yavatmal,08-11-2021,45,2021,11,0,13,49,65,20.389,78.133
Yavatmal,15-11-2021,46,2021,11,0,7,42,56,20.389,78.133
Yavatmal,22-11-2021,47,2021,11,2,10,53,70,20.389,78.133
Yavatmal,29-11-2021,48,2021,11,1,7,38,48,20.389,78.133
Yavatmal,06-12-2021,49,2021,12,0,3,36,41,20.389,78.133
Yavatmal,13-12-2021,50,2021,12,1,8,34,50,20.389,78.133
Yavatmal,20-12-2021,51,2021,12,0,12,41,60,20.389,78.133
Yavatmal,27-12-2021,52,2021,12,0,7,32,41,20.389,78.133
Yavatmal,03-01-2022,1,2022,1,0,6,37,45,20.389,78.133
Yavatmal,10-01-2022,2,2022,1,1,4,26,33,20.389,78.133
Yavatmal,17-01-2022,3,2022,1,0,5,45,53,20.389,78.133
Yavatmal,24-01-2022,4,2022,1,0,3,40,46,20.389,78.133
Yavatmal,31-01-2022,5,2022,1,1,5,46,56,20.389,78.133
Yavatmal,07-02-2022,6,2022,2,0,6,29,37,20.389,78.133
Yavatmal,14-02-2022,7,2022,2,0,5,35,46,20.389,78.133
Yavatmal,21-02-2022,8,2022,2,2,5,36,45,20.389,78.133
Yavatmal,28-02-2022,9,2022,2,0,4,31,37,20.389,78.133
Yavatmal,07-03-2022,10,2022,3,0,6,40,51,20.389,78.133
Yavatmal,14-03-2022,11,2022,3,0,10,39,53,20.389,78.133
Yavatmal,21-03-2022,12,2022,3,0,5,42,52,20.389,78.133
Yavatmal,28-03-2022,13,2022,3,0,6,36,45,20.389,78.133
Yavatmal,04-04-2022,14,2022,4,1,12,72,91,20.389,78.133
Yavatmal,11-04-2022,15,2022,4,0,10,63,73,20.389,78.133
Yavatmal,18-04-2022,16,2022,4,0,10,55,72,20.389,78.133
Yavatmal,25-04-2022,17,2022,4,0,15,73,88,20.389,78.133
Yavatmal,02-05-2022,18,2022,5,1,15,59,81,20.389,78.133
Yavatmal,09-05-2022,19,2022,5,0,14,79,95,20.389,78.133
Yavatmal,16-05-2022,20,2022,5,0,8,80,94,20.389,78.133
Yavatmal,23-05-2022,21,2022,5,0,7,66,78,20.389,78.133
Yavatmal,30-05-2022,22,2022,5,1,13,64,78,20.389,78.133
Yavatmal,06-06-2022,23,2022,6,1,3,128,137,20.389,78.133
Yavatmal,13-06-2022,24,2022,6,0,11,135,151,20.389,78.133
Yavatmal,20-06-2022,25,2022,6,1,5,115,124,20.389,78.133
Yavatmal,27-06-2022,26,2022,6,2,15,127,150,20.389,78.133
Yavatmal,04-07-2022,27,2022,7,3,2,127,140,20.389,78.133
Yavatmal,11-07-2022,28,2022,7,0,11,122,141,20.389,78.133
Yavatmal,18-07-2022,29,2022,7,2,6,131,141,20.389,78.133
Yavatmal,25-07-2022,30,2022,7,0,11,118,135,20.389,78.133
Yavatmal,01-08-2022,31,2022,8,0,9,107,119,20.389,78.133
Yavatmal,08-08-2022,32,2022,8,1,7,142,153,20.389,78.133
Yavatmal,15-08-2022,33,2022,8,2,10,133,151,20.389,78.133
Yavatmal,22-08-2022,34,2022,8,2,4,130,140,20.389,78.133
Yavatmal,29-08-2022,35,2022,8,2,9,133,149,20.389,78.133
Yavatmal,05-09-2022,36,2022,9,1,10,139,155,20.389,78.133
Yavatmal,12-09-2022,37,2022,9,1,5,139,147,20.389,78.133
Yavatmal,19-09-2022,38,2022,9,4,13,124,145,20.389,78.133
Yavatmal,26-09-2022,39,2022,9,1,6,147,160,20.389,78.133
Yavatmal,03-10-2022,40,2022,10,1,5,53,61,20.389,78.133
Yavatmal,10-10-2022,41,2022,10,1,6,46,58,20.389,78.133
Yavatmal,17-10-2022,42,2022,10,0,5,50,59,20.389,78.133
Yavatmal,24-10-2022,43,2022,10,0,6,40,49,20.389,78.133
Yavatmal,31-10-2022,44,2022,10,1,5,50,59,20.389,78.133
Yavatmal,07-11-2022,45,2022,11,0,3,54,64,20.389,78.133
Yavatmal,14-11-2022,46,2022,11,0,7,50,60,20.389,78.133
Yavatmal,21-11-2022,47,2022,11,0,4,40,49,20.389,78.133
Yavatmal,28-11-2022,48,2022,11,1,4,41,49,20.389,78.133
Yavatmal,05-12-2022,49,2022,12,0,9,29,39,20.389,78.133
Yavatmal,12-12-2022,50,2022,12,0,5,37,44,20.389,78.133
Yavatmal,19-12-2022,51,2022,12,0,11,33,50,20.389,78.133
Yavatmal,26-12-2022,52,2022,12,0,6,42,52,20.389,78.133
Yavatmal,02-01-2023,1,2023,1,0,3,37,43,20.389,78.133
Yavatmal,09-01-2023,2,2023,1,0,6,38,46,20.389,78.133
Yavatmal,16-01-2023,3,2023,1,0,6,35,43,20.389,78.133
Yavatmal,23-01-2023,4,2023,1,0,3,27,30,20.389,78.133
Yavatmal,30-01-2023,5,2023,1,0,3,41,45,20.389,78.133
Yavatmal,06-02-2023,6,2023,2,0,12,32,47,20.389,78.133
Yavatmal,13-02-2023,7,2023,2,0,5,30,40,20.389,78.133
Yavatmal,20-02-2023,8,2023,2,0,10,38,53,20.389,78.133
Yavatmal,27-02-2023,9,2023,2,1,9,29,42,20.389,78.133
Yavatmal,06-03-2023,10,2023,3,0,8,44,57,20.389,78.133
Yavatmal,13-03-2023,11,2023,3,0,9,39,51,20.389,78.133
Yavatmal,20-03-2023,12,2023,3,1,7,35,47,20.389,78.133
Yavatmal,27-03-2023,13,2023,3,0,3,31,35,20.389,78.133
Yavatmal,03-04-2023,14,2023,4,0,11,60,72,20.389,78.133
Yavatmal,10-04-2023,15,2023,4,0,5,72,81,20.389,78.133
Yavatmal,17-04-2023,16,2023,4,0,8,82,92,20.389,78.133
Yavatmal,24-04-2023,17,2023,4,0,13,66,81,20.389,78.133
Yavatmal,01-05-2023,18,2023,5,0,15,62,84,20.389,78.133
Yavatmal,08-05-2023,19,2023,5,0,6,59,69,20.389,78.133
Yavatmal,15-05-2023,20,2023,5,1,12,67,81,20.389,78.133
Yavatmal,22-05-2023,21,2023,5,1,9,62,77,20.389,78.133
Yavatmal,29-05-2023,22,2023,5,1,12,65,78,20.389,78.133
Yavatmal,05-06-2023,23,2023,6,2,5,129,141,20.389,78.133
Yavatmal,12-06-2023,24,2023,6,2,9,124,149,20.389,78.133
Yavatmal,19-06-2023,25,2023,6,2,10,138,156,20.389,78.133
Yavatmal,26-06-2023,26,2023,6,1,13,113,135,20.389,78.133
Yavatmal,03-07-2023,27,2023,7,0,9,143,154,20.389,78.133
Yavatmal,10-07-2023,28,2023,7,1,14,124,143,20.389,78.133
Yavatmal,17-07-2023,29,2023,7,1,17,120,140,20.389,78.133
Yavatmal,24-07-2023,30,2023,7,1,12,105,123,20.389,78.133
Yavatmal,31-07-2023,31,2023,7,1,7,129,141,20.389,78.133
Yavatmal,07-08-2023,32,2023,8,1,11,103,116,20.389,78.133
Yavatmal,14-08-2023,33,2023,8,2,10,146,165,20.389,78.133
Yavatmal,21-08-2023,34,2023,8,0,6,121,133,20.389,78.133
Yavatmal,28-08-2023,35,2023,8,1,8,136,150,20.389,78.133
Yavatmal,04-09-2023,36,2023,9,1,7,118,132,20.389,78.133
Yavatmal,11-09-2023,37,2023,9,2,9,114,128,20.389,78.133
Yavatmal,18-09-2023,38,2023,9,0,10,119,137,20.389,78.133
Yavatmal,25-09-2023,39,2023,9,0,7,111,119,20.389,78.133
Yavatmal,02-10-2023,40,2023,10,0,6,63,71,20.389,78.133
Yavatmal,09-10-2023,41,2023,10,0,8,47,60,20.389,78.133
Yavatmal,16-10-2023,42,2023,10,0,11,58,72,20.389,78.133
Yavatmal,23-10-2023,43,2023,10,0,12,48,66,20.389,78.133
Yavatmal,30-10-2023,44,2023,10,1,8,58,68,20.389,78.133
Yavatmal,06-11-2023,45,2023,11,0,1,51,53,20.389,78.133
Yavatmal,13-11-2023,46,2023,11,0,6,36,45,20.389,78.133
Yavatmal,20-11-2023,47,2023,11,1,4,56,65,20.389,78.133
Yavatmal,27-11-2023,48,2023,11,0,3,54,63,20.389,78.133
Yavatmal,04-12-2023,49,2023,12,0,3,38,43,20.389,78.133
Yavatmal,11-12-2023,50,2023,12,0,5,34,48,20.389,78.133
Yavatmal,18-12-2023,51,2023,12,0,7,37,49,20.389,78.133
Yavatmal,25-12-2023,52,2023,12,0,3,34,42,20.389,78.133
Wardha,07-01-2019,2,2019,1,0,3,4,9,20.745,78.599
Wardha,14-01-2019,3,2019,1,0,3,15,20,20.745,78.599
Wardha,21-01-2019,4,2019,1,0,1,18,21,20.745,78.599
Wardha,28-01-2019,5,2019,1,0,2,9,11,20.745,78.599
Wardha,04-02-2019,6,2019,2,0,0,19,19,20.745,78.599
Wardha,11-02-2019,7,2019,2,0,1,11,14,20.745,78.599
Wardha,18-02-2019,8,2019,2,0,3,17,20,20.745,78.599
Wardha,25-02-2019,9,2019,2,1,3,8,13,20.745,78.599
Wardha,04-03-2019,10,2019,3,0,2,15,18,20.745,78.599
Wardha,11-03-2019,11,2019,3,0,1,12,13,20.745,78.599
Wardha,18-03-2019,12,2019,3,0,1,10,11,20.745,78.599
Wardha,25-03-2019,13,2019,3,0,1,16,19,20.745,78.599
Wardha,01-04-2019,14,2019,4,0,3,31,34,20.745,78.599
Wardha,08-04-2019,15,2019,4,0,7,26,37,20.745,78.599
Wardha,15-04-2019,16,2019,4,0,3,17,21,20.745,78.599
Wardha,22-04-2019,17,2019,4,0,3,24,30,20.745,78.599
Wardha,29-04-2019,18,2019,4,1,4,27,35,20.745,78.599
Wardha,06-05-2019,19,2019,5,0,3,26,33,20.745,78.599
Wardha,13-05-2019,20,2019,5,0,4,22,28,20.745,78.599
Wardha,20-05-2019,21,2019,5,0,2,32,38,20.745,78.599
Wardha,27-05-2019,22,2019,5,0,2,26,29,20.745,78.599
Wardha,03-06-2019,23,2019,6,0,2,53,55,20.745,78.599
Wardha,10-06-2019,24,2019,6,0,5,53,64,20.745,78.599
Wardha,17-06-2019,25,2019,6,0,4,62,67,20.745,78.599
Wardha,24-06-2019,26,2019,6,0,6,47,54,20.745,78.599
Wardha,01-07-2019,27,2019,7,0,3,47,52,20.745,78.599
Wardha,08-07-2019,28,2019,7,0,5,53,61,20.745,78.599
Wardha,15-07-2019,29,2019,7,0,4,48,52,20.745,78.599
Wardha,22-07-2019,30,2019,7,0,3,50,54,20.745,78.599
Wardha,29-07-2019,31,2019,7,0,1,57,60,20.745,78.599
Wardha,05-08-2019,32,2019,8,1,5,55,64,20.745,78.599
Wardha,12-08-2019,33,2019,8,0,3,56,63,20.745,78.599
Wardha,19-08-2019,34,2019,8,1,3,44,53,20.745,78.599
Wardha,26-08-2019,35,2019,8,1,3,43,50,20.745,78.599
Wardha,02-09-2019,36,2019,9,0,7,35,43,20.745,78.599
Wardha,09-09-2019,37,2019,9,0,2,44,48,20.745,78.599
Wardha,16-09-2019,38,2019,9,0,7,31,39,20.745,78.599
Wardha,23-09-2019,39,2019,9,1,3,48,53,20.745,78.599
Wardha,30-09-2019,40,2019,9,0,3,57,63,20.745,78.599
Wardha,07-10-2019,41,2019,10,0,3,27,31,20.745,78.599
Wardha,14-10-2019,42,2019,10,1,3,25,29,20.745,78.599
Wardha,21-10-2019,43,2019,10,0,2,26,28,20.745,78.599
Wardha,28-10-2019,44,2019,10,0,1,19,21,20.745,78.599
Wardha,04-11-2019,45,2019,11,0,1,27,30,20.745,78.599
Wardha,11-11-2019,46,2019,11,0,3,22,28,20.745,78.599
Wardha,18-11-2019,47,2019,11,0,1,26,31,20.745,78.599
Wardha,25-11-2019,48,2019,11,0,2,21,25,20.745,78.599
Wardha,02-12-2019,49,2019,12,0,2,13,17,20.745,78.599
Wardha,09-12-2019,50,2019,12,0,1,17,19,20.745,78.599
Wardha,16-12-2019,51,2019,12,0,3,11,15,20.745,78.599
Wardha,23-12-2019,52,2019,12,0,8,15,24,20.745,78.599
Wardha,30-12-2019,1,2019,12,0,1,10,12,20.745,78.599
Wardha,06-01-2020,2,2020,1,0,7,13,21,20.745,78.599
Wardha,13-01-2020,3,2020,1,0,4,21,28,20.745,78.599
Wardha,20-01-2020,4,2020,1,0,3,7,13,20.745,78.599
Wardha,27-01-2020,5,2020,1,0,1,11,13,20.745,78.599
Wardha,03-02-2020,6,2020,2,0,5,15,21,20.745,78.599
Wardha,10-02-2020,7,2020,2,0,3,9,12,20.745,78.599
Wardha,17-02-2020,8,2020,2,1,2,14,17,20.745,78.599
Wardha,24-02-2020,9,2020,2,0,3,16,21,20.745,78.599
Wardha,02-03-2020,10,2020,3,0,2,14,17,20.745,78.599
Wardha,09-03-2020,11,2020,3,0,2,16,20,20.745,78.599
Wardha,16-03-2020,12,2020,3,0,2,8,10,20.745,78.599
Wardha,23-03-2020,13,2020,3,0,3,13,19,20.745,78.599
Wardha,30-03-2020,14,2020,3,0,1,11,14,20.745,78.599
Wardha,06-04-2020,15,2020,4,0,3,16,20,20.745,78.599
Wardha,13-04-2020,16,2020,4,0,3,33,39,20.745,78.599
Wardha,20-04-2020,17,2020,4,0,2,16,21,20.745,78.599
Wardha,27-04-2020,18,2020,4,0,7,32,40,20.745,78.599
Wardha,04-05-2020,19,2020,5,0,6,24,30,20.745,78.599
Wardha,11-05-2020,20,2020,5,0,3,32,39,20.745,78.599
Wardha,18-05-2020,21,2020,5,0,4,21,25,20.745,78.599
Wardha,25-05-2020,22,2020,5,1,4,28,34,20.745,78.599
Wardha,01-06-2020,23,2020,6,0,3,54,58,20.745,78.599
Wardha,08-06-2020,24,2020,6,1,4,56,62,20.745,78.599
Wardha,15-06-2020,25,2020,6,1,7,48,58,20.745,78.599
Wardha,22-06-2020,26,2020,6,1,4,50,55,20.745,78.599
Wardha,29-06-2020,27,2020,6,1,10,56,68,20.745,78.599
Wardha,06-07-2020,28,2020,7,0,3,53,60,20.745,78.599
Wardha,13-07-2020,29,2020,7,1,8,56,65,20.745,78.599
Wardha,20-07-2020,30,2020,7,0,2,54,56,20.745,78.599
Wardha,27-07-2020,31,2020,7,1,3,48,52,20.745,78.599
Wardha,03-08-2020,32,2020,8,0,2,51,53,20.745,78.599
Wardha,10-08-2020,33,2020,8,1,7,56,68,20.745,78.599
Wardha,17-08-2020,34,2020,8,1,4,45,51,20.745,78.599
Wardha,24-08-2020,35,2020,8,0,2,34,38,20.745,78.599
Wardha,31-08-2020,36,2020,8,0,4,50,54,20.745,78.599
Wardha,07-09-2020,37,2020,9,0,3,38,43,20.745,78.599
Wardha,14-09-2020,38,2020,9,1,4,58,66,20.745,78.599
Wardha,21-09-2020,39,2020,9,0,4,43,53,20.745,78.599
Wardha,28-09-2020,40,2020,9,0,2,53,57,20.745,78.599
Wardha,05-10-2020,41,2020,10,0,2,16,18,20.745,78.599
Wardha,12-10-2020,42,2020,10,0,1,14,15,20.745,78.599
Wardha,19-10-2020,43,2020,10,0,1,14,15,20.745,78.599
Wardha,26-10-2020,44,2020,10,0,4,24,29,20.745,78.599
Wardha,02-11-2020,45,2020,11,0,1,28,31,20.745,78.599
Wardha,09-11-2020,46,2020,11,1,4,12,19,20.745,78.599
Wardha,16-11-2020,47,2020,11,0,4,20,24,20.745,78.599
Wardha,23-11-2020,48,2020,11,0,2,18,20,20.745,78.599
Wardha,30-11-2020,49,2020,11,0,2,29,33,20.745,78.599
Wardha,07-12-2020,50,2020,12,0,3,14,18,20.745,78.599
Wardha,14-12-2020,51,2020,12,0,0,8,10,20.745,78.599
Wardha,21-12-2020,52,2020,12,0,3,17,23,20.745,78.599
Wardha,28-12-2020,53,2020,12,0,3,11,15,20.745,78.599
Wardha,04-01-2021,1,2021,1,0,3,16,19,20.745,78.599
Wardha,11-01-2021,2,2021,1,0,6,14,23,20.745,78.599
Wardha,18-01-2021,3,2021,1,0,2,15,19,20.745,78.599
Wardha,25-01-2021,4,2021,1,0,0,13,14,20.745,78.599
Wardha,01-02-2021,5,2021,2,0,6,9,16,20.745,78.599
Wardha,08-02-2021,6,2021,2,0,3,13,17,20.745,78.599
Wardha,15-02-2021,7,2021,2,0,1,22,27,20.745,78.599
Wardha,22-02-2021,8,2021,2,0,3,19,24,20.745,78.599
Wardha,01-03-2021,9,2021,3,0,1,21,24,20.745,78.599
Wardha,08-03-2021,10,2021,3,0,0,11,11,20.745,78.599
Wardha,15-03-2021,11,2021,3,0,1,15,17,20.745,78.599
Wardha,22-03-2021,12,2021,3,0,5,17,24,20.745,78.599
Wardha,29-03-2021,13,2021,3,0,0,12,13,20.745,78.599
Wardha,05-04-2021,14,2021,4,0,3,27,34,20.745,78.599
Wardha,12-04-2021,15,2021,4,1,3,18,25,20.745,78.599
Wardha,19-04-2021,16,2021,4,0,3,28,34,20.745,78.599
Wardha,26-04-2021,17,2021,4,0,6,20,26,20.745,78.599
Wardha,03-05-2021,18,2021,5,2,2,27,33,20.745,78.599
Wardha,10-05-2021,19,2021,5,0,2,20,24,20.745,78.599
Wardha,17-05-2021,20,2021,5,1,2,15,18,20.745,78.599
Wardha,24-05-2021,21,2021,5,0,3,19,24,20.745,78.599
Wardha,31-05-2021,22,2021,5,0,6,26,34,20.745,78.599
Wardha,07-06-2021,23,2021,6,0,1,39,41,20.745,78.599
Wardha,14-06-2021,24,2021,6,1,0,46,49,20.745,78.599
Wardha,21-06-2021,25,2021,6,0,4,54,58,20.745,78.599
Wardha,28-06-2021,26,2021,6,0,3,57,60,20.745,78.599
Wardha,05-07-2021,27,2021,7,0,3,43,48,20.745,78.599
Wardha,12-07-2021,28,2021,7,0,1,54,55,20.745,78.599
Wardha,19-07-2021,29,2021,7,0,3,53,57,20.745,78.599
Wardha,26-07-2021,30,2021,7,2,3,65,74,20.745,78.599
Wardha,02-08-2021,31,2021,8,0,2,48,52,20.745,78.599
Wardha,09-08-2021,32,2021,8,0,6,49,57,20.745,78.599
Wardha,16-08-2021,33,2021,8,0,3,50,54,20.745,78.599
Wardha,23-08-2021,34,2021,8,0,2,50,56,20.745,78.599
Wardha,30-08-2021,35,2021,8,0,3,47,53,20.745,78.599
Wardha,06-09-2021,36,2021,9,0,3,46,50,20.745,78.599
Wardha,13-09-2021,37,2021,9,1,3,50,56,20.745,78.599
Wardha,20-09-2021,38,2021,9,0,3,63,69,20.745,78.599
Wardha,27-09-2021,39,2021,9,0,3,60,64,20.745,78.599
Wardha,04-10-2021,40,2021,10,0,1,22,28,20.745,78.599
Wardha,11-10-2021,41,2021,10,0,4,19,25,20.745,78.599
Wardha,18-10-2021,42,2021,10,1,3,13,17,20.745,78.599
Wardha,25-10-2021,43,2021,10,0,1,15,17,20.745,78.599
Wardha,01-11-2021,44,2021,11,1,1,17,19,20.745,78.599
Wardha,08-11-2021,45,2021,11,0,1,23,26,20.745,78.599
Wardha,15-11-2021,46,2021,11,0,2,20,22,20.745,78.599
Wardha,22-11-2021,47,2021,11,0,2,17,21,20.745,78.599
Wardha,29-11-2021,48,2021,11,0,3,16,22,20.745,78.599
Wardha,06-12-2021,49,2021,12,0,0,15,15,20.745,78.599
Wardha,13-12-2021,50,2021,12,0,3,18,21,20.745,78.599
Wardha,20-12-2021,51,2021,12,0,2,15,19,20.745,78.599
Wardha,27-12-2021,52,2021,12,0,2,14,18,20.745,78.599
Wardha,03-01-2022,1,2022,1,0,1,15,17,20.745,78.599
Wardha,10-01-2022,2,2022,1,0,3,24,29,20.745,78.599
Wardha,17-01-2022,3,2022,1,0,1,15,17,20.745,78.599
Wardha,24-01-2022,4,2022,1,0,4,16,21,20.745,78.599
Wardha,31-01-2022,5,2022,1,0,2,9,12,20.745,78.599
Wardha,07-02-2022,6,2022,2,0,2,20,25,20.745,78.599
Wardha,14-02-2022,7,2022,2,0,0,12,13,20.745,78.599
Wardha,21-02-2022,8,2022,2,0,0,12,12,20.745,78.599
Wardha,28-02-2022,9,2022,2,1,3,17,22,20.745,78.599
Wardha,07-03-2022,10,2022,3,0,5,13,18,20.745,78.599
Wardha,14-03-2022,11,2022,3,0,4,18,25,20.745,78.599
Wardha,21-03-2022,12,2022,3,1,1,17,20,20.745,78.599
Wardha,28-03-2022,13,2022,3,0,2,9,15,20.745,78.599
Wardha,04-04-2022,14,2022,4,0,5,23,28,20.745,78.599
Wardha,11-04-2022,15,2022,4,0,6,22,28,20.745,78.599
Wardha,18-04-2022,16,2022,4,1,4,24,32,20.745,78.599
Wardha,25-04-2022,17,2022,4,0,6,18,27,20.745,78.599
Wardha,02-05-2022,18,2022,5,1,2,24,28,20.745,78.599
Wardha,09-05-2022,19,2022,5,0,1,21,23,20.745,78.599
Wardha,16-05-2022,20,2022,5,0,5,25,30,20.745,78.599
Wardha,23-05-2022,21,2022,5,0,6,33,39,20.745,78.599
Wardha,30-05-2022,22,2022,5,0,2,21,25,20.745,78.599
Wardha,06-06-2022,23,2022,6,0,0,55,58,20.745,78.599
Wardha,13-06-2022,24,2022,6,0,4,43,48,20.745,78.599
Wardha,20-06-2022,25,2022,6,0,4,50,56,20.745,78.599
Wardha,27-06-2022,26,2022,6,0,5,47,53,20.745,78.599
Wardha,04-07-2022,27,2022,7,0,7,55,64,20.745,78.599
Wardha,11-07-2022,28,2022,7,1,3,45,50,20.745,78.599
Wardha,18-07-2022,29,2022,7,1,3,48,53,20.745,78.599
Wardha,25-07-2022,30,2022,7,0,2,62,66,20.745,78.599
Wardha,01-08-2022,31,2022,8,0,3,43,46,20.745,78.599
Wardha,08-08-2022,32,2022,8,0,3,50,54,20.745,78.599
Wardha,15-08-2022,33,2022,8,0,4,56,61,20.745,78.599
Wardha,22-08-2022,34,2022,8,2,9,51,64,20.745,78.599
Wardha,29-08-2022,35,2022,8,1,6,58,67,20.745,78.599
Wardha,05-09-2022,36,2022,9,1,3,48,53,20.745,78.599
Wardha,12-09-2022,37,2022,9,0,0,51,54,20.745,78.599
Wardha,19-09-2022,38,2022,9,0,2,52,56,20.745,78.599
Wardha,26-09-2022,39,2022,9,0,2,44,49,20.745,78.599
Wardha,03-10-2022,40,2022,10,0,4,18,22,20.745,78.599
Wardha,10-10-2022,41,2022,10,1,1,20,24,20.745,78.599
Wardha,17-10-2022,42,2022,10,0,0,20,22,20.745,78.599
Wardha,24-10-2022,43,2022,10,0,1,16,18,20.745,78.599
Wardha,31-10-2022,44,2022,10,0,5,16,25,20.745,78.599
Wardha,07-11-2022,45,2022,11,0,3,16,20,20.745,78.599
Wardha,14-11-2022,46,2022,11,0,3,14,19,20.745,78.599
Wardha,21-11-2022,47,2022,11,0,2,19,21,20.745,78.599
Wardha,28-11-2022,48,2022,11,0,4,19,24,20.745,78.599
Wardha,05-12-2022,49,2022,12,0,2,9,12,20.745,78.599
Wardha,12-12-2022,50,2022,12,0,2,20,24,20.745,78.599
Wardha,19-12-2022,51,2022,12,0,2,18,22,20.745,78.599
Wardha,26-12-2022,52,2022,12,0,6,12,19,20.745,78.599
Wardha,02-01-2023,1,2023,1,0,2,12,18,20.745,78.599
Wardha,09-01-2023,2,2023,1,0,4,16,21,20.745,78.599
Wardha,16-01-2023,3,2023,1,0,2,14,18,20.745,78.599
Wardha,23-01-2023,4,2023,1,0,2,12,14,20.745,78.599
Wardha,30-01-2023,5,2023,1,0,4,12,16,20.745,78.599
Wardha,06-02-2023,6,2023,2,0,4,12,18,20.745,78.599
Wardha,13-02-2023,7,2023,2,0,6,10,17,20.745,78.599
Wardha,20-02-2023,8,2023,2,0,1,18,21,20.745,78.599
Wardha,27-02-2023,9,2023,2,0,4,13,18,20.745,78.599
Wardha,06-03-2023,10,2023,3,1,5,17,24,20.745,78.599
Wardha,13-03-2023,11,2023,3,0,1,14,16,20.745,78.599
Wardha,20-03-2023,12,2023,3,0,1,13,14,20.745,78.599
Wardha,27-03-2023,13,2023,3,1,0,12,13,20.745,78.599
Wardha,03-04-2023,14,2023,4,1,4,24,31,20.745,78.599
Wardha,10-04-2023,15,2023,4,0,3,27,32,20.745,78.599
Wardha,17-04-2023,16,2023,4,0,6,24,32,20.745,78.599
Wardha,24-04-2023,17,2023,4,0,4,29,34,20.745,78.599
Wardha,01-05-2023,18,2023,5,0,5,26,34,20.745,78.599
Wardha,08-05-2023,19,2023,5,0,4,26,32,20.745,78.599
Wardha,15-05-2023,20,2023,5,0,5,28,35,20.745,78.599
Wardha,22-05-2023,21,2023,5,2,3,33,40,20.745,78.599
Wardha,29-05-2023,22,2023,5,0,5,25,30,20.745,78.599
Wardha,05-06-2023,23,2023,6,0,7,49,59,20.745,78.599
Wardha,12-06-2023,24,2023,6,0,2,40,45,20.745,78.599
Wardha,19-06-2023,25,2023,6,0,0,41,43,20.745,78.599
Wardha,26-06-2023,26,2023,6,0,7,44,51,20.745,78.599
Wardha,03-07-2023,27,2023,7,1,2,44,48,20.745,78.599
Wardha,10-07-2023,28,2023,7,0,3,47,52,20.745,78.599
Wardha,17-07-2023,29,2023,7,0,0,54,55,20.745,78.599
Wardha,24-07-2023,30,2023,7,0,1,49,51,20.745,78.599
Wardha,31-07-2023,31,2023,7,1,4,53,59,20.745,78.599
Wardha,07-08-2023,32,2023,8,2,3,47,52,20.745,78.599
Wardha,14-08-2023,33,2023,8,0,4,48,55,20.745,78.599
Wardha,21-08-2023,34,2023,8,0,3,48,52,20.745,78.599
Wardha,28-08-2023,35,2023,8,0,2,30,35,20.745,78.599
Wardha,04-09-2023,36,2023,9,0,2,49,52,20.745,78.599
Wardha,11-09-2023,37,2023,9,0,2,52,57,20.745,78.599
Wardha,18-09-2023,38,2023,9,0,2,39,45,20.745,78.599
Wardha,25-09-2023,39,2023,9,0,7,50,60,20.745,78.599
Wardha,02-10-2023,40,2023,10,0,2,22,24,20.745,78.599
Wardha,09-10-2023,41,2023,10,0,2,25,30,20.745,78.599
Wardha,16-10-2023,42,2023,10,0,3,10,15,20.745,78.599
Wardha,23-10-2023,43,2023,10,0,1,15,20,20.745,78.599
Wardha,30-10-2023,44,2023,10,0,1,25,29,20.745,78.599
Wardha,06-11-2023,45,2023,11,0,2,8,10,20.745,78.599
Wardha,13-11-2023,46,2023,11,0,1,21,24,20.745,78.599
Wardha,20-11-2023,47,2023,11,0,3,23,27,20.745,78.599
Wardha,27-11-2023,48,2023,11,0,2,14,17,20.745,78.599
Wardha,04-12-2023,49,2023,12,0,2,11,13,20.745,78.599
Wardha,11-12-2023,50,2023,12,0,0,22,24,20.745,78.599
Wardha,18-12-2023,51,2023,12,0,1,9,13,20.745,78.599
Wardha,25-12-2023,52,2023,12,0,3,20,24,20.745,78.599
Nagpur,07-01-2019,2,2019,1,0,5,45,51,21.149,79.088
Nagpur,14-01-2019,3,2019,1,0,5,50,62,21.149,79.088
Nagpur,21-01-2019,4,2019,1,0,3,41,51,21.149,79.088
Nagpur,28-01-2019,5,2019,1,0,5,36,46,21.149,79.088
Nagpur,04-02-2019,6,2019,2,0,12,50,64,21.149,79.088
Nagpur,11-02-2019,7,2019,2,0,4,36,44,21.149,79.088
Nagpur,18-02-2019,8,2019,2,0,9,37,49,21.149,79.088
Nagpur,25-02-2019,9,2019,2,1,6,32,43,21.149,79.088
Nagpur,04-03-2019,10,2019,3,0,8,47,60,21.149,79.088
Nagpur,11-03-2019,11,2019,3,1,8,54,70,21.149,79.088
Nagpur,18-03-2019,12,2019,3,0,7,48,58,21.149,79.088
Nagpur,25-03-2019,13,2019,3,0,3,41,49,21.149,79.088
Nagpur,01-04-2019,14,2019,4,2,9,70,84,21.149,79.088
Nagpur,08-04-2019,15,2019,4,0,10,88,102,21.149,79.088
Nagpur,15-04-2019,16,2019,4,0,11,79,93,21.149,79.088
Nagpur,22-04-2019,17,2019,4,1,15,79,98,21.149,79.088
Nagpur,29-04-2019,18,2019,4,0,10,87,101,21.149,79.088
Nagpur,06-05-2019,19,2019,5,0,9,80,90,21.149,79.088
Nagpur,13-05-2019,20,2019,5,1,12,83,101,21.149,79.088
Nagpur,20-05-2019,21,2019,5,0,10,87,101,21.149,79.088
Nagpur,27-05-2019,22,2019,5,1,13,76,91,21.149,79.088
Nagpur,03-06-2019,23,2019,6,0,15,150,168,21.149,79.088
Nagpur,10-06-2019,24,2019,6,0,9,147,163,21.149,79.088
Nagpur,17-06-2019,25,2019,6,0,10,138,153,21.149,79.088
Nagpur,24-06-2019,26,2019,6,2,17,129,154,21.149,79.088
Nagpur,01-07-2019,27,2019,7,1,8,144,158,21.149,79.088
Nagpur,08-07-2019,28,2019,7,0,9,139,152,21.149,79.088
Nagpur,15-07-2019,29,2019,7,0,7,126,137,21.149,79.088
Nagpur,22-07-2019,30,2019,7,4,9,149,165,21.149,79.088
Nagpur,29-07-2019,31,2019,7,2,16,148,178,21.149,79.088
Nagpur,05-08-2019,32,2019,8,1,9,130,148,21.149,79.088
Nagpur,12-08-2019,33,2019,8,1,7,156,167,21.149,79.088
Nagpur,19-08-2019,34,2019,8,3,11,153,174,21.149,79.088
Nagpur,26-08-2019,35,2019,8,0,9,159,170,21.149,79.088
Nagpur,02-09-2019,36,2019,9,0,10,146,157,21.149,79.088
Nagpur,09-09-2019,37,2019,9,1,10,126,150,21.149,79.088
Nagpur,16-09-2019,38,2019,9,1,14,144,165,21.149,79.088
Nagpur,23-09-2019,39,2019,9,1,9,147,161,21.149,79.088
Nagpur,30-09-2019,40,2019,9,1,9,154,171,21.149,79.088
Nagpur,07-10-2019,41,2019,10,1,6,68,75,21.149,79.088
Nagpur,14-10-2019,42,2019,10,0,4,59,64,21.149,79.088
Nagpur,21-10-2019,43,2019,10,1,10,60,78,21.149,79.088
Nagpur,28-10-2019,44,2019,10,1,8,63,80,21.149,79.088
Nagpur,04-11-2019,45,2019,11,0,9,67,80,21.149,79.088
Nagpur,11-11-2019,46,2019,11,0,8,59,71,21.149,79.088
Nagpur,18-11-2019,47,2019,11,0,3,59,67,21.149,79.088
Nagpur,25-11-2019,48,2019,11,2,5,68,81,21.149,79.088
Nagpur,02-12-2019,49,2019,12,0,5,46,55,21.149,79.088
Nagpur,09-12-2019,50,2019,12,1,6,36,46,21.149,79.088
Nagpur,16-12-2019,51,2019,12,0,3,43,53,21.149,79.088
Nagpur,23-12-2019,52,2019,12,0,8,41,55,21.149,79.088
Nagpur,30-12-2019,1,2019,12,1,7,52,62,21.149,79.088
Nagpur,06-01-2020,2,2020,1,0,6,44,51,21.149,79.088
Nagpur,13-01-2020,3,2020,1,0,9,47,59,21.149,79.088
Nagpur,20-01-2020,4,2020,1,0,5,42,52,21.149,79.088
Nagpur,27-01-2020,5,2020,1,2,0,45,48,21.149,79.088
Nagpur,03-02-2020,6,2020,2,0,6,46,57,21.149,79.088
Nagpur,10-02-2020,7,2020,2,0,5,39,46,21.149,79.088
Nagpur,17-02-2020,8,2020,2,0,11,45,60,21.149,79.088
Nagpur,24-02-2020,9,2020,2,1,6,34,45,21.149,79.088
Nagpur,02-03-2020,10,2020,3,3,7,41,51,21.149,79.088
Nagpur,09-03-2020,11,2020,3,0,6,42,54,21.149,79.088
Nagpur,16-03-2020,12,2020,3,1,5,38,48,21.149,79.088
Nagpur,23-03-2020,13,2020,3,0,4,42,50,21.149,79.088
Nagpur,30-03-2020,14,2020,3,0,8,50,67,21.149,79.088
Nagpur,06-04-2020,15,2020,4,0,9,69,83,21.149,79.088
Nagpur,13-04-2020,16,2020,4,0,18,85,106,21.149,79.088
Nagpur,20-04-2020,17,2020,4,1,13,67,85,21.149,79.088
Nagpur,27-04-2020,18,2020,4,0,19,74,95,21.149,79.088
Nagpur,04-05-2020,19,2020,5,0,13,93,112,21.149,79.088
Nagpur,11-05-2020,20,2020,5,1,12,71,89,21.149,79.088
Nagpur,18-05-2020,21,2020,5,0,19,71,95,21.149,79.088
Nagpur,25-05-2020,22,2020,5,0,11,78,92,21.149,79.088
Nagpur,01-06-2020,23,2020,6,1,11,142,161,21.149,79.088
Nagpur,08-06-2020,24,2020,6,1,6,154,165,21.149,79.088
Nagpur,15-06-2020,25,2020,6,0,6,161,176,21.149,79.088
Nagpur,22-06-2020,26,2020,6,0,11,143,155,21.149,79.088
Nagpur,29-06-2020,27,2020,6,0,16,131,154,21.149,79.088
Nagpur,06-07-2020,28,2020,7,1,13,143,160,21.149,79.088
Nagpur,13-07-2020,29,2020,7,1,10,142,158,21.149,79.088
Nagpur,20-07-2020,30,2020,7,1,8,143,156,21.149,79.088
Nagpur,27-07-2020,31,2020,7,4,10,146,167,21.149,79.088
Nagpur,03-08-2020,32,2020,8,2,10,133,153,21.149,79.088
Nagpur,10-08-2020,33,2020,8,0,12,157,173,21.149,79.088
Nagpur,17-08-2020,34,2020,8,0,8,139,154,21.149,79.088
Nagpur,24-08-2020,35,2020,8,2,11,159,175,21.149,79.088
Nagpur,31-08-2020,36,2020,8,0,6,148,156,21.149,79.088
Nagpur,07-09-2020,37,2020,9,1,9,142,156,21.149,79.088
Nagpur,14-09-2020,38,2020,9,0,12,149,162,21.149,79.088
Nagpur,21-09-2020,39,2020,9,2,6,173,189,21.149,79.088
Nagpur,28-09-2020,40,2020,9,0,4,106,116,21.149,79.088
Nagpur,05-10-2020,41,2020,10,0,4,66,75,21.149,79.088
Nagpur,12-10-2020,42,2020,10,0,9,60,73,21.149,79.088
Nagpur,19-10-2020,43,2020,10,0,4,60,68,21.149,79.088
Nagpur,26-10-2020,44,2020,10,0,8,70,80,21.149,79.088
Nagpur,02-11-2020,45,2020,11,0,5,46,56,21.149,79.088
Nagpur,09-11-2020,46,2020,11,1,2,42,51,21.149,79.088
Nagpur,16-11-2020,47,2020,11,0,6,52,62,21.149,79.088
Nagpur,23-11-2020,48,2020,11,1,9,52,63,21.149,79.088
Nagpur,30-11-2020,49,2020,11,1,3,48,52,21.149,79.088
Nagpur,07-12-2020,50,2020,12,0,3,47,56,21.149,79.088
Nagpur,14-12-2020,51,2020,12,0,6,45,55,21.149,79.088
Nagpur,21-12-2020,52,2020,12,0,5,46,56,21.149,79.088
Nagpur,28-12-2020,53,2020,12,0,4,40,45,21.149,79.088
Nagpur,04-01-2021,1,2021,1,0,9,50,65,21.149,79.088
Nagpur,11-01-2021,2,2021,1,1,8,38,54,21.149,79.088
Nagpur,18-01-2021,3,2021,1,0,8,44,55,21.149,79.088
Nagpur,25-01-2021,4,2021,1,0,9,44,55,21.149,79.088
Nagpur,01-02-2021,5,2021,2,0,2,35,42,21.149,79.088
Nagpur,08-02-2021,6,2021,2,1,3,52,58,21.149,79.088
Nagpur,15-02-2021,7,2021,2,0,7,44,52,21.149,79.088
Nagpur,22-02-2021,8,2021,2,0,10,47,60,21.149,79.088
Nagpur,01-03-2021,9,2021,3,1,5,42,49,21.149,79.088
Nagpur,08-03-2021,10,2021,3,0,7,38,50,21.149,79.088
Nagpur,15-03-2021,11,2021,3,1,11,35,52,21.149,79.088
Nagpur,22-03-2021,12,2021,3,0,9,47,59,21.149,79.088
Nagpur,29-03-2021,13,2021,3,0,7,43,54,21.149,79.088
Nagpur,05-04-2021,14,2021,4,0,8,65,74,21.149,79.088
Nagpur,12-04-2021,15,2021,4,1,12,65,84,21.149,79.088
Nagpur,19-04-2021,16,2021,4,2,14,84,103,21.149,79.088
Nagpur,26-04-2021,17,2021,4,0,13,74,88,21.149,79.088
Nagpur,03-05-2021,18,2021,5,0,8,75,86,21.149,79.088
Nagpur,10-05-2021,19,2021,5,0,9,101,114,21.149,79.088
Nagpur,17-05-2021,20,2021,5,0,10,59,76,21.149,79.088
Nagpur,24-05-2021,21,2021,5,0,13,71,89,21.149,79.088
Nagpur,31-05-2021,22,2021,5,0,10,72,86,21.149,79.088
Nagpur,07-06-2021,23,2021,6,0,12,148,164,21.149,79.088
Nagpur,14-06-2021,24,2021,6,0,7,137,153,21.149,79.088
Nagpur,21-06-2021,25,2021,6,0,11,134,154,21.149,79.088
Nagpur,28-06-2021,26,2021,6,0,9,137,154,21.149,79.088
Nagpur,05-07-2021,27,2021,7,1,7,131,147,21.149,79.088
Nagpur,12-07-2021,28,2021,7,1,7,127,139,21.149,79.088
Nagpur,19-07-2021,29,2021,7,0,10,141,154,21.149,79.088
Nagpur,26-07-2021,30,2021,7,0,10,142,155,21.149,79.088
Nagpur,02-08-2021,31,2021,8,1,8,141,153,21.149,79.088
Nagpur,09-08-2021,32,2021,8,0,12,159,176,21.149,79.088
Nagpur,16-08-2021,33,2021,8,0,7,140,156,21.149,79.088
Nagpur,23-08-2021,34,2021,8,0,12,149,165,21.149,79.088
Nagpur,30-08-2021,35,2021,8,0,11,162,182,21.149,79.088
Nagpur,06-09-2021,36,2021,9,3,10,131,148,21.149,79.088
Nagpur,13-09-2021,37,2021,9,0,11,148,165,21.149,79.088
Nagpur,20-09-2021,38,2021,9,0,10,131,147,21.149,79.088
Nagpur,27-09-2021,39,2021,9,0,11,137,155,21.149,79.088
Nagpur,04-10-2021,40,2021,10,1,8,49,65,21.149,79.088
Nagpur,11-10-2021,41,2021,10,0,5,49,59,21.149,79.088
Nagpur,18-10-2021,42,2021,10,0,4,64,72,21.149,79.088
Nagpur,25-10-2021,43,2021,10,1,7,55,68,21.149,79.088
Nagpur,01-11-2021,44,2021,11,0,6,63,71,21.149,79.088
Nagpur,08-11-2021,45,2021,11,0,9,61,77,21.149,79.088
Nagpur,15-11-2021,46,2021,11,0,4,58,64,21.149,79.088
Nagpur,22-11-2021,47,2021,11,1,2,57,63,21.149,79.088
Nagpur,29-11-2021,48,2021,11,1,6,42,52,21.149,79.088
Nagpur,06-12-2021,49,2021,12,0,3,33,43,21.149,79.088
Nagpur,13-12-2021,50,2021,12,1,2,32,38,21.149,79.088
Nagpur,20-12-2021,51,2021,12,0,4,46,52,21.149,79.088
Nagpur,27-12-2021,52,2021,12,0,6,37,46,21.149,79.088
Nagpur,03-01-2022,1,2022,1,0,13,33,51,21.149,79.088
Nagpur,10-01-2022,2,2022,1,0,12,38,54,21.149,79.088
Nagpur,17-01-2022,3,2022,1,0,7,36,48,21.149,79.088
Nagpur,24-01-2022,4,2022,1,0,8,44,56,21.149,79.088
Nagpur,31-01-2022,5,2022,1,1,5,43,54,21.149,79.088
Nagpur,07-02-2022,6,2022,2,0,5,44,54,21.149,79.088
Nagpur,14-02-2022,7,2022,2,0,6,37,45,21.149,79.088
Nagpur,21-02-2022,8,2022,2,0,6,42,52,21.149,79.088
Nagpur,28-02-2022,9,2022,2,0,4,45,50,21.149,79.088
Nagpur,07-03-2022,10,2022,3,1,9,43,57,21.149,79.088
Nagpur,14-03-2022,11,2022,3,0,10,37,51,21.149,79.088
Nagpur,21-03-2022,12,2022,3,0,4,52,58,21.149,79.088
Nagpur,28-03-2022,13,2022,3,0,8,48,63,21.149,79.088
Nagpur,04-04-2022,14,2022,4,1,11,80,98,21.149,79.088
Nagpur,11-04-2022,15,2022,4,1,8,76,90,21.149,79.088
Nagpur,18-04-2022,16,2022,4,0,12,63,78,21.149,79.088
Nagpur,25-04-2022,17,2022,4,0,11,79,93,21.149,79.088
Nagpur,02-05-2022,18,2022,5,0,19,76,101,21.149,79.088
Nagpur,09-05-2022,19,2022,5,0,8,70,81,21.149,79.088
Nagpur,16-05-2022,20,2022,5,0,11,79,95,21.149,79.088
Nagpur,23-05-2022,21,2022,5,0,13,61,78,21.149,79.088
Nagpur,30-05-2022,22,2022,5,0,11,69,86,21.149,79.088
Nagpur,06-06-2022,23,2022,6,1,9,142,160,21.149,79.088
Nagpur,13-06-2022,24,2022,6,1,16,151,173,21.149,79.088
Nagpur,20-06-2022,25,2022,6,1,8,129,147,21.149,79.088
Nagpur,27-06-2022,26,2022,6,1,12,153,171,21.149,79.088
Nagpur,04-07-2022,27,2022,7,0,14,133,156,21.149,79.088
Nagpur,11-07-2022,28,2022,7,0,8,128,137,21.149,79.088
Nagpur,18-07-2022,29,2022,7,0,9,154,168,21.149,79.088
Nagpur,25-07-2022,30,2022,7,3,6,139,155,21.149,79.088
Nagpur,01-08-2022,31,2022,8,2,13,155,172,21.149,79.088
Nagpur,08-08-2022,32,2022,8,3,11,154,170,21.149,79.088
Nagpur,15-08-2022,33,2022,8,0,18,155,195,21.149,79.088
Nagpur,22-08-2022,34,2022,8,2,10,133,149,21.149,79.088
Nagpur,29-08-2022,35,2022,8,1,11,159,174,21.149,79.088
Nagpur,05-09-2022,36,2022,9,1,4,166,176,21.149,79.088
Nagpur,12-09-2022,37,2022,9,1,11,141,158,21.149,79.088
Nagpur,19-09-2022,38,2022,9,0,12,142,157,21.149,79.088
Nagpur,26-09-2022,39,2022,9,1,13,129,149,21.149,79.088
Nagpur,03-10-2022,40,2022,10,0,7,72,80,21.149,79.088
Nagpur,10-10-2022,41,2022,10,0,10,48,66,21.149,79.088
Nagpur,17-10-2022,42,2022,10,0,10,64,82,21.149,79.088
Nagpur,24-10-2022,43,2022,10,0,8,62,75,21.149,79.088
Nagpur,31-10-2022,44,2022,10,0,8,57,70,21.149,79.088
Nagpur,07-11-2022,45,2022,11,0,4,56,64,21.149,79.088
Nagpur,14-11-2022,46,2022,11,1,4,82,91,21.149,79.088
Nagpur,21-11-2022,47,2022,11,0,9,57,68,21.149,79.088
Nagpur,28-11-2022,48,2022,11,0,7,61,74,21.149,79.088
Nagpur,05-12-2022,49,2022,12,0,2,36,42,21.149,79.088
Nagpur,12-12-2022,50,2022,12,0,9,45,57,21.149,79.088
Nagpur,19-12-2022,51,2022,12,0,8,49,64,21.149,79.088
Nagpur,26-12-2022,52,2022,12,0,9,41,52,21.149,79.088
Nagpur,02-01-2023,1,2023,1,0,3,33,38,21.149,79.088
Nagpur,09-01-2023,2,2023,1,1,6,35,46,21.149,79.088
Nagpur,16-01-2023,3,2023,1,1,7,36,47,21.149,79.088
Nagpur,23-01-2023,4,2023,1,0,7,47,56,21.149,79.088
Nagpur,30-01-2023,5,2023,1,1,12,40,63,21.149,79.088
Nagpur,06-02-2023,6,2023,2,0,5,43,52,21.149,79.088
Nagpur,13-02-2023,7,2023,2,0,5,54,63,21.149,79.088
Nagpur,20-02-2023,8,2023,2,1,6,45,55,21.149,79.088
Nagpur,27-02-2023,9,2023,2,0,6,38,46,21.149,79.088
Nagpur,06-03-2023,10,2023,3,0,12,45,59,21.149,79.088
Nagpur,13-03-2023,11,2023,3,0,8,38,50,21.149,79.088
Nagpur,20-03-2023,12,2023,3,2,8,47,64,21.149,79.088
Nagpur,27-03-2023,13,2023,3,0,6,41,49,21.149,79.088
Nagpur,03-04-2023,14,2023,4,0,9,97,110,21.149,79.088
Nagpur,10-04-2023,15,2023,4,0,12,78,93,21.149,79.088
Nagpur,17-04-2023,16,2023,4,0,13,75,90,21.149,79.088
Nagpur,24-04-2023,17,2023,4,0,11,78,96,21.149,79.088
Nagpur,01-05-2023,18,2023,5,0,15,80,100,21.149,79.088
Nagpur,08-05-2023,19,2023,5,0,10,78,93,21.149,79.088
Nagpur,15-05-2023,20,2023,5,1,11,70,89,21.149,79.088
Nagpur,22-05-2023,21,2023,5,0,15,78,95,21.149,79.088
Nagpur,29-05-2023,22,2023,5,0,14,66,84,21.149,79.088
Nagpur,05-06-2023,23,2023,6,0,9,140,162,21.149,79.088
Nagpur,12-06-2023,24,2023,6,0,12,159,173,21.149,79.088
Nagpur,19-06-2023,25,2023,6,2,6,144,156,21.149,79.088
Nagpur,26-06-2023,26,2023,6,0,7,145,158,21.149,79.088
Nagpur,03-07-2023,27,2023,7,1,11,137,153,21.149,79.088
Nagpur,10-07-2023,28,2023,7,0,8,158,172,21.149,79.088
Nagpur,17-07-2023,29,2023,7,0,7,159,171,21.149,79.088
Nagpur,24-07-2023,30,2023,7,0,8,156,168,21.149,79.088
Nagpur,31-07-2023,31,2023,7,0,12,136,154,21.149,79.088
Nagpur,07-08-2023,32,2023,8,1,11,155,171,21.149,79.088
Nagpur,14-08-2023,33,2023,8,0,10,145,159,21.149,79.088
Nagpur,21-08-2023,34,2023,8,2,12,147,166,21.149,79.088
Nagpur,28-08-2023,35,2023,8,0,6,161,176,21.149,79.088
Nagpur,04-09-2023,36,2023,9,1,9,153,170,21.149,79.088
Nagpur,11-09-2023,37,2023,9,1,9,154,166,21.149,79.088
Nagpur,18-09-2023,38,2023,9,0,7,134,142,21.149,79.088
Nagpur,25-09-2023,39,2023,9,2,9,142,159,21.149,79.088
Nagpur,02-10-2023,40,2023,10,0,12,56,72,21.149,79.088
Nagpur,09-10-2023,41,2023,10,1,3,57,66,21.149,79.088
Nagpur,16-10-2023,42,2023,10,0,3,61,68,21.149,79.088
Nagpur,23-10-2023,43,2023,10,0,3,58,66,21.149,79.088
Nagpur,30-10-2023,44,2023,10,1,7,53,66,21.149,79.088
Nagpur,06-11-2023,45,2023,11,0,8,55,66,21.149,79.088
Nagpur,13-11-2023,46,2023,11,2,13,56,76,21.149,79.088
Nagpur,20-11-2023,47,2023,11,0,5,55,65,21.149,79.088
Nagpur,27-11-2023,48,2023,11,2,2,58,65,21.149,79.088
Nagpur,04-12-2023,49,2023,12,0,4,45,53,21.149,79.088
Nagpur,11-12-2023,50,2023,12,0,7,48,58,21.149,79.088
Nagpur,18-12-2023,51,2023,12,0,6,37,49,21.149,79.088
Nagpur,25-12-2023,52,2023,12,0,7,33,45,21.149,79.088
Bhandara,07-01-2019,2,2019,1,0,1,6,8,21.167,79.65
Bhandara,14-01-2019,3,2019,1,0,1,11,12,21.167,79.65
Bhandara,21-01-2019,4,2019,1,0,3,17,21,21.167,79.65
Bhandara,28-01-2019,5,2019,1,0,1,12,16,21.167,79.65
Bhandara,04-02-2019,6,2019,2,0,2,11,13,21.167,79.65
Bhandara,11-02-2019,7,2019,2,0,2,14,17,21.167,79.65
Bhandara,18-02-2019,8,2019,2,0,1,10,14,21.167,79.65
Bhandara,25-02-2019,9,2019,2,0,3,8,15,21.167,79.65
Bhandara,04-03-2019,10,2019,3,0,4,16,22,21.167,79.65
Bhandara,11-03-2019,11,2019,3,1,1,11,13,21.167,79.65
Bhandara,18-03-2019,12,2019,3,0,6,17,25,21.167,79.65
Bhandara,25-03-2019,13,2019,3,1,4,13,18,21.167,79.65
Bhandara,01-04-2019,14,2019,4,0,8,29,38,21.167,79.65
Bhandara,08-04-2019,15,2019,4,0,3,23,26,21.167,79.65
Bhandara,15-04-2019,16,2019,4,1,7,24,33,21.167,79.65
Bhandara,22-04-2019,17,2019,4,1,12,21,39,21.167,79.65
Bhandara,29-04-2019,18,2019,4,1,3,34,41,21.167,79.65
Bhandara,06-05-2019,19,2019,5,0,10,28,39,21.167,79.65
Bhandara,13-05-2019,20,2019,5,0,7,24,31,21.167,79.65
Bhandara,20-05-2019,21,2019,5,1,2,16,19,21.167,79.65
Bhandara,27-05-2019,22,2019,5,0,4,35,40,21.167,79.65
Bhandara,03-06-2019,23,2019,6,0,3,48,58,21.167,79.65
Bhandara,10-06-2019,24,2019,6,0,4,42,51,21.167,79.65
Bhandara,17-06-2019,25,2019,6,0,2,47,51,21.167,79.65
Bhandara,24-06-2019,26,2019,6,0,3,59,62,21.167,79.65
Bhandara,01-07-2019,27,2019,7,0,2,53,56,21.167,79.65
Bhandara,08-07-2019,28,2019,7,1,0,39,42,21.167,79.65
Bhandara,15-07-2019,29,2019,7,0,1,53,57,21.167,79.65
Bhandara,22-07-2019,30,2019,7,0,4,56,60,21.167,79.65
Bhandara,29-07-2019,31,2019,7,0,4,48,56,21.167,79.65
Bhandara,05-08-2019,32,2019,8,0,6,43,50,21.167,79.65
Bhandara,12-08-2019,33,2019,8,1,3,27,32,21.167,79.65
Bhandara,19-08-2019,34,2019,8,1,3,47,54,21.167,79.65
Bhandara,26-08-2019,35,2019,8,3,3,55,65,21.167,79.65
Bhandara,02-09-2019,36,2019,9,0,3,55,60,21.167,79.65
Bhandara,09-09-2019,37,2019,9,0,2,40,43,21.167,79.65
Bhandara,16-09-2019,38,2019,9,1,4,54,61,21.167,79.65
Bhandara,23-09-2019,39,2019,9,1,0,42,45,21.167,79.65
Bhandara,30-09-2019,40,2019,9,0,6,45,54,21.167,79.65
Bhandara,07-10-2019,41,2019,10,0,1,28,31,21.167,79.65
Bhandara,14-10-2019,42,2019,10,0,0,22,23,21.167,79.65
Bhandara,21-10-2019,43,2019,10,0,0,17,20,21.167,79.65
Bhandara,28-10-2019,44,2019,10,0,0,23,24,21.167,79.65
Bhandara,04-11-2019,45,2019,11,0,0,21,22,21.167,79.65
Bhandara,11-11-2019,46,2019,11,0,3,9,12,21.167,79.65
Bhandara,18-11-2019,47,2019,11,0,1,14,17,21.167,79.65
Bhandara,25-11-2019,48,2019,11,0,1,17,21,21.167,79.65
Bhandara,02-12-2019,49,2019,12,0,2,11,15,21.167,79.65
Bhandara,09-12-2019,50,2019,12,0,3,12,16,21.167,79.65
Bhandara,16-12-2019,51,2019,12,0,3,14,19,21.167,79.65
Bhandara,23-12-2019,52,2019,12,0,0,17,18,21.167,79.65
Bhandara,30-12-2019,1,2019,12,0,2,16,19,21.167,79.65
Bhandara,06-01-2020,2,2020,1,0,5,14,21,21.167,79.65
Bhandara,13-01-2020,3,2020,1,0,7,10,18,21.167,79.65
Bhandara,20-01-2020,4,2020,1,0,1,18,22,21.167,79.65
Bhandara,27-01-2020,5,2020,1,0,1,12,13,21.167,79.65
Bhandara,03-02-2020,6,2020,2,0,3,12,16,21.167,79.65
Bhandara,10-02-2020,7,2020,2,0,4,4,8,21.167,79.65
Bhandara,17-02-2020,8,2020,2,0,3,10,13,21.167,79.65
Bhandara,24-02-2020,9,2020,2,0,5,14,20,21.167,79.65
Bhandara,02-03-2020,10,2020,3,0,3,11,17,21.167,79.65
Bhandara,09-03-2020,11,2020,3,0,5,15,20,21.167,79.65
Bhandara,16-03-2020,12,2020,3,0,2,13,16,21.167,79.65
Bhandara,23-03-2020,13,2020,3,0,2,16,19,21.167,79.65
Bhandara,30-03-2020,14,2020,3,0,4,12,17,21.167,79.65
Bhandara,06-04-2020,15,2020,4,0,7,11,19,21.167,79.65
Bhandara,13-04-2020,16,2020,4,0,5,22,28,21.167,79.65
Bhandara,20-04-2020,17,2020,4,0,5,27,32,21.167,79.65
Bhandara,27-04-2020,18,2020,4,1,3,28,33,21.167,79.65
Bhandara,04-05-2020,19,2020,5,0,6,29,38,21.167,79.65
Bhandara,11-05-2020,20,2020,5,0,2,23,26,21.167,79.65
Bhandara,18-05-2020,21,2020,5,0,4,18,24,21.167,79.65
Bhandara,25-05-2020,22,2020,5,0,6,24,32,21.167,79.65
Bhandara,01-06-2020,23,2020,6,1,2,34,39,21.167,79.65
Bhandara,08-06-2020,24,2020,6,0,5,45,52,21.167,79.65
Bhandara,15-06-2020,25,2020,6,0,5,42,50,21.167,79.65
Bhandara,22-06-2020,26,2020,6,0,3,40,44,21.167,79.65
Bhandara,29-06-2020,27,2020,6,1,4,46,53,21.167,79.65
Bhandara,06-07-2020,28,2020,7,0,1,52,54,21.167,79.65
Bhandara,13-07-2020,29,2020,7,1,4,46,53,21.167,79.65
Bhandara,20-07-2020,30,2020,7,0,4,31,38,21.167,79.65
Bhandara,27-07-2020,31,2020,7,0,4,54,58,21.167,79.65
Bhandara,03-08-2020,32,2020,8,2,3,49,54,21.167,79.65
Bhandara,10-08-2020,33,2020,8,0,4,43,49,21.167,79.65
Bhandara,17-08-2020,34,2020,8,0,2,54,59,21.167,79.65
Bhandara,24-08-2020,35,2020,8,0,1,42,45,21.167,79.65
Bhandara,31-08-2020,36,2020,8,0,3,56,63,21.167,79.65
Bhandara,07-09-2020,37,2020,9,1,1,43,46,21.167,79.65
Bhandara,14-09-2020,38,2020,9,0,3,24,31,21.167,79.65
Bhandara,21-09-2020,39,2020,9,0,3,49,54,21.167,79.65
Bhandara,28-09-2020,40,2020,9,0,3,45,50,21.167,79.65
Bhandara,05-10-2020,41,2020,10,0,4,18,22,21.167,79.65
Bhandara,12-10-2020,42,2020,10,0,0,18,19,21.167,79.65
Bhandara,19-10-2020,43,2020,10,0,0,15,15,21.167,79.65
Bhandara,26-10-2020,44,2020,10,0,7,27,34,21.167,79.65
Bhandara,02-11-2020,45,2020,11,0,5,16,24,21.167,79.65
Bhandara,09-11-2020,46,2020,11,0,2,20,25,21.167,79.65
Bhandara,16-11-2020,47,2020,11,2,4,12,18,21.167,79.65
Bhandara,23-11-2020,48,2020,11,0,1,15,20,21.167,79.65
Bhandara,30-11-2020,49,2020,11,0,1,22,24,21.167,79.65
Bhandara,07-12-2020,50,2020,12,1,3,14,21,21.167,79.65
Bhandara,14-12-2020,51,2020,12,0,3,10,15,21.167,79.65
Bhandara,21-12-2020,52,2020,12,0,3,12,16,21.167,79.65
Bhandara,28-12-2020,53,2020,12,0,2,16,19,21.167,79.65
Bhandara,04-01-2021,1,2021,1,0,4,12,17,21.167,79.65
Bhandara,11-01-2021,2,2021,1,0,0,13,15,21.167,79.65
Bhandara,18-01-2021,3,2021,1,0,4,14,20,21.167,79.65
Bhandara,25-01-2021,4,2021,1,0,2,11,13,21.167,79.65
Bhandara,01-02-2021,5,2021,2,1,2,15,18,21.167,79.65
Bhandara,08-02-2021,6,2021,2,0,1,13,17,21.167,79.65
Bhandara,15-02-2021,7,2021,2,0,3,10,13,21.167,79.65
Bhandara,22-02-2021,8,2021,2,0,2,18,21,21.167,79.65
Bhandara,01-03-2021,9,2021,3,0,1,11,12,21.167,79.65
Bhandara,08-03-2021,10,2021,3,0,3,13,19,21.167,79.65
Bhandara,15-03-2021,11,2021,3,0,2,12,14,21.167,79.65
Bhandara,22-03-2021,12,2021,3,0,2,16,19,21.167,79.65
Bhandara,29-03-2021,13,2021,3,0,2,9,12,21.167,79.65
Bhandara,05-04-2021,14,2021,4,0,4,21,26,21.167,79.65
Bhandara,12-04-2021,15,2021,4,1,1,26,30,21.167,79.65
Bhandara,19-04-2021,16,2021,4,0,3,28,33,21.167,79.65
Bhandara,26-04-2021,17,2021,4,0,5,26,32,21.167,79.65
Bhandara,03-05-2021,18,2021,5,0,5,25,31,21.167,79.65
Bhandara,10-05-2021,19,2021,5,1,4,13,18,21.167,79.65
Bhandara,17-05-2021,20,2021,5,0,2,28,30,21.167,79.65
Bhandara,24-05-2021,21,2021,5,0,3,22,27,21.167,79.65
Bhandara,31-05-2021,22,2021,5,0,1,28,32,21.167,79.65
Bhandara,07-06-2021,23,2021,6,0,1,66,67,21.167,79.65
Bhandara,14-06-2021,24,2021,6,0,3,39,43,21.167,79.65
Bhandara,21-06-2021,25,2021,6,0,4,57,63,21.167,79.65
Bhandara,28-06-2021,26,2021,6,2,4,43,52,21.167,79.65
Bhandara,05-07-2021,27,2021,7,0,3,58,64,21.167,79.65
Bhandara,12-07-2021,28,2021,7,1,1,44,47,21.167,79.65
Bhandara,19-07-2021,29,2021,7,0,1,39,41,21.167,79.65
Bhandara,26-07-2021,30,2021,7,0,3,50,56,21.167,79.65
Bhandara,02-08-2021,31,2021,8,0,1,37,39,21.167,79.65
Bhandara,09-08-2021,32,2021,8,0,4,42,47,21.167,79.65
Bhandara,16-08-2021,33,2021,8,0,2,55,60,21.167,79.65
Bhandara,23-08-2021,34,2021,8,1,6,58,66,21.167,79.65
Bhandara,30-08-2021,35,2021,8,0,7,32,41,21.167,79.65
Bhandara,06-09-2021,36,2021,9,0,3,49,52,21.167,79.65
Bhandara,13-09-2021,37,2021,9,0,5,40,47,21.167,79.65
Bhandara,20-09-2021,38,2021,9,1,7,55,64,21.167,79.65
Bhandara,27-09-2021,39,2021,9,0,3,46,52,21.167,79.65
Bhandara,04-10-2021,40,2021,10,0,1,25,26,21.167,79.65
Bhandara,11-10-2021,41,2021,10,0,2,18,20,21.167,79.65
Bhandara,18-10-2021,42,2021,10,0,1,14,15,21.167,79.65
Bhandara,25-10-2021,43,2021,10,0,4,16,21,21.167,79.65
Bhandara,01-11-2021,44,2021,11,0,4,22,27,21.167,79.65
Bhandara,08-11-2021,45,2021,11,0,3,13,16,21.167,79.65
Bhandara,15-11-2021,46,2021,11,0,2,15,17,21.167,79.65
Bhandara,22-11-2021,47,2021,11,0,1,19,20,21.167,79.65
Bhandara,29-11-2021,48,2021,11,1,3,11,16,21.167,79.65
Bhandara,06-12-2021,49,2021,12,0,2,14,19,21.167,79.65
Bhandara,13-12-2021,50,2021,12,0,2,8,12,21.167,79.65
Bhandara,20-12-2021,51,2021,12,0,1,16,18,21.167,79.65
Bhandara,27-12-2021,52,2021,12,0,6,12,19,21.167,79.65
Bhandara,03-01-2022,1,2022,1,0,3,9,14,21.167,79.65
Bhandara,10-01-2022,2,2022,1,0,1,9,13,21.167,79.65
Bhandara,17-01-2022,3,2022,1,0,3,10,15,21.167,79.65
Bhandara,24-01-2022,4,2022,1,0,2,9,12,21.167,79.65
Bhandara,31-01-2022,5,2022,1,0,1,16,19,21.167,79.65
Bhandara,07-02-2022,6,2022,2,0,2,12,14,21.167,79.65
Bhandara,14-02-2022,7,2022,2,0,2,12,18,21.167,79.65
Bhandara,21-02-2022,8,2022,2,0,1,13,14,21.167,79.65
Bhandara,28-02-2022,9,2022,2,0,1,20,22,21.167,79.65
Bhandara,07-03-2022,10,2022,3,0,3,12,17,21.167,79.65
Bhandara,14-03-2022,11,2022,3,0,0,11,15,21.167,79.65
Bhandara,21-03-2022,12,2022,3,0,2,9,13,21.167,79.65
Bhandara,28-03-2022,13,2022,3,0,6,17,24,21.167,79.65
Bhandara,04-04-2022,14,2022,4,0,6,20,27,21.167,79.65
Bhandara,11-04-2022,15,2022,4,0,10,20,30,21.167,79.65
Bhandara,18-04-2022,16,2022,4,0,7,21,29,21.167,79.65
Bhandara,25-04-2022,17,2022,4,1,3,25,30,21.167,79.65
Bhandara,02-05-2022,18,2022,5,0,8,31,40,21.167,79.65
Bhandara,09-05-2022,19,2022,5,0,2,19,21,21.167,79.65
Bhandara,16-05-2022,20,2022,5,0,1,20,24,21.167,79.65
Bhandara,23-05-2022,21,2022,5,0,3,22,26,21.167,79.65
Bhandara,30-05-2022,22,2022,5,0,5,22,28,21.167,79.65
Bhandara,06-06-2022,23,2022,6,0,5,46,55,21.167,79.65
Bhandara,13-06-2022,24,2022,6,0,2,50,54,21.167,79.65
Bhandara,20-06-2022,25,2022,6,0,5,53,59,21.167,79.65
Bhandara,27-06-2022,26,2022,6,0,2,36,39,21.167,79.65
Bhandara,04-07-2022,27,2022,7,0,2,36,41,21.167,79.65
Bhandara,11-07-2022,28,2022,7,0,2,55,59,21.167,79.65
Bhandara,18-07-2022,29,2022,7,1,4,40,51,21.167,79.65
Bhandara,25-07-2022,30,2022,7,0,3,43,47,21.167,79.65
Bhandara,01-08-2022,31,2022,8,0,1,38,39,21.167,79.65
Bhandara,08-08-2022,32,2022,8,0,4,53,59,21.167,79.65
Bhandara,15-08-2022,33,2022,8,0,5,60,67,21.167,79.65
Bhandara,22-08-2022,34,2022,8,0,1,35,37,21.167,79.65
Bhandara,29-08-2022,35,2022,8,0,4,45,51,21.167,79.65
Bhandara,05-09-2022,36,2022,9,0,4,42,47,21.167,79.65
Bhandara,12-09-2022,37,2022,9,0,9,43,52,21.167,79.65
Bhandara,19-09-2022,38,2022,9,0,1,54,57,21.167,79.65
Bhandara,26-09-2022,39,2022,9,1,2,39,44,21.167,79.65
Bhandara,03-10-2022,40,2022,10,1,0,21,22,21.167,79.65
Bhandara,10-10-2022,41,2022,10,0,5,24,31,21.167,79.65
Bhandara,17-10-2022,42,2022,10,0,3,14,18,21.167,79.65
Bhandara,24-10-2022,43,2022,10,0,3,17,22,21.167,79.65
Bhandara,31-10-2022,44,2022,10,1,5,24,30,21.167,79.65
Bhandara,07-11-2022,45,2022,11,0,3,17,20,21.167,79.65
Bhandara,14-11-2022,46,2022,11,0,5,12,17,21.167,79.65
Bhandara,21-11-2022,47,2022,11,0,2,17,20,21.167,79.65
Bhandara,28-11-2022,48,2022,11,0,1,20,24,21.167,79.65
Bhandara,05-12-2022,49,2022,12,0,2,10,13,21.167,79.65
Bhandara,12-12-2022,50,2022,12,0,5,10,16,21.167,79.65
Bhandara,19-12-2022,51,2022,12,0,2,14,16,21.167,79.65
Bhandara,26-12-2022,52,2022,12,1,3,10,15,21.167,79.65
Bhandara,02-01-2023,1,2023,1,0,1,11,12,21.167,79.65
Bhandara,09-01-2023,2,2023,1,0,1,15,19,21.167,79.65
Bhandara,16-01-2023,3,2023,1,0,4,12,17,21.167,79.65
Bhandara,23-01-2023,4,2023,1,0,4,16,21,21.167,79.65
Bhandara,30-01-2023,5,2023,1,0,1,16,19,21.167,79.65
Bhandara,06-02-2023,6,2023,2,0,0,17,18,21.167,79.65
Bhandara,13-02-2023,7,2023,2,0,2,7,10,21.167,79.65
Bhandara,20-02-2023,8,2023,2,0,1,12,14,21.167,79.65
Bhandara,27-02-2023,9,2023,2,0,2,12,14,21.167,79.65
Bhandara,06-03-2023,10,2023,3,0,2,8,14,21.167,79.65
Bhandara,13-03-2023,11,2023,3,0,5,6,11,21.167,79.65
Bhandara,20-03-2023,12,2023,3,0,3,10,15,21.167,79.65
Bhandara,27-03-2023,13,2023,3,0,1,15,17,21.167,79.65
Bhandara,03-04-2023,14,2023,4,0,5,18,23,21.167,79.65
Bhandara,10-04-2023,15,2023,4,0,6,18,25,21.167,79.65
Bhandara,17-04-2023,16,2023,4,0,3,25,30,21.167,79.65
Bhandara,24-04-2023,17,2023,4,0,2,31,37,21.167,79.65
Bhandara,01-05-2023,18,2023,5,0,3,30,33,21.167,79.65
Bhandara,08-05-2023,19,2023,5,0,2,29,31,21.167,79.65
Bhandara,15-05-2023,20,2023,5,0,1,11,14,21.167,79.65
Bhandara,22-05-2023,21,2023,5,0,2,19,23,21.167,79.65
Bhandara,29-05-2023,22,2023,5,0,2,22,24,21.167,79.65
Bhandara,05-06-2023,23,2023,6,0,2,45,50,21.167,79.65
Bhandara,12-06-2023,24,2023,6,0,3,54,58,21.167,79.65
Bhandara,19-06-2023,25,2023,6,0,4,54,60,21.167,79.65
Bhandara,26-06-2023,26,2023,6,0,2,46,50,21.167,79.65
Bhandara,03-07-2023,27,2023,7,0,5,51,58,21.167,79.65
Bhandara,10-07-2023,28,2023,7,0,3,38,43,21.167,79.65
Bhandara,17-07-2023,29,2023,7,0,4,43,48,21.167,79.65
Bhandara,24-07-2023,30,2023,7,0,3,47,55,21.167,79.65
Bhandara,31-07-2023,31,2023,7,0,4,46,53,21.167,79.65
Bhandara,07-08-2023,32,2023,8,0,2,51,56,21.167,79.65
Bhandara,14-08-2023,33,2023,8,0,4,45,50,21.167,79.65
Bhandara,21-08-2023,34,2023,8,0,6,38,47,21.167,79.65
Bhandara,28-08-2023,35,2023,8,0,3,53,57,21.167,79.65
Bhandara,04-09-2023,36,2023,9,0,1,41,45,21.167,79.65
Bhandara,11-09-2023,37,2023,9,0,4,45,55,21.167,79.65
Bhandara,18-09-2023,38,2023,9,0,4,44,48,21.167,79.65
Bhandara,25-09-2023,39,2023,9,1,3,48,53,21.167,79.65
Bhandara,02-10-2023,40,2023,10,0,2,18,21,21.167,79.65
Bhandara,09-10-2023,41,2023,10,0,2,21,25,21.167,79.65
Bhandara,16-10-2023,42,2023,10,0,4,7,13,21.167,79.65
Bhandara,23-10-2023,43,2023,10,0,1,17,21,21.167,79.65
Bhandara,30-10-2023,44,2023,10,0,0,18,18,21.167,79.65
Bhandara,06-11-2023,45,2023,11,0,3,17,24,21.167,79.65
Bhandara,13-11-2023,46,2023,11,0,2,22,27,21.167,79.65
Bhandara,20-11-2023,47,2023,11,0,3,20,23,21.167,79.65
Bhandara,27-11-2023,48,2023,11,0,1,11,15,21.167,79.65
Bhandara,04-12-2023,49,2023,12,0,2,16,19,21.167,79.65
Bhandara,11-12-2023,50,2023,12,0,5,13,18,21.167,79.65
Bhandara,18-12-2023,51,2023,12,0,3,15,19,21.167,79.65
Bhandara,25-12-2023,52,2023,12,0,2,19,21,21.167,79.65
Gondia,07-01-2019,2,2019,1,1,2,11,18,21.45,80.2
Gondia,14-01-2019,3,2019,1,0,3,21,25,21.45,80.2
Gondia,21-01-2019,4,2019,1,0,1,21,23,21.45,80.2
Gondia,28-01-2019,5,2019,1,0,0,15,16,21.45,80.2
Gondia,04-02-2019,6,2019,2,0,1,19,21,21.45,80.2
Gondia,11-02-2019,7,2019,2,1,0,13,15,21.45,80.2
Gondia,18-02-2019,8,2019,2,0,2,13,16,21.45,80.2
Gondia,25-02-2019,9,2019,2,0,1,9,10,21.45,80.2
Gondia,04-03-2019,10,2019,3,0,2,10,12,21.45,80.2
Gondia,11-03-2019,11,2019,3,0,4,10,16,21.45,80.2
Gondia,18-03-2019,12,2019,3,0,3,20,24,21.45,80.2
Gondia,25-03-2019,13,2019,3,0,4,14,20,21.45,80.2
Gondia,01-04-2019,14,2019,4,0,6,30,38,21.45,80.2
Gondia,08-04-2019,15,2019,4,2,7,34,44,21.45,80.2
Gondia,15-04-2019,16,2019,4,1,1,23,27,21.45,80.2
Gondia,22-04-2019,17,2019,4,0,2,22,24,21.45,80.2
Gondia,29-04-2019,18,2019,4,0,1,26,29,21.45,80.2
Gondia,06-05-2019,19,2019,5,0,6,33,40,21.45,80.2
Gondia,13-05-2019,20,2019,5,0,3,31,38,21.45,80.2
Gondia,20-05-2019,21,2019,5,0,4,33,38,21.45,80.2
Gondia,27-05-2019,22,2019,5,0,4,31,37,21.45,80.2
Gondia,03-06-2019,23,2019,6,0,1,48,51,21.45,80.2
Gondia,10-06-2019,24,2019,6,0,1,64,66,21.45,80.2
Gondia,17-06-2019,25,2019,6,0,5,52,58,21.45,80.2
Gondia,24-06-2019,26,2019,6,0,7,52,61,21.45,80.2
Gondia,01-07-2019,27,2019,7,0,9,46,58,21.45,80.2
Gondia,08-07-2019,28,2019,7,0,3,41,45,21.45,80.2
Gondia,15-07-2019,29,2019,7,1,3,63,70,21.45,80.2
Gondia,22-07-2019,30,2019,7,0,6,57,65,21.45,80.2
Gondia,29-07-2019,31,2019,7,0,1,65,67,21.45,80.2
Gondia,05-08-2019,32,2019,8,0,2,74,81,21.45,80.2
Gondia,12-08-2019,33,2019,8,1,5,53,62,21.45,80.2
Gondia,19-08-2019,34,2019,8,0,3,41,47,21.45,80.2
Gondia,26-08-2019,35,2019,8,3,3,55,62,21.45,80.2
Gondia,02-09-2019,36,2019,9,0,3,53,58,21.45,80.2
Gondia,09-09-2019,37,2019,9,1,3,56,64,21.45,80.2
Gondia,16-09-2019,38,2019,9,0,8,66,75,21.45,80.2
Gondia,23-09-2019,39,2019,9,1,7,56,68,21.45,80.2
Gondia,30-09-2019,40,2019,9,1,7,56,67,21.45,80.2
Gondia,07-10-2019,41,2019,10,1,5,18,24,21.45,80.2
Gondia,14-10-2019,42,2019,10,0,2,22,24,21.45,80.2
Gondia,21-10-2019,43,2019,10,0,3,23,29,21.45,80.2
Gondia,28-10-2019,44,2019,10,0,3,14,20,21.45,80.2
Gondia,04-11-2019,45,2019,11,0,4,30,38,21.45,80.2
Gondia,11-11-2019,46,2019,11,0,5,32,38,21.45,80.2
Gondia,18-11-2019,47,2019,11,0,3,20,24,21.45,80.2
Gondia,25-11-2019,48,2019,11,0,3,19,23,21.45,80.2
Gondia,02-12-2019,49,2019,12,0,5,21,27,21.45,80.2
Gondia,09-12-2019,50,2019,12,0,3,21,25,21.45,80.2
Gondia,16-12-2019,51,2019,12,0,3,22,28,21.45,80.2
Gondia,23-12-2019,52,2019,12,0,2,22,25,21.45,80.2
Gondia,30-12-2019,1,2019,12,0,1,13,16,21.45,80.2
Gondia,06-01-2020,2,2020,1,0,2,22,25,21.45,80.2
Gondia,13-01-2020,3,2020,1,0,2,10,13,21.45,80.2
Gondia,20-01-2020,4,2020,1,0,0,12,15,21.45,80.2
Gondia,27-01-2020,5,2020,1,0,7,17,26,21.45,80.2
Gondia,03-02-2020,6,2020,2,0,2,14,18,21.45,80.2
Gondia,10-02-2020,7,2020,2,0,2,12,16,21.45,80.2
Gondia,17-02-2020,8,2020,2,0,3,15,18,21.45,80.2
Gondia,24-02-2020,9,2020,2,0,2,15,18,21.45,80.2
Gondia,02-03-2020,10,2020,3,0,2,19,21,21.45,80.2
Gondia,09-03-2020,11,2020,3,0,2,21,24,21.45,80.2
Gondia,16-03-2020,12,2020,3,0,2,17,19,21.45,80.2
Gondia,23-03-2020,13,2020,3,0,2,11,15,21.45,80.2
Gondia,30-03-2020,14,2020,3,0,2,19,22,21.45,80.2
Gondia,06-04-2020,15,2020,4,1,10,26,38,21.45,80.2
Gondia,13-04-2020,16,2020,4,0,1,25,27,21.45,80.2
Gondia,20-04-2020,17,2020,4,0,3,25,30,21.45,80.2
Gondia,27-04-2020,18,2020,4,1,4,27,33,21.45,80.2
Gondia,04-05-2020,19,2020,5,0,2,32,36,21.45,80.2
Gondia,11-05-2020,20,2020,5,0,9,32,43,21.45,80.2
Gondia,18-05-2020,21,2020,5,0,6,22,31,21.45,80.2
Gondia,25-05-2020,22,2020,5,1,4,29,39,21.45,80.2
Gondia,01-06-2020,23,2020,6,0,5,52,60,21.45,80.2
Gondia,08-06-2020,24,2020,6,0,3,48,57,21.45,80.2
Gondia,15-06-2020,25,2020,6,0,3,63,67,21.45,80.2
Gondia,22-06-2020,26,2020,6,0,5,56,61,21.45,80.2
Gondia,29-06-2020,27,2020,6,0,6,48,56,21.45,80.2
Gondia,06-07-2020,28,2020,7,0,8,59,73,21.45,80.2
Gondia,13-07-2020,29,2020,7,0,5,56,63,21.45,80.2
Gondia,20-07-2020,30,2020,7,0,4,48,61,21.45,80.2
Gondia,27-07-2020,31,2020,7,0,8,68,77,21.45,80.2
Gondia,03-08-2020,32,2020,8,0,7,39,47,21.45,80.2
Gondia,10-08-2020,33,2020,8,0,2,50,54,21.45,80.2
Gondia,17-08-2020,34,2020,8,1,2,54,58,21.45,80.2
Gondia,24-08-2020,35,2020,8,0,0,50,51,21.45,80.2
Gondia,31-08-2020,36,2020,8,1,6,46,54,21.45,80.2
Gondia,07-09-2020,37,2020,9,0,4,52,62,21.45,80.2
Gondia,14-09-2020,38,2020,9,0,1,53,56,21.45,80.2
Gondia,21-09-2020,39,2020,9,0,4,67,72,21.45,80.2
Gondia,28-09-2020,40,2020,9,0,7,53,60,21.45,80.2
Gondia,05-10-2020,41,2020,10,0,2,15,19,21.45,80.2
Gondia,12-10-2020,42,2020,10,0,2,20,24,21.45,80.2
Gondia,19-10-2020,43,2020,10,0,1,18,21,21.45,80.2
Gondia,26-10-2020,44,2020,10,0,1,15,18,21.45,80.2
Gondia,02-11-2020,45,2020,11,0,5,25,32,21.45,80.2
Gondia,09-11-2020,46,2020,11,0,1,17,18,21.45,80.2
Gondia,16-11-2020,47,2020,11,0,3,22,29,21.45,80.2
Gondia,23-11-2020,48,2020,11,0,3,28,34,21.45,80.2
Gondia,30-11-2020,49,2020,11,0,1,24,25,21.45,80.2
Gondia,07-12-2020,50,2020,12,0,3,14,17,21.45,80.2
Gondia,14-12-2020,51,2020,12,2,3,11,17,21.45,80.2
Gondia,21-12-2020,52,2020,12,0,2,13,16,21.45,80.2
Gondia,28-12-2020,53,2020,12,0,2,20,23,21.45,80.2
Gondia,04-01-2021,1,2021,1,0,1,13,16,21.45,80.2
Gondia,11-01-2021,2,2021,1,0,3,15,19,21.45,80.2
Gondia,18-01-2021,3,2021,1,0,1,16,18,21.45,80.2
Gondia,25-01-2021,4,2021,1,0,4,16,20,21.45,80.2
Gondia,01-02-2021,5,2021,2,0,3,9,14,21.45,80.2
Gondia,08-02-2021,6,2021,2,0,3,16,21,21.45,80.2
Gondia,15-02-2021,7,2021,2,0,0,15,19,21.45,80.2
Gondia,22-02-2021,8,2021,2,0,2,14,19,21.45,80.2
Gondia,01-03-2021,9,2021,3,0,1,15,18,21.45,80.2
Gondia,08-03-2021,10,2021,3,0,5,16,23,21.45,80.2
Gondia,15-03-2021,11,2021,3,1,1,13,16,21.45,80.2
Gondia,22-03-2021,12,2021,3,0,3,11,15,21.45,80.2
Gondia,29-03-2021,13,2021,3,0,6,23,30,21.45,80.2
Gondia,05-04-2021,14,2021,4,0,5,32,37,21.45,80.2
Gondia,12-04-2021,15,2021,4,0,3,30,33,21.45,80.2
Gondia,19-04-2021,16,2021,4,0,3,30,35,21.45,80.2
Gondia,26-04-2021,17,2021,4,1,6,25,33,21.45,80.2
Gondia,03-05-2021,18,2021,5,0,8,35,43,21.45,80.2
Gondia,10-05-2021,19,2021,5,0,2,35,38,21.45,80.2
Gondia,17-05-2021,20,2021,5,0,5,26,32,21.45,80.2
Gondia,24-05-2021,21,2021,5,0,5,27,37,21.45,80.2
Gondia,31-05-2021,22,2021,5,0,4,31,37,21.45,80.2
Gondia,07-06-2021,23,2021,6,0,2,63,69,21.45,80.2
Gondia,14-06-2021,24,2021,6,0,5,50,58,21.45,80.2
Gondia,21-06-2021,25,2021,6,0,5,45,53,21.45,80.2
Gondia,28-06-2021,26,2021,6,2,3,54,62,21.45,80.2
Gondia,05-07-2021,27,2021,7,0,6,51,60,21.45,80.2
Gondia,12-07-2021,28,2021,7,0,3,55,62,21.45,80.2
Gondia,19-07-2021,29,2021,7,1,4,53,61,21.45,80.2
Gondia,26-07-2021,30,2021,7,1,4,73,81,21.45,80.2
Gondia,02-08-2021,31,2021,8,0,5,77,83,21.45,80.2
Gondia,09-08-2021,32,2021,8,1,1,39,42,21.45,80.2
Gondia,16-08-2021,33,2021,8,0,6,66,76,21.45,80.2
Gondia,23-08-2021,34,2021,8,1,4,62,72,21.45,80.2
Gondia,30-08-2021,35,2021,8,1,2,43,46,21.45,80.2
Gondia,06-09-2021,36,2021,9,0,5,62,70,21.45,80.2
Gondia,13-09-2021,37,2021,9,0,5,43,48,21.45,80.2
Gondia,20-09-2021,38,2021,9,1,4,60,68,21.45,80.2
Gondia,27-09-2021,39,2021,9,1,7,51,65,21.45,80.2
Gondia,04-10-2021,40,2021,10,0,3,11,14,21.45,80.2
Gondia,11-10-2021,41,2021,10,1,4,29,35,21.45,80.2
Gondia,18-10-2021,42,2021,10,0,3,23,26,21.45,80.2
Gondia,25-10-2021,43,2021,10,0,4,21,27,21.45,80.2
Gondia,01-11-2021,44,2021,11,1,2,18,22,21.45,80.2
Gondia,08-11-2021,45,2021,11,0,3,26,30,21.45,80.2
Gondia,15-11-2021,46,2021,11,1,1,23,30,21.45,80.2
Gondia,22-11-2021,47,2021,11,0,2,20,22,21.45,80.2
Gondia,29-11-2021,48,2021,11,0,4,20,24,21.45,80.2
Gondia,06-12-2021,49,2021,12,0,3,16,20,21.45,80.2
Gondia,13-12-2021,50,2021,12,0,2,19,22,21.45,80.2
Gondia,20-12-2021,51,2021,12,0,4,22,29,21.45,80.2
Gondia,27-12-2021,52,2021,12,0,1,15,18,21.45,80.2
Gondia,03-01-2022,1,2022,1,0,1,18,20,21.45,80.2
Gondia,10-01-2022,2,2022,1,0,7,14,21,21.45,80.2
Gondia,17-01-2022,3,2022,1,0,1,15,17,21.45,80.2
Gondia,24-01-2022,4,2022,1,0,4,12,19,21.45,80.2
Gondia,31-01-2022,5,2022,1,0,2,16,19,21.45,80.2
Gondia,07-02-2022,6,2022,2,0,3,12,15,21.45,80.2
Gondia,14-02-2022,7,2022,2,0,3,10,15,21.45,80.2
Gondia,21-02-2022,8,2022,2,0,3,26,31,21.45,80.2
Gondia,28-02-2022,9,2022,2,0,4,21,30,21.45,80.2
Gondia,07-03-2022,10,2022,3,0,3,17,22,21.45,80.2
Gondia,14-03-2022,11,2022,3,0,4,14,20,21.45,80.2
Gondia,21-03-2022,12,2022,3,0,1,20,23,21.45,80.2
Gondia,28-03-2022,13,2022,3,0,2,14,18,21.45,80.2
Gondia,04-04-2022,14,2022,4,0,5,36,41,21.45,80.2
Gondia,11-04-2022,15,2022,4,0,5,29,36,21.45,80.2
Gondia,18-04-2022,16,2022,4,0,1,31,33,21.45,80.2
Gondia,25-04-2022,17,2022,4,0,3,23,29,21.45,80.2
Gondia,02-05-2022,18,2022,5,0,9,27,37,21.45,80.2
Gondia,09-05-2022,19,2022,5,0,6,25,32,21.45,80.2
Gondia,16-05-2022,20,2022,5,0,3,26,31,21.45,80.2
Gondia,23-05-2022,21,2022,5,0,6,34,40,21.45,80.2
Gondia,30-05-2022,22,2022,5,0,6,27,34,21.45,80.2
Gondia,06-06-2022,23,2022,6,1,1,63,67,21.45,80.2
Gondia,13-06-2022,24,2022,6,0,4,45,54,21.45,80.2
Gondia,20-06-2022,25,2022,6,2,4,58,64,21.45,80.2
Gondia,27-06-2022,26,2022,6,1,3,56,64,21.45,80.2
Gondia,04-07-2022,27,2022,7,0,9,57,69,21.45,80.2
Gondia,11-07-2022,28,2022,7,0,5,62,68,21.45,80.2
Gondia,18-07-2022,29,2022,7,0,5,65,71,21.45,80.2
Gondia,25-07-2022,30,2022,7,1,2,56,61,21.45,80.2
Gondia,01-08-2022,31,2022,8,0,2,59,65,21.45,80.2
Gondia,08-08-2022,32,2022,8,0,3,46,54,21.45,80.2
Gondia,15-08-2022,33,2022,8,0,9,40,50,21.45,80.2
Gondia,22-08-2022,34,2022,8,0,3,55,59,21.45,80.2
Gondia,29-08-2022,35,2022,8,0,3,62,67,21.45,80.2
Gondia,05-09-2022,36,2022,9,0,3,59,64,21.45,80.2
Gondia,12-09-2022,37,2022,9,0,0,61,64,21.45,80.2
Gondia,19-09-2022,38,2022,9,0,3,51,59,21.45,80.2
Gondia,26-09-2022,39,2022,9,0,8,56,66,21.45,80.2
Gondia,03-10-2022,40,2022,10,0,4,17,23,21.45,80.2
Gondia,10-10-2022,41,2022,10,0,3,14,18,21.45,80.2
Gondia,17-10-2022,42,2022,10,0,3,8,13,21.45,80.2
Gondia,24-10-2022,43,2022,10,0,5,16,21,21.45,80.2
Gondia,31-10-2022,44,2022,10,0,2,24,26,21.45,80.2
Gondia,07-11-2022,45,2022,11,0,2,21,25,21.45,80.2
Gondia,14-11-2022,46,2022,11,0,1,18,19,21.45,80.2
Gondia,21-11-2022,47,2022,11,0,1,32,34,21.45,80.2
Gondia,28-11-2022,48,2022,11,0,3,21,26,21.45,80.2
Gondia,05-12-2022,49,2022,12,0,2,15,19,21.45,80.2
Gondia,12-12-2022,50,2022,12,0,3,16,21,21.45,80.2
Gondia,19-12-2022,51,2022,12,0,1,14,17,21.45,80.2
Gondia,26-12-2022,52,2022,12,0,4,13,19,21.45,80.2
Gondia,02-01-2023,1,2023,1,0,3,7,10,21.45,80.2
Gondia,09-01-2023,2,2023,1,0,0,21,22,21.45,80.2
Gondia,16-01-2023,3,2023,1,0,5,9,19,21.45,80.2
Gondia,23-01-2023,4,2023,1,0,2,15,18,21.45,80.2
Gondia,30-01-2023,5,2023,1,0,2,19,22,21.45,80.2
Gondia,06-02-2023,6,2023,2,0,3,17,22,21.45,80.2
Gondia,13-02-2023,7,2023,2,0,3,18,21,21.45,80.2
Gondia,20-02-2023,8,2023,2,0,5,21,28,21.45,80.2
Gondia,27-02-2023,9,2023,2,0,3,20,25,21.45,80.2
Gondia,06-03-2023,10,2023,3,0,1,21,24,21.45,80.2
Gondia,13-03-2023,11,2023,3,0,6,14,21,21.45,80.2
Gondia,20-03-2023,12,2023,3,0,4,10,15,21.45,80.2
Gondia,27-03-2023,13,2023,3,0,1,15,17,21.45,80.2
Gondia,03-04-2023,14,2023,4,2,6,44,52,21.45,80.2
Gondia,10-04-2023,15,2023,4,0,2,31,34,21.45,80.2
Gondia,17-04-2023,16,2023,4,0,2,29,32,21.45,80.2
Gondia,24-04-2023,17,2023,4,0,8,32,40,21.45,80.2
Gondia,01-05-2023,18,2023,5,0,4,36,40,21.45,80.2
Gondia,08-05-2023,19,2023,5,1,5,30,39,21.45,80.2
Gondia,15-05-2023,20,2023,5,0,11,28,43,21.45,80.2
Gondia,22-05-2023,21,2023,5,0,5,25,32,21.45,80.2
Gondia,29-05-2023,22,2023,5,1,8,26,36,21.45,80.2
Gondia,05-06-2023,23,2023,6,0,1,49,52,21.45,80.2
Gondia,12-06-2023,24,2023,6,0,5,55,60,21.45,80.2
Gondia,19-06-2023,25,2023,6,0,4,49,53,21.45,80.2
Gondia,26-06-2023,26,2023,6,0,1,51,55,21.45,80.2
Gondia,03-07-2023,27,2023,7,1,3,49,56,21.45,80.2
Gondia,10-07-2023,28,2023,7,0,4,66,73,21.45,80.2
Gondia,17-07-2023,29,2023,7,0,5,52,58,21.45,80.2
Gondia,24-07-2023,30,2023,7,1,4,56,61,21.45,80.2
Gondia,31-07-2023,31,2023,7,0,3,71,76,21.45,80.2
Gondia,07-08-2023,32,2023,8,2,3,58,64,21.45,80.2
Gondia,14-08-2023,33,2023,8,0,6,63,70,21.45,80.2
Gondia,21-08-2023,34,2023,8,0,3,49,52,21.45,80.2
Gondia,28-08-2023,35,2023,8,0,1,55,59,21.45,80.2
Gondia,04-09-2023,36,2023,9,0,4,63,70,21.45,80.2
Gondia,11-09-2023,37,2023,9,0,1,60,62,21.45,80.2
Gondia,18-09-2023,38,2023,9,0,1,51,55,21.45,80.2
Gondia,25-09-2023,39,2023,9,0,3,63,72,21.45,80.2
Gondia,02-10-2023,40,2023,10,0,4,22,27,21.45,80.2
Gondia,09-10-2023,41,2023,10,0,1,27,28,21.45,80.2
Gondia,16-10-2023,42,2023,10,0,4,31,35,21.45,80.2
Gondia,23-10-2023,43,2023,10,1,3,25,30,21.45,80.2
Gondia,30-10-2023,44,2023,10,0,3,26,30,21.45,80.2
Gondia,06-11-2023,45,2023,11,0,4,25,32,21.45,80.2
Gondia,13-11-2023,46,2023,11,0,4,22,28,21.45,80.2
Gondia,20-11-2023,47,2023,11,0,4,25,29,21.45,80.2
Gondia,27-11-2023,48,2023,11,0,5,15,21,21.45,80.2
Gondia,04-12-2023,49,2023,12,0,3,19,24,21.45,80.2
Gondia,11-12-2023,50,2023,12,0,2,14,16,21.45,80.2
Gondia,18-12-2023,51,2023,12,0,3,17,21,21.45,80.2
Gondia,25-12-2023,52,2023,12,0,2,14,17,21.45,80.2
Chandrapur,07-01-2019,2,2019,1,0,4,23,28,19.952,79.296
Chandrapur,14-01-2019,3,2019,1,0,3,19,24,19.952,79.296
Chandrapur,21-01-2019,4,2019,1,0,6,23,33,19.952,79.296
Chandrapur,28-01-2019,5,2019,1,0,0,28,31,19.952,79.296
Chandrapur,04-02-2019,6,2019,2,1,2,33,39,19.952,79.296
Chandrapur,11-02-2019,7,2019,2,1,4,21,29,19.952,79.296
Chandrapur,18-02-2019,8,2019,2,1,2,23,28,19.952,79.296
Chandrapur,25-02-2019,9,2019,2,0,6,25,35,19.952,79.296
Chandrapur,04-03-2019,10,2019,3,0,2,24,34,19.952,79.296
Chandrapur,11-03-2019,11,2019,3,0,7,22,30,19.952,79.296
Chandrapur,18-03-2019,12,2019,3,0,9,24,35,19.952,79.296
Chandrapur,25-03-2019,13,2019,3,0,6,27,34,19.952,79.296
Chandrapur,01-04-2019,14,2019,4,1,7,40,52,19.952,79.296
Chandrapur,08-04-2019,15,2019,4,0,4,51,59,19.952,79.296
Chandrapur,15-04-2019,16,2019,4,0,8,45,56,19.952,79.296
Chandrapur,22-04-2019,17,2019,4,0,11,35,49,19.952,79.296
Chandrapur,29-04-2019,18,2019,4,0,7,43,54,19.952,79.296
Chandrapur,06-05-2019,19,2019,5,1,5,50,58,19.952,79.296
Chandrapur,13-05-2019,20,2019,5,1,10,53,64,19.952,79.296
Chandrapur,20-05-2019,21,2019,5,0,6,48,58,19.952,79.296
Chandrapur,27-05-2019,22,2019,5,1,8,41,53,19.952,79.296
Chandrapur,03-06-2019,23,2019,6,0,7,93,101,19.952,79.296
Chandrapur,10-06-2019,24,2019,6,1,4,100,110,19.952,79.296
Chandrapur,17-06-2019,25,2019,6,0,8,89,99,19.952,79.296
Chandrapur,24-06-2019,26,2019,6,0,4,103,112,19.952,79.296
Chandrapur,01-07-2019,27,2019,7,0,5,105,114,19.952,79.296
Chandrapur,08-07-2019,28,2019,7,1,10,79,94,19.952,79.296
Chandrapur,15-07-2019,29,2019,7,0,7,87,100,19.952,79.296
Chandrapur,22-07-2019,30,2019,7,1,7,116,128,19.952,79.296
Chandrapur,29-07-2019,31,2019,7,0,9,82,93,19.952,79.296
Chandrapur,05-08-2019,32,2019,8,1,7,77,86,19.952,79.296
Chandrapur,12-08-2019,33,2019,8,1,7,98,110,19.952,79.296
Chandrapur,19-08-2019,34,2019,8,0,3,92,99,19.952,79.296
Chandrapur,26-08-2019,35,2019,8,0,7,108,115,19.952,79.296
Chandrapur,02-09-2019,36,2019,9,1,2,93,102,19.952,79.296
Chandrapur,09-09-2019,37,2019,9,2,4,87,97,19.952,79.296
Chandrapur,16-09-2019,38,2019,9,2,6,101,114,19.952,79.296
Chandrapur,23-09-2019,39,2019,9,0,11,73,90,19.952,79.296
Chandrapur,30-09-2019,40,2019,9,1,12,102,118,19.952,79.296
Chandrapur,07-10-2019,41,2019,10,1,6,33,41,19.952,79.296
Chandrapur,14-10-2019,42,2019,10,0,12,29,48,19.952,79.296
Chandrapur,21-10-2019,43,2019,10,1,5,33,42,19.952,79.296
Chandrapur,28-10-2019,44,2019,10,0,3,33,42,19.952,79.296
Chandrapur,04-11-2019,45,2019,11,0,5,47,54,19.952,79.296
Chandrapur,11-11-2019,46,2019,11,0,7,27,35,19.952,79.296
Chandrapur,18-11-2019,47,2019,11,1,2,22,27,19.952,79.296
Chandrapur,25-11-2019,48,2019,11,0,4,40,44,19.952,79.296
Chandrapur,02-12-2019,49,2019,12,1,4,29,36,19.952,79.296
Chandrapur,09-12-2019,50,2019,12,0,5,21,27,19.952,79.296
Chandrapur,16-12-2019,51,2019,12,2,4,28,34,19.952,79.296
Chandrapur,23-12-2019,52,2019,12,0,3,21,29,19.952,79.296
Chandrapur,30-12-2019,1,2019,12,0,5,20,29,19.952,79.296
Chandrapur,06-01-2020,2,2020,1,0,3,25,31,19.952,79.296
Chandrapur,13-01-2020,3,2020,1,0,3,25,29,19.952,79.296
Chandrapur,20-01-2020,4,2020,1,0,4,25,32,19.952,79.296
Chandrapur,27-01-2020,5,2020,1,0,3,23,27,19.952,79.296
Chandrapur,03-02-2020,6,2020,2,0,4,25,31,19.952,79.296
Chandrapur,10-02-2020,7,2020,2,1,5,18,24,19.952,79.296
Chandrapur,17-02-2020,8,2020,2,0,5,22,27,19.952,79.296
Chandrapur,24-02-2020,9,2020,2,0,7,26,34,19.952,79.296
Chandrapur,02-03-2020,10,2020,3,0,4,23,28,19.952,79.296
Chandrapur,09-03-2020,11,2020,3,0,1,27,28,19.952,79.296
Chandrapur,16-03-2020,12,2020,3,0,7,21,31,19.952,79.296
Chandrapur,23-03-2020,13,2020,3,0,5,28,36,19.952,79.296
Chandrapur,30-03-2020,14,2020,3,0,4,26,31,19.952,79.296
Chandrapur,06-04-2020,15,2020,4,0,3,54,60,19.952,79.296
Chandrapur,13-04-2020,16,2020,4,1,6,46,59,19.952,79.296
Chandrapur,20-04-2020,17,2020,4,1,3,43,50,19.952,79.296
Chandrapur,27-04-2020,18,2020,4,0,13,46,62,19.952,79.296
Chandrapur,04-05-2020,19,2020,5,2,4,53,62,19.952,79.296
Chandrapur,11-05-2020,20,2020,5,0,13,46,65,19.952,79.296
Chandrapur,18-05-2020,21,2020,5,0,6,29,36,19.952,79.296
Chandrapur,25-05-2020,22,2020,5,2,12,50,67,19.952,79.296
Chandrapur,01-06-2020,23,2020,6,0,7,76,89,19.952,79.296
Chandrapur,08-06-2020,24,2020,6,3,2,74,84,19.952,79.296
Chandrapur,15-06-2020,25,2020,6,0,10,99,112,19.952,79.296
Chandrapur,22-06-2020,26,2020,6,1,8,89,104,19.952,79.296
Chandrapur,29-06-2020,27,2020,6,0,4,74,81,19.952,79.296
Chandrapur,06-07-2020,28,2020,7,0,7,97,106,19.952,79.296
Chandrapur,13-07-2020,29,2020,7,0,9,84,97,19.952,79.296
Chandrapur,20-07-2020,30,2020,7,1,9,92,106,19.952,79.296
Chandrapur,27-07-2020,31,2020,7,1,9,76,91,19.952,79.296
Chandrapur,03-08-2020,32,2020,8,1,10,92,105,19.952,79.296
Chandrapur,10-08-2020,33,2020,8,1,5,94,104,19.952,79.296
Chandrapur,17-08-2020,34,2020,8,0,4,85,95,19.952,79.296
Chandrapur,24-08-2020,35,2020,8,1,7,86,101,19.952,79.296
Chandrapur,31-08-2020,36,2020,8,0,2,92,97,19.952,79.296
Chandrapur,07-09-2020,37,2020,9,1,6,104,116,19.952,79.296
Chandrapur,14-09-2020,38,2020,9,0,8,93,105,19.952,79.296
Chandrapur,21-09-2020,39,2020,9,0,4,84,92,19.952,79.296
Chandrapur,28-09-2020,40,2020,9,0,3,78,82,19.952,79.296
Chandrapur,05-10-2020,41,2020,10,0,7,37,47,19.952,79.296
Chandrapur,12-10-2020,42,2020,10,0,3,26,31,19.952,79.296
Chandrapur,19-10-2020,43,2020,10,0,4,30,36,19.952,79.296
Chandrapur,26-10-2020,44,2020,10,0,2,37,46,19.952,79.296
Chandrapur,02-11-2020,45,2020,11,0,7,51,60,19.952,79.296
Chandrapur,09-11-2020,46,2020,11,1,2,42,45,19.952,79.296
Chandrapur,16-11-2020,47,2020,11,0,6,40,47,19.952,79.296
Chandrapur,23-11-2020,48,2020,11,0,10,38,49,19.952,79.296
Chandrapur,30-11-2020,49,2020,11,0,6,42,51,19.952,79.296
Chandrapur,07-12-2020,50,2020,12,0,5,22,28,19.952,79.296
Chandrapur,14-12-2020,51,2020,12,1,7,21,30,19.952,79.296
Chandrapur,21-12-2020,52,2020,12,1,6,25,34,19.952,79.296
Chandrapur,28-12-2020,53,2020,12,0,5,24,30,19.952,79.296
Chandrapur,04-01-2021,1,2021,1,0,5,27,32,19.952,79.296
Chandrapur,11-01-2021,2,2021,1,1,2,31,36,19.952,79.296
Chandrapur,18-01-2021,3,2021,1,0,3,27,32,19.952,79.296
Chandrapur,25-01-2021,4,2021,1,0,5,27,36,19.952,79.296
Chandrapur,01-02-2021,5,2021,2,0,8,19,29,19.952,79.296
Chandrapur,08-02-2021,6,2021,2,0,2,28,31,19.952,79.296
Chandrapur,15-02-2021,7,2021,2,0,6,26,33,19.952,79.296
Chandrapur,22-02-2021,8,2021,2,1,3,31,38,19.952,79.296
Chandrapur,01-03-2021,9,2021,3,0,7,27,35,19.952,79.296
Chandrapur,08-03-2021,10,2021,3,0,1,23,25,19.952,79.296
Chandrapur,15-03-2021,11,2021,3,0,4,22,29,19.952,79.296
Chandrapur,22-03-2021,12,2021,3,1,4,35,43,19.952,79.296
Chandrapur,29-03-2021,13,2021,3,0,0,31,33,19.952,79.296
Chandrapur,05-04-2021,14,2021,4,0,7,55,66,19.952,79.296
Chandrapur,12-04-2021,15,2021,4,0,3,43,51,19.952,79.296
Chandrapur,19-04-2021,16,2021,4,0,5,47,56,19.952,79.296
Chandrapur,26-04-2021,17,2021,4,1,8,47,58,19.952,79.296
Chandrapur,03-05-2021,18,2021,5,1,10,52,65,19.952,79.296
Chandrapur,10-05-2021,19,2021,5,1,7,51,65,19.952,79.296
Chandrapur,17-05-2021,20,2021,5,1,6,51,59,19.952,79.296
Chandrapur,24-05-2021,21,2021,5,0,6,35,43,19.952,79.296
Chandrapur,31-05-2021,22,2021,5,0,5,54,63,19.952,79.296
Chandrapur,07-06-2021,23,2021,6,2,6,80,92,19.952,79.296
Chandrapur,14-06-2021,24,2021,6,2,9,94,110,19.952,79.296
Chandrapur,21-06-2021,25,2021,6,1,9,90,107,19.952,79.296
Chandrapur,28-06-2021,26,2021,6,2,4,93,102,19.952,79.296
Chandrapur,05-07-2021,27,2021,7,0,4,91,97,19.952,79.296
Chandrapur,12-07-2021,28,2021,7,1,7,105,116,19.952,79.296
Chandrapur,19-07-2021,29,2021,7,1,8,100,112,19.952,79.296
Chandrapur,26-07-2021,30,2021,7,1,9,87,99,19.952,79.296
Chandrapur,02-08-2021,31,2021,8,1,5,92,99,19.952,79.296
Chandrapur,09-08-2021,32,2021,8,2,9,89,105,19.952,79.296
Chandrapur,16-08-2021,33,2021,8,0,11,91,106,19.952,79.296
Chandrapur,23-08-2021,34,2021,8,1,5,87,95,19.952,79.296
Chandrapur,30-08-2021,35,2021,8,0,6,92,103,19.952,79.296
Chandrapur,06-09-2021,36,2021,9,0,12,95,110,19.952,79.296
Chandrapur,13-09-2021,37,2021,9,0,6,89,102,19.952,79.296
Chandrapur,20-09-2021,38,2021,9,1,6,90,100,19.952,79.296
Chandrapur,27-09-2021,39,2021,9,1,6,95,106,19.952,79.296
Chandrapur,04-10-2021,40,2021,10,0,3,36,41,19.952,79.296
Chandrapur,11-10-2021,41,2021,10,0,4,34,42,19.952,79.296
Chandrapur,18-10-2021,42,2021,10,0,3,29,35,19.952,79.296
Chandrapur,25-10-2021,43,2021,10,0,4,46,51,19.952,79.296
Chandrapur,01-11-2021,44,2021,11,0,4,36,44,19.952,79.296
Chandrapur,08-11-2021,45,2021,11,0,4,37,42,19.952,79.296
Chandrapur,15-11-2021,46,2021,11,0,7,44,51,19.952,79.296
Chandrapur,22-11-2021,47,2021,11,0,4,34,39,19.952,79.296
Chandrapur,29-11-2021,48,2021,11,1,3,31,38,19.952,79.296
Chandrapur,06-12-2021,49,2021,12,0,5,26,32,19.952,79.296
Chandrapur,13-12-2021,50,2021,12,0,3,31,37,19.952,79.296
Chandrapur,20-12-2021,51,2021,12,0,5,26,32,19.952,79.296
Chandrapur,27-12-2021,52,2021,12,0,3,16,22,19.952,79.296
Chandrapur,03-01-2022,1,2022,1,0,1,30,35,19.952,79.296
Chandrapur,10-01-2022,2,2022,1,0,2,19,25,19.952,79.296
Chandrapur,17-01-2022,3,2022,1,0,4,26,34,19.952,79.296
Chandrapur,24-01-2022,4,2022,1,0,5,23,32,19.952,79.296
Chandrapur,31-01-2022,5,2022,1,0,8,21,30,19.952,79.296
Chandrapur,07-02-2022,6,2022,2,0,5,26,33,19.952,79.296
Chandrapur,14-02-2022,7,2022,2,0,1,25,27,19.952,79.296
Chandrapur,21-02-2022,8,2022,2,0,4,29,33,19.952,79.296
Chandrapur,28-02-2022,9,2022,2,0,2,26,32,19.952,79.296
Chandrapur,07-03-2022,10,2022,3,0,5,23,32,19.952,79.296
Chandrapur,14-03-2022,11,2022,3,0,5,24,33,19.952,79.296
Chandrapur,21-03-2022,12,2022,3,0,7,25,35,19.952,79.296
Chandrapur,28-03-2022,13,2022,3,0,3,31,36,19.952,79.296
Chandrapur,04-04-2022,14,2022,4,0,9,50,60,19.952,79.296
Chandrapur,11-04-2022,15,2022,4,0,10,43,55,19.952,79.296
Chandrapur,18-04-2022,16,2022,4,1,11,44,58,19.952,79.296
Chandrapur,25-04-2022,17,2022,4,0,12,44,58,19.952,79.296
Chandrapur,02-05-2022,18,2022,5,0,3,60,64,19.952,79.296
Chandrapur,09-05-2022,19,2022,5,0,5,44,52,19.952,79.296
Chandrapur,16-05-2022,20,2022,5,0,4,48,56,19.952,79.296
Chandrapur,23-05-2022,21,2022,5,1,16,47,66,19.952,79.296
Chandrapur,30-05-2022,22,2022,5,0,6,51,59,19.952,79.296
Chandrapur,06-06-2022,23,2022,6,0,10,88,99,19.952,79.296
Chandrapur,13-06-2022,24,2022,6,2,9,110,121,19.952,79.296
Chandrapur,20-06-2022,25,2022,6,1,6,106,116,19.952,79.296
Chandrapur,27-06-2022,26,2022,6,0,9,98,111,19.952,79.296
Chandrapur,04-07-2022,27,2022,7,0,7,78,91,19.952,79.296
Chandrapur,11-07-2022,28,2022,7,0,4,86,91,19.952,79.296
Chandrapur,18-07-2022,29,2022,7,1,5,87,96,19.952,79.296
Chandrapur,25-07-2022,30,2022,7,0,6,82,90,19.952,79.296
Chandrapur,01-08-2022,31,2022,8,0,3,82,91,19.952,79.296
Chandrapur,08-08-2022,32,2022,8,0,3,81,87,19.952,79.296
Chandrapur,15-08-2022,33,2022,8,2,4,78,91,19.952,79.296
Chandrapur,22-08-2022,34,2022,8,0,6,84,93,19.952,79.296
Chandrapur,29-08-2022,35,2022,8,1,6,84,98,19.952,79.296
Chandrapur,05-09-2022,36,2022,9,1,2,70,75,19.952,79.296
Chandrapur,12-09-2022,37,2022,9,0,10,79,91,19.952,79.296
Chandrapur,19-09-2022,38,2022,9,0,5,85,93,19.952,79.296
Chandrapur,26-09-2022,39,2022,9,0,7,99,109,19.952,79.296
Chandrapur,03-10-2022,40,2022,10,0,4,48,56,19.952,79.296
Chandrapur,10-10-2022,41,2022,10,0,1,31,34,19.952,79.296
Chandrapur,17-10-2022,42,2022,10,0,2,31,37,19.952,79.296
Chandrapur,24-10-2022,43,2022,10,1,11,46,61,19.952,79.296
Chandrapur,31-10-2022,44,2022,10,0,2,32,39,19.952,79.296
Chandrapur,07-11-2022,45,2022,11,1,3,34,41,19.952,79.296
Chandrapur,14-11-2022,46,2022,11,0,3,33,40,19.952,79.296
Chandrapur,21-11-2022,47,2022,11,0,5,29,37,19.952,79.296
Chandrapur,28-11-2022,48,2022,11,1,5,39,48,19.952,79.296
Chandrapur,05-12-2022,49,2022,12,0,2,23,26,19.952,79.296
Chandrapur,12-12-2022,50,2022,12,0,2,16,22,19.952,79.296
Chandrapur,19-12-2022,51,2022,12,0,2,19,26,19.952,79.296
Chandrapur,26-12-2022,52,2022,12,0,4,38,46,19.952,79.296
Chandrapur,02-01-2023,1,2023,1,0,4,24,32,19.952,79.296
Chandrapur,09-01-2023,2,2023,1,0,3,32,38,19.952,79.296
Chandrapur,16-01-2023,3,2023,1,0,7,27,35,19.952,79.296
Chandrapur,23-01-2023,4,2023,1,1,5,30,40,19.952,79.296
Chandrapur,30-01-2023,5,2023,1,0,5,28,36,19.952,79.296
Chandrapur,06-02-2023,6,2023,2,0,2,25,31,19.952,79.296
Chandrapur,13-02-2023,7,2023,2,0,3,22,30,19.952,79.296
Chandrapur,20-02-2023,8,2023,2,0,5,27,33,19.952,79.296
Chandrapur,27-02-2023,9,2023,2,0,7,28,38,19.952,79.296
Chandrapur,06-03-2023,10,2023,3,0,2,31,35,19.952,79.296
Chandrapur,13-03-2023,11,2023,3,0,0,25,28,19.952,79.296
Chandrapur,20-03-2023,12,2023,3,0,5,32,40,19.952,79.296
Chandrapur,27-03-2023,13,2023,3,0,6,25,32,19.952,79.296
Chandrapur,03-04-2023,14,2023,4,0,7,39,49,19.952,79.296
Chandrapur,10-04-2023,15,2023,4,1,8,47,62,19.952,79.296
Chandrapur,17-04-2023,16,2023,4,0,6,48,57,19.952,79.296
Chandrapur,24-04-2023,17,2023,4,0,9,52,66,19.952,79.296
Chandrapur,01-05-2023,18,2023,5,1,10,49,63,19.952,79.296
Chandrapur,08-05-2023,19,2023,5,1,4,36,46,19.952,79.296
Chandrapur,15-05-2023,20,2023,5,1,9,46,59,19.952,79.296
Chandrapur,22-05-2023,21,2023,5,1,7,55,66,19.952,79.296
Chandrapur,29-05-2023,22,2023,5,0,6,36,45,19.952,79.296
Chandrapur,05-06-2023,23,2023,6,0,4,89,97,19.952,79.296
Chandrapur,12-06-2023,24,2023,6,0,5,88,94,19.952,79.296
Chandrapur,19-06-2023,25,2023,6,0,7,78,88,19.952,79.296
Chandrapur,26-06-2023,26,2023,6,0,5,88,97,19.952,79.296
Chandrapur,03-07-2023,27,2023,7,2,9,79,91,19.952,79.296
Chandrapur,10-07-2023,28,2023,7,1,6,96,106,19.952,79.296
Chandrapur,17-07-2023,29,2023,7,0,4,80,85,19.952,79.296
Chandrapur,24-07-2023,30,2023,7,0,6,86,93,19.952,79.296
Chandrapur,31-07-2023,31,2023,7,0,4,96,102,19.952,79.296
Chandrapur,07-08-2023,32,2023,8,1,11,76,90,19.952,79.296
Chandrapur,14-08-2023,33,2023,8,0,4,89,103,19.952,79.296
Chandrapur,21-08-2023,34,2023,8,0,5,103,109,19.952,79.296
Chandrapur,28-08-2023,35,2023,8,2,5,99,106,19.952,79.296
Chandrapur,04-09-2023,36,2023,9,0,6,93,100,19.952,79.296
Chandrapur,11-09-2023,37,2023,9,1,7,84,99,19.952,79.296
Chandrapur,18-09-2023,38,2023,9,1,8,79,89,19.952,79.296
Chandrapur,25-09-2023,39,2023,9,2,11,91,107,19.952,79.296
Chandrapur,02-10-2023,40,2023,10,1,4,38,45,19.952,79.296
Chandrapur,09-10-2023,41,2023,10,0,3,33,40,19.952,79.296
Chandrapur,16-10-2023,42,2023,10,0,5,41,49,19.952,79.296
Chandrapur,23-10-2023,43,2023,10,0,5,28,33,19.952,79.296
Chandrapur,30-10-2023,44,2023,10,0,4,28,36,19.952,79.296
Chandrapur,06-11-2023,45,2023,11,0,4,32,37,19.952,79.296
Chandrapur,13-11-2023,46,2023,11,0,6,33,40,19.952,79.296
Chandrapur,20-11-2023,47,2023,11,0,2,35,40,19.952,79.296
Chandrapur,27-11-2023,48,2023,11,0,6,31,42,19.952,79.296
Chandrapur,04-12-2023,49,2023,12,0,5,29,40,19.952,79.296
Chandrapur,11-12-2023,50,2023,12,0,2,29,34,19.952,79.296
Chandrapur,18-12-2023,51,2023,12,1,5,25,32,19.952,79.296
Chandrapur,25-12-2023,52,2023,12,0,8,27,37,19.952,79.296
Gadchiroli,07-01-2019,2,2019,1,0,2,22,24,19.75,80
Gadchiroli,14-01-2019,3,2019,1,0,0,16,18,19.75,80
Gadchiroli,21-01-2019,4,2019,1,0,6,8,15,19.75,80
Gadchiroli,28-01-2019,5,2019,1,0,4,6,12,19.75,80
Gadchiroli,04-02-2019,6,2019,2,1,6,8,16,19.75,80
Gadchiroli,11-02-2019,7,2019,2,0,4,16,20,19.75,80
Gadchiroli,18-02-2019,8,2019,2,0,3,13,17,19.75,80
Gadchiroli,25-02-2019,9,2019,2,0,2,15,18,19.75,80
Gadchiroli,04-03-2019,10,2019,3,0,1,13,16,19.75,80
Gadchiroli,11-03-2019,11,2019,3,0,2,11,13,19.75,80
Gadchiroli,18-03-2019,12,2019,3,0,1,13,16,19.75,80
Gadchiroli,25-03-2019,13,2019,3,0,6,16,23,19.75,80
Gadchiroli,01-04-2019,14,2019,4,0,5,34,42,19.75,80
Gadchiroli,08-04-2019,15,2019,4,0,5,27,35,19.75,80
Gadchiroli,15-04-2019,16,2019,4,0,2,22,25,19.75,80
Gadchiroli,22-04-2019,17,2019,4,0,6,32,38,19.75,80
Gadchiroli,29-04-2019,18,2019,4,0,8,22,31,19.75,80
Gadchiroli,06-05-2019,19,2019,5,0,4,33,38,19.75,80
Gadchiroli,13-05-2019,20,2019,5,0,4,22,28,19.75,80
Gadchiroli,20-05-2019,21,2019,5,0,6,23,31,19.75,80
Gadchiroli,27-05-2019,22,2019,5,0,6,33,42,19.75,80
Gadchiroli,03-06-2019,23,2019,6,1,4,58,63,19.75,80
Gadchiroli,10-06-2019,24,2019,6,0,6,54,60,19.75,80
Gadchiroli,17-06-2019,25,2019,6,0,5,55,61,19.75,80
Gadchiroli,24-06-2019,26,2019,6,0,1,72,74,19.75,80
Gadchiroli,01-07-2019,27,2019,7,3,5,58,72,19.75,80
Gadchiroli,08-07-2019,28,2019,7,0,4,39,45,19.75,80
Gadchiroli,15-07-2019,29,2019,7,0,4,53,59,19.75,80
Gadchiroli,22-07-2019,30,2019,7,0,6,62,69,19.75,80
Gadchiroli,29-07-2019,31,2019,7,2,6,54,64,19.75,80
Gadchiroli,05-08-2019,32,2019,8,0,3,61,68,19.75,80
Gadchiroli,12-08-2019,33,2019,8,0,4,53,58,19.75,80
Gadchiroli,19-08-2019,34,2019,8,0,7,38,45,19.75,80
Gadchiroli,26-08-2019,35,2019,8,0,7,42,50,19.75,80
Gadchiroli,02-09-2019,36,2019,9,0,2,41,44,19.75,80
Gadchiroli,09-09-2019,37,2019,9,0,2,64,68,19.75,80
Gadchiroli,16-09-2019,38,2019,9,1,5,42,49,19.75,80
Gadchiroli,23-09-2019,39,2019,9,0,5,64,72,19.75,80
Gadchiroli,30-09-2019,40,2019,9,0,4,60,66,19.75,80
Gadchiroli,07-10-2019,41,2019,10,0,4,16,20,19.75,80
Gadchiroli,14-10-2019,42,2019,10,0,3,28,33,19.75,80
Gadchiroli,21-10-2019,43,2019,10,1,2,14,18,19.75,80
Gadchiroli,28-10-2019,44,2019,10,0,3,16,21,19.75,80
Gadchiroli,04-11-2019,45,2019,11,0,1,18,20,19.75,80
Gadchiroli,11-11-2019,46,2019,11,0,4,21,26,19.75,80
Gadchiroli,18-11-2019,47,2019,11,1,4,26,33,19.75,80
Gadchiroli,25-11-2019,48,2019,11,1,2,27,33,19.75,80
Gadchiroli,02-12-2019,49,2019,12,0,3,13,19,19.75,80
Gadchiroli,09-12-2019,50,2019,12,1,0,11,14,19.75,80
Gadchiroli,16-12-2019,51,2019,12,0,4,19,24,19.75,80
Gadchiroli,23-12-2019,52,2019,12,0,3,13,16,19.75,80
Gadchiroli,30-12-2019,1,2019,12,0,5,18,23,19.75,80
Gadchiroli,06-01-2020,2,2020,1,0,2,22,24,19.75,80
Gadchiroli,13-01-2020,3,2020,1,0,5,17,24,19.75,80
Gadchiroli,20-01-2020,4,2020,1,0,3,16,19,19.75,80
Gadchiroli,27-01-2020,5,2020,1,0,7,13,25,19.75,80
Gadchiroli,03-02-2020,6,2020,2,0,4,8,12,19.75,80
Gadchiroli,10-02-2020,7,2020,2,0,2,9,15,19.75,80
Gadchiroli,17-02-2020,8,2020,2,1,3,14,19,19.75,80
Gadchiroli,24-02-2020,9,2020,2,0,1,16,17,19.75,80
Gadchiroli,02-03-2020,10,2020,3,1,1,18,21,19.75,80
Gadchiroli,09-03-2020,11,2020,3,0,3,17,20,19.75,80
Gadchiroli,16-03-2020,12,2020,3,0,2,15,20,19.75,80
Gadchiroli,23-03-2020,13,2020,3,0,1,14,20,19.75,80
Gadchiroli,30-03-2020,14,2020,3,0,4,17,24,19.75,80
Gadchiroli,06-04-2020,15,2020,4,0,8,23,32,19.75,80
Gadchiroli,13-04-2020,16,2020,4,0,6,22,29,19.75,80
Gadchiroli,20-04-2020,17,2020,4,0,5,24,30,19.75,80
Gadchiroli,27-04-2020,18,2020,4,0,7,30,37,19.75,80
Gadchiroli,04-05-2020,19,2020,5,0,10,29,40,19.75,80
Gadchiroli,11-05-2020,20,2020,5,1,3,25,29,19.75,80
Gadchiroli,18-05-2020,21,2020,5,0,8,26,36,19.75,80
Gadchiroli,25-05-2020,22,2020,5,0,8,28,37,19.75,80
Gadchiroli,01-06-2020,23,2020,6,1,10,41,53,19.75,80
Gadchiroli,08-06-2020,24,2020,6,0,2,43,45,19.75,80
Gadchiroli,15-06-2020,25,2020,6,0,9,53,64,19.75,80
Gadchiroli,22-06-2020,26,2020,6,1,5,52,60,19.75,80
Gadchiroli,29-06-2020,27,2020,6,0,3,39,43,19.75,80
Gadchiroli,06-07-2020,28,2020,7,0,4,52,57,19.75,80
Gadchiroli,13-07-2020,29,2020,7,1,4,61,70,19.75,80
Gadchiroli,20-07-2020,30,2020,7,0,5,58,63,19.75,80
Gadchiroli,27-07-2020,31,2020,7,0,5,49,55,19.75,80
Gadchiroli,03-08-2020,32,2020,8,1,3,65,73,19.75,80
Gadchiroli,10-08-2020,33,2020,8,0,3,55,58,19.75,80
Gadchiroli,17-08-2020,34,2020,8,0,4,57,62,19.75,80
Gadchiroli,24-08-2020,35,2020,8,0,1,54,57,19.75,80
Gadchiroli,31-08-2020,36,2020,8,0,3,60,63,19.75,80
Gadchiroli,07-09-2020,37,2020,9,0,7,40,49,19.75,80
Gadchiroli,14-09-2020,38,2020,9,0,7,45,56,19.75,80
Gadchiroli,21-09-2020,39,2020,9,1,3,54,61,19.75,80
Gadchiroli,28-09-2020,40,2020,9,0,0,53,58,19.75,80
Gadchiroli,05-10-2020,41,2020,10,0,1,25,26,19.75,80
Gadchiroli,12-10-2020,42,2020,10,0,8,20,29,19.75,80
Gadchiroli,19-10-2020,43,2020,10,0,2,28,31,19.75,80
Gadchiroli,26-10-2020,44,2020,10,0,3,13,16,19.75,80
Gadchiroli,02-11-2020,45,2020,11,1,2,27,32,19.75,80
Gadchiroli,09-11-2020,46,2020,11,0,4,10,17,19.75,80
Gadchiroli,16-11-2020,47,2020,11,0,3,17,20,19.75,80
Gadchiroli,23-11-2020,48,2020,11,0,4,24,29,19.75,80
Gadchiroli,30-11-2020,49,2020,11,0,4,19,24,19.75,80
Gadchiroli,07-12-2020,50,2020,12,0,5,12,18,19.75,80
Gadchiroli,14-12-2020,51,2020,12,0,4,8,13,19.75,80
Gadchiroli,21-12-2020,52,2020,12,0,4,9,15,19.75,80
Gadchiroli,28-12-2020,53,2020,12,0,4,13,20,19.75,80
Gadchiroli,04-01-2021,1,2021,1,1,1,14,16,19.75,80
Gadchiroli,11-01-2021,2,2021,1,0,5,9,14,19.75,80
Gadchiroli,18-01-2021,3,2021,1,0,5,22,27,19.75,80
Gadchiroli,25-01-2021,4,2021,1,0,2,10,12,19.75,80
Gadchiroli,01-02-2021,5,2021,2,0,2,16,20,19.75,80
Gadchiroli,08-02-2021,6,2021,2,0,2,15,20,19.75,80
Gadchiroli,15-02-2021,7,2021,2,0,1,16,21,19.75,80
Gadchiroli,22-02-2021,8,2021,2,0,5,20,27,19.75,80
Gadchiroli,01-03-2021,9,2021,3,0,3,10,16,19.75,80
Gadchiroli,08-03-2021,10,2021,3,1,6,21,29,19.75,80
Gadchiroli,15-03-2021,11,2021,3,0,1,15,17,19.75,80
Gadchiroli,22-03-2021,12,2021,3,0,2,15,19,19.75,80
Gadchiroli,29-03-2021,13,2021,3,0,6,10,19,19.75,80
Gadchiroli,05-04-2021,14,2021,4,0,3,37,42,19.75,80
Gadchiroli,12-04-2021,15,2021,4,0,5,24,30,19.75,80
Gadchiroli,19-04-2021,16,2021,4,0,0,23,25,19.75,80
Gadchiroli,26-04-2021,17,2021,4,0,6,18,25,19.75,80
Gadchiroli,03-05-2021,18,2021,5,0,5,27,34,19.75,80
Gadchiroli,10-05-2021,19,2021,5,0,8,38,46,19.75,80
Gadchiroli,17-05-2021,20,2021,5,0,8,24,33,19.75,80
Gadchiroli,24-05-2021,21,2021,5,0,6,33,40,19.75,80
Gadchiroli,31-05-2021,22,2021,5,1,7,27,35,19.75,80
Gadchiroli,07-06-2021,23,2021,6,2,3,42,51,19.75,80
Gadchiroli,14-06-2021,24,2021,6,0,7,58,67,19.75,80
Gadchiroli,21-06-2021,25,2021,6,0,6,61,68,19.75,80
Gadchiroli,28-06-2021,26,2021,6,0,4,49,56,19.75,80
Gadchiroli,05-07-2021,27,2021,7,2,8,45,57,19.75,80
Gadchiroli,12-07-2021,28,2021,7,1,4,58,64,19.75,80
Gadchiroli,19-07-2021,29,2021,7,0,2,53,56,19.75,80
Gadchiroli,26-07-2021,30,2021,7,1,5,42,55,19.75,80
Gadchiroli,02-08-2021,31,2021,8,0,4,49,56,19.75,80
Gadchiroli,09-08-2021,32,2021,8,0,5,59,68,19.75,80
Gadchiroli,16-08-2021,33,2021,8,0,4,54,63,19.75,80
Gadchiroli,23-08-2021,34,2021,8,0,6,53,59,19.75,80
Gadchiroli,30-08-2021,35,2021,8,0,7,56,64,19.75,80
Gadchiroli,06-09-2021,36,2021,9,0,2,55,61,19.75,80
Gadchiroli,13-09-2021,37,2021,9,1,4,51,58,19.75,80
Gadchiroli,20-09-2021,38,2021,9,0,3,50,54,19.75,80
Gadchiroli,27-09-2021,39,2021,9,1,6,55,63,19.75,80
Gadchiroli,04-10-2021,40,2021,10,0,1,16,18,19.75,80
Gadchiroli,11-10-2021,41,2021,10,0,5,21,27,19.75,80
Gadchiroli,18-10-2021,42,2021,10,0,4,22,29,19.75,80
Gadchiroli,25-10-2021,43,2021,10,1,3,22,29,19.75,80
Gadchiroli,01-11-2021,44,2021,11,0,2,25,28,19.75,80
Gadchiroli,08-11-2021,45,2021,11,1,5,20,28,19.75,80
Gadchiroli,15-11-2021,46,2021,11,1,4,22,28,19.75,80
Gadchiroli,22-11-2021,47,2021,11,1,1,26,29,19.75,80
Gadchiroli,29-11-2021,48,2021,11,0,4,16,21,19.75,80
Gadchiroli,06-12-2021,49,2021,12,0,1,14,18,19.75,80
Gadchiroli,13-12-2021,50,2021,12,0,5,13,19,19.75,80
Gadchiroli,20-12-2021,51,2021,12,0,6,16,24,19.75,80
Gadchiroli,27-12-2021,52,2021,12,1,3,16,21,19.75,80
Gadchiroli,03-01-2022,1,2022,1,0,1,19,23,19.75,80
Gadchiroli,10-01-2022,2,2022,1,0,5,18,24,19.75,80
Gadchiroli,17-01-2022,3,2022,1,0,2,17,21,19.75,80
Gadchiroli,24-01-2022,4,2022,1,0,4,18,26,19.75,80
Gadchiroli,31-01-2022,5,2022,1,0,2,6,9,19.75,80
Gadchiroli,07-02-2022,6,2022,2,0,4,15,21,19.75,80
Gadchiroli,14-02-2022,7,2022,2,1,2,15,19,19.75,80
Gadchiroli,21-02-2022,8,2022,2,0,4,20,25,19.75,80
Gadchiroli,28-02-2022,9,2022,2,0,3,17,23,19.75,80
Gadchiroli,07-03-2022,10,2022,3,0,2,16,19,19.75,80
Gadchiroli,14-03-2022,11,2022,3,0,2,13,15,19.75,80
Gadchiroli,21-03-2022,12,2022,3,0,3,9,14,19.75,80
Gadchiroli,28-03-2022,13,2022,3,0,4,15,20,19.75,80
Gadchiroli,04-04-2022,14,2022,4,0,7,25,33,19.75,80
Gadchiroli,11-04-2022,15,2022,4,0,5,25,33,19.75,80
Gadchiroli,18-04-2022,16,2022,4,0,7,19,28,19.75,80
Gadchiroli,25-04-2022,17,2022,4,0,6,25,32,19.75,80
Gadchiroli,02-05-2022,18,2022,5,1,4,26,33,19.75,80
Gadchiroli,09-05-2022,19,2022,5,0,3,26,30,19.75,80
Gadchiroli,16-05-2022,20,2022,5,0,5,25,31,19.75,80
Gadchiroli,23-05-2022,21,2022,5,1,7,32,42,19.75,80
Gadchiroli,30-05-2022,22,2022,5,0,5,24,30,19.75,80
Gadchiroli,06-06-2022,23,2022,6,1,8,49,60,19.75,80
Gadchiroli,13-06-2022,24,2022,6,0,6,46,52,19.75,80
Gadchiroli,20-06-2022,25,2022,6,0,8,52,62,19.75,80
Gadchiroli,27-06-2022,26,2022,6,0,2,49,52,19.75,80
Gadchiroli,04-07-2022,27,2022,7,0,7,57,67,19.75,80
Gadchiroli,11-07-2022,28,2022,7,0,6,58,68,19.75,80
Gadchiroli,18-07-2022,29,2022,7,1,5,50,57,19.75,80
Gadchiroli,25-07-2022,30,2022,7,0,3,55,59,19.75,80
Gadchiroli,01-08-2022,31,2022,8,0,2,50,53,19.75,80
Gadchiroli,08-08-2022,32,2022,8,0,5,43,50,19.75,80
Gadchiroli,15-08-2022,33,2022,8,0,5,60,65,19.75,80
Gadchiroli,22-08-2022,34,2022,8,1,8,48,60,19.75,80
Gadchiroli,29-08-2022,35,2022,8,2,4,49,57,19.75,80
Gadchiroli,05-09-2022,36,2022,9,0,8,53,64,19.75,80
Gadchiroli,12-09-2022,37,2022,9,0,5,39,46,19.75,80
Gadchiroli,19-09-2022,38,2022,9,0,3,43,48,19.75,80
Gadchiroli,26-09-2022,39,2022,9,0,5,61,68,19.75,80
Gadchiroli,03-10-2022,40,2022,10,0,5,16,22,19.75,80
Gadchiroli,10-10-2022,41,2022,10,0,1,21,22,19.75,80
Gadchiroli,17-10-2022,42,2022,10,0,4,17,21,19.75,80
Gadchiroli,24-10-2022,43,2022,10,0,3,22,26,19.75,80
Gadchiroli,31-10-2022,44,2022,10,0,2,22,26,19.75,80
Gadchiroli,07-11-2022,45,2022,11,0,5,19,24,19.75,80
Gadchiroli,14-11-2022,46,2022,11,1,1,20,23,19.75,80
Gadchiroli,21-11-2022,47,2022,11,0,1,26,29,19.75,80
Gadchiroli,28-11-2022,48,2022,11,0,7,23,30,19.75,80
Gadchiroli,05-12-2022,49,2022,12,0,2,11,13,19.75,80
Gadchiroli,12-12-2022,50,2022,12,0,4,20,25,19.75,80
Gadchiroli,19-12-2022,51,2022,12,0,2,17,21,19.75,80
Gadchiroli,26-12-2022,52,2022,12,0,2,18,23,19.75,80
Gadchiroli,02-01-2023,1,2023,1,0,0,23,24,19.75,80
Gadchiroli,09-01-2023,2,2023,1,0,3,14,20,19.75,80
Gadchiroli,16-01-2023,3,2023,1,0,3,21,27,19.75,80
Gadchiroli,23-01-2023,4,2023,1,0,6,19,26,19.75,80
Gadchiroli,30-01-2023,5,2023,1,0,3,17,25,19.75,80
Gadchiroli,06-02-2023,6,2023,2,0,3,10,15,19.75,80
Gadchiroli,13-02-2023,7,2023,2,0,2,17,20,19.75,80
Gadchiroli,20-02-2023,8,2023,2,0,3,9,14,19.75,80
Gadchiroli,27-02-2023,9,2023,2,0,2,15,20,19.75,80
Gadchiroli,06-03-2023,10,2023,3,0,6,12,19,19.75,80
Gadchiroli,13-03-2023,11,2023,3,0,5,24,31,19.75,80
Gadchiroli,20-03-2023,12,2023,3,0,8,11,22,19.75,80
Gadchiroli,27-03-2023,13,2023,3,0,4,15,21,19.75,80
Gadchiroli,03-04-2023,14,2023,4,1,7,22,30,19.75,80
Gadchiroli,10-04-2023,15,2023,4,0,6,23,30,19.75,80
Gadchiroli,17-04-2023,16,2023,4,0,3,21,26,19.75,80
Gadchiroli,24-04-2023,17,2023,4,0,6,24,33,19.75,80
Gadchiroli,01-05-2023,18,2023,5,0,6,25,32,19.75,80
Gadchiroli,08-05-2023,19,2023,5,0,4,27,31,19.75,80
Gadchiroli,15-05-2023,20,2023,5,0,2,30,35,19.75,80
Gadchiroli,22-05-2023,21,2023,5,0,2,27,29,19.75,80
Gadchiroli,29-05-2023,22,2023,5,0,7,25,33,19.75,80
Gadchiroli,05-06-2023,23,2023,6,0,6,57,64,19.75,80
Gadchiroli,12-06-2023,24,2023,6,3,3,51,58,19.75,80
Gadchiroli,19-06-2023,25,2023,6,0,1,56,58,19.75,80
Gadchiroli,26-06-2023,26,2023,6,1,9,44,57,19.75,80
Gadchiroli,03-07-2023,27,2023,7,0,3,51,58,19.75,80
Gadchiroli,10-07-2023,28,2023,7,0,5,53,61,19.75,80
Gadchiroli,17-07-2023,29,2023,7,0,6,51,61,19.75,80
Gadchiroli,24-07-2023,30,2023,7,1,3,68,75,19.75,80
Gadchiroli,31-07-2023,31,2023,7,0,4,54,60,19.75,80
Gadchiroli,07-08-2023,32,2023,8,0,2,51,58,19.75,80
Gadchiroli,14-08-2023,33,2023,8,1,3,40,46,19.75,80
Gadchiroli,21-08-2023,34,2023,8,0,5,58,66,19.75,80
Gadchiroli,28-08-2023,35,2023,8,0,4,57,62,19.75,80
Gadchiroli,04-09-2023,36,2023,9,0,6,50,60,19.75,80
Gadchiroli,11-09-2023,37,2023,9,1,3,61,67,19.75,80
Gadchiroli,18-09-2023,38,2023,9,1,3,50,56,19.75,80
Gadchiroli,25-09-2023,39,2023,9,1,4,48,57,19.75,80
Gadchiroli,02-10-2023,40,2023,10,0,1,18,20,19.75,80
Gadchiroli,09-10-2023,41,2023,10,0,2,26,29,19.75,80
Gadchiroli,16-10-2023,42,2023,10,0,4,36,43,19.75,80
Gadchiroli,23-10-2023,43,2023,10,0,7,16,25,19.75,80
Gadchiroli,30-10-2023,44,2023,10,0,3,14,19,19.75,80
Gadchiroli,06-11-2023,45,2023,11,1,3,24,30,19.75,80
Gadchiroli,13-11-2023,46,2023,11,0,3,22,28,19.75,80
Gadchiroli,20-11-2023,47,2023,11,0,3,27,32,19.75,80
Gadchiroli,27-11-2023,48,2023,11,0,3,14,20,19.75,80
Gadchiroli,04-12-2023,49,2023,12,0,9,19,29,19.75,80
Gadchiroli,11-12-2023,50,2023,12,0,7,12,20,19.75,80
Gadchiroli,18-12-2023,51,2023,12,1,5,20,27,19.75,80
Gadchiroli,25-12-2023,52,2023,12,0,3,11,16,19.75,80
