district,date,week,year,month,rainfall_mm,rainfall_anomaly_pct,temperature_c,humidity_pct,monsoon_flag,flood_alert,region
Mumbai City,2019-01-07,2,2019,1,2.17,-12.96,21.9,62.2,0,0,coastal
Mumbai City,2019-01-14,3,2019,1,1.49,-39.07,24.8,61.4,0,0,coastal
Mumbai City,2019-01-21,4,2019,1,1.41,-42.06,22.6,58.0,0,0,coastal
Mumbai City,2019-01-28,5,2019,1,3.45,36.27,23.1,64.2,0,0,coastal
Mumbai City,2019-02-04,6,2019,2,1.72,13.57,21.6,57.3,0,0,coastal
Mumbai City,2019-02-11,7,2019,2,1.55,3.08,24.5,62.3,0,0,coastal
Mumbai City,2019-02-18,8,2019,2,2.69,74.23,22.6,59.7,0,0,coastal
Mumbai City,2019-02-25,9,2019,2,1.37,-8.15,20.4,67.2,0,0,coastal
Mumbai City,2019-03-04,10,2019,3,2.02,0.98,23.1,72.8,0,0,coastal
Mumbai City,2019-03-11,11,2019,3,1.84,-7.81,25.0,64.3,0,0,coastal
Mumbai City,2019-03-18,12,2019,3,2.86,40.67,24.4,67.6,0,0,coastal
Mumbai City,2019-03-25,13,2019,3,1.9,-4.71,24.3,63.1,0,0,coastal
Mumbai City,2019-04-01,14,2019,4,2.06,-30.32,23.8,32.3,0,0,coastal
Mumbai City,2019-04-08,15,2019,4,3.57,18.39,25.7,39.9,0,0,coastal
Mumbai City,2019-04-15,16,2019,4,5.03,65.33,24.2,41.9,0,0,coastal
Mumbai City,2019-04-22,17,2019,4,2.13,-28.15,25.1,29.1,0,0,coastal
Mumbai City,2019-04-29,18,2019,4,2.61,-12.67,23.3,35.1,0,0,coastal
Mumbai City,2019-05-06,19,2019,5,4.9,-18.09,25.1,31.8,0,0,coastal
Mumbai City,2019-05-13,20,2019,5,5.57,-7.21,26.6,40.9,0,0,coastal
Mumbai City,2019-05-20,21,2019,5,4.13,-30.76,25.8,36.5,0,0,coastal
Mumbai City,2019-05-27,22,2019,5,6.75,12.24,28.4,33.9,0,0,coastal
Mumbai City,2019-06-03,23,2019,6,47.43,-33.21,25.8,88.9,1,0,coastal
Mumbai City,2019-06-10,24,2019,6,89.89,26.45,25.9,88.8,1,0,coastal
Mumbai City,2019-06-17,25,2019,6,115.76,62.8,28.8,94.6,1,0,coastal
Mumbai City,2019-06-24,26,2019,6,106.19,49.35,27.3,87.2,1,0,coastal
Mumbai City,2019-07-01,27,2019,7,154.78,8.51,28.0,92.5,1,0,coastal
Mumbai City,2019-07-08,28,2019,7,185.41,29.97,28.1,78.7,1,0,coastal
Mumbai City,2019-07-15,29,2019,7,177.52,24.45,25.3,86.7,1,0,coastal
Mumbai City,2019-07-22,30,2019,7,158.22,10.92,26.4,84.0,1,0,coastal
Mumbai City,2019-07-29,31,2019,7,201.73,41.41,27.5,94.1,1,0,coastal
Mumbai City,2019-08-05,32,2019,8,131.86,0.95,26.9,99.0,1,0,coastal
Mumbai City,2019-08-12,33,2019,8,130.57,-0.04,25.1,92.3,1,0,coastal
Mumbai City,2019-08-19,34,2019,8,190.5,45.81,28.4,93.4,1,0,coastal
Mumbai City,2019-08-26,35,2019,8,105.3,-19.37,27.8,90.5,1,0,coastal
Mumbai City,2019-09-02,36,2019,9,135.13,36.33,26.7,93.2,1,0,coastal
Mumbai City,2019-09-09,37,2019,9,128.61,29.76,27.3,85.6,1,0,coastal
Mumbai City,2019-09-16,38,2019,9,139.7,40.94,26.7,89.4,1,0,coastal
Mumbai City,2019-09-23,39,2019,9,108.23,9.22,27.8,88.8,1,0,coastal
Mumbai City,2019-09-30,40,2019,9,78.78,-20.48,28.0,92.2,1,0,coastal
Mumbai City,2019-10-07,41,2019,10,39.77,28.08,26.8,61.0,0,0,coastal
Mumbai City,2019-10-14,42,2019,10,35.19,13.38,25.7,67.5,0,0,coastal
Mumbai City,2019-10-21,43,2019,10,42.43,36.64,27.8,65.8,0,0,coastal
Mumbai City,2019-10-28,44,2019,10,40.24,29.61,26.1,59.2,0,0,coastal
Mumbai City,2019-11-04,45,2019,11,8.14,-9.53,26.6,63.6,0,0,coastal
Mumbai City,2019-11-11,46,2019,11,5.18,-42.09,25.7,63.4,0,0,coastal
Mumbai City,2019-11-18,47,2019,11,9.56,6.01,26.3,75.4,0,0,coastal
Mumbai City,2019-11-25,48,2019,11,6.53,-27.26,27.6,65.5,0,0,coastal
Mumbai City,2019-12-02,49,2019,12,3.03,48.7,25.5,65.2,0,0,coastal
Mumbai City,2019-12-09,50,2019,12,2.55,25.99,23.3,62.5,0,0,coastal
Mumbai City,2019-12-16,51,2019,12,2.41,19.21,23.4,65.3,0,0,coastal
Mumbai City,2019-12-23,52,2019,12,1.63,-17.81,25.5,67.4,0,0,coastal
Mumbai City,2019-12-30,1,2019,12,3.17,55.76,25.4,59.5,0,0,coastal
Mumbai City,2020-01-06,2,2020,1,1.74,-29.29,22.5,66.9,0,0,coastal
Mumbai City,2020-01-13,3,2020,1,1.82,-26.41,24.1,64.2,0,0,coastal
Mumbai City,2020-01-20,4,2020,1,1.1,-53.91,24.4,69.3,0,0,coastal
Mumbai City,2020-01-27,5,2020,1,1.6,-34.83,23.7,68.6,0,0,coastal
Mumbai City,2020-02-03,6,2020,2,0.95,-34.36,22.9,67.2,0,0,coastal
Mumbai City,2020-02-10,7,2020,2,1.84,21.08,23.2,61.2,0,0,coastal
Mumbai City,2020-02-17,8,2020,2,1.48,-1.26,22.5,64.5,0,0,coastal
Mumbai City,2020-02-24,9,2020,2,0.76,-46.22,21.9,67.9,0,0,coastal
Mumbai City,2020-03-02,10,2020,3,1.95,-2.51,23.6,60.8,0,0,coastal
Mumbai City,2020-03-09,11,2020,3,2.64,30.48,24.6,75.7,0,0,coastal
Mumbai City,2020-03-16,12,2020,3,1.21,-37.61,22.4,66.8,0,0,coastal
Mumbai City,2020-03-23,13,2020,3,1.69,-14.87,23.8,59.6,0,0,coastal
Mumbai City,2020-03-30,14,2020,3,1.8,-9.61,23.3,60.2,0,0,coastal
Mumbai City,2020-04-06,15,2020,4,2.05,-30.86,23.2,39.7,0,0,coastal
Mumbai City,2020-04-13,16,2020,4,2.57,-13.81,24.8,41.4,0,0,coastal
Mumbai City,2020-04-20,17,2020,4,2.07,-29.98,23.7,37.8,0,0,coastal
Mumbai City,2020-04-27,18,2020,4,1.5,-48.35,22.4,38.0,0,0,coastal
Mumbai City,2020-05-04,19,2020,5,5.79,-3.59,25.4,28.7,0,0,coastal
Mumbai City,2020-05-11,20,2020,5,6.45,7.28,25.2,38.8,0,0,coastal
Mumbai City,2020-05-18,21,2020,5,6.5,8.03,24.8,28.5,0,0,coastal
Mumbai City,2020-05-25,22,2020,5,6.22,3.48,26.3,36.6,0,0,coastal
Mumbai City,2020-06-01,23,2020,6,62.76,-11.67,27.6,99.0,1,0,coastal
Mumbai City,2020-06-08,24,2020,6,105.26,48.05,26.8,91.9,1,0,coastal
Mumbai City,2020-06-15,25,2020,6,57.41,-19.18,23.9,95.7,1,0,coastal
Mumbai City,2020-06-22,26,2020,6,46.01,-35.2,24.9,93.3,1,0,coastal
Mumbai City,2020-06-29,27,2020,6,122.74,72.61,27.1,86.9,1,0,coastal
Mumbai City,2020-07-06,28,2020,7,179.73,25.99,27.3,81.5,1,0,coastal
Mumbai City,2020-07-13,29,2020,7,76.08,-46.63,26.3,89.9,1,0,coastal
Mumbai City,2020-07-20,30,2020,7,166.91,17.01,26.4,93.2,1,0,coastal
Mumbai City,2020-07-27,31,2020,7,198.63,39.23,26.7,80.9,1,0,coastal
Mumbai City,2020-08-03,32,2020,8,149.38,14.35,29.2,85.7,1,0,coastal
Mumbai City,2020-08-10,33,2020,8,192.97,47.7,26.3,87.3,1,0,coastal
Mumbai City,2020-08-17,34,2020,8,173.14,32.52,26.7,81.1,1,0,coastal
Mumbai City,2020-08-24,35,2020,8,147.89,13.21,25.5,92.7,1,0,coastal
Mumbai City,2020-08-31,36,2020,8,151.97,16.34,28.8,83.6,1,0,coastal
Mumbai City,2020-09-07,37,2020,9,58.01,-41.42,26.9,85.9,1,0,coastal
Mumbai City,2020-09-14,38,2020,9,31.98,-67.66,26.5,88.2,1,0,coastal
Mumbai City,2020-09-21,39,2020,9,105.87,6.83,27.1,87.0,1,0,coastal
Mumbai City,2020-09-28,40,2020,9,142.78,44.04,26.4,84.9,1,0,coastal
Mumbai City,2020-10-05,41,2020,10,25.41,-18.05,27.1,62.6,0,0,coastal
Mumbai City,2020-10-12,42,2020,10,33.39,7.58,27.1,61.8,0,0,coastal
Mumbai City,2020-10-19,43,2020,10,22.44,-27.59,28.7,65.6,0,0,coastal
Mumbai City,2020-10-26,44,2020,10,0.0,-99.68,25.6,68.0,0,0,coastal
Mumbai City,2020-11-02,45,2020,11,7.86,-12.58,25.8,68.6,0,0,coastal
Mumbai City,2020-11-09,46,2020,11,5.49,-38.59,26.0,64.1,0,0,coastal
Mumbai City,2020-11-16,47,2020,11,8.74,-2.99,25.4,63.4,0,0,coastal
Mumbai City,2020-11-23,48,2020,11,9.47,5.06,24.7,62.1,0,0,coastal
Mumbai City,2020-11-30,49,2020,11,13.04,44.23,26.5,69.4,0,0,coastal
Mumbai City,2020-12-07,50,2020,12,1.82,-8.82,25.2,60.9,0,0,coastal
Mumbai City,2020-12-14,51,2020,12,1.97,-1.6,25.3,69.2,0,0,coastal
Mumbai City,2020-12-21,52,2020,12,1.6,-19.34,25.0,78.3,0,0,coastal
Mumbai City,2020-12-28,53,2020,12,1.81,-9.19,24.0,67.7,0,0,coastal
Mumbai City,2021-01-04,1,2021,1,3.24,28.29,23.0,67.1,0,0,coastal
Mumbai City,2021-01-11,2,2021,1,3.99,57.25,23.2,71.3,0,0,coastal
Mumbai City,2021-01-18,3,2021,1,2.54,1.47,23.1,65.7,0,0,coastal
Mumbai City,2021-01-25,4,2021,1,3.74,47.73,25.0,66.6,0,0,coastal
Mumbai City,2021-02-01,5,2021,2,1.27,-14.69,21.9,63.3,0,0,coastal
Mumbai City,2021-02-08,6,2021,2,2.15,40.37,22.5,69.9,0,0,coastal
Mumbai City,2021-02-15,7,2021,2,2.86,84.76,21.9,65.3,0,0,coastal
Mumbai City,2021-02-22,8,2021,2,2.17,41.66,24.0,66.1,0,0,coastal
Mumbai City,2021-03-01,9,2021,3,2.4,19.08,22.2,63.0,0,0,coastal
Mumbai City,2021-03-08,10,2021,3,2.91,43.14,25.7,59.4,0,0,coastal
Mumbai City,2021-03-15,11,2021,3,3.36,64.85,25.2,66.0,0,0,coastal
Mumbai City,2021-03-22,12,2021,3,1.93,-3.36,25.7,64.6,0,0,coastal
Mumbai City,2021-03-29,13,2021,3,2.81,38.68,23.1,57.8,0,0,coastal
Mumbai City,2021-04-05,14,2021,4,4.43,46.01,25.5,37.3,0,0,coastal
Mumbai City,2021-04-12,15,2021,4,2.6,-13.02,25.9,38.6,0,0,coastal
Mumbai City,2021-04-19,16,2021,4,6.34,107.43,24.7,26.5,0,0,coastal
Mumbai City,2021-04-26,17,2021,4,3.26,8.38,24.5,35.6,0,0,coastal
Mumbai City,2021-05-03,18,2021,5,8.85,46.65,25.2,40.3,0,0,coastal
Mumbai City,2021-05-10,19,2021,5,7.45,23.72,23.3,34.8,0,0,coastal
Mumbai City,2021-05-17,20,2021,5,6.14,2.13,26.0,40.2,0,0,coastal
Mumbai City,2021-05-24,21,2021,5,4.98,-16.74,25.6,43.2,0,0,coastal
Mumbai City,2021-05-31,22,2021,5,6.63,10.28,25.1,44.3,0,0,coastal
Mumbai City,2021-06-07,23,2021,6,100.57,41.46,28.2,84.6,1,0,coastal
Mumbai City,2021-06-14,24,2021,6,77.58,9.15,25.3,90.6,1,0,coastal
Mumbai City,2021-06-21,25,2021,6,71.03,-0.05,25.4,88.7,1,0,coastal
Mumbai City,2021-06-28,26,2021,6,96.64,35.94,26.4,88.6,1,0,coastal
Mumbai City,2021-07-05,27,2021,7,254.49,78.37,28.1,87.8,1,0,coastal
Mumbai City,2021-07-12,28,2021,7,208.57,46.19,27.9,89.6,1,0,coastal
Mumbai City,2021-07-19,29,2021,7,138.97,-2.57,24.7,97.1,1,0,coastal
Mumbai City,2021-07-26,30,2021,7,178.78,25.32,27.4,83.6,1,0,coastal
Mumbai City,2021-08-02,31,2021,8,151.46,15.94,26.0,83.0,1,0,coastal
Mumbai City,2021-08-09,32,2021,8,177.07,35.53,27.4,88.6,1,0,coastal
Mumbai City,2021-08-16,33,2021,8,166.55,27.48,27.6,74.4,1,0,coastal
Mumbai City,2021-08-23,34,2021,8,198.15,51.66,29.7,80.6,1,0,coastal
Mumbai City,2021-08-30,35,2021,8,74.71,-42.77,25.0,93.0,1,0,coastal
Mumbai City,2021-09-06,36,2021,9,81.98,-17.25,27.1,90.5,1,0,coastal
Mumbai City,2021-09-13,37,2021,9,116.74,17.79,26.3,86.4,1,0,coastal
Mumbai City,2021-09-20,38,2021,9,77.69,-21.57,27.8,93.5,1,0,coastal
Mumbai City,2021-09-27,39,2021,9,129.96,31.12,25.8,87.7,1,0,coastal
Mumbai City,2021-10-04,40,2021,10,36.29,16.89,25.7,65.1,0,0,coastal
Mumbai City,2021-10-11,41,2021,10,35.37,13.95,27.8,60.4,0,0,coastal
Mumbai City,2021-10-18,42,2021,10,36.08,16.24,25.4,64.7,0,0,coastal
Mumbai City,2021-10-25,43,2021,10,41.25,32.85,26.1,69.4,0,0,coastal
Mumbai City,2021-11-01,44,2021,11,16.42,81.35,21.9,69.4,0,0,coastal
Mumbai City,2021-11-08,45,2021,11,11.02,22.1,25.8,63.7,0,0,coastal
Mumbai City,2021-11-15,46,2021,11,13.09,44.8,25.9,69.0,0,0,coastal
Mumbai City,2021-11-22,47,2021,11,11.22,24.24,26.5,68.9,0,0,coastal
Mumbai City,2021-11-29,48,2021,11,10.77,19.32,26.7,67.5,0,0,coastal
Mumbai City,2021-12-06,49,2021,12,2.61,29.05,24.2,60.8,0,0,coastal
Mumbai City,2021-12-13,50,2021,12,2.75,35.7,25.8,63.4,0,0,coastal
Mumbai City,2021-12-20,51,2021,12,2.99,46.89,24.2,64.4,0,0,coastal
Mumbai City,2021-12-27,52,2021,12,2.08,3.52,24.2,61.0,0,0,coastal
Mumbai City,2022-01-03,1,2022,1,5.71,123.07,25.4,67.4,0,0,coastal
Mumbai City,2022-01-10,2,2022,1,2.36,-5.64,22.7,57.4,0,0,coastal
Mumbai City,2022-01-17,3,2022,1,2.56,2.26,25.1,59.7,0,0,coastal
Mumbai City,2022-01-24,4,2022,1,3.2,26.75,24.3,65.7,0,0,coastal
Mumbai City,2022-01-31,5,2022,1,5.03,96.96,24.4,66.1,0,0,coastal
Mumbai City,2022-02-07,6,2022,2,1.32,-11.6,22.2,59.5,0,0,coastal
Mumbai City,2022-02-14,7,2022,2,0.93,-35.66,22.7,67.6,0,0,coastal
Mumbai City,2022-02-21,8,2022,2,0.64,-53.75,22.8,61.0,0,0,coastal
Mumbai City,2022-02-28,9,2022,2,2.03,33.01,22.5,69.2,0,0,coastal
Mumbai City,2022-03-07,10,2022,3,1.75,-12.02,24.6,65.0,0,0,coastal
Mumbai City,2022-03-14,11,2022,3,2.5,23.55,25.2,74.3,0,0,coastal
Mumbai City,2022-03-21,12,2022,3,2.25,11.65,24.0,72.1,0,0,coastal
Mumbai City,2022-03-28,13,2022,3,1.69,-15.0,24.6,62.1,0,0,coastal
Mumbai City,2022-04-04,14,2022,4,3.1,2.98,24.1,38.3,0,0,coastal
Mumbai City,2022-04-11,15,2022,4,3.01,0.07,23.5,28.7,0,0,coastal
Mumbai City,2022-04-18,16,2022,4,3.38,12.17,26.3,25.7,0,0,coastal
Mumbai City,2022-04-25,17,2022,4,2.96,-1.46,24.3,39.5,0,0,coastal
Mumbai City,2022-05-02,18,2022,5,4.46,-25.29,25.8,28.7,0,0,coastal
Mumbai City,2022-05-09,19,2022,5,9.0,49.06,24.7,40.8,0,0,coastal
Mumbai City,2022-05-16,20,2022,5,6.6,9.76,24.8,38.0,0,0,coastal
Mumbai City,2022-05-23,21,2022,5,8.07,33.85,27.9,37.8,0,0,coastal
Mumbai City,2022-05-30,22,2022,5,7.87,30.56,26.8,18.1,0,0,coastal
Mumbai City,2022-06-06,23,2022,6,86.33,21.44,27.7,89.2,1,0,coastal
Mumbai City,2022-06-13,24,2022,6,64.11,-9.77,25.6,87.8,1,0,coastal
Mumbai City,2022-06-20,25,2022,6,73.43,3.33,26.7,88.0,1,0,coastal
Mumbai City,2022-06-27,26,2022,6,92.47,30.07,24.9,92.0,1,0,coastal
Mumbai City,2022-07-04,27,2022,7,217.35,52.35,24.9,85.8,1,0,coastal
Mumbai City,2022-07-11,28,2022,7,196.22,37.55,27.4,82.2,1,0,coastal
Mumbai City,2022-07-18,29,2022,7,183.68,28.76,24.6,90.5,1,0,coastal
Mumbai City,2022-07-25,30,2022,7,221.28,55.11,26.8,92.0,1,0,coastal
Mumbai City,2022-08-01,31,2022,8,156.3,19.65,26.1,85.2,1,0,coastal
Mumbai City,2022-08-08,32,2022,8,126.87,-2.87,26.7,93.8,1,0,coastal
Mumbai City,2022-08-15,33,2022,8,209.16,60.08,28.0,95.4,1,0,coastal
Mumbai City,2022-08-22,34,2022,8,153.76,17.7,23.8,88.0,1,0,coastal
Mumbai City,2022-08-29,35,2022,8,105.65,-19.1,27.8,87.3,1,0,coastal
Mumbai City,2022-09-05,36,2022,9,117.88,18.95,26.9,85.2,1,0,coastal
Mumbai City,2022-09-12,37,2022,9,77.9,-21.36,26.3,90.2,1,0,coastal
Mumbai City,2022-09-19,38,2022,9,154.71,56.07,27.4,99.0,1,0,coastal
Mumbai City,2022-09-26,39,2022,9,129.08,30.23,27.1,93.7,1,0,coastal
Mumbai City,2022-10-03,40,2022,10,18.01,-41.83,25.7,68.1,0,0,coastal
Mumbai City,2022-10-10,41,2022,10,25.65,-17.28,28.2,62.5,0,0,coastal
Mumbai City,2022-10-17,42,2022,10,42.4,36.53,26.6,74.7,0,0,coastal
Mumbai City,2022-10-24,43,2022,10,41.53,33.75,27.2,63.2,0,0,coastal
Mumbai City,2022-10-31,44,2022,10,27.34,-11.85,26.5,67.8,0,0,coastal
Mumbai City,2022-11-07,45,2022,11,10.8,19.66,24.1,63.3,0,0,coastal
Mumbai City,2022-11-14,46,2022,11,10.75,19.16,24.7,67.0,0,0,coastal
Mumbai City,2022-11-21,47,2022,11,8.34,-7.31,26.5,63.9,0,0,coastal
Mumbai City,2022-11-28,48,2022,11,9.88,9.58,26.0,67.6,0,0,coastal
Mumbai City,2022-12-05,49,2022,12,2.76,36.06,23.6,64.9,0,0,coastal
Mumbai City,2022-12-12,50,2022,12,2.26,12.29,28.7,69.5,0,0,coastal
Mumbai City,2022-12-19,51,2022,12,2.25,11.69,23.5,64.1,0,0,coastal
Mumbai City,2022-12-26,52,2022,12,3.78,84.66,23.2,64.0,0,0,coastal
Mumbai City,2023-01-02,1,2023,1,4.11,61.75,26.7,64.0,0,0,coastal
Mumbai City,2023-01-09,2,2023,1,3.5,38.27,25.2,68.5,0,0,coastal
Mumbai City,2023-01-16,3,2023,1,3.23,27.86,25.7,71.0,0,0,coastal
Mumbai City,2023-01-23,4,2023,1,3.39,34.11,26.1,65.9,0,0,coastal
Mumbai City,2023-01-30,5,2023,1,3.16,25.16,23.8,53.2,0,0,coastal
Mumbai City,2023-02-06,6,2023,2,1.91,25.4,23.2,59.2,0,0,coastal
Mumbai City,2023-02-13,7,2023,2,1.42,-4.99,24.2,58.4,0,0,coastal
Mumbai City,2023-02-20,8,2023,2,1.76,16.4,24.0,59.5,0,0,coastal
Mumbai City,2023-02-27,9,2023,2,1.82,20.0,23.5,69.4,0,0,coastal
Mumbai City,2023-03-06,10,2023,3,2.57,27.25,24.6,62.6,0,0,coastal
Mumbai City,2023-03-13,11,2023,3,2.66,31.47,25.0,58.1,0,0,coastal
Mumbai City,2023-03-20,12,2023,3,2.69,32.57,27.3,62.3,0,0,coastal
Mumbai City,2023-03-27,13,2023,3,2.48,22.73,23.1,71.2,0,0,coastal
Mumbai City,2023-04-03,14,2023,4,4.07,34.52,24.9,39.0,0,0,coastal
Mumbai City,2023-04-10,15,2023,4,4.54,49.55,23.6,37.3,0,0,coastal
Mumbai City,2023-04-17,16,2023,4,3.92,29.56,25.0,35.0,0,0,coastal
Mumbai City,2023-04-24,17,2023,4,4.4,44.91,23.3,32.5,0,0,coastal
Mumbai City,2023-05-01,18,2023,5,7.34,21.84,25.2,34.6,0,0,coastal
Mumbai City,2023-05-08,19,2023,5,6.39,6.26,27.1,35.0,0,0,coastal
Mumbai City,2023-05-15,20,2023,5,10.74,77.47,25.8,40.5,0,0,coastal
Mumbai City,2023-05-22,21,2023,5,8.28,37.2,27.6,33.4,0,0,coastal
Mumbai City,2023-05-29,22,2023,5,7.56,25.46,24.3,27.9,0,0,coastal
Mumbai City,2023-06-05,23,2023,6,105.37,48.2,25.6,93.0,1,0,coastal
Mumbai City,2023-06-12,24,2023,6,82.98,16.74,27.6,92.1,1,0,coastal
Mumbai City,2023-06-19,25,2023,6,23.34,-67.06,26.1,82.8,1,0,coastal
Mumbai City,2023-06-26,26,2023,6,6.14,-91.23,25.7,79.8,1,0,coastal
Mumbai City,2023-07-03,27,2023,7,166.57,16.77,26.0,90.5,1,0,coastal
Mumbai City,2023-07-10,28,2023,7,172.75,21.1,28.0,92.3,1,0,coastal
Mumbai City,2023-07-17,29,2023,7,210.27,47.39,27.2,86.3,1,0,coastal
Mumbai City,2023-07-24,30,2023,7,143.79,0.81,26.0,87.0,1,0,coastal
Mumbai City,2023-07-31,31,2023,7,212.2,48.74,28.0,80.4,1,0,coastal
Mumbai City,2023-08-07,32,2023,8,162.99,24.76,27.1,82.7,1,0,coastal
Mumbai City,2023-08-14,33,2023,8,188.88,44.57,29.3,85.8,1,0,coastal
Mumbai City,2023-08-21,34,2023,8,152.48,16.72,27.6,99.0,1,0,coastal
Mumbai City,2023-08-28,35,2023,8,195.11,49.34,26.2,84.2,1,0,coastal
Mumbai City,2023-09-04,36,2023,9,117.0,18.05,26.8,91.8,1,0,coastal
Mumbai City,2023-09-11,37,2023,9,116.97,18.03,27.1,84.2,1,0,coastal
Mumbai City,2023-09-18,38,2023,9,111.93,12.95,27.5,98.9,1,0,coastal
Mumbai City,2023-09-25,39,2023,9,115.63,16.67,27.2,85.5,1,0,coastal
Mumbai City,2023-10-02,40,2023,10,28.16,-9.2,27.1,67.4,0,0,coastal
Mumbai City,2023-10-09,41,2023,10,22.39,-27.75,24.8,69.8,0,0,coastal
Mumbai City,2023-10-16,42,2023,10,28.27,-8.86,26.6,66.5,0,0,coastal
Mumbai City,2023-10-23,43,2023,10,38.42,23.75,26.2,68.2,0,0,coastal
Mumbai City,2023-10-30,44,2023,10,49.56,59.54,26.5,58.0,0,0,coastal
Mumbai City,2023-11-06,45,2023,11,7.06,-21.37,27.5,61.1,0,0,coastal
Mumbai City,2023-11-13,46,2023,11,13.63,50.7,24.2,58.7,0,0,coastal
Mumbai City,2023-11-20,47,2023,11,12.0,32.84,25.0,71.6,0,0,coastal
Mumbai City,2023-11-27,48,2023,11,10.56,16.99,24.8,58.7,0,0,coastal
Mumbai City,2023-12-04,49,2023,12,3.67,79.3,24.8,64.5,0,0,coastal
Mumbai City,2023-12-11,50,2023,12,2.21,9.85,25.3,66.1,0,0,coastal
Mumbai City,2023-12-18,51,2023,12,2.38,18.19,22.9,68.7,0,0,coastal
Mumbai City,2023-12-25,52,2023,12,2.18,8.64,26.3,73.2,0,0,coastal
Mumbai Suburban,2019-01-07,2,2019,1,3.08,11.09,24.2,63.4,0,0,coastal
Mumbai Suburban,2019-01-14,3,2019,1,1.82,-32.88,25.8,63.0,0,0,coastal
Mumbai Suburban,2019-01-21,4,2019,1,3.3,18.82,22.0,59.5,0,0,coastal
Mumbai Suburban,2019-01-28,5,2019,1,0.92,-64.37,24.2,60.5,0,0,coastal
Mumbai Suburban,2019-02-04,6,2019,2,1.58,-4.27,23.2,57.3,0,0,coastal
Mumbai Suburban,2019-02-11,7,2019,2,1.53,-6.86,23.3,65.6,0,0,coastal
Mumbai Suburban,2019-02-18,8,2019,2,0.59,-60.83,23.5,59.3,0,0,coastal
Mumbai Suburban,2019-02-25,9,2019,2,1.96,17.53,23.2,71.9,0,0,coastal
Mumbai Suburban,2019-03-04,10,2019,3,2.47,11.4,23.5,59.9,0,0,coastal
Mumbai Suburban,2019-03-11,11,2019,3,2.75,23.41,22.3,61.2,0,0,coastal
Mumbai Suburban,2019-03-18,12,2019,3,0.17,-88.5,22.2,69.7,0,0,coastal
Mumbai Suburban,2019-03-25,13,2019,3,1.8,-17.71,23.6,60.3,0,0,coastal
Mumbai Suburban,2019-04-01,14,2019,4,4.9,46.6,24.5,35.1,0,0,coastal
Mumbai Suburban,2019-04-08,15,2019,4,2.79,-15.33,27.4,28.2,0,0,coastal
Mumbai Suburban,2019-04-15,16,2019,4,3.08,-6.85,26.7,34.2,0,0,coastal
Mumbai Suburban,2019-04-22,17,2019,4,4.22,26.56,25.8,37.7,0,0,coastal
Mumbai Suburban,2019-04-29,18,2019,4,4.98,48.93,25.9,25.3,0,0,coastal
Mumbai Suburban,2019-05-06,19,2019,5,9.1,36.92,25.4,37.5,0,0,coastal
Mumbai Suburban,2019-05-13,20,2019,5,4.69,-28.74,26.7,32.8,0,0,coastal
Mumbai Suburban,2019-05-20,21,2019,5,6.32,-4.41,26.9,32.2,0,0,coastal
Mumbai Suburban,2019-05-27,22,2019,5,7.43,12.01,26.0,36.3,0,0,coastal
Mumbai Suburban,2019-06-03,23,2019,6,78.9,0.7,26.1,85.5,1,0,coastal
Mumbai Suburban,2019-06-10,24,2019,6,111.72,42.54,26.6,92.8,1,0,coastal
Mumbai Suburban,2019-06-17,25,2019,6,108.41,38.33,27.3,85.5,1,0,coastal
Mumbai Suburban,2019-06-24,26,2019,6,89.98,14.84,24.1,80.4,1,0,coastal
Mumbai Suburban,2019-07-01,27,2019,7,4.16,-97.29,26.5,94.4,1,0,coastal
Mumbai Suburban,2019-07-08,28,2019,7,211.23,34.31,26.0,94.8,1,0,coastal
Mumbai Suburban,2019-07-15,29,2019,7,163.07,3.7,28.6,79.9,1,0,coastal
Mumbai Suburban,2019-07-22,30,2019,7,177.99,13.19,25.6,87.4,1,0,coastal
Mumbai Suburban,2019-07-29,31,2019,7,76.19,-51.52,26.0,92.6,1,0,coastal
Mumbai Suburban,2019-08-05,32,2019,8,188.6,30.95,27.6,87.4,1,0,coastal
Mumbai Suburban,2019-08-12,33,2019,8,131.18,-8.9,26.7,90.1,1,0,coastal
Mumbai Suburban,2019-08-19,34,2019,8,189.77,31.76,25.1,88.6,1,0,coastal
Mumbai Suburban,2019-08-26,35,2019,8,180.02,25.0,26.2,90.7,1,0,coastal
Mumbai Suburban,2019-09-02,36,2019,9,80.04,-26.71,27.2,74.5,1,0,coastal
Mumbai Suburban,2019-09-09,37,2019,9,101.93,-6.69,26.0,94.7,1,0,coastal
Mumbai Suburban,2019-09-16,38,2019,9,109.45,0.19,25.6,93.0,1,0,coastal
Mumbai Suburban,2019-09-23,39,2019,9,124.37,13.83,27.2,84.7,1,0,coastal
Mumbai Suburban,2019-09-30,40,2019,9,176.22,61.26,26.5,86.5,1,0,coastal
Mumbai Suburban,2019-10-07,41,2019,10,43.04,25.74,27.1,76.8,0,0,coastal
Mumbai Suburban,2019-10-14,42,2019,10,51.51,50.44,26.8,59.8,0,0,coastal
Mumbai Suburban,2019-10-21,43,2019,10,25.58,-25.16,26.5,74.1,0,0,coastal
Mumbai Suburban,2019-10-28,44,2019,10,54.63,59.53,27.1,57.6,0,0,coastal
Mumbai Suburban,2019-11-04,45,2019,11,7.54,-23.84,25.4,64.7,0,0,coastal
Mumbai Suburban,2019-11-11,46,2019,11,9.69,-2.42,27.2,71.9,0,0,coastal
Mumbai Suburban,2019-11-18,47,2019,11,9.73,-1.99,25.3,63.1,0,0,coastal
Mumbai Suburban,2019-11-25,48,2019,11,9.52,-4.12,26.3,63.5,0,0,coastal
Mumbai Suburban,2019-12-02,49,2019,12,3.3,47.3,24.7,61.1,0,0,coastal
Mumbai Suburban,2019-12-09,50,2019,12,2.48,11.71,24.8,65.2,0,0,coastal
Mumbai Suburban,2019-12-16,51,2019,12,2.28,3.22,22.6,61.8,0,0,coastal
Mumbai Suburban,2019-12-23,52,2019,12,3.15,40.71,24.4,55.8,0,0,coastal
Mumbai Suburban,2019-12-30,1,2019,12,2.55,14.7,26.1,73.2,0,0,coastal
Mumbai Suburban,2020-01-06,2,2020,1,3.14,13.45,25.3,69.1,0,0,coastal
Mumbai Suburban,2020-01-13,3,2020,1,2.6,-5.53,22.7,64.5,0,0,coastal
Mumbai Suburban,2020-01-20,4,2020,1,3.12,12.62,24.1,70.8,0,0,coastal
Mumbai Suburban,2020-01-27,5,2020,1,2.68,-2.58,23.6,67.1,0,0,coastal
Mumbai Suburban,2020-02-03,6,2020,2,1.03,-35.68,23.1,63.6,0,0,coastal
Mumbai Suburban,2020-02-10,7,2020,2,0.87,-44.98,23.9,60.3,0,0,coastal
Mumbai Suburban,2020-02-17,8,2020,2,1.63,-1.55,22.6,66.6,0,0,coastal
Mumbai Suburban,2020-02-24,9,2020,2,1.5,-9.09,22.3,64.8,0,0,coastal
Mumbai Suburban,2020-03-02,10,2020,3,2.02,-8.05,25.6,74.2,0,0,coastal
Mumbai Suburban,2020-03-09,11,2020,3,1.2,-43.53,23.2,53.4,0,0,coastal
Mumbai Suburban,2020-03-16,12,2020,3,1.06,-49.58,22.9,54.4,0,0,coastal
Mumbai Suburban,2020-03-23,13,2020,3,0.72,-64.37,23.7,62.4,0,0,coastal
Mumbai Suburban,2020-03-30,14,2020,3,1.62,-25.49,23.0,79.0,0,0,coastal
Mumbai Suburban,2020-04-06,15,2020,4,3.38,2.0,24.9,41.4,0,0,coastal
Mumbai Suburban,2020-04-13,16,2020,4,2.74,-16.76,23.3,31.2,0,0,coastal
Mumbai Suburban,2020-04-20,17,2020,4,4.8,43.7,24.6,26.2,0,0,coastal
Mumbai Suburban,2020-04-27,18,2020,4,3.84,15.43,25.4,32.0,0,0,coastal
Mumbai Suburban,2020-05-04,19,2020,5,6.31,-4.59,27.4,38.6,0,0,coastal
Mumbai Suburban,2020-05-11,20,2020,5,5.38,-18.49,27.2,42.6,0,0,coastal
Mumbai Suburban,2020-05-18,21,2020,5,3.62,-44.67,28.5,35.5,0,0,coastal
Mumbai Suburban,2020-05-25,22,2020,5,7.45,12.37,26.0,37.9,0,0,coastal
Mumbai Suburban,2020-06-01,23,2020,6,84.5,7.84,25.8,89.2,1,0,coastal
Mumbai Suburban,2020-06-08,24,2020,6,100.68,28.47,25.8,93.0,1,0,coastal
Mumbai Suburban,2020-06-15,25,2020,6,30.05,-61.57,27.3,99.0,1,0,coastal
Mumbai Suburban,2020-06-22,26,2020,6,81.8,4.4,24.9,92.4,1,0,coastal
Mumbai Suburban,2020-06-29,27,2020,6,112.8,43.92,27.1,86.1,1,0,coastal
Mumbai Suburban,2020-07-06,28,2020,7,89.35,-43.15,27.0,90.9,1,0,coastal
Mumbai Suburban,2020-07-13,29,2020,7,40.05,-74.49,28.5,73.2,1,0,coastal
Mumbai Suburban,2020-07-20,30,2020,7,194.58,23.73,27.8,93.4,1,0,coastal
Mumbai Suburban,2020-07-27,31,2020,7,66.28,-57.82,28.1,99.0,1,0,coastal
Mumbai Suburban,2020-08-03,32,2020,8,121.17,-15.85,27.3,80.9,1,0,coastal
Mumbai Suburban,2020-08-10,33,2020,8,89.05,-38.13,26.7,81.4,1,0,coastal
Mumbai Suburban,2020-08-17,34,2020,8,74.22,-48.42,26.5,90.8,1,0,coastal
Mumbai Suburban,2020-08-24,35,2020,8,56.26,-60.89,26.9,80.1,1,0,coastal
Mumbai Suburban,2020-08-31,36,2020,8,125.52,-12.83,28.7,89.3,1,0,coastal
Mumbai Suburban,2020-09-07,37,2020,9,143.8,31.61,26.9,89.8,1,0,coastal
Mumbai Suburban,2020-09-14,38,2020,9,64.95,-40.51,27.7,84.9,1,0,coastal
Mumbai Suburban,2020-09-21,39,2020,9,50.55,-53.67,26.8,80.5,1,0,coastal
Mumbai Suburban,2020-09-28,40,2020,9,121.49,11.2,29.2,86.6,1,0,coastal
Mumbai Suburban,2020-10-05,41,2020,10,27.6,-19.26,27.1,68.0,0,0,coastal
Mumbai Suburban,2020-10-12,42,2020,10,32.0,-6.44,24.5,71.0,0,0,coastal
Mumbai Suburban,2020-10-19,43,2020,10,43.33,26.58,25.0,51.0,0,0,coastal
Mumbai Suburban,2020-10-26,44,2020,10,63.05,84.08,25.6,57.9,0,0,coastal
Mumbai Suburban,2020-11-02,45,2020,11,0.0,-99.0,25.2,67.8,0,0,coastal
Mumbai Suburban,2020-11-09,46,2020,11,15.5,55.52,25.4,55.9,0,0,coastal
Mumbai Suburban,2020-11-16,47,2020,11,10.34,4.12,26.2,61.5,0,0,coastal
Mumbai Suburban,2020-11-23,48,2020,11,7.73,-21.91,26.0,69.0,0,0,coastal
Mumbai Suburban,2020-11-30,49,2020,11,10.77,8.36,26.1,65.2,0,0,coastal
Mumbai Suburban,2020-12-07,50,2020,12,3.46,54.52,25.7,70.5,0,0,coastal
Mumbai Suburban,2020-12-14,51,2020,12,2.64,18.82,25.4,72.5,0,0,coastal
Mumbai Suburban,2020-12-21,52,2020,12,1.38,-35.94,26.0,58.4,0,0,coastal
Mumbai Suburban,2020-12-28,53,2020,12,2.02,-8.31,22.7,58.7,0,0,coastal
Mumbai Suburban,2021-01-04,1,2021,1,3.01,8.89,26.2,64.2,0,0,coastal
Mumbai Suburban,2021-01-11,2,2021,1,4.13,48.0,25.8,63.9,0,0,coastal
Mumbai Suburban,2021-01-18,3,2021,1,5.08,81.35,24.0,59.9,0,0,coastal
Mumbai Suburban,2021-01-25,4,2021,1,4.48,60.37,24.8,63.5,0,0,coastal
Mumbai Suburban,2021-02-01,5,2021,2,1.5,-8.93,24.2,59.5,0,0,coastal
Mumbai Suburban,2021-02-08,6,2021,2,0.8,-48.94,24.4,69.4,0,0,coastal
Mumbai Suburban,2021-02-15,7,2021,2,2.45,45.1,22.7,68.4,0,0,coastal
Mumbai Suburban,2021-02-22,8,2021,2,1.62,-2.25,23.2,73.9,0,0,coastal
Mumbai Suburban,2021-03-01,9,2021,3,2.71,21.88,24.6,58.3,0,0,coastal
Mumbai Suburban,2021-03-08,10,2021,3,2.37,7.06,23.8,70.5,0,0,coastal
Mumbai Suburban,2021-03-15,11,2021,3,4.33,92.01,24.4,56.4,0,0,coastal
Mumbai Suburban,2021-03-22,12,2021,3,1.83,-16.52,25.4,61.5,0,0,coastal
Mumbai Suburban,2021-03-29,13,2021,3,3.34,49.02,24.5,65.2,0,0,coastal
Mumbai Suburban,2021-04-05,14,2021,4,4.43,32.75,25.2,28.4,0,0,coastal
Mumbai Suburban,2021-04-12,15,2021,4,3.77,13.62,27.6,29.5,0,0,coastal
Mumbai Suburban,2021-04-19,16,2021,4,2.8,-15.11,24.5,44.5,0,0,coastal
Mumbai Suburban,2021-04-26,17,2021,4,3.05,-7.5,24.4,29.9,0,0,coastal
Mumbai Suburban,2021-05-03,18,2021,5,7.0,5.64,25.5,37.5,0,0,coastal
Mumbai Suburban,2021-05-10,19,2021,5,4.44,-32.49,26.1,30.1,0,0,coastal
Mumbai Suburban,2021-05-17,20,2021,5,9.25,39.05,24.0,33.6,0,0,coastal
Mumbai Suburban,2021-05-24,21,2021,5,6.08,-8.1,26.0,42.9,0,0,coastal
Mumbai Suburban,2021-05-31,22,2021,5,9.59,44.11,26.6,34.6,0,0,coastal
Mumbai Suburban,2021-06-07,23,2021,6,91.77,17.12,26.3,86.7,1,0,coastal
Mumbai Suburban,2021-06-14,24,2021,6,80.02,2.13,25.6,84.2,1,0,coastal
Mumbai Suburban,2021-06-21,25,2021,6,89.27,13.93,25.3,89.0,1,0,coastal
Mumbai Suburban,2021-06-28,26,2021,6,55.57,-29.03,26.9,87.9,1,0,coastal
Mumbai Suburban,2021-07-05,27,2021,7,286.04,81.85,28.4,82.7,1,0,coastal
Mumbai Suburban,2021-07-12,28,2021,7,193.99,23.35,27.3,85.0,1,0,coastal
Mumbai Suburban,2021-07-19,29,2021,7,145.04,-7.76,27.1,91.3,1,0,coastal
Mumbai Suburban,2021-07-26,30,2021,7,196.69,25.07,26.7,87.1,1,0,coastal
Mumbai Suburban,2021-08-02,31,2021,8,121.53,-15.59,27.8,89.0,1,0,coastal
Mumbai Suburban,2021-08-09,32,2021,8,184.88,28.36,27.6,99.0,1,0,coastal
Mumbai Suburban,2021-08-16,33,2021,8,273.5,89.86,27.5,84.9,1,0,coastal
Mumbai Suburban,2021-08-23,34,2021,8,222.03,54.15,26.7,88.7,1,0,coastal
Mumbai Suburban,2021-08-30,35,2021,8,221.33,53.67,27.6,89.0,1,0,coastal
Mumbai Suburban,2021-09-06,36,2021,9,157.75,44.37,28.2,81.4,1,0,coastal
Mumbai Suburban,2021-09-13,37,2021,9,156.43,43.15,25.8,90.2,1,0,coastal
Mumbai Suburban,2021-09-20,38,2021,9,90.37,-17.26,26.9,88.6,1,0,coastal
Mumbai Suburban,2021-09-27,39,2021,9,131.95,20.77,27.7,86.4,1,0,coastal
Mumbai Suburban,2021-10-04,40,2021,10,39.54,15.53,26.4,61.7,0,0,coastal
Mumbai Suburban,2021-10-11,41,2021,10,37.01,8.16,27.3,68.8,0,0,coastal
Mumbai Suburban,2021-10-18,42,2021,10,33.03,-3.45,27.3,57.7,0,0,coastal
Mumbai Suburban,2021-10-25,43,2021,10,38.58,12.76,25.1,65.4,0,0,coastal
Mumbai Suburban,2021-11-01,44,2021,11,12.34,24.0,27.5,71.6,0,0,coastal
Mumbai Suburban,2021-11-08,45,2021,11,10.76,8.3,25.9,60.6,0,0,coastal
Mumbai Suburban,2021-11-15,46,2021,11,10.04,1.07,24.0,67.8,0,0,coastal
Mumbai Suburban,2021-11-22,47,2021,11,9.77,-1.63,24.9,62.6,0,0,coastal
Mumbai Suburban,2021-11-29,48,2021,11,10.63,6.92,24.8,69.0,0,0,coastal
Mumbai Suburban,2021-12-06,49,2021,12,2.77,24.44,24.2,64.7,0,0,coastal
Mumbai Suburban,2021-12-13,50,2021,12,2.59,16.56,24.8,67.9,0,0,coastal
Mumbai Suburban,2021-12-20,51,2021,12,3.03,35.49,27.3,60.1,0,0,coastal
Mumbai Suburban,2021-12-27,52,2021,12,4.04,79.39,25.4,64.6,0,0,coastal
Mumbai Suburban,2022-01-03,1,2022,1,2.1,-22.96,23.3,65.6,0,0,coastal
Mumbai Suburban,2022-01-10,2,2022,1,1.94,-28.63,23.9,74.4,0,0,coastal
Mumbai Suburban,2022-01-17,3,2022,1,3.24,16.73,24.6,59.9,0,0,coastal
Mumbai Suburban,2022-01-24,4,2022,1,3.45,24.14,22.2,53.6,0,0,coastal
Mumbai Suburban,2022-01-31,5,2022,1,3.42,23.12,24.2,71.9,0,0,coastal
Mumbai Suburban,2022-02-07,6,2022,2,0.75,-51.35,24.0,63.9,0,0,coastal
Mumbai Suburban,2022-02-14,7,2022,2,2.19,30.75,21.3,67.3,0,0,coastal
Mumbai Suburban,2022-02-21,8,2022,2,0.89,-43.85,24.7,62.1,0,0,coastal
Mumbai Suburban,2022-02-28,9,2022,2,1.67,0.67,23.4,60.5,0,0,coastal
Mumbai Suburban,2022-03-07,10,2022,3,2.95,32.34,25.4,57.1,0,0,coastal
Mumbai Suburban,2022-03-14,11,2022,3,2.03,-7.83,23.3,59.8,0,0,coastal
Mumbai Suburban,2022-03-21,12,2022,3,2.34,5.69,24.5,60.8,0,0,coastal
Mumbai Suburban,2022-03-28,13,2022,3,3.63,61.85,24.0,65.7,0,0,coastal
Mumbai Suburban,2022-04-04,14,2022,4,3.8,14.39,23.3,27.1,0,0,coastal
Mumbai Suburban,2022-04-11,15,2022,4,4.97,48.77,26.6,39.8,0,0,coastal
Mumbai Suburban,2022-04-18,16,2022,4,3.05,-7.62,24.1,32.2,0,0,coastal
Mumbai Suburban,2022-04-25,17,2022,4,1.17,-62.88,24.6,34.5,0,0,coastal
Mumbai Suburban,2022-05-02,18,2022,5,6.79,2.48,25.0,36.1,0,0,coastal
Mumbai Suburban,2022-05-09,19,2022,5,9.52,43.15,24.6,32.3,0,0,coastal
Mumbai Suburban,2022-05-16,20,2022,5,0.0,-98.51,27.3,32.2,0,0,coastal
Mumbai Suburban,2022-05-23,21,2022,5,7.38,11.3,25.2,35.4,0,0,coastal
Mumbai Suburban,2022-05-30,22,2022,5,8.39,26.37,25.0,37.3,0,0,coastal
Mumbai Suburban,2022-06-06,23,2022,6,35.91,-54.09,27.3,83.6,1,0,coastal
Mumbai Suburban,2022-06-13,24,2022,6,100.16,27.8,27.0,99.0,1,0,coastal
Mumbai Suburban,2022-06-20,25,2022,6,109.0,39.08,27.9,89.4,1,0,coastal
Mumbai Suburban,2022-06-27,26,2022,6,88.95,13.52,24.2,94.9,1,0,coastal
Mumbai Suburban,2022-07-04,27,2022,7,277.25,76.27,26.8,84.5,1,0,coastal
Mumbai Suburban,2022-07-11,28,2022,7,137.06,-12.83,26.6,84.0,1,0,coastal
Mumbai Suburban,2022-07-18,29,2022,7,183.61,16.76,28.0,87.3,1,0,coastal
Mumbai Suburban,2022-07-25,30,2022,7,195.2,24.12,28.0,86.1,1,0,coastal
Mumbai Suburban,2022-08-01,31,2022,8,237.52,64.9,29.3,94.6,1,0,coastal
Mumbai Suburban,2022-08-08,32,2022,8,168.22,16.81,25.8,90.8,1,0,coastal
Mumbai Suburban,2022-08-15,33,2022,8,175.13,21.6,29.2,86.2,1,0,coastal
Mumbai Suburban,2022-08-22,34,2022,8,118.38,-17.78,29.2,86.8,1,0,coastal
Mumbai Suburban,2022-08-29,35,2022,8,156.58,8.73,26.2,89.0,1,0,coastal
Mumbai Suburban,2022-09-05,36,2022,9,118.06,8.06,26.9,88.7,1,0,coastal
Mumbai Suburban,2022-09-12,37,2022,9,119.31,9.21,25.4,93.8,1,0,coastal
Mumbai Suburban,2022-09-19,38,2022,9,150.72,37.93,27.6,84.4,1,0,coastal
Mumbai Suburban,2022-09-26,39,2022,9,160.75,47.11,26.8,86.0,1,0,coastal
Mumbai Suburban,2022-10-03,40,2022,10,34.76,1.61,26.3,59.1,0,0,coastal
Mumbai Suburban,2022-10-10,41,2022,10,46.22,35.01,26.7,69.4,0,0,coastal
Mumbai Suburban,2022-10-17,42,2022,10,30.1,-11.96,27.0,64.5,0,0,coastal
Mumbai Suburban,2022-10-24,43,2022,10,31.89,-6.76,26.9,68.4,0,0,coastal
Mumbai Suburban,2022-10-31,44,2022,10,29.71,-13.12,28.4,63.8,0,0,coastal
Mumbai Suburban,2022-11-07,45,2022,11,18.33,83.69,24.9,63.3,0,0,coastal
Mumbai Suburban,2022-11-14,46,2022,11,3.48,-64.28,25.8,71.0,0,0,coastal
Mumbai Suburban,2022-11-21,47,2022,11,7.22,-27.05,26.6,61.7,0,0,coastal
Mumbai Suburban,2022-11-28,48,2022,11,11.81,18.73,26.9,76.1,0,0,coastal
Mumbai Suburban,2022-12-05,49,2022,12,3.33,48.51,24.6,57.3,0,0,coastal
Mumbai Suburban,2022-12-12,50,2022,12,2.77,24.45,26.7,65.3,0,0,coastal
Mumbai Suburban,2022-12-19,51,2022,12,2.05,-6.64,26.0,64.2,0,0,coastal
Mumbai Suburban,2022-12-26,52,2022,12,2.17,-1.54,25.4,68.8,0,0,coastal
Mumbai Suburban,2023-01-02,1,2023,1,2.22,-18.88,21.9,59.1,0,0,coastal
Mumbai Suburban,2023-01-09,2,2023,1,2.47,-10.01,26.4,62.7,0,0,coastal
Mumbai Suburban,2023-01-16,3,2023,1,3.76,34.92,23.4,61.6,0,0,coastal
Mumbai Suburban,2023-01-23,4,2023,1,4.31,54.09,21.9,71.5,0,0,coastal
Mumbai Suburban,2023-01-30,5,2023,1,3.25,17.21,24.2,70.4,0,0,coastal
Mumbai Suburban,2023-02-06,6,2023,2,2.77,63.8,21.9,57.4,0,0,coastal
Mumbai Suburban,2023-02-13,7,2023,2,0.99,-37.68,23.0,60.4,0,0,coastal
Mumbai Suburban,2023-02-20,8,2023,2,1.21,-25.4,23.6,67.9,0,0,coastal
Mumbai Suburban,2023-02-27,9,2023,2,1.8,8.4,22.7,66.2,0,0,coastal
Mumbai Suburban,2023-03-06,10,2023,3,1.66,-23.89,24.7,68.8,0,0,coastal
Mumbai Suburban,2023-03-13,11,2023,3,3.63,61.47,21.8,67.6,0,0,coastal
Mumbai Suburban,2023-03-20,12,2023,3,3.05,36.73,26.0,64.0,0,0,coastal
Mumbai Suburban,2023-03-27,13,2023,3,2.46,10.79,23.8,63.0,0,0,coastal
Mumbai Suburban,2023-04-03,14,2023,4,2.87,-13.03,23.8,31.6,0,0,coastal
Mumbai Suburban,2023-04-10,15,2023,4,4.43,32.83,23.9,38.2,0,0,coastal
Mumbai Suburban,2023-04-17,16,2023,4,3.87,16.34,25.7,38.5,0,0,coastal
Mumbai Suburban,2023-04-24,17,2023,4,3.59,8.08,26.4,40.8,0,0,coastal
Mumbai Suburban,2023-05-01,18,2023,5,5.09,-22.85,25.0,33.4,0,0,coastal
Mumbai Suburban,2023-05-08,19,2023,5,10.19,53.05,27.4,36.5,0,0,coastal
Mumbai Suburban,2023-05-15,20,2023,5,11.11,66.8,25.4,42.5,0,0,coastal
Mumbai Suburban,2023-05-22,21,2023,5,10.01,50.44,26.0,38.3,0,0,coastal
Mumbai Suburban,2023-05-29,22,2023,5,10.58,58.96,25.3,31.9,0,0,coastal
Mumbai Suburban,2023-06-05,23,2023,6,107.48,37.14,26.2,88.0,1,0,coastal
Mumbai Suburban,2023-06-12,24,2023,6,134.96,72.17,25.5,92.4,1,0,coastal
Mumbai Suburban,2023-06-19,25,2023,6,99.99,27.59,25.1,81.6,1,0,coastal
Mumbai Suburban,2023-06-26,26,2023,6,28.55,-63.48,25.9,82.6,1,0,coastal
Mumbai Suburban,2023-07-03,27,2023,7,187.77,19.4,27.1,79.4,1,0,coastal
Mumbai Suburban,2023-07-10,28,2023,7,70.77,-54.96,27.5,86.0,1,0,coastal
Mumbai Suburban,2023-07-17,29,2023,7,138.37,-11.99,26.5,90.2,1,0,coastal
Mumbai Suburban,2023-07-24,30,2023,7,238.8,51.84,26.8,89.2,1,0,coastal
Mumbai Suburban,2023-07-31,31,2023,7,236.23,50.2,27.9,93.7,1,0,coastal
Mumbai Suburban,2023-08-07,32,2023,8,104.92,-27.12,23.6,84.1,1,0,coastal
Mumbai Suburban,2023-08-14,33,2023,8,217.09,50.72,26.9,94.3,1,0,coastal
Mumbai Suburban,2023-08-21,34,2023,8,106.77,-25.83,26.1,90.1,1,0,coastal
Mumbai Suburban,2023-08-28,35,2023,8,180.16,25.09,27.3,87.2,1,0,coastal
Mumbai Suburban,2023-09-04,36,2023,9,124.46,13.92,28.9,87.5,1,0,coastal
Mumbai Suburban,2023-09-11,37,2023,9,170.38,55.91,26.8,93.5,1,0,coastal
Mumbai Suburban,2023-09-18,38,2023,9,124.98,14.39,26.6,87.5,1,0,coastal
Mumbai Suburban,2023-09-25,39,2023,9,160.11,46.52,25.1,85.9,1,0,coastal
Mumbai Suburban,2023-10-02,40,2023,10,48.3,41.07,26.3,61.1,0,0,coastal
Mumbai Suburban,2023-10-09,41,2023,10,39.02,14.04,27.3,70.9,0,0,coastal
Mumbai Suburban,2023-10-16,42,2023,10,27.34,-20.03,28.5,61.5,0,0,coastal
Mumbai Suburban,2023-10-23,43,2023,10,38.99,13.94,25.2,66.2,0,0,coastal
Mumbai Suburban,2023-10-30,44,2023,10,34.38,0.51,25.8,67.0,0,0,coastal
Mumbai Suburban,2023-11-06,45,2023,11,11.23,13.0,25.0,62.6,0,0,coastal
Mumbai Suburban,2023-11-13,46,2023,11,13.8,38.61,24.3,66.6,0,0,coastal
Mumbai Suburban,2023-11-20,47,2023,11,7.9,-20.29,26.5,71.8,0,0,coastal
Mumbai Suburban,2023-11-27,48,2023,11,8.78,-11.46,24.8,74.8,0,0,coastal
Mumbai Suburban,2023-12-04,49,2023,12,3.22,43.75,24.6,64.6,0,0,coastal
Mumbai Suburban,2023-12-11,50,2023,12,1.7,-22.15,22.5,64.8,0,0,coastal
Mumbai Suburban,2023-12-18,51,2023,12,2.23,1.02,25.8,65.1,0,0,coastal
Mumbai Suburban,2023-12-25,52,2023,12,2.34,5.6,24.5,56.6,0,0,coastal
Thane,2019-01-07,2,2019,1,2.24,-26.77,22.7,68.7,0,0,coastal
Thane,2019-01-14,3,2019,1,4.1,31.49,24.3,73.6,0,0,coastal
Thane,2019-01-21,4,2019,1,3.74,20.05,24.1,62.5,0,0,coastal
Thane,2019-01-28,5,2019,1,3.18,2.7,23.0,71.0,0,0,coastal
Thane,2019-02-04,6,2019,2,2.39,27.31,22.8,64.0,0,0,coastal
Thane,2019-02-11,7,2019,2,2.91,53.63,23.8,61.1,0,0,coastal
Thane,2019-02-18,8,2019,2,1.14,-36.85,22.7,66.3,0,0,coastal
Thane,2019-02-25,9,2019,2,0.97,-45.54,20.9,63.0,0,0,coastal
Thane,2019-03-04,10,2019,3,3.43,37.02,24.3,65.5,0,0,coastal
Thane,2019-03-11,11,2019,3,2.48,0.29,25.1,68.5,0,0,coastal
Thane,2019-03-18,12,2019,3,4.38,74.06,23.9,70.9,0,0,coastal
Thane,2019-03-25,13,2019,3,2.44,-1.23,23.6,66.6,0,0,coastal
Thane,2019-04-01,14,2019,4,3.89,4.71,24.4,37.7,0,0,coastal
Thane,2019-04-08,15,2019,4,3.43,-7.35,27.5,37.1,0,0,coastal
Thane,2019-04-15,16,2019,4,4.87,30.28,25.5,44.4,0,0,coastal
Thane,2019-04-22,17,2019,4,6.02,60.49,26.3,42.5,0,0,coastal
Thane,2019-04-29,18,2019,4,4.14,11.1,26.3,36.6,0,0,coastal
Thane,2019-05-06,19,2019,5,11.46,53.61,26.0,36.1,0,0,coastal
Thane,2019-05-13,20,2019,5,5.65,-23.63,24.2,40.0,0,0,coastal
Thane,2019-05-20,21,2019,5,8.86,18.98,26.4,36.5,0,0,coastal
Thane,2019-05-27,22,2019,5,6.3,-15.03,24.5,40.4,0,0,coastal
Thane,2019-06-03,23,2019,6,113.57,29.18,28.0,82.7,1,0,coastal
Thane,2019-06-10,24,2019,6,100.75,14.62,27.4,97.0,1,0,coastal
Thane,2019-06-17,25,2019,6,112.52,28.0,26.9,84.6,1,0,coastal
Thane,2019-06-24,26,2019,6,92.98,5.78,24.9,84.8,1,0,coastal
Thane,2019-07-01,27,2019,7,261.17,48.03,26.0,88.2,1,0,coastal
Thane,2019-07-08,28,2019,7,166.94,-5.36,27.2,85.0,1,0,coastal
Thane,2019-07-15,29,2019,7,219.97,24.68,27.3,84.8,1,0,coastal
Thane,2019-07-22,30,2019,7,123.58,-29.92,25.6,91.5,1,0,coastal
Thane,2019-07-29,31,2019,7,96.21,-45.43,25.9,88.1,1,0,coastal
Thane,2019-08-05,32,2019,8,251.51,55.66,27.9,85.7,1,0,coastal
Thane,2019-08-12,33,2019,8,148.03,-8.36,26.8,95.2,1,0,coastal
Thane,2019-08-19,34,2019,8,113.33,-29.82,25.6,87.6,1,0,coastal
Thane,2019-08-26,35,2019,8,205.2,27.01,25.9,92.0,1,0,coastal
Thane,2019-09-02,36,2019,9,171.61,40.0,26.8,85.8,1,0,coastal
Thane,2019-09-09,37,2019,9,144.46,17.87,24.3,78.6,1,0,coastal
Thane,2019-09-16,38,2019,9,154.84,26.33,25.1,84.2,1,0,coastal
Thane,2019-09-23,39,2019,9,146.23,19.31,27.9,89.9,1,0,coastal
Thane,2019-09-30,40,2019,9,133.43,8.87,26.8,85.9,1,0,coastal
Thane,2019-10-07,41,2019,10,43.1,12.27,26.3,69.4,0,0,coastal
Thane,2019-10-14,42,2019,10,42.73,11.31,26.0,69.3,0,0,coastal
Thane,2019-10-21,43,2019,10,45.14,17.58,26.9,57.7,0,0,coastal
Thane,2019-10-28,44,2019,10,29.9,-22.02,26.6,69.5,0,0,coastal
Thane,2019-11-04,45,2019,11,15.21,36.2,25.0,66.8,0,0,coastal
Thane,2019-11-11,46,2019,11,16.83,50.64,25.3,62.3,0,0,coastal
Thane,2019-11-18,47,2019,11,15.18,35.9,27.4,65.8,0,0,coastal
Thane,2019-11-25,48,2019,11,7.43,-33.04,26.4,67.5,0,0,coastal
Thane,2019-12-02,49,2019,12,3.16,26.72,24.3,76.0,0,0,coastal
Thane,2019-12-09,50,2019,12,4.17,65.92,24.8,59.7,0,0,coastal
Thane,2019-12-16,51,2019,12,2.28,-7.6,25.8,67.4,0,0,coastal
Thane,2019-12-23,52,2019,12,3.3,31.89,25.4,69.4,0,0,coastal
Thane,2019-12-30,1,2019,12,2.17,-11.99,24.0,66.1,0,0,coastal
Thane,2020-01-06,2,2020,1,1.61,-46.54,22.2,65.9,0,0,coastal
Thane,2020-01-13,3,2020,1,2.04,-33.02,24.2,66.2,0,0,coastal
Thane,2020-01-20,4,2020,1,1.91,-36.95,24.1,62.2,0,0,coastal
Thane,2020-01-27,5,2020,1,1.13,-61.48,24.6,71.1,0,0,coastal
Thane,2020-02-03,6,2020,2,1.81,-2.44,24.7,68.1,0,0,coastal
Thane,2020-02-10,7,2020,2,1.23,-32.06,23.1,74.4,0,0,coastal
Thane,2020-02-17,8,2020,2,1.22,-32.37,23.1,70.0,0,0,coastal
Thane,2020-02-24,9,2020,2,2.21,17.97,22.3,74.8,0,0,coastal
Thane,2020-03-02,10,2020,3,2.24,-9.18,23.9,61.7,0,0,coastal
Thane,2020-03-09,11,2020,3,3.37,34.53,22.6,63.4,0,0,coastal
Thane,2020-03-16,12,2020,3,3.26,30.41,24.8,73.4,0,0,coastal
Thane,2020-03-23,13,2020,3,3.21,28.67,22.9,67.5,0,0,coastal
Thane,2020-03-30,14,2020,3,1.18,-50.21,24.8,59.8,0,0,coastal
Thane,2020-04-06,15,2020,4,3.33,-10.15,23.5,32.6,0,0,coastal
Thane,2020-04-13,16,2020,4,2.69,-26.75,24.8,39.4,0,0,coastal
Thane,2020-04-20,17,2020,4,2.38,-34.84,23.7,35.7,0,0,coastal
Thane,2020-04-27,18,2020,4,4.31,15.58,24.8,38.0,0,0,coastal
Thane,2020-05-04,19,2020,5,6.33,-14.53,25.6,38.7,0,0,coastal
Thane,2020-05-11,20,2020,5,9.66,29.6,26.6,35.6,0,0,coastal
Thane,2020-05-18,21,2020,5,3.17,-56.58,25.8,30.2,0,0,coastal
Thane,2020-05-25,22,2020,5,7.48,0.66,25.3,42.8,0,0,coastal
Thane,2020-06-01,23,2020,6,115.86,31.79,27.2,80.9,1,0,coastal
Thane,2020-06-08,24,2020,6,52.7,-39.99,27.8,87.3,1,0,coastal
Thane,2020-06-15,25,2020,6,94.49,7.5,24.9,80.2,1,0,coastal
Thane,2020-06-22,26,2020,6,69.32,-21.11,27.2,80.8,1,0,coastal
Thane,2020-06-29,27,2020,6,99.67,13.39,27.1,93.5,1,0,coastal
Thane,2020-07-06,28,2020,7,117.92,-33.13,28.5,83.8,1,0,coastal
Thane,2020-07-13,29,2020,7,38.06,-78.38,27.0,92.1,1,0,coastal
Thane,2020-07-20,30,2020,7,116.38,-34.0,27.2,93.3,1,0,coastal
Thane,2020-07-27,31,2020,7,244.55,38.61,27.8,86.9,1,0,coastal
Thane,2020-08-03,32,2020,8,132.57,-17.92,26.6,88.3,1,0,coastal
Thane,2020-08-10,33,2020,8,187.02,15.76,25.9,85.1,1,0,coastal
Thane,2020-08-17,34,2020,8,184.3,14.08,26.8,88.9,1,0,coastal
Thane,2020-08-24,35,2020,8,179.98,11.4,26.8,83.8,1,0,coastal
Thane,2020-08-31,36,2020,8,235.93,46.02,27.5,92.8,1,0,coastal
Thane,2020-09-07,37,2020,9,99.64,-18.68,27.2,94.1,1,0,coastal
Thane,2020-09-14,38,2020,9,123.18,0.51,26.9,82.9,1,0,coastal
Thane,2020-09-21,39,2020,9,22.6,-81.49,29.1,88.1,1,0,coastal
Thane,2020-09-28,40,2020,9,213.9,74.48,27.6,84.9,1,0,coastal
Thane,2020-10-05,41,2020,10,31.95,-16.69,28.4,72.1,0,0,coastal
Thane,2020-10-12,42,2020,10,46.74,21.74,24.6,57.3,0,0,coastal
Thane,2020-10-19,43,2020,10,51.53,34.18,27.2,72.8,0,0,coastal
Thane,2020-10-26,44,2020,10,33.19,-13.47,25.3,66.6,0,0,coastal
Thane,2020-11-02,45,2020,11,11.72,5.13,24.9,58.8,0,0,coastal
Thane,2020-11-09,46,2020,11,12.51,12.18,24.8,75.1,0,0,coastal
Thane,2020-11-16,47,2020,11,16.31,46.02,26.8,73.4,0,0,coastal
Thane,2020-11-23,48,2020,11,12.19,9.33,25.6,73.1,0,0,coastal
Thane,2020-11-30,49,2020,11,12.03,7.9,25.3,60.0,0,0,coastal
Thane,2020-12-07,50,2020,12,1.61,-33.43,26.4,64.7,0,0,coastal
Thane,2020-12-14,51,2020,12,3.75,49.34,25.8,69.0,0,0,coastal
Thane,2020-12-21,52,2020,12,1.65,-32.15,24.5,58.2,0,0,coastal
Thane,2020-12-28,53,2020,12,1.55,-36.07,24.3,64.0,0,0,coastal
Thane,2021-01-04,1,2021,1,5.98,90.46,23.4,71.6,0,0,coastal
Thane,2021-01-11,2,2021,1,2.65,-13.96,23.4,66.1,0,0,coastal
Thane,2021-01-18,3,2021,1,4.92,57.03,24.1,64.1,0,0,coastal
Thane,2021-01-25,4,2021,1,4.67,49.2,24.3,57.8,0,0,coastal
Thane,2021-02-01,5,2021,2,3.32,74.71,23.4,66.0,0,0,coastal
Thane,2021-02-08,6,2021,2,2.44,29.59,21.3,57.6,0,0,coastal
Thane,2021-02-15,7,2021,2,3.49,83.37,22.6,64.7,0,0,coastal
Thane,2021-02-22,8,2021,2,2.1,12.66,23.3,61.8,0,0,coastal
Thane,2021-03-01,9,2021,3,2.73,10.0,23.8,67.2,0,0,coastal
Thane,2021-03-08,10,2021,3,3.61,44.09,24.0,56.0,0,0,coastal
Thane,2021-03-15,11,2021,3,3.91,55.83,24.8,58.1,0,0,coastal
Thane,2021-03-22,12,2021,3,2.99,20.15,23.7,70.7,0,0,coastal
Thane,2021-03-29,13,2021,3,3.63,45.0,22.6,75.2,0,0,coastal
Thane,2021-04-05,14,2021,4,4.6,23.25,25.9,34.2,0,0,coastal
Thane,2021-04-12,15,2021,4,3.51,-5.38,24.4,25.9,0,0,coastal
Thane,2021-04-19,16,2021,4,2.09,-42.65,24.7,31.7,0,0,coastal
Thane,2021-04-26,17,2021,4,4.23,13.54,23.9,46.4,0,0,coastal
Thane,2021-05-03,18,2021,5,10.1,35.57,25.9,41.7,0,0,coastal
Thane,2021-05-10,19,2021,5,14.87,98.92,24.3,36.8,0,0,coastal
Thane,2021-05-17,20,2021,5,8.17,9.9,26.5,35.9,0,0,coastal
Thane,2021-05-24,21,2021,5,7.02,-5.46,27.0,34.7,0,0,coastal
Thane,2021-05-31,22,2021,5,10.14,35.98,26.9,39.2,0,0,coastal
Thane,2021-06-07,23,2021,6,92.63,5.39,26.1,86.4,1,0,coastal
Thane,2021-06-14,24,2021,6,74.44,-15.29,26.3,90.3,1,0,coastal
Thane,2021-06-21,25,2021,6,78.59,-10.57,26.6,92.8,1,0,coastal
Thane,2021-06-28,26,2021,6,142.69,62.28,24.4,75.0,1,0,coastal
Thane,2021-07-05,27,2021,7,210.84,19.51,26.4,81.8,1,0,coastal
Thane,2021-07-12,28,2021,7,201.88,14.44,26.1,83.8,1,0,coastal
Thane,2021-07-19,29,2021,7,169.43,-3.95,26.9,76.8,1,0,coastal
Thane,2021-07-26,30,2021,7,208.56,18.23,30.3,92.1,1,0,coastal
Thane,2021-08-02,31,2021,8,175.98,8.93,28.3,95.2,1,0,coastal
Thane,2021-08-09,32,2021,8,216.78,34.17,25.6,84.0,1,0,coastal
Thane,2021-08-16,33,2021,8,149.76,-7.29,25.1,93.1,1,0,coastal
Thane,2021-08-23,34,2021,8,319.02,97.42,27.1,84.5,1,0,coastal
Thane,2021-08-30,35,2021,8,239.25,48.07,28.4,84.5,1,0,coastal
Thane,2021-09-06,36,2021,9,163.23,33.17,24.8,88.6,1,0,coastal
Thane,2021-09-13,37,2021,9,109.02,-11.03,27.2,85.3,1,0,coastal
Thane,2021-09-20,38,2021,9,152.56,24.47,29.5,88.5,1,0,coastal
Thane,2021-09-27,39,2021,9,172.49,40.72,26.7,79.2,1,0,coastal
Thane,2021-10-04,40,2021,10,39.04,1.73,25.8,67.9,0,0,coastal
Thane,2021-10-11,41,2021,10,52.74,37.35,26.8,69.5,0,0,coastal
Thane,2021-10-18,42,2021,10,32.07,-16.39,28.9,56.6,0,0,coastal
Thane,2021-10-25,43,2021,10,29.78,-22.33,26.9,59.6,0,0,coastal
Thane,2021-11-01,44,2021,11,14.01,25.52,25.0,67.5,0,0,coastal
Thane,2021-11-08,45,2021,11,13.67,22.48,25.1,64.9,0,0,coastal
Thane,2021-11-15,46,2021,11,21.71,94.02,25.7,58.0,0,0,coastal
Thane,2021-11-22,47,2021,11,6.73,-39.23,25.0,66.2,0,0,coastal
Thane,2021-11-29,48,2021,11,19.49,74.26,26.9,61.1,0,0,coastal
Thane,2021-12-06,49,2021,12,1.91,-21.86,24.8,64.4,0,0,coastal
Thane,2021-12-13,50,2021,12,2.72,9.52,25.8,60.3,0,0,coastal
Thane,2021-12-20,51,2021,12,2.91,16.82,25.3,57.2,0,0,coastal
Thane,2021-12-27,52,2021,12,3.35,33.83,26.2,68.8,0,0,coastal
Thane,2022-01-03,1,2022,1,3.31,6.86,22.7,60.6,0,0,coastal
Thane,2022-01-10,2,2022,1,3.11,0.62,24.2,60.0,0,0,coastal
Thane,2022-01-17,3,2022,1,3.71,19.35,23.3,63.3,0,0,coastal
Thane,2022-01-24,4,2022,1,4.05,29.99,21.1,64.8,0,0,coastal
Thane,2022-01-31,5,2022,1,3.09,-0.16,22.8,74.4,0,0,coastal
Thane,2022-02-07,6,2022,2,1.32,-27.57,23.9,68.4,0,0,coastal
Thane,2022-02-14,7,2022,2,2.25,20.09,21.7,68.7,0,0,coastal
Thane,2022-02-21,8,2022,2,1.54,-16.23,20.3,64.5,0,0,coastal
Thane,2022-02-28,9,2022,2,2.09,11.92,23.9,61.3,0,0,coastal
Thane,2022-03-07,10,2022,3,4.26,69.22,24.0,69.7,0,0,coastal
Thane,2022-03-14,11,2022,3,3.28,31.2,24.6,71.0,0,0,coastal
Thane,2022-03-21,12,2022,3,2.46,-0.51,24.7,64.6,0,0,coastal
Thane,2022-03-28,13,2022,3,2.6,4.78,23.3,64.6,0,0,coastal
Thane,2022-04-04,14,2022,4,5.78,54.18,25.8,37.1,0,0,coastal
Thane,2022-04-11,15,2022,4,3.22,-12.84,24.3,31.2,0,0,coastal
Thane,2022-04-18,16,2022,4,5.7,52.06,26.0,27.3,0,0,coastal
Thane,2022-04-25,17,2022,4,5.26,40.66,26.5,36.2,0,0,coastal
Thane,2022-05-02,18,2022,5,12.19,63.22,24.6,36.1,0,0,coastal
Thane,2022-05-09,19,2022,5,11.64,56.0,26.6,44.4,0,0,coastal
Thane,2022-05-16,20,2022,5,6.36,-14.2,24.7,31.8,0,0,coastal
Thane,2022-05-23,21,2022,5,7.31,-1.51,28.5,31.8,0,0,coastal
Thane,2022-05-30,22,2022,5,7.36,-0.87,24.4,31.9,0,0,coastal
Thane,2022-06-06,23,2022,6,99.69,13.41,23.8,87.0,1,0,coastal
Thane,2022-06-13,24,2022,6,67.36,-23.34,26.7,93.7,1,0,coastal
Thane,2022-06-20,25,2022,6,81.46,-7.31,26.6,85.5,1,0,coastal
Thane,2022-06-27,26,2022,6,124.5,41.61,26.2,93.2,1,0,coastal
Thane,2022-07-04,27,2022,7,204.07,15.68,28.8,90.5,1,0,coastal
Thane,2022-07-11,28,2022,7,195.59,10.87,28.0,96.6,1,0,coastal
Thane,2022-07-18,29,2022,7,288.12,63.3,29.7,87.5,1,0,coastal
Thane,2022-07-25,30,2022,7,207.81,17.8,26.5,83.5,1,0,coastal
Thane,2022-08-01,31,2022,8,207.73,28.57,24.0,90.0,1,0,coastal
Thane,2022-08-08,32,2022,8,252.36,56.19,28.0,91.8,1,0,coastal
Thane,2022-08-15,33,2022,8,70.8,-56.13,29.0,86.1,1,0,coastal
Thane,2022-08-22,34,2022,8,206.03,27.52,26.5,87.1,1,0,coastal
Thane,2022-08-29,35,2022,8,219.46,35.83,28.5,86.8,1,0,coastal
Thane,2022-09-05,36,2022,9,139.66,13.95,25.5,93.3,1,0,coastal
Thane,2022-09-12,37,2022,9,41.13,-66.39,25.2,76.3,1,0,coastal
Thane,2022-09-19,38,2022,9,119.16,-2.77,26.7,89.9,1,0,coastal
Thane,2022-09-26,39,2022,9,178.19,45.37,26.5,90.4,1,0,coastal
Thane,2022-10-03,40,2022,10,21.99,-42.59,27.2,63.1,0,0,coastal
Thane,2022-10-10,41,2022,10,36.88,-3.88,26.4,61.3,0,0,coastal
Thane,2022-10-17,42,2022,10,38.88,1.32,28.0,70.9,0,0,coastal
Thane,2022-10-24,43,2022,10,44.16,15.03,26.2,61.4,0,0,coastal
Thane,2022-10-31,44,2022,10,28.09,-26.74,27.9,65.0,0,0,coastal
Thane,2022-11-07,45,2022,11,4.62,-58.04,24.3,59.9,0,0,coastal
Thane,2022-11-14,46,2022,11,0.49,-94.72,24.9,53.7,0,0,coastal
Thane,2022-11-21,47,2022,11,13.07,17.19,25.8,69.9,0,0,coastal
Thane,2022-11-28,48,2022,11,13.45,20.52,29.0,63.2,0,0,coastal
Thane,2022-12-05,49,2022,12,2.17,-11.94,26.3,66.3,0,0,coastal
Thane,2022-12-12,50,2022,12,2.7,8.7,26.2,70.4,0,0,coastal
Thane,2022-12-19,51,2022,12,1.1,-53.37,24.8,67.2,0,0,coastal
Thane,2022-12-26,52,2022,12,0.42,-79.85,24.0,67.5,0,0,coastal
Thane,2023-01-02,1,2023,1,4.72,50.8,23.6,59.5,0,0,coastal
Thane,2023-01-09,2,2023,1,3.76,20.88,23.9,61.9,0,0,coastal
Thane,2023-01-16,3,2023,1,2.08,-31.64,23.5,57.1,0,0,coastal
Thane,2023-01-23,4,2023,1,2.84,-7.93,23.9,61.7,0,0,coastal
Thane,2023-01-30,5,2023,1,5.71,81.9,23.9,69.5,0,0,coastal
Thane,2023-02-06,6,2023,2,2.26,20.84,21.6,61.8,0,0,coastal
Thane,2023-02-13,7,2023,2,2.08,11.42,22.2,64.9,0,0,coastal
Thane,2023-02-20,8,2023,2,1.76,-4.75,23.1,69.8,0,0,coastal
Thane,2023-02-27,9,2023,2,2.72,44.36,23.4,65.8,0,0,coastal
Thane,2023-03-06,10,2023,3,1.98,-19.4,25.4,56.0,0,0,coastal
Thane,2023-03-13,11,2023,3,2.62,5.78,23.0,68.0,0,0,coastal
Thane,2023-03-20,12,2023,3,4.41,75.21,23.6,73.2,0,0,coastal
Thane,2023-03-27,13,2023,3,2.49,0.39,23.3,61.6,0,0,coastal
Thane,2023-04-03,14,2023,4,5.97,59.19,26.4,33.4,0,0,coastal
Thane,2023-04-10,15,2023,4,5.18,38.49,24.3,40.4,0,0,coastal
Thane,2023-04-17,16,2023,4,3.75,0.86,26.1,38.9,0,0,coastal
Thane,2023-04-24,17,2023,4,4.98,33.32,22.4,38.8,0,0,coastal
Thane,2023-05-01,18,2023,5,11.9,59.44,26.1,39.6,0,0,coastal
Thane,2023-05-08,19,2023,5,8.62,15.81,24.9,34.5,0,0,coastal
Thane,2023-05-15,20,2023,5,12.81,71.52,26.3,31.4,0,0,coastal
Thane,2023-05-22,21,2023,5,11.12,49.07,26.8,41.5,0,0,coastal
Thane,2023-05-29,22,2023,5,5.91,-20.21,25.0,42.2,0,0,coastal
Thane,2023-06-05,23,2023,6,96.41,9.69,23.3,80.2,1,0,coastal
Thane,2023-06-12,24,2023,6,130.49,48.42,25.9,84.7,1,0,coastal
Thane,2023-06-19,25,2023,6,154.49,75.7,26.7,93.3,1,0,coastal
Thane,2023-06-26,26,2023,6,110.38,25.56,26.0,79.8,1,0,coastal
Thane,2023-07-03,27,2023,7,179.31,1.65,26.4,82.2,1,0,coastal
Thane,2023-07-10,28,2023,7,253.37,43.61,26.0,88.6,1,0,coastal
Thane,2023-07-17,29,2023,7,176.82,0.24,25.8,80.7,1,0,coastal
Thane,2023-07-24,30,2023,7,169.68,-3.8,26.6,88.6,1,0,coastal
Thane,2023-07-31,31,2023,7,180.83,2.51,26.9,89.2,1,0,coastal
Thane,2023-08-07,32,2023,8,233.88,44.75,28.4,93.3,1,0,coastal
Thane,2023-08-14,33,2023,8,134.48,-16.74,27.1,95.7,1,0,coastal
Thane,2023-08-21,34,2023,8,162.69,0.71,28.6,89.6,1,0,coastal
Thane,2023-08-28,35,2023,8,109.26,-32.35,29.4,92.2,1,0,coastal
Thane,2023-09-04,36,2023,9,161.96,32.13,27.3,89.5,1,0,coastal
Thane,2023-09-11,37,2023,9,123.09,0.44,27.7,86.2,1,0,coastal
Thane,2023-09-18,38,2023,9,98.23,-19.83,25.9,79.5,1,0,coastal
Thane,2023-09-25,39,2023,9,134.3,9.58,25.6,84.9,1,0,coastal
Thane,2023-10-02,40,2023,10,25.71,-32.93,24.6,74.8,0,0,coastal
Thane,2023-10-09,41,2023,10,46.55,21.26,26.1,61.9,0,0,coastal
Thane,2023-10-16,42,2023,10,49.92,30.02,26.5,63.5,0,0,coastal
Thane,2023-10-23,43,2023,10,50.52,31.56,27.2,54.0,0,0,coastal
Thane,2023-10-30,44,2023,10,45.65,18.92,26.9,63.8,0,0,coastal
Thane,2023-11-06,45,2023,11,7.31,-34.11,25.4,64.4,0,0,coastal
Thane,2023-11-13,46,2023,11,14.02,25.65,26.9,69.9,0,0,coastal
Thane,2023-11-20,47,2023,11,12.17,9.2,26.3,64.4,0,0,coastal
Thane,2023-11-27,48,2023,11,16.66,49.08,26.8,68.4,0,0,coastal
Thane,2023-12-04,49,2023,12,2.76,11.19,26.5,67.9,0,0,coastal
Thane,2023-12-11,50,2023,12,2.59,4.26,25.1,61.6,0,0,coastal
Thane,2023-12-18,51,2023,12,3.32,32.89,25.4,64.5,0,0,coastal
Thane,2023-12-25,52,2023,12,2.02,-17.61,25.7,66.4,0,0,coastal
Palghar,2019-01-07,2,2019,1,2.37,-32.94,24.8,63.7,0,0,coastal
Palghar,2019-01-14,3,2019,1,2.7,-23.89,24.7,60.7,0,0,coastal
Palghar,2019-01-21,4,2019,1,1.97,-43.65,24.2,61.1,0,0,coastal
Palghar,2019-01-28,5,2019,1,4.3,19.52,25.8,70.7,0,0,coastal
Palghar,2019-02-04,6,2019,2,2.17,1.01,22.9,55.6,0,0,coastal
Palghar,2019-02-11,7,2019,2,1.66,-21.91,24.3,70.5,0,0,coastal
Palghar,2019-02-18,8,2019,2,3.84,75.31,22.0,64.5,0,0,coastal
Palghar,2019-02-25,9,2019,2,1.52,-28.02,23.0,71.2,0,0,coastal
Palghar,2019-03-04,10,2019,3,3.81,31.89,23.4,65.0,0,0,coastal
Palghar,2019-03-11,11,2019,3,1.81,-35.68,23.0,67.1,0,0,coastal
Palghar,2019-03-18,12,2019,3,4.56,57.4,24.1,73.8,0,0,coastal
Palghar,2019-03-25,13,2019,3,4.63,59.66,25.1,65.4,0,0,coastal
Palghar,2019-04-01,14,2019,4,4.72,9.72,23.6,33.6,0,0,coastal
Palghar,2019-04-08,15,2019,4,1.88,-55.03,24.0,36.6,0,0,coastal
Palghar,2019-04-15,16,2019,4,4.89,13.43,27.0,27.9,0,0,coastal
Palghar,2019-04-22,17,2019,4,7.75,78.66,25.3,38.3,0,0,coastal
Palghar,2019-04-29,18,2019,4,7.16,65.17,25.8,20.9,0,0,coastal
Palghar,2019-05-06,19,2019,5,15.81,83.11,25.2,32.3,0,0,coastal
Palghar,2019-05-13,20,2019,5,12.34,43.12,24.7,37.2,0,0,coastal
Palghar,2019-05-20,21,2019,5,3.34,-60.48,25.7,36.9,0,0,coastal
Palghar,2019-05-27,22,2019,5,7.12,-16.97,24.7,39.9,0,0,coastal
Palghar,2019-06-03,23,2019,6,113.3,11.44,25.6,90.7,1,0,coastal
Palghar,2019-06-10,24,2019,6,82.32,-19.01,24.2,79.7,1,0,coastal
Palghar,2019-06-17,25,2019,6,111.55,9.72,26.1,86.4,1,0,coastal
Palghar,2019-06-24,26,2019,6,125.96,23.87,24.0,90.7,1,0,coastal
Palghar,2019-07-01,27,2019,7,175.06,-14.2,26.9,91.7,1,0,coastal
Palghar,2019-07-08,28,2019,7,329.8,61.6,25.7,92.7,1,0,coastal
Palghar,2019-07-15,29,2019,7,269.14,31.89,26.6,90.7,1,0,coastal
Palghar,2019-07-22,30,2019,7,192.63,-5.59,25.6,93.4,1,0,coastal
Palghar,2019-07-29,31,2019,7,211.72,3.76,29.0,95.6,1,0,coastal
Palghar,2019-08-05,32,2019,8,127.36,-31.83,29.0,87.3,1,0,coastal
Palghar,2019-08-12,33,2019,8,239.79,28.31,27.4,83.1,1,0,coastal
Palghar,2019-08-19,34,2019,8,183.94,-1.56,28.4,89.5,1,0,coastal
Palghar,2019-08-26,35,2019,8,125.57,-32.78,28.2,82.0,1,0,coastal
Palghar,2019-09-02,36,2019,9,205.8,45.15,28.7,82.9,1,0,coastal
Palghar,2019-09-09,37,2019,9,214.52,51.29,28.0,96.9,1,0,coastal
Palghar,2019-09-16,38,2019,9,99.29,-29.93,25.3,84.9,1,0,coastal
Palghar,2019-09-23,39,2019,9,102.07,-27.98,30.1,88.3,1,0,coastal
Palghar,2019-09-30,40,2019,9,163.03,15.0,28.8,85.1,1,0,coastal
Palghar,2019-10-07,41,2019,10,57.04,28.43,24.6,63.4,0,0,coastal
Palghar,2019-10-14,42,2019,10,76.7,72.63,28.0,67.4,0,0,coastal
Palghar,2019-10-21,43,2019,10,47.36,6.69,26.5,67.3,0,0,coastal
Palghar,2019-10-28,44,2019,10,20.35,-54.03,28.5,57.2,0,0,coastal
Palghar,2019-11-04,45,2019,11,9.15,-28.75,23.4,68.5,0,0,coastal
Palghar,2019-11-11,46,2019,11,23.26,79.89,24.3,62.0,0,0,coastal
Palghar,2019-11-18,47,2019,11,11.95,-7.19,24.9,64.2,0,0,coastal
Palghar,2019-11-25,48,2019,11,13.68,6.11,26.9,64.9,0,0,coastal
Palghar,2019-12-02,49,2019,12,1.76,-37.33,26.6,72.1,0,0,coastal
Palghar,2019-12-09,50,2019,12,2.67,-6.53,26.1,70.8,0,0,coastal
Palghar,2019-12-16,51,2019,12,3.15,9.77,24.5,72.6,0,0,coastal
Palghar,2019-12-23,52,2019,12,3.15,9.6,26.4,77.3,0,0,coastal
Palghar,2019-12-30,1,2019,12,4.08,41.07,23.3,60.7,0,0,coastal
Palghar,2020-01-06,2,2020,1,2.06,-41.3,24.6,54.9,0,0,coastal
Palghar,2020-01-13,3,2020,1,3.2,-10.42,23.2,53.8,0,0,coastal
Palghar,2020-01-20,4,2020,1,3.12,-12.43,22.3,60.6,0,0,coastal
Palghar,2020-01-27,5,2020,1,4.16,15.79,23.8,70.7,0,0,coastal
Palghar,2020-02-03,6,2020,2,2.54,17.39,24.4,71.3,0,0,coastal
Palghar,2020-02-10,7,2020,2,1.63,-23.05,22.7,59.8,0,0,coastal
Palghar,2020-02-17,8,2020,2,2.18,1.55,23.1,59.5,0,0,coastal
Palghar,2020-02-24,9,2020,2,2.0,-6.76,24.1,63.2,0,0,coastal
Palghar,2020-03-02,10,2020,3,2.67,-6.57,24.5,67.8,0,0,coastal
Palghar,2020-03-09,11,2020,3,3.12,8.51,23.6,53.8,0,0,coastal
Palghar,2020-03-16,12,2020,3,1.92,-31.97,23.5,71.8,0,0,coastal
Palghar,2020-03-23,13,2020,3,1.4,-49.52,25.8,67.7,0,0,coastal
Palghar,2020-03-30,14,2020,3,3.35,16.28,23.2,59.8,0,0,coastal
Palghar,2020-04-06,15,2020,4,6.32,46.16,23.8,30.3,0,0,coastal
Palghar,2020-04-13,16,2020,4,1.8,-56.82,23.3,35.7,0,0,coastal
Palghar,2020-04-20,17,2020,4,5.84,35.21,25.2,37.6,0,0,coastal
Palghar,2020-04-27,18,2020,4,5.11,18.48,22.1,36.0,0,0,coastal
Palghar,2020-05-04,19,2020,5,8.93,3.91,24.2,38.4,0,0,coastal
Palghar,2020-05-11,20,2020,5,6.13,-28.35,25.6,44.4,0,0,coastal
Palghar,2020-05-18,21,2020,5,10.72,24.47,26.6,37.1,0,0,coastal
Palghar,2020-05-25,22,2020,5,5.02,-41.15,25.2,35.6,0,0,coastal
Palghar,2020-06-01,23,2020,6,54.33,-46.51,25.5,84.8,1,0,coastal
Palghar,2020-06-08,24,2020,6,165.57,62.8,27.9,88.4,1,0,coastal
Palghar,2020-06-15,25,2020,6,49.87,-50.9,26.6,87.5,1,0,coastal
Palghar,2020-06-22,26,2020,6,151.95,49.41,28.3,83.4,1,0,coastal
Palghar,2020-06-29,27,2020,6,115.43,13.53,25.8,83.2,1,0,coastal
Palghar,2020-07-06,28,2020,7,269.61,32.12,27.2,99.0,1,0,coastal
Palghar,2020-07-13,29,2020,7,162.66,-20.27,25.7,84.3,1,0,coastal
Palghar,2020-07-20,30,2020,7,185.75,-8.96,25.5,85.9,1,0,coastal
Palghar,2020-07-27,31,2020,7,98.0,-51.95,26.0,84.5,1,0,coastal
Palghar,2020-08-03,32,2020,8,197.61,5.75,26.6,86.8,1,0,coastal
Palghar,2020-08-10,33,2020,8,128.74,-31.09,25.2,84.3,1,0,coastal
Palghar,2020-08-17,34,2020,8,264.55,41.56,25.3,86.2,1,0,coastal
Palghar,2020-08-24,35,2020,8,104.44,-44.08,27.5,84.7,1,0,coastal
Palghar,2020-08-31,36,2020,8,177.23,-5.15,28.3,87.6,1,0,coastal
Palghar,2020-09-07,37,2020,9,92.28,-34.88,28.5,86.2,1,0,coastal
Palghar,2020-09-14,38,2020,9,154.9,9.26,26.2,91.3,1,0,coastal
Palghar,2020-09-21,39,2020,9,161.56,13.96,28.8,86.2,1,0,coastal
Palghar,2020-09-28,40,2020,9,179.64,26.71,27.7,87.0,1,0,coastal
Palghar,2020-10-05,41,2020,10,24.16,-45.46,24.5,63.9,0,0,coastal
Palghar,2020-10-12,42,2020,10,31.31,-29.4,26.6,61.5,0,0,coastal
Palghar,2020-10-19,43,2020,10,49.96,12.53,26.2,65.7,0,0,coastal
Palghar,2020-10-26,44,2020,10,15.73,-64.41,26.4,69.5,0,0,coastal
Palghar,2020-11-02,45,2020,11,10.31,-19.88,23.8,63.0,0,0,coastal
Palghar,2020-11-09,46,2020,11,15.86,22.92,24.1,51.4,0,0,coastal
Palghar,2020-11-16,47,2020,11,11.15,-13.34,24.1,56.4,0,0,coastal
Palghar,2020-11-23,48,2020,11,10.99,-14.6,27.7,62.0,0,0,coastal
Palghar,2020-11-30,49,2020,11,4.07,-67.87,23.0,65.9,0,0,coastal
Palghar,2020-12-07,50,2020,12,2.76,-3.49,24.8,69.7,0,0,coastal
Palghar,2020-12-14,51,2020,12,3.37,17.25,23.6,70.5,0,0,coastal
Palghar,2020-12-21,52,2020,12,2.63,-7.92,24.5,58.9,0,0,coastal
Palghar,2020-12-28,53,2020,12,1.63,-41.59,23.7,71.8,0,0,coastal
Palghar,2021-01-04,1,2021,1,3.88,8.23,24.1,54.3,0,0,coastal
Palghar,2021-01-11,2,2021,1,2.91,-18.17,23.1,74.8,0,0,coastal
Palghar,2021-01-18,3,2021,1,4.05,12.88,23.6,58.1,0,0,coastal
Palghar,2021-01-25,4,2021,1,3.63,1.36,23.3,70.5,0,0,coastal
Palghar,2021-02-01,5,2021,2,0.9,-55.51,20.9,65.9,0,0,coastal
Palghar,2021-02-08,6,2021,2,3.22,47.87,21.8,70.7,0,0,coastal
Palghar,2021-02-15,7,2021,2,2.55,17.76,21.6,58.5,0,0,coastal
Palghar,2021-02-22,8,2021,2,2.84,30.87,23.6,52.5,0,0,coastal
Palghar,2021-03-01,9,2021,3,2.91,1.56,22.1,64.8,0,0,coastal
Palghar,2021-03-08,10,2021,3,3.37,17.01,23.6,76.2,0,0,coastal
Palghar,2021-03-15,11,2021,3,5.02,72.7,24.5,60.0,0,0,coastal
Palghar,2021-03-22,12,2021,3,2.66,-7.01,25.5,58.3,0,0,coastal
Palghar,2021-03-29,13,2021,3,3.79,31.21,26.4,56.5,0,0,coastal
Palghar,2021-04-05,14,2021,4,7.09,63.64,25.7,36.6,0,0,coastal
Palghar,2021-04-12,15,2021,4,5.7,31.99,25.3,37.3,0,0,coastal
Palghar,2021-04-19,16,2021,4,4.43,2.98,25.5,32.5,0,0,coastal
Palghar,2021-04-26,17,2021,4,4.07,-5.04,24.5,33.7,0,0,coastal
Palghar,2021-05-03,18,2021,5,15.89,83.92,27.2,35.8,0,0,coastal
Palghar,2021-05-10,19,2021,5,6.47,-24.43,24.8,43.3,0,0,coastal
Palghar,2021-05-17,20,2021,5,6.81,-20.55,26.6,31.8,0,0,coastal
Palghar,2021-05-24,21,2021,5,12.47,44.64,26.0,35.9,0,0,coastal
Palghar,2021-05-31,22,2021,5,7.38,-13.9,26.3,34.8,0,0,coastal
Palghar,2021-06-07,23,2021,6,119.11,17.15,25.5,85.8,1,0,coastal
Palghar,2021-06-14,24,2021,6,89.65,-11.8,26.1,90.3,1,0,coastal
Palghar,2021-06-21,25,2021,6,74.46,-26.73,26.4,85.0,1,0,coastal
Palghar,2021-06-28,26,2021,6,171.07,68.2,26.0,87.6,1,0,coastal
Palghar,2021-07-05,27,2021,7,280.04,37.23,28.9,89.9,1,0,coastal
Palghar,2021-07-12,28,2021,7,423.87,107.69,28.2,87.4,1,0,coastal
Palghar,2021-07-19,29,2021,7,57.22,-71.92,26.0,91.2,1,0,coastal
Palghar,2021-07-26,30,2021,7,162.78,-20.21,24.5,89.3,1,0,coastal
Palghar,2021-08-02,31,2021,8,127.25,-31.88,27.1,87.0,1,0,coastal
Palghar,2021-08-09,32,2021,8,133.53,-28.53,29.3,84.6,1,0,coastal
Palghar,2021-08-16,33,2021,8,295.69,58.21,28.5,84.2,1,0,coastal
Palghar,2021-08-23,34,2021,8,367.63,96.69,26.0,87.4,1,0,coastal
Palghar,2021-08-30,35,2021,8,251.03,34.32,25.3,87.1,1,0,coastal
Palghar,2021-09-06,36,2021,9,207.84,46.59,27.3,94.6,1,0,coastal
Palghar,2021-09-13,37,2021,9,116.86,-17.55,26.6,85.4,1,0,coastal
Palghar,2021-09-20,38,2021,9,130.63,-7.84,26.5,89.1,1,0,coastal
Palghar,2021-09-27,39,2021,9,140.72,-0.73,26.0,89.6,1,0,coastal
Palghar,2021-10-04,40,2021,10,74.0,66.56,27.8,67.4,0,0,coastal
Palghar,2021-10-11,41,2021,10,37.21,-16.14,25.3,61.9,0,0,coastal
Palghar,2021-10-18,42,2021,10,47.39,6.74,26.8,61.8,0,0,coastal
Palghar,2021-10-25,43,2021,10,61.4,38.23,25.2,70.6,0,0,coastal
Palghar,2021-11-01,44,2021,11,15.39,19.3,26.4,65.3,0,0,coastal
Palghar,2021-11-08,45,2021,11,10.41,-19.07,26.7,60.8,0,0,coastal
Palghar,2021-11-15,46,2021,11,13.78,6.87,23.6,61.1,0,0,coastal
Palghar,2021-11-22,47,2021,11,12.52,-2.79,25.1,66.5,0,0,coastal
Palghar,2021-11-29,48,2021,11,17.34,34.31,28.5,69.5,0,0,coastal
Palghar,2021-12-06,49,2021,12,5.41,85.97,23.6,64.7,0,0,coastal
Palghar,2021-12-13,50,2021,12,5.04,73.4,25.3,65.9,0,0,coastal
Palghar,2021-12-20,51,2021,12,4.18,44.33,23.3,71.9,0,0,coastal
Palghar,2021-12-27,52,2021,12,2.57,-9.99,24.2,60.7,0,0,coastal
Palghar,2022-01-03,1,2022,1,3.97,10.72,24.5,62.7,0,0,coastal
Palghar,2022-01-10,2,2022,1,2.28,-35.35,22.5,61.7,0,0,coastal
Palghar,2022-01-17,3,2022,1,4.82,33.75,21.5,73.0,0,0,coastal
Palghar,2022-01-24,4,2022,1,2.95,-17.18,24.5,66.3,0,0,coastal
Palghar,2022-01-31,5,2022,1,3.16,-11.47,24.7,54.3,0,0,coastal
Palghar,2022-02-07,6,2022,2,2.34,8.75,20.6,65.6,0,0,coastal
Palghar,2022-02-14,7,2022,2,2.93,34.68,22.0,79.3,0,0,coastal
Palghar,2022-02-21,8,2022,2,3.02,38.76,24.0,64.2,0,0,coastal
Palghar,2022-02-28,9,2022,2,1.99,-6.97,24.5,75.8,0,0,coastal
Palghar,2022-03-07,10,2022,3,2.2,-22.32,23.5,67.2,0,0,coastal
Palghar,2022-03-14,11,2022,3,4.52,55.98,22.8,59.0,0,0,coastal
Palghar,2022-03-21,12,2022,3,1.63,-41.51,25.1,69.3,0,0,coastal
Palghar,2022-03-28,13,2022,3,1.58,-43.48,26.1,57.4,0,0,coastal
Palghar,2022-04-04,14,2022,4,3.4,-20.38,23.2,38.7,0,0,coastal
Palghar,2022-04-11,15,2022,4,6.76,56.13,26.2,34.5,0,0,coastal
Palghar,2022-04-18,16,2022,4,4.74,10.13,24.9,35.7,0,0,coastal
Palghar,2022-04-25,17,2022,4,5.43,25.72,24.7,31.7,0,0,coastal
Palghar,2022-05-02,18,2022,5,11.48,33.26,23.7,38.9,0,0,coastal
Palghar,2022-05-09,19,2022,5,14.64,69.55,25.2,34.1,0,0,coastal
Palghar,2022-05-16,20,2022,5,8.94,4.07,25.8,35.5,0,0,coastal
Palghar,2022-05-23,21,2022,5,9.08,5.66,25.2,36.7,0,0,coastal
Palghar,2022-05-30,22,2022,5,11.83,37.27,25.3,30.1,0,0,coastal
Palghar,2022-06-06,23,2022,6,151.72,49.19,26.6,80.0,1,0,coastal
Palghar,2022-06-13,24,2022,6,145.46,43.04,25.2,86.2,1,0,coastal
Palghar,2022-06-20,25,2022,6,100.76,-0.89,25.8,91.8,1,0,coastal
Palghar,2022-06-27,26,2022,6,163.25,60.53,27.6,90.9,1,0,coastal
Palghar,2022-07-04,27,2022,7,192.01,-5.89,29.7,90.3,1,0,coastal
Palghar,2022-07-11,28,2022,7,302.39,48.18,26.2,96.8,1,0,coastal
Palghar,2022-07-18,29,2022,7,76.32,-62.56,24.6,92.1,1,0,coastal
Palghar,2022-07-25,30,2022,7,114.54,-43.84,26.1,87.6,1,0,coastal
Palghar,2022-08-01,31,2022,8,203.79,9.06,29.3,88.2,1,0,coastal
Palghar,2022-08-08,32,2022,8,110.99,-40.58,27.2,84.9,1,0,coastal
Palghar,2022-08-15,33,2022,8,183.25,-1.93,27.3,92.1,1,0,coastal
Palghar,2022-08-22,34,2022,8,236.33,26.46,27.2,93.4,1,0,coastal
Palghar,2022-08-29,35,2022,8,227.26,21.61,27.6,78.4,1,0,coastal
Palghar,2022-09-05,36,2022,9,234.1,65.1,25.9,84.3,1,0,coastal
Palghar,2022-09-12,37,2022,9,174.29,22.93,25.9,83.9,1,0,coastal
Palghar,2022-09-19,38,2022,9,239.99,69.25,28.8,87.0,1,0,coastal
Palghar,2022-09-26,39,2022,9,131.13,-7.49,26.2,72.9,1,0,coastal
Palghar,2022-10-03,40,2022,10,63.34,42.59,26.8,62.0,0,0,coastal
Palghar,2022-10-10,41,2022,10,84.35,89.83,24.1,72.8,0,0,coastal
Palghar,2022-10-17,42,2022,10,30.78,-30.58,28.7,72.3,0,0,coastal
Palghar,2022-10-24,43,2022,10,29.35,-33.79,27.2,67.5,0,0,coastal
Palghar,2022-10-31,44,2022,10,38.86,-12.43,27.6,70.4,0,0,coastal
Palghar,2022-11-07,45,2022,11,16.64,28.9,25.1,73.5,0,0,coastal
Palghar,2022-11-14,46,2022,11,10.83,-15.84,25.5,64.9,0,0,coastal
Palghar,2022-11-21,47,2022,11,15.79,22.38,25.4,63.7,0,0,coastal
Palghar,2022-11-28,48,2022,11,7.07,-44.8,23.4,69.0,0,0,coastal
Palghar,2022-12-05,49,2022,12,4.0,38.5,28.1,66.0,0,0,coastal
Palghar,2022-12-12,50,2022,12,2.04,-27.81,23.4,61.2,0,0,coastal
Palghar,2022-12-19,51,2022,12,3.5,21.38,24.0,69.2,0,0,coastal
Palghar,2022-12-26,52,2022,12,3.67,27.3,25.5,57.3,0,0,coastal
Palghar,2023-01-02,1,2023,1,5.77,59.4,26.9,59.6,0,0,coastal
Palghar,2023-01-09,2,2023,1,3.61,0.9,22.7,66.2,0,0,coastal
Palghar,2023-01-16,3,2023,1,4.89,35.7,24.0,70.9,0,0,coastal
Palghar,2023-01-23,4,2023,1,6.01,66.15,22.4,65.9,0,0,coastal
Palghar,2023-01-30,5,2023,1,4.74,31.56,24.4,63.3,0,0,coastal
Palghar,2023-02-06,6,2023,2,2.77,27.47,21.2,72.4,0,0,coastal
Palghar,2023-02-13,7,2023,2,2.32,7.86,22.3,56.7,0,0,coastal
Palghar,2023-02-20,8,2023,2,3.84,75.35,25.4,65.7,0,0,coastal
Palghar,2023-02-27,9,2023,2,1.53,-27.4,22.6,64.3,0,0,coastal
Palghar,2023-03-06,10,2023,3,2.62,-8.33,24.5,68.8,0,0,coastal
Palghar,2023-03-13,11,2023,3,3.38,17.42,22.1,62.7,0,0,coastal
Palghar,2023-03-20,12,2023,3,3.02,5.27,23.6,72.2,0,0,coastal
Palghar,2023-03-27,13,2023,3,3.19,11.09,24.7,73.1,0,0,coastal
Palghar,2023-04-03,14,2023,4,5.03,16.65,25.0,35.6,0,0,coastal
Palghar,2023-04-10,15,2023,4,7.42,71.07,28.3,35.5,0,0,coastal
Palghar,2023-04-17,16,2023,4,7.04,62.33,26.5,41.6,0,0,coastal
Palghar,2023-04-24,17,2023,4,6.26,44.72,25.1,43.0,0,0,coastal
Palghar,2023-05-01,18,2023,5,4.97,-41.7,25.1,41.0,0,0,coastal
Palghar,2023-05-08,19,2023,5,6.8,-20.65,28.3,29.1,0,0,coastal
Palghar,2023-05-15,20,2023,5,13.22,53.21,24.3,39.4,0,0,coastal
Palghar,2023-05-22,21,2023,5,7.3,-14.81,26.8,35.2,0,0,coastal
Palghar,2023-05-29,22,2023,5,11.59,34.45,26.6,39.6,0,0,coastal
Palghar,2023-06-05,23,2023,6,122.71,20.68,26.6,87.3,1,0,coastal
Palghar,2023-06-12,24,2023,6,108.72,6.94,27.9,89.1,1,0,coastal
Palghar,2023-06-19,25,2023,6,110.79,8.97,27.6,91.7,1,0,coastal
Palghar,2023-06-26,26,2023,6,165.9,63.13,25.6,81.9,1,0,coastal
Palghar,2023-07-03,27,2023,7,250.81,22.91,24.7,87.1,1,0,coastal
Palghar,2023-07-10,28,2023,7,198.71,-2.61,26.1,78.4,1,0,coastal
Palghar,2023-07-17,29,2023,7,265.95,30.32,27.1,87.4,1,0,coastal
Palghar,2023-07-24,30,2023,7,309.52,51.67,27.0,88.8,1,0,coastal
Palghar,2023-07-31,31,2023,7,292.54,43.35,27.1,86.9,1,0,coastal
Palghar,2023-08-07,32,2023,8,196.55,5.19,25.6,87.7,1,0,coastal
Palghar,2023-08-14,33,2023,8,291.61,56.03,27.5,85.7,1,0,coastal
Palghar,2023-08-21,34,2023,8,273.61,46.4,27.5,85.4,1,0,coastal
Palghar,2023-08-28,35,2023,8,308.59,65.11,25.5,87.9,1,0,coastal
Palghar,2023-09-04,36,2023,9,126.15,-11.0,28.1,82.1,1,0,coastal
Palghar,2023-09-11,37,2023,9,121.66,-14.17,29.5,88.4,1,0,coastal
Palghar,2023-09-18,38,2023,9,204.08,43.93,26.9,86.4,1,0,coastal
Palghar,2023-09-25,39,2023,9,201.64,42.21,26.8,84.7,1,0,coastal
Palghar,2023-10-02,40,2023,10,65.65,47.8,27.8,68.7,0,0,coastal
Palghar,2023-10-09,41,2023,10,64.25,44.65,26.8,68.9,0,0,coastal
Palghar,2023-10-16,42,2023,10,39.46,-11.07,27.0,65.5,0,0,coastal
Palghar,2023-10-23,43,2023,10,42.12,-5.1,28.6,66.5,0,0,coastal
Palghar,2023-10-30,44,2023,10,39.14,-11.8,26.3,66.5,0,0,coastal
Palghar,2023-11-06,45,2023,11,20.37,57.61,26.6,66.7,0,0,coastal
Palghar,2023-11-13,46,2023,11,17.34,34.31,25.7,64.9,0,0,coastal
Palghar,2023-11-20,47,2023,11,20.95,62.09,28.4,74.4,0,0,coastal
Palghar,2023-11-27,48,2023,11,10.31,-19.82,25.0,63.2,0,0,coastal
Palghar,2023-12-04,49,2023,12,3.79,31.28,23.5,62.3,0,0,coastal
Palghar,2023-12-11,50,2023,12,3.82,32.31,24.0,67.3,0,0,coastal
Palghar,2023-12-18,51,2023,12,4.36,50.37,26.3,67.0,0,0,coastal
Palghar,2023-12-25,52,2023,12,4.25,46.81,23.6,68.0,0,0,coastal
Raigad,2019-01-07,2,2019,1,6.07,74.37,22.2,69.6,0,0,coastal
Raigad,2019-01-14,3,2019,1,4.4,27.1,25.7,59.4,0,0,coastal
Raigad,2019-01-21,4,2019,1,2.79,-18.51,25.7,56.2,0,0,coastal
Raigad,2019-01-28,5,2019,1,1.75,-47.73,25.2,53.4,0,0,coastal
Raigad,2019-02-04,6,2019,2,2.6,24.8,20.7,66.5,0,0,coastal
Raigad,2019-02-11,7,2019,2,2.2,6.44,25.4,58.8,0,0,coastal
Raigad,2019-02-18,8,2019,2,2.07,0.08,23.4,57.4,0,0,coastal
Raigad,2019-02-25,9,2019,2,1.64,-19.53,24.7,64.7,0,0,coastal
Raigad,2019-03-04,10,2019,3,2.24,-17.92,24.4,63.1,0,0,coastal
Raigad,2019-03-11,11,2019,3,2.79,1.42,25.9,66.5,0,0,coastal
Raigad,2019-03-18,12,2019,3,4.04,45.13,24.4,61.8,0,0,coastal
Raigad,2019-03-25,13,2019,3,3.12,13.03,25.6,60.4,0,0,coastal
Raigad,2019-04-01,14,2019,4,4.3,3.96,25.2,28.5,0,0,coastal
Raigad,2019-04-08,15,2019,4,5.73,37.95,25.5,27.3,0,0,coastal
Raigad,2019-04-15,16,2019,4,3.89,-5.61,23.3,34.4,0,0,coastal
Raigad,2019-04-22,17,2019,4,4.21,1.82,24.4,32.2,0,0,coastal
Raigad,2019-04-29,18,2019,4,3.34,-18.67,24.8,37.9,0,0,coastal
Raigad,2019-05-06,19,2019,5,10.64,28.47,25.3,26.0,0,0,coastal
Raigad,2019-05-13,20,2019,5,9.82,18.73,25.8,32.6,0,0,coastal
Raigad,2019-05-20,21,2019,5,11.35,37.01,27.1,42.6,0,0,coastal
Raigad,2019-05-27,22,2019,5,14.52,74.9,25.6,45.6,0,0,coastal
Raigad,2019-06-03,23,2019,6,94.72,-3.08,26.5,96.6,1,0,coastal
Raigad,2019-06-10,24,2019,6,78.56,-19.59,27.1,93.9,1,0,coastal
Raigad,2019-06-17,25,2019,6,96.84,-0.91,26.2,94.9,1,0,coastal
Raigad,2019-06-24,26,2019,6,106.39,8.86,26.1,82.5,1,0,coastal
Raigad,2019-07-01,27,2019,7,179.57,-8.44,26.4,84.1,1,0,coastal
Raigad,2019-07-08,28,2019,7,327.95,67.16,26.1,96.8,1,0,coastal
Raigad,2019-07-15,29,2019,7,350.28,78.55,28.2,86.4,1,0,coastal
Raigad,2019-07-22,30,2019,7,182.86,-6.77,27.6,88.2,1,0,coastal
Raigad,2019-07-29,31,2019,7,233.49,19.03,28.4,81.8,1,0,coastal
Raigad,2019-08-05,32,2019,8,196.77,9.54,26.9,88.7,1,0,coastal
Raigad,2019-08-12,33,2019,8,258.36,43.81,29.9,87.0,1,0,coastal
Raigad,2019-08-19,34,2019,8,243.89,35.76,25.9,88.6,1,0,coastal
Raigad,2019-08-26,35,2019,8,290.6,61.74,27.3,97.0,1,0,coastal
Raigad,2019-09-02,36,2019,9,123.72,-9.2,27.1,81.2,1,0,coastal
Raigad,2019-09-09,37,2019,9,204.77,50.23,25.5,88.6,1,0,coastal
Raigad,2019-09-16,38,2019,9,247.05,81.24,27.6,84.0,1,0,coastal
Raigad,2019-09-23,39,2019,9,49.11,-63.92,25.6,90.4,1,0,coastal
Raigad,2019-09-30,40,2019,9,193.01,41.61,26.8,81.9,1,0,coastal
Raigad,2019-10-07,41,2019,10,43.14,1.1,26.2,70.8,0,0,coastal
Raigad,2019-10-14,42,2019,10,60.92,42.68,26.8,70.3,0,0,coastal
Raigad,2019-10-21,43,2019,10,53.42,25.14,27.8,67.6,0,0,coastal
Raigad,2019-10-28,44,2019,10,53.5,25.32,26.4,74.7,0,0,coastal
Raigad,2019-11-04,45,2019,11,15.83,27.58,25.4,58.6,0,0,coastal
Raigad,2019-11-11,46,2019,11,19.47,56.73,25.7,66.2,0,0,coastal
Raigad,2019-11-18,47,2019,11,20.46,64.62,26.5,67.6,0,0,coastal
Raigad,2019-11-25,48,2019,11,15.89,28.01,26.0,63.1,0,0,coastal
Raigad,2019-12-02,49,2019,12,3.55,27.83,24.0,63.2,0,0,coastal
Raigad,2019-12-09,50,2019,12,1.31,-50.55,24.0,68.1,0,0,coastal
Raigad,2019-12-16,51,2019,12,3.65,31.31,25.8,49.8,0,0,coastal
Raigad,2019-12-23,52,2019,12,3.16,14.44,26.3,68.6,0,0,coastal
Raigad,2019-12-30,1,2019,12,3.01,8.91,25.8,60.0,0,0,coastal
Raigad,2020-01-06,2,2020,1,4.25,22.77,23.7,60.8,0,0,coastal
Raigad,2020-01-13,3,2020,1,3.01,-12.1,23.3,59.1,0,0,coastal
Raigad,2020-01-20,4,2020,1,2.8,-18.12,24.4,69.0,0,0,coastal
Raigad,2020-01-27,5,2020,1,3.62,5.12,26.9,66.3,0,0,coastal
Raigad,2020-02-03,6,2020,2,2.98,42.2,23.3,68.5,0,0,coastal
Raigad,2020-02-10,7,2020,2,1.86,-9.3,23.5,67.9,0,0,coastal
Raigad,2020-02-17,8,2020,2,2.57,23.29,21.0,63.6,0,0,coastal
Raigad,2020-02-24,9,2020,2,1.13,-43.29,20.5,67.8,0,0,coastal
Raigad,2020-03-02,10,2020,3,2.19,-19.78,23.3,65.9,0,0,coastal
Raigad,2020-03-09,11,2020,3,3.14,13.49,24.7,62.1,0,0,coastal
Raigad,2020-03-16,12,2020,3,2.57,-6.27,25.1,55.3,0,0,coastal
Raigad,2020-03-23,13,2020,3,1.55,-42.29,23.9,57.5,0,0,coastal
Raigad,2020-03-30,14,2020,3,1.45,-45.78,25.6,66.1,0,0,coastal
Raigad,2020-04-06,15,2020,4,3.63,-11.84,23.8,32.9,0,0,coastal
Raigad,2020-04-13,16,2020,4,1.71,-57.21,24.6,26.1,0,0,coastal
Raigad,2020-04-20,17,2020,4,5.56,33.94,23.9,29.9,0,0,coastal
Raigad,2020-04-27,18,2020,4,3.52,-14.45,25.5,35.4,0,0,coastal
Raigad,2020-05-04,19,2020,5,9.38,13.44,24.8,35.6,0,0,coastal
Raigad,2020-05-11,20,2020,5,7.41,-10.11,26.3,37.2,0,0,coastal
Raigad,2020-05-18,21,2020,5,9.77,18.1,28.2,34.3,0,0,coastal
Raigad,2020-05-25,22,2020,5,4.11,-49.58,25.2,33.3,0,0,coastal
Raigad,2020-06-01,23,2020,6,109.83,12.37,27.2,89.3,1,0,coastal
Raigad,2020-06-08,24,2020,6,92.04,-5.81,26.1,88.0,1,0,coastal
Raigad,2020-06-15,25,2020,6,44.3,-54.61,26.4,89.0,1,0,coastal
Raigad,2020-06-22,26,2020,6,121.22,24.02,24.6,89.8,1,0,coastal
Raigad,2020-06-29,27,2020,6,147.95,51.34,26.8,87.1,1,0,coastal
Raigad,2020-07-06,28,2020,7,220.5,12.41,26.9,82.4,1,0,coastal
Raigad,2020-07-13,29,2020,7,169.65,-13.5,27.7,77.3,1,0,coastal
Raigad,2020-07-20,30,2020,7,147.74,-24.66,25.3,87.7,1,0,coastal
Raigad,2020-07-27,31,2020,7,214.25,9.23,26.6,85.5,1,0,coastal
Raigad,2020-08-03,32,2020,8,111.18,-38.08,26.1,91.1,1,0,coastal
Raigad,2020-08-10,33,2020,8,194.6,8.33,29.0,90.4,1,0,coastal
Raigad,2020-08-17,34,2020,8,221.79,23.46,25.7,86.7,1,0,coastal
Raigad,2020-08-24,35,2020,8,85.19,-52.55,26.7,85.1,1,0,coastal
Raigad,2020-08-31,36,2020,8,178.05,-0.87,26.9,91.0,1,0,coastal
Raigad,2020-09-07,37,2020,9,177.58,30.3,27.2,87.6,1,0,coastal
Raigad,2020-09-14,38,2020,9,129.68,-4.83,29.1,83.9,1,0,coastal
Raigad,2020-09-21,39,2020,9,122.79,-9.88,25.7,86.4,1,0,coastal
Raigad,2020-09-28,40,2020,9,148.64,9.07,27.3,88.4,1,0,coastal
Raigad,2020-10-05,41,2020,10,15.62,-63.24,27.4,71.6,0,0,coastal
Raigad,2020-10-12,42,2020,10,14.42,-66.05,27.2,58.9,0,0,coastal
Raigad,2020-10-19,43,2020,10,52.78,23.63,27.5,71.8,0,0,coastal
Raigad,2020-10-26,44,2020,10,30.32,-28.88,25.7,74.4,0,0,coastal
Raigad,2020-11-02,45,2020,11,10.28,-16.88,25.2,61.1,0,0,coastal
Raigad,2020-11-09,46,2020,11,4.73,-61.35,25.4,69.4,0,0,coastal
Raigad,2020-11-16,47,2020,11,4.8,-60.78,25.7,65.2,0,0,coastal
Raigad,2020-11-23,48,2020,11,5.69,-53.66,24.2,64.3,0,0,coastal
Raigad,2020-11-30,49,2020,11,15.52,25.08,24.6,62.5,0,0,coastal
Raigad,2020-12-07,50,2020,12,2.42,-11.75,26.9,68.5,0,0,coastal
Raigad,2020-12-14,51,2020,12,3.93,41.35,26.0,70.1,0,0,coastal
Raigad,2020-12-21,52,2020,12,0.93,-63.88,21.9,69.4,0,0,coastal
Raigad,2020-12-28,53,2020,12,2.81,1.95,22.4,60.9,0,0,coastal
Raigad,2021-01-04,1,2021,1,3.72,7.84,25.0,65.4,0,0,coastal
Raigad,2021-01-11,2,2021,1,5.28,52.06,22.6,56.6,0,0,coastal
Raigad,2021-01-18,3,2021,1,1.93,-42.6,24.6,64.3,0,0,coastal
Raigad,2021-01-25,4,2021,1,4.41,27.25,24.2,54.7,0,0,coastal
Raigad,2021-02-01,5,2021,2,2.49,19.65,24.2,70.4,0,0,coastal
Raigad,2021-02-08,6,2021,2,2.05,-0.65,22.2,67.1,0,0,coastal
Raigad,2021-02-15,7,2021,2,2.58,23.87,21.5,62.8,0,0,coastal
Raigad,2021-02-22,8,2021,2,3.07,46.55,21.8,74.6,0,0,coastal
Raigad,2021-03-01,9,2021,3,3.39,22.25,23.5,69.7,0,0,coastal
Raigad,2021-03-08,10,2021,3,3.75,34.83,24.9,56.9,0,0,coastal
Raigad,2021-03-15,11,2021,3,3.58,28.86,24.9,65.9,0,0,coastal
Raigad,2021-03-22,12,2021,3,4.21,51.07,25.8,68.8,0,0,coastal
Raigad,2021-03-29,13,2021,3,3.47,24.99,26.0,71.7,0,0,coastal
Raigad,2021-04-05,14,2021,4,6.59,58.08,24.4,30.8,0,0,coastal
Raigad,2021-04-12,15,2021,4,4.74,14.45,25.5,32.5,0,0,coastal
Raigad,2021-04-19,16,2021,4,5.34,28.68,25.4,41.1,0,0,coastal
Raigad,2021-04-26,17,2021,4,7.59,81.75,25.0,31.1,0,0,coastal
Raigad,2021-05-03,18,2021,5,12.57,51.6,25.0,29.6,0,0,coastal
Raigad,2021-05-10,19,2021,5,13.9,67.49,25.2,41.2,0,0,coastal
Raigad,2021-05-17,20,2021,5,6.74,-18.14,26.8,44.6,0,0,coastal
Raigad,2021-05-24,21,2021,5,6.44,-21.75,26.5,32.8,0,0,coastal
Raigad,2021-05-31,22,2021,5,7.56,-8.38,29.5,29.6,0,0,coastal
Raigad,2021-06-07,23,2021,6,139.68,42.89,25.4,88.7,1,0,coastal
Raigad,2021-06-14,24,2021,6,124.64,27.51,27.2,87.8,1,0,coastal
Raigad,2021-06-21,25,2021,6,120.56,23.34,26.9,90.4,1,0,coastal
Raigad,2021-06-28,26,2021,6,153.49,57.0,26.0,81.5,1,0,coastal
Raigad,2021-07-05,27,2021,7,190.19,-3.04,27.4,82.2,1,0,coastal
Raigad,2021-07-12,28,2021,7,160.25,-18.29,25.7,84.7,1,0,coastal
Raigad,2021-07-19,29,2021,7,182.18,-7.11,26.9,87.3,1,0,coastal
Raigad,2021-07-26,30,2021,7,281.91,43.71,26.0,91.6,1,0,coastal
Raigad,2021-08-02,31,2021,8,162.8,-9.36,29.4,80.8,1,0,coastal
Raigad,2021-08-09,32,2021,8,224.88,25.18,27.5,91.8,1,0,coastal
Raigad,2021-08-16,33,2021,8,112.19,-37.52,25.6,87.3,1,0,coastal
Raigad,2021-08-23,34,2021,8,185.19,3.09,27.7,85.7,1,0,coastal
Raigad,2021-08-30,35,2021,8,265.47,47.76,25.0,94.0,1,0,coastal
Raigad,2021-09-06,36,2021,9,244.75,79.55,28.4,90.7,1,0,coastal
Raigad,2021-09-13,37,2021,9,112.58,-17.37,26.6,86.3,1,0,coastal
Raigad,2021-09-20,38,2021,9,168.8,23.86,26.3,89.4,1,0,coastal
Raigad,2021-09-27,39,2021,9,126.01,-7.52,25.3,90.1,1,0,coastal
Raigad,2021-10-04,40,2021,10,61.02,42.92,25.1,66.1,0,0,coastal
Raigad,2021-10-11,41,2021,10,70.65,65.42,26.5,68.2,0,0,coastal
Raigad,2021-10-18,42,2021,10,27.36,-35.81,26.2,63.9,0,0,coastal
Raigad,2021-10-25,43,2021,10,61.7,44.5,26.6,69.3,0,0,coastal
Raigad,2021-11-01,44,2021,11,10.47,-15.39,25.0,69.1,0,0,coastal
Raigad,2021-11-08,45,2021,11,18.49,48.83,25.1,64.0,0,0,coastal
Raigad,2021-11-15,46,2021,11,13.14,6.03,23.7,65.9,0,0,coastal
Raigad,2021-11-22,47,2021,11,10.02,-18.95,25.6,61.6,0,0,coastal
Raigad,2021-11-29,48,2021,11,14.05,13.28,28.1,56.0,0,0,coastal
Raigad,2021-12-06,49,2021,12,5.51,96.55,25.0,68.2,0,0,coastal
Raigad,2021-12-13,50,2021,12,1.96,-27.84,26.4,64.7,0,0,coastal
Raigad,2021-12-20,51,2021,12,2.9,5.01,24.2,54.8,0,0,coastal
Raigad,2021-12-27,52,2021,12,2.45,-10.72,23.9,59.9,0,0,coastal
Raigad,2022-01-03,1,2022,1,4.89,40.89,24.4,71.8,0,0,coastal
Raigad,2022-01-10,2,2022,1,1.76,-47.45,23.0,66.5,0,0,coastal
Raigad,2022-01-17,3,2022,1,2.91,-15.12,23.3,66.6,0,0,coastal
Raigad,2022-01-24,4,2022,1,2.8,-18.17,21.4,61.6,0,0,coastal
Raigad,2022-01-31,5,2022,1,5.19,49.39,24.0,63.7,0,0,coastal
Raigad,2022-02-07,6,2022,2,2.63,26.13,22.5,52.6,0,0,coastal
Raigad,2022-02-14,7,2022,2,1.13,-42.96,22.1,65.1,0,0,coastal
Raigad,2022-02-21,8,2022,2,3.07,46.23,22.2,70.6,0,0,coastal
Raigad,2022-02-28,9,2022,2,2.92,39.74,22.2,66.3,0,0,coastal
Raigad,2022-03-07,10,2022,3,3.41,22.9,24.6,64.1,0,0,coastal
Raigad,2022-03-14,11,2022,3,3.6,29.64,25.7,76.3,0,0,coastal
Raigad,2022-03-21,12,2022,3,3.28,18.59,24.2,63.2,0,0,coastal
Raigad,2022-03-28,13,2022,3,2.29,-16.08,22.1,56.5,0,0,coastal
Raigad,2022-04-04,14,2022,4,5.44,31.04,24.3,31.9,0,0,coastal
Raigad,2022-04-11,15,2022,4,4.6,11.05,26.2,32.9,0,0,coastal
Raigad,2022-04-18,16,2022,4,1.17,-69.95,23.5,44.7,0,0,coastal
Raigad,2022-04-25,17,2022,4,6.59,58.2,27.5,34.7,0,0,coastal
Raigad,2022-05-02,18,2022,5,6.09,-25.94,25.7,32.1,0,0,coastal
Raigad,2022-05-09,19,2022,5,13.68,64.84,25.5,51.3,0,0,coastal
Raigad,2022-05-16,20,2022,5,10.82,30.69,27.5,26.9,0,0,coastal
Raigad,2022-05-23,21,2022,5,14.84,78.7,25.8,33.7,0,0,coastal
Raigad,2022-05-30,22,2022,5,6.08,-26.11,24.2,36.8,0,0,coastal
Raigad,2022-06-06,23,2022,6,70.33,-28.0,28.0,86.4,1,0,coastal
Raigad,2022-06-13,24,2022,6,99.79,2.11,25.2,91.4,1,0,coastal
Raigad,2022-06-20,25,2022,6,93.27,-4.56,25.6,83.3,1,0,coastal
Raigad,2022-06-27,26,2022,6,139.22,42.41,26.6,86.1,1,0,coastal
Raigad,2022-07-04,27,2022,7,283.07,44.29,27.1,88.5,1,0,coastal
Raigad,2022-07-11,28,2022,7,170.16,-13.24,27.7,91.7,1,0,coastal
Raigad,2022-07-18,29,2022,7,231.39,17.96,27.0,97.4,1,0,coastal
Raigad,2022-07-25,30,2022,7,153.82,-21.57,26.5,83.7,1,0,coastal
Raigad,2022-08-01,31,2022,8,205.06,14.15,25.8,86.4,1,0,coastal
Raigad,2022-08-08,32,2022,8,246.93,37.45,25.7,92.2,1,0,coastal
Raigad,2022-08-15,33,2022,8,122.73,-31.66,27.2,90.0,1,0,coastal
Raigad,2022-08-22,34,2022,8,260.24,44.86,28.1,83.7,1,0,coastal
Raigad,2022-08-29,35,2022,8,210.66,17.27,26.0,91.0,1,0,coastal
Raigad,2022-09-05,36,2022,9,196.73,44.33,26.8,88.1,1,0,coastal
Raigad,2022-09-12,37,2022,9,143.4,5.23,26.2,84.7,1,0,coastal
Raigad,2022-09-19,38,2022,9,193.57,42.02,26.6,88.7,1,0,coastal
Raigad,2022-09-26,39,2022,9,175.79,28.98,27.1,84.6,1,0,coastal
Raigad,2022-10-03,40,2022,10,45.17,5.83,27.2,66.7,0,0,coastal
Raigad,2022-10-10,41,2022,10,25.91,-39.18,24.7,61.4,0,0,coastal
Raigad,2022-10-17,42,2022,10,41.45,-2.86,25.6,56.3,0,0,coastal
Raigad,2022-10-24,43,2022,10,25.85,-39.34,26.0,73.3,0,0,coastal
Raigad,2022-10-31,44,2022,10,80.07,87.46,27.2,64.2,0,0,coastal
Raigad,2022-11-07,45,2022,11,13.52,9.1,25.9,66.4,0,0,coastal
Raigad,2022-11-14,46,2022,11,12.79,3.2,25.3,73.5,0,0,coastal
Raigad,2022-11-21,47,2022,11,8.03,-34.93,26.9,56.1,0,0,coastal
Raigad,2022-11-28,48,2022,11,15.27,23.04,23.9,74.4,0,0,coastal
Raigad,2022-12-05,49,2022,12,2.25,-17.65,25.2,69.7,0,0,coastal
Raigad,2022-12-12,50,2022,12,1.93,-29.0,25.1,63.6,0,0,coastal
Raigad,2022-12-19,51,2022,12,3.93,41.26,26.2,66.8,0,0,coastal
Raigad,2022-12-26,52,2022,12,1.68,-37.49,24.4,64.6,0,0,coastal
Raigad,2023-01-02,1,2023,1,5.58,60.27,22.4,63.7,0,0,coastal
Raigad,2023-01-09,2,2023,1,5.63,61.7,23.8,65.0,0,0,coastal
Raigad,2023-01-16,3,2023,1,1.84,-45.27,23.5,67.8,0,0,coastal
Raigad,2023-01-23,4,2023,1,3.1,-9.73,21.9,60.2,0,0,coastal
Raigad,2023-01-30,5,2023,1,5.58,60.48,24.5,69.5,0,0,coastal
Raigad,2023-02-06,6,2023,2,2.87,37.15,26.0,70.1,0,0,coastal
Raigad,2023-02-13,7,2023,2,2.41,15.96,22.7,67.4,0,0,coastal
Raigad,2023-02-20,8,2023,2,3.31,57.68,22.0,67.3,0,0,coastal
Raigad,2023-02-27,9,2023,2,2.57,23.51,23.4,63.5,0,0,coastal
Raigad,2023-03-06,10,2023,3,3.8,36.67,25.6,66.8,0,0,coastal
Raigad,2023-03-13,11,2023,3,1.53,-42.91,22.9,73.6,0,0,coastal
Raigad,2023-03-20,12,2023,3,2.1,-22.96,22.5,62.1,0,0,coastal
Raigad,2023-03-27,13,2023,3,2.51,-8.53,24.1,67.3,0,0,coastal
Raigad,2023-04-03,14,2023,4,5.47,31.69,24.4,32.3,0,0,coastal
Raigad,2023-04-10,15,2023,4,4.41,6.54,26.5,32.8,0,0,coastal
Raigad,2023-04-17,16,2023,4,5.4,30.11,24.9,32.3,0,0,coastal
Raigad,2023-04-24,17,2023,4,6.06,45.54,24.3,36.2,0,0,coastal
Raigad,2023-05-01,18,2023,5,11.61,40.04,26.4,36.6,0,0,coastal
Raigad,2023-05-08,19,2023,5,9.91,19.75,26.0,34.9,0,0,coastal
Raigad,2023-05-15,20,2023,5,8.28,0.2,25.1,34.9,0,0,coastal
Raigad,2023-05-22,21,2023,5,10.23,23.53,26.1,37.9,0,0,coastal
Raigad,2023-05-29,22,2023,5,6.45,-21.58,26.3,36.6,0,0,coastal
Raigad,2023-06-05,23,2023,6,126.57,29.48,27.0,84.3,1,0,coastal
Raigad,2023-06-12,24,2023,6,122.63,25.46,26.7,79.5,1,0,coastal
Raigad,2023-06-19,25,2023,6,163.66,67.4,25.4,89.2,1,0,coastal
Raigad,2023-06-26,26,2023,6,43.11,-55.83,27.8,85.0,1,0,coastal
Raigad,2023-07-03,27,2023,7,202.95,3.47,25.7,85.5,1,0,coastal
Raigad,2023-07-10,28,2023,7,240.06,22.38,28.7,92.4,1,0,coastal
Raigad,2023-07-17,29,2023,7,289.52,47.58,25.4,89.1,1,0,coastal
Raigad,2023-07-24,30,2023,7,202.14,3.06,25.5,84.8,1,0,coastal
Raigad,2023-07-31,31,2023,7,232.82,18.69,26.4,89.6,1,0,coastal
Raigad,2023-08-07,32,2023,8,133.46,-25.69,29.9,89.1,1,0,coastal
Raigad,2023-08-14,33,2023,8,181.67,1.14,26.6,80.8,1,0,coastal
Raigad,2023-08-21,34,2023,8,115.29,-35.79,26.8,89.1,1,0,coastal
Raigad,2023-08-28,35,2023,8,130.93,-27.1,25.9,88.6,1,0,coastal
Raigad,2023-09-04,36,2023,9,110.24,-19.08,27.9,89.5,1,0,coastal
Raigad,2023-09-11,37,2023,9,139.68,2.5,27.0,83.8,1,0,coastal
Raigad,2023-09-18,38,2023,9,120.84,-11.31,28.6,96.3,1,0,coastal
Raigad,2023-09-25,39,2023,9,140.19,2.88,26.9,85.9,1,0,coastal
Raigad,2023-10-02,40,2023,10,67.22,57.41,28.8,62.0,0,0,coastal
Raigad,2023-10-09,41,2023,10,31.82,-25.36,27.6,68.5,0,0,coastal
Raigad,2023-10-16,42,2023,10,69.5,62.73,26.7,54.7,0,0,coastal
Raigad,2023-10-23,43,2023,10,32.61,-23.52,28.7,64.7,0,0,coastal
Raigad,2023-10-30,44,2023,10,37.34,-12.45,24.2,67.4,0,0,coastal
Raigad,2023-11-06,45,2023,11,14.9,20.11,24.4,60.3,0,0,coastal
Raigad,2023-11-13,46,2023,11,11.16,-9.81,26.4,73.5,0,0,coastal
Raigad,2023-11-20,47,2023,11,13.1,5.72,27.8,64.9,0,0,coastal
Raigad,2023-11-27,48,2023,11,11.06,-10.62,27.5,67.4,0,0,coastal
Raigad,2023-12-04,49,2023,12,4.54,62.76,25.5,77.1,0,0,coastal
Raigad,2023-12-11,50,2023,12,3.51,26.66,25.6,61.4,0,0,coastal
Raigad,2023-12-18,51,2023,12,4.17,49.65,24.8,68.5,0,0,coastal
Raigad,2023-12-25,52,2023,12,4.64,66.18,25.1,68.5,0,0,coastal
Ratnagiri,2019-01-07,2,2019,1,6.06,59.82,22.8,65.7,0,0,coastal
Ratnagiri,2019-01-14,3,2019,1,2.07,-43.74,23.9,69.7,0,0,coastal
Ratnagiri,2019-01-21,4,2019,1,1.79,-50.9,23.0,58.7,0,0,coastal
Ratnagiri,2019-01-28,5,2019,1,5.32,40.56,24.6,70.8,0,0,coastal
Ratnagiri,2019-02-04,6,2019,2,3.27,43.44,22.4,64.3,0,0,coastal
Ratnagiri,2019-02-11,7,2019,2,2.22,-1.15,24.7,67.7,0,0,coastal
Ratnagiri,2019-02-18,8,2019,2,3.29,44.1,23.9,62.5,0,0,coastal
Ratnagiri,2019-02-25,9,2019,2,1.8,-19.0,23.6,72.4,0,0,coastal
Ratnagiri,2019-03-04,10,2019,3,3.71,22.83,22.6,67.8,0,0,coastal
Ratnagiri,2019-03-11,11,2019,3,2.82,-6.01,21.9,73.1,0,0,coastal
Ratnagiri,2019-03-18,12,2019,3,2.5,-16.27,25.6,71.9,0,0,coastal
Ratnagiri,2019-03-25,13,2019,3,3.79,25.43,23.0,70.9,0,0,coastal
Ratnagiri,2019-04-01,14,2019,4,3.77,-15.91,24.9,33.8,0,0,coastal
Ratnagiri,2019-04-08,15,2019,4,4.44,-1.41,25.3,26.6,0,0,coastal
Ratnagiri,2019-04-15,16,2019,4,3.97,-11.64,23.9,37.7,0,0,coastal
Ratnagiri,2019-04-22,17,2019,4,6.16,35.92,24.8,38.1,0,0,coastal
Ratnagiri,2019-04-29,18,2019,4,4.94,9.45,24.7,36.6,0,0,coastal
Ratnagiri,2019-05-06,19,2019,5,10.76,19.25,24.6,39.7,0,0,coastal
Ratnagiri,2019-05-13,20,2019,5,5.57,-37.73,24.3,29.9,0,0,coastal
Ratnagiri,2019-05-20,21,2019,5,10.02,11.12,27.7,41.4,0,0,coastal
Ratnagiri,2019-05-27,22,2019,5,7.2,-19.8,25.7,28.8,0,0,coastal
Ratnagiri,2019-06-03,23,2019,6,93.47,-12.29,28.8,87.0,1,0,coastal
Ratnagiri,2019-06-10,24,2019,6,163.39,53.25,27.4,84.6,1,0,coastal
Ratnagiri,2019-06-17,25,2019,6,87.37,-18.01,26.4,87.3,1,0,coastal
Ratnagiri,2019-06-24,26,2019,6,152.6,43.13,26.1,92.4,1,0,coastal
Ratnagiri,2019-07-01,27,2019,7,189.57,-11.38,26.9,83.0,1,0,coastal
Ratnagiri,2019-07-08,28,2019,7,112.14,-47.55,25.8,90.5,1,0,coastal
Ratnagiri,2019-07-15,29,2019,7,341.8,59.76,26.7,90.3,1,0,coastal
Ratnagiri,2019-07-22,30,2019,7,215.02,0.52,26.3,93.6,1,0,coastal
Ratnagiri,2019-07-29,31,2019,7,336.89,57.46,28.6,92.2,1,0,coastal
Ratnagiri,2019-08-05,32,2019,8,197.72,0.93,26.3,79.7,1,0,coastal
Ratnagiri,2019-08-12,33,2019,8,352.02,79.65,25.2,88.2,1,0,coastal
Ratnagiri,2019-08-19,34,2019,8,109.64,-44.01,28.3,89.9,1,0,coastal
Ratnagiri,2019-08-26,35,2019,8,309.83,58.13,27.3,91.5,1,0,coastal
Ratnagiri,2019-09-02,36,2019,9,184.78,24.32,28.4,89.8,1,0,coastal
Ratnagiri,2019-09-09,37,2019,9,217.98,46.64,29.3,84.0,1,0,coastal
Ratnagiri,2019-09-16,38,2019,9,128.3,-13.66,28.4,89.2,1,0,coastal
Ratnagiri,2019-09-23,39,2019,9,180.64,21.53,27.7,89.2,1,0,coastal
Ratnagiri,2019-09-30,40,2019,9,83.89,-43.52,27.2,82.5,1,0,coastal
Ratnagiri,2019-10-07,41,2019,10,60.95,30.91,27.0,66.6,0,0,coastal
Ratnagiri,2019-10-14,42,2019,10,50.14,7.74,29.0,76.2,0,0,coastal
Ratnagiri,2019-10-21,43,2019,10,22.98,-50.51,25.9,73.6,0,0,coastal
Ratnagiri,2019-10-28,44,2019,10,68.61,47.33,26.1,71.1,0,0,coastal
Ratnagiri,2019-11-04,45,2019,11,11.46,-15.05,25.0,65.1,0,0,coastal
Ratnagiri,2019-11-11,46,2019,11,17.48,29.2,26.4,66.4,0,0,coastal
Ratnagiri,2019-11-18,47,2019,11,15.89,17.45,25.6,63.0,0,0,coastal
Ratnagiri,2019-11-25,48,2019,11,15.15,12.02,26.2,61.0,0,0,coastal
Ratnagiri,2019-12-02,49,2019,12,1.93,-34.61,25.1,65.9,0,0,coastal
Ratnagiri,2019-12-09,50,2019,12,3.0,-0.14,24.4,65.9,0,0,coastal
Ratnagiri,2019-12-16,51,2019,12,3.31,9.99,24.9,74.8,0,0,coastal
Ratnagiri,2019-12-23,52,2019,12,1.44,-50.36,23.5,64.2,0,0,coastal
Ratnagiri,2019-12-30,1,2019,12,4.11,35.63,24.2,59.1,0,0,coastal
Ratnagiri,2020-01-06,2,2020,1,3.11,-16.71,23.8,56.4,0,0,coastal
Ratnagiri,2020-01-13,3,2020,1,3.89,3.67,23.9,67.5,0,0,coastal
Ratnagiri,2020-01-20,4,2020,1,3.93,4.58,21.3,64.8,0,0,coastal
Ratnagiri,2020-01-27,5,2020,1,3.2,-14.46,23.5,66.4,0,0,coastal
Ratnagiri,2020-02-03,6,2020,2,1.74,-21.83,22.2,63.8,0,0,coastal
Ratnagiri,2020-02-10,7,2020,2,1.35,-38.19,23.1,62.2,0,0,coastal
Ratnagiri,2020-02-17,8,2020,2,1.76,-20.88,21.2,59.3,0,0,coastal
Ratnagiri,2020-02-24,9,2020,2,2.29,1.64,24.5,65.0,0,0,coastal
Ratnagiri,2020-03-02,10,2020,3,4.43,45.96,24.7,63.7,0,0,coastal
Ratnagiri,2020-03-09,11,2020,3,4.28,41.07,23.1,66.8,0,0,coastal
Ratnagiri,2020-03-16,12,2020,3,2.88,-3.79,21.2,63.6,0,0,coastal
Ratnagiri,2020-03-23,13,2020,3,4.5,48.21,23.5,62.4,0,0,coastal
Ratnagiri,2020-03-30,14,2020,3,3.24,7.6,21.3,68.9,0,0,coastal
Ratnagiri,2020-04-06,15,2020,4,3.38,-24.42,23.7,39.5,0,0,coastal
Ratnagiri,2020-04-13,16,2020,4,4.69,3.95,26.8,36.9,0,0,coastal
Ratnagiri,2020-04-20,17,2020,4,4.26,-5.39,25.3,34.3,0,0,coastal
Ratnagiri,2020-04-27,18,2020,4,2.5,-43.57,25.8,34.4,0,0,coastal
Ratnagiri,2020-05-04,19,2020,5,10.74,19.08,25.0,30.8,0,0,coastal
Ratnagiri,2020-05-11,20,2020,5,8.33,-7.39,25.9,36.1,0,0,coastal
Ratnagiri,2020-05-18,21,2020,5,7.6,-15.46,27.2,26.1,0,0,coastal
Ratnagiri,2020-05-25,22,2020,5,6.25,-30.32,25.9,35.5,0,0,coastal
Ratnagiri,2020-06-01,23,2020,6,84.96,-20.27,25.3,74.1,1,0,coastal
Ratnagiri,2020-06-08,24,2020,6,124.56,16.85,26.7,92.6,1,0,coastal
Ratnagiri,2020-06-15,25,2020,6,19.74,-81.41,25.3,87.0,1,0,coastal
Ratnagiri,2020-06-22,26,2020,6,38.36,-63.95,26.0,92.4,1,0,coastal
Ratnagiri,2020-06-29,27,2020,6,64.0,-39.91,27.9,84.0,1,0,coastal
Ratnagiri,2020-07-06,28,2020,7,248.29,16.06,25.9,94.8,1,0,coastal
Ratnagiri,2020-07-13,29,2020,7,216.13,1.04,27.4,83.1,1,0,coastal
Ratnagiri,2020-07-20,30,2020,7,139.6,-34.72,27.4,90.9,1,0,coastal
Ratnagiri,2020-07-27,31,2020,7,117.47,-45.07,28.4,88.9,1,0,coastal
Ratnagiri,2020-08-03,32,2020,8,210.02,7.2,27.4,81.3,1,0,coastal
Ratnagiri,2020-08-10,33,2020,8,279.63,42.72,28.8,86.5,1,0,coastal
Ratnagiri,2020-08-17,34,2020,8,309.63,58.02,27.2,89.0,1,0,coastal
Ratnagiri,2020-08-24,35,2020,8,160.99,-17.81,26.8,97.6,1,0,coastal
Ratnagiri,2020-08-31,36,2020,8,232.6,18.73,27.2,85.6,1,0,coastal
Ratnagiri,2020-09-07,37,2020,9,108.21,-27.17,26.6,82.9,1,0,coastal
Ratnagiri,2020-09-14,38,2020,9,143.62,-3.36,28.7,94.2,1,0,coastal
Ratnagiri,2020-09-21,39,2020,9,32.4,-78.15,27.0,77.0,1,0,coastal
Ratnagiri,2020-09-28,40,2020,9,176.5,18.75,26.8,98.4,1,0,coastal
Ratnagiri,2020-10-05,41,2020,10,48.52,4.26,25.3,58.0,0,0,coastal
Ratnagiri,2020-10-12,42,2020,10,42.49,-8.67,26.8,62.9,0,0,coastal
Ratnagiri,2020-10-19,43,2020,10,38.2,-17.87,25.6,66.0,0,0,coastal
Ratnagiri,2020-10-26,44,2020,10,34.04,-26.8,25.8,59.1,0,0,coastal
Ratnagiri,2020-11-02,45,2020,11,20.1,48.42,24.8,68.6,0,0,coastal
Ratnagiri,2020-11-09,46,2020,11,10.88,-19.34,26.2,64.7,0,0,coastal
Ratnagiri,2020-11-16,47,2020,11,9.66,-28.32,25.6,59.9,0,0,coastal
Ratnagiri,2020-11-23,48,2020,11,20.2,49.12,25.5,68.1,0,0,coastal
Ratnagiri,2020-11-30,49,2020,11,15.4,13.91,26.4,67.5,0,0,coastal
Ratnagiri,2020-12-07,50,2020,12,1.39,-51.84,23.0,55.8,0,0,coastal
Ratnagiri,2020-12-14,51,2020,12,1.61,-44.8,25.6,78.2,0,0,coastal
Ratnagiri,2020-12-21,52,2020,12,4.64,52.83,26.7,59.5,0,0,coastal
Ratnagiri,2020-12-28,53,2020,12,3.76,24.55,25.2,58.2,0,0,coastal
Ratnagiri,2021-01-04,1,2021,1,6.9,81.61,23.4,73.9,0,0,coastal
Ratnagiri,2021-01-11,2,2021,1,5.49,45.12,23.4,58.1,0,0,coastal
Ratnagiri,2021-01-18,3,2021,1,5.04,33.48,25.5,65.6,0,0,coastal
Ratnagiri,2021-01-25,4,2021,1,6.0,58.34,24.0,62.6,0,0,coastal
Ratnagiri,2021-02-01,5,2021,2,2.57,13.51,23.6,62.7,0,0,coastal
Ratnagiri,2021-02-08,6,2021,2,2.37,5.17,21.2,65.9,0,0,coastal
Ratnagiri,2021-02-15,7,2021,2,2.43,7.78,21.4,62.9,0,0,coastal
Ratnagiri,2021-02-22,8,2021,2,2.84,24.95,23.4,68.1,0,0,coastal
Ratnagiri,2021-03-01,9,2021,3,3.88,28.34,23.0,67.0,0,0,coastal
Ratnagiri,2021-03-08,10,2021,3,2.89,-3.52,23.3,61.5,0,0,coastal
Ratnagiri,2021-03-15,11,2021,3,3.22,7.13,25.1,67.5,0,0,coastal
Ratnagiri,2021-03-22,12,2021,3,4.4,45.12,25.4,59.5,0,0,coastal
Ratnagiri,2021-03-29,13,2021,3,3.75,23.95,23.9,66.6,0,0,coastal
Ratnagiri,2021-04-05,14,2021,4,6.07,34.04,23.2,41.2,0,0,coastal
Ratnagiri,2021-04-12,15,2021,4,4.74,5.23,25.2,37.1,0,0,coastal
Ratnagiri,2021-04-19,16,2021,4,5.55,22.67,23.6,35.7,0,0,coastal
Ratnagiri,2021-04-26,17,2021,4,5.53,22.36,24.9,33.9,0,0,coastal
Ratnagiri,2021-05-03,18,2021,5,13.29,47.07,27.8,43.9,0,0,coastal
Ratnagiri,2021-05-10,19,2021,5,13.56,49.97,26.6,27.3,0,0,coastal
Ratnagiri,2021-05-17,20,2021,5,11.6,28.46,26.4,24.6,0,0,coastal
Ratnagiri,2021-05-24,21,2021,5,17.19,89.91,25.7,30.7,0,0,coastal
Ratnagiri,2021-05-31,22,2021,5,7.91,-12.07,26.1,37.1,0,0,coastal
Ratnagiri,2021-06-07,23,2021,6,182.01,70.71,25.4,87.7,1,0,coastal
Ratnagiri,2021-06-14,24,2021,6,125.76,17.97,25.9,84.3,1,0,coastal
Ratnagiri,2021-06-21,25,2021,6,205.18,92.43,27.5,88.5,1,0,coastal
Ratnagiri,2021-06-28,26,2021,6,147.93,38.76,27.6,84.5,1,0,coastal
Ratnagiri,2021-07-05,27,2021,7,195.66,-8.53,26.5,92.7,1,0,coastal
Ratnagiri,2021-07-12,28,2021,7,431.97,101.89,26.6,82.4,1,0,coastal
Ratnagiri,2021-07-19,29,2021,7,285.79,33.58,26.7,94.1,1,0,coastal
Ratnagiri,2021-07-26,30,2021,7,273.51,27.85,27.5,86.0,1,0,coastal
Ratnagiri,2021-08-02,31,2021,8,257.56,31.46,25.5,86.5,1,0,coastal
Ratnagiri,2021-08-09,32,2021,8,192.54,-1.71,27.3,86.8,1,0,coastal
Ratnagiri,2021-08-16,33,2021,8,157.39,-19.65,27.5,89.9,1,0,coastal
Ratnagiri,2021-08-23,34,2021,8,308.8,57.6,26.7,85.4,1,0,coastal
Ratnagiri,2021-08-30,35,2021,8,188.58,-3.74,27.5,90.0,1,0,coastal
Ratnagiri,2021-09-06,36,2021,9,157.88,6.23,26.7,89.6,1,0,coastal
Ratnagiri,2021-09-13,37,2021,9,182.85,23.02,26.9,95.1,1,0,coastal
Ratnagiri,2021-09-20,38,2021,9,118.19,-20.46,26.5,95.5,1,0,coastal
Ratnagiri,2021-09-27,39,2021,9,198.32,33.43,25.9,89.5,1,0,coastal
Ratnagiri,2021-10-04,40,2021,10,62.83,34.93,27.6,69.1,0,0,coastal
Ratnagiri,2021-10-11,41,2021,10,46.71,0.37,26.6,67.9,0,0,coastal
Ratnagiri,2021-10-18,42,2021,10,44.92,-3.46,26.5,56.7,0,0,coastal
Ratnagiri,2021-10-25,43,2021,10,60.34,29.59,26.7,62.8,0,0,coastal
Ratnagiri,2021-11-01,44,2021,11,20.83,53.78,27.1,60.2,0,0,coastal
Ratnagiri,2021-11-08,45,2021,11,21.94,61.91,25.9,61.1,0,0,coastal
Ratnagiri,2021-11-15,46,2021,11,22.76,67.95,25.9,59.9,0,0,coastal
Ratnagiri,2021-11-22,47,2021,11,13.59,0.59,26.0,67.2,0,0,coastal
Ratnagiri,2021-11-29,48,2021,11,21.69,60.08,26.3,59.0,0,0,coastal
Ratnagiri,2021-12-06,49,2021,12,3.12,3.9,27.7,74.7,0,0,coastal
Ratnagiri,2021-12-13,50,2021,12,3.99,31.81,25.9,67.2,0,0,coastal
Ratnagiri,2021-12-20,51,2021,12,5.15,69.08,25.8,66.0,0,0,coastal
Ratnagiri,2021-12-27,52,2021,12,5.13,68.67,25.5,63.1,0,0,coastal
Ratnagiri,2022-01-03,1,2022,1,5.07,34.26,24.9,62.8,0,0,coastal
Ratnagiri,2022-01-10,2,2022,1,5.74,51.51,24.8,64.9,0,0,coastal
Ratnagiri,2022-01-17,3,2022,1,4.61,22.2,25.5,65.6,0,0,coastal
Ratnagiri,2022-01-24,4,2022,1,3.68,-1.79,23.0,53.8,0,0,coastal
Ratnagiri,2022-01-31,5,2022,1,3.24,-13.19,23.4,74.3,0,0,coastal
Ratnagiri,2022-02-07,6,2022,2,1.17,-46.07,22.7,57.7,0,0,coastal
Ratnagiri,2022-02-14,7,2022,2,2.04,-9.06,26.1,55.9,0,0,coastal
Ratnagiri,2022-02-21,8,2022,2,2.21,-1.57,21.0,66.6,0,0,coastal
Ratnagiri,2022-02-28,9,2022,2,3.21,40.55,21.0,69.5,0,0,coastal
Ratnagiri,2022-03-07,10,2022,3,4.66,53.39,25.2,66.6,0,0,coastal
Ratnagiri,2022-03-14,11,2022,3,1.8,-38.85,26.1,63.7,0,0,coastal
Ratnagiri,2022-03-21,12,2022,3,2.69,-10.17,25.0,64.0,0,0,coastal
Ratnagiri,2022-03-28,13,2022,3,2.4,-19.36,23.6,64.3,0,0,coastal
Ratnagiri,2022-04-04,14,2022,4,7.02,54.72,25.3,40.7,0,0,coastal
Ratnagiri,2022-04-11,15,2022,4,4.11,-8.48,23.9,40.2,0,0,coastal
Ratnagiri,2022-04-18,16,2022,4,4.46,-1.03,24.9,40.2,0,0,coastal
Ratnagiri,2022-04-25,17,2022,4,3.5,-21.72,25.4,34.3,0,0,coastal
Ratnagiri,2022-05-02,18,2022,5,10.93,21.09,26.7,45.1,0,0,coastal
Ratnagiri,2022-05-09,19,2022,5,4.18,-52.96,25.2,35.6,0,0,coastal
Ratnagiri,2022-05-16,20,2022,5,9.19,2.03,25.2,25.7,0,0,coastal
Ratnagiri,2022-05-23,21,2022,5,7.73,-14.03,26.2,39.4,0,0,coastal
Ratnagiri,2022-05-30,22,2022,5,9.38,4.1,26.3,35.0,0,0,coastal
Ratnagiri,2022-06-06,23,2022,6,129.71,21.68,25.0,90.7,1,0,coastal
Ratnagiri,2022-06-13,24,2022,6,93.99,-11.8,25.9,87.6,1,0,coastal
Ratnagiri,2022-06-20,25,2022,6,108.09,1.42,25.7,93.5,1,0,coastal
Ratnagiri,2022-06-27,26,2022,6,124.89,17.16,25.8,85.7,1,0,coastal
Ratnagiri,2022-07-04,27,2022,7,233.14,8.98,26.4,83.7,1,0,coastal
Ratnagiri,2022-07-11,28,2022,7,235.87,10.26,26.8,87.3,1,0,coastal
Ratnagiri,2022-07-18,29,2022,7,333.68,55.96,26.8,83.4,1,0,coastal
Ratnagiri,2022-07-25,30,2022,7,264.5,23.64,25.4,94.6,1,0,coastal
Ratnagiri,2022-08-01,31,2022,8,196.09,0.09,26.1,86.4,1,0,coastal
Ratnagiri,2022-08-08,32,2022,8,237.97,21.47,24.4,87.4,1,0,coastal
Ratnagiri,2022-08-15,33,2022,8,240.71,22.86,28.5,80.8,1,0,coastal
Ratnagiri,2022-08-22,34,2022,8,74.92,-61.72,26.7,90.0,1,0,coastal
Ratnagiri,2022-08-29,35,2022,8,168.13,-14.17,27.0,89.2,1,0,coastal
Ratnagiri,2022-09-05,36,2022,9,200.66,35.0,27.9,82.7,1,0,coastal
Ratnagiri,2022-09-12,37,2022,9,124.15,-16.45,25.1,94.4,1,0,coastal
Ratnagiri,2022-09-19,38,2022,9,120.64,-18.81,26.5,85.2,1,0,coastal
Ratnagiri,2022-09-26,39,2022,9,213.18,43.42,25.7,95.6,1,0,coastal
Ratnagiri,2022-10-03,40,2022,10,26.31,-43.36,24.4,61.5,0,0,coastal
Ratnagiri,2022-10-10,41,2022,10,83.6,79.47,24.2,67.0,0,0,coastal
Ratnagiri,2022-10-17,42,2022,10,49.37,6.09,26.5,73.9,0,0,coastal
Ratnagiri,2022-10-24,43,2022,10,40.72,-12.48,27.0,65.1,0,0,coastal
Ratnagiri,2022-10-31,44,2022,10,41.72,-10.33,25.7,66.6,0,0,coastal
Ratnagiri,2022-11-07,45,2022,11,12.85,-4.82,25.4,60.0,0,0,coastal
Ratnagiri,2022-11-14,46,2022,11,11.57,-14.26,26.4,62.3,0,0,coastal
Ratnagiri,2022-11-21,47,2022,11,17.02,25.77,26.8,67.9,0,0,coastal
Ratnagiri,2022-11-28,48,2022,11,20.08,48.27,27.0,69.4,0,0,coastal
Ratnagiri,2022-12-05,49,2022,12,2.97,-1.16,22.5,58.5,0,0,coastal
Ratnagiri,2022-12-12,50,2022,12,3.05,1.54,25.5,69.9,0,0,coastal
Ratnagiri,2022-12-19,51,2022,12,2.55,-14.42,25.8,65.2,0,0,coastal
Ratnagiri,2022-12-26,52,2022,12,3.44,13.97,25.7,69.5,0,0,coastal
Ratnagiri,2023-01-02,1,2023,1,3.54,-5.41,23.6,74.1,0,0,coastal
Ratnagiri,2023-01-09,2,2023,1,2.11,-42.75,25.7,62.3,0,0,coastal
Ratnagiri,2023-01-16,3,2023,1,4.84,28.15,25.2,74.3,0,0,coastal
Ratnagiri,2023-01-23,4,2023,1,4.27,13.52,26.3,58.9,0,0,coastal
Ratnagiri,2023-01-30,5,2023,1,2.69,-27.56,24.1,57.6,0,0,coastal
Ratnagiri,2023-02-06,6,2023,2,2.16,-4.03,22.2,67.5,0,0,coastal
Ratnagiri,2023-02-13,7,2023,2,2.8,23.18,22.7,68.5,0,0,coastal
Ratnagiri,2023-02-20,8,2023,2,2.47,9.31,25.1,65.3,0,0,coastal
Ratnagiri,2023-02-27,9,2023,2,3.81,66.1,23.3,67.7,0,0,coastal
Ratnagiri,2023-03-06,10,2023,3,0.25,-88.76,23.4,66.1,0,0,coastal
Ratnagiri,2023-03-13,11,2023,3,2.96,-1.49,24.5,56.9,0,0,coastal
Ratnagiri,2023-03-20,12,2023,3,2.86,-4.55,22.3,64.8,0,0,coastal
Ratnagiri,2023-03-27,13,2023,3,4.38,44.34,25.8,72.1,0,0,coastal
Ratnagiri,2023-04-03,14,2023,4,6.64,46.31,25.4,27.9,0,0,coastal
Ratnagiri,2023-04-10,15,2023,4,8.41,84.82,25.9,36.2,0,0,coastal
Ratnagiri,2023-04-17,16,2023,4,5.59,23.54,26.6,29.0,0,0,coastal
Ratnagiri,2023-04-24,17,2023,4,4.68,3.82,22.3,29.0,0,0,coastal
Ratnagiri,2023-05-01,18,2023,5,16.56,82.91,26.0,30.8,0,0,coastal
Ratnagiri,2023-05-08,19,2023,5,10.75,19.1,27.1,35.8,0,0,coastal
Ratnagiri,2023-05-15,20,2023,5,13.28,46.96,24.4,40.6,0,0,coastal
Ratnagiri,2023-05-22,21,2023,5,16.35,80.63,24.2,38.3,0,0,coastal
Ratnagiri,2023-05-29,22,2023,5,13.45,48.81,26.3,35.7,0,0,coastal
Ratnagiri,2023-06-05,23,2023,6,78.42,-26.39,26.1,88.7,1,0,coastal
Ratnagiri,2023-06-12,24,2023,6,220.0,106.31,25.0,94.1,1,0,coastal
Ratnagiri,2023-06-19,25,2023,6,147.03,37.91,24.2,91.6,1,0,coastal
Ratnagiri,2023-06-26,26,2023,6,115.06,7.95,28.0,87.7,1,0,coastal
Ratnagiri,2023-07-03,27,2023,7,329.54,54.03,25.6,89.2,1,0,coastal
Ratnagiri,2023-07-10,28,2023,7,274.5,28.31,26.1,86.9,1,0,coastal
Ratnagiri,2023-07-17,29,2023,7,225.2,5.27,28.1,87.0,1,0,coastal
Ratnagiri,2023-07-24,30,2023,7,255.49,19.43,28.2,90.7,1,0,coastal
Ratnagiri,2023-07-31,31,2023,7,265.2,23.97,25.7,87.7,1,0,coastal
Ratnagiri,2023-08-07,32,2023,8,267.35,36.45,29.1,76.5,1,0,coastal
Ratnagiri,2023-08-14,33,2023,8,204.48,4.38,26.3,84.1,1,0,coastal
Ratnagiri,2023-08-21,34,2023,8,113.12,-42.23,28.1,91.5,1,0,coastal
Ratnagiri,2023-08-28,35,2023,8,274.8,40.26,26.7,85.4,1,0,coastal
Ratnagiri,2023-09-04,36,2023,9,125.19,-15.75,27.4,83.7,1,0,coastal
Ratnagiri,2023-09-11,37,2023,9,211.03,41.97,25.6,95.7,1,0,coastal
Ratnagiri,2023-09-18,38,2023,9,170.15,14.48,26.3,85.4,1,0,coastal
Ratnagiri,2023-09-25,39,2023,9,237.63,59.86,27.4,98.2,1,0,coastal
Ratnagiri,2023-10-02,40,2023,10,72.63,55.96,25.4,64.6,0,0,coastal
Ratnagiri,2023-10-09,41,2023,10,57.48,23.47,26.7,71.7,0,0,coastal
Ratnagiri,2023-10-16,42,2023,10,49.63,6.63,25.4,68.2,0,0,coastal
Ratnagiri,2023-10-23,43,2023,10,63.24,35.81,25.8,56.0,0,0,coastal
Ratnagiri,2023-10-30,44,2023,10,87.66,88.17,28.2,60.8,0,0,coastal
Ratnagiri,2023-11-06,45,2023,11,15.28,12.97,25.8,68.1,0,0,coastal
Ratnagiri,2023-11-13,46,2023,11,14.61,8.06,25.3,64.4,0,0,coastal
Ratnagiri,2023-11-20,47,2023,11,11.55,-14.41,27.0,68.1,0,0,coastal
Ratnagiri,2023-11-27,48,2023,11,11.27,-16.47,26.2,61.8,0,0,coastal
Ratnagiri,2023-12-04,49,2023,12,3.69,22.13,22.6,63.8,0,0,coastal
Ratnagiri,2023-12-11,50,2023,12,4.92,61.69,23.7,63.2,0,0,coastal
Ratnagiri,2023-12-18,51,2023,12,4.86,60.04,27.1,68.8,0,0,coastal
Ratnagiri,2023-12-25,52,2023,12,5.18,70.11,26.4,56.5,0,0,coastal
Sindhudurg,2019-01-07,2,2019,1,4.71,30.83,24.3,59.8,0,0,coastal
Sindhudurg,2019-01-14,3,2019,1,1.87,-46.33,25.0,64.4,0,0,coastal
Sindhudurg,2019-01-21,4,2019,1,4.18,16.29,24.8,73.6,0,0,coastal
Sindhudurg,2019-01-28,5,2019,1,3.21,-10.13,23.6,63.4,0,0,coastal
Sindhudurg,2019-02-04,6,2019,2,1.91,-10.66,25.2,69.9,0,0,coastal
Sindhudurg,2019-02-11,7,2019,2,2.9,33.3,23.7,64.5,0,0,coastal
Sindhudurg,2019-02-18,8,2019,2,0.67,-65.66,25.6,63.5,0,0,coastal
Sindhudurg,2019-02-25,9,2019,2,3.06,40.44,24.2,64.4,0,0,coastal
Sindhudurg,2019-03-04,10,2019,3,5.37,84.73,25.4,61.6,0,0,coastal
Sindhudurg,2019-03-11,11,2019,3,4.15,43.26,25.5,65.0,0,0,coastal
Sindhudurg,2019-03-18,12,2019,3,3.9,34.8,23.9,62.8,0,0,coastal
Sindhudurg,2019-03-25,13,2019,3,3.38,17.42,24.2,63.9,0,0,coastal
Sindhudurg,2019-04-01,14,2019,4,1.72,-58.67,26.9,41.6,0,0,coastal
Sindhudurg,2019-04-08,15,2019,4,3.61,-15.66,24.7,30.2,0,0,coastal
Sindhudurg,2019-04-15,16,2019,4,2.49,-41.06,23.8,35.7,0,0,coastal
Sindhudurg,2019-04-22,17,2019,4,5.43,25.83,23.9,33.7,0,0,coastal
Sindhudurg,2019-04-29,18,2019,4,5.27,22.16,24.3,37.6,0,0,coastal
Sindhudurg,2019-05-06,19,2019,5,6.83,-20.3,28.3,32.1,0,0,coastal
Sindhudurg,2019-05-13,20,2019,5,8.72,1.47,24.6,24.9,0,0,coastal
Sindhudurg,2019-05-20,21,2019,5,10.86,26.12,24.4,36.2,0,0,coastal
Sindhudurg,2019-05-27,22,2019,5,7.94,-7.51,27.3,34.9,0,0,coastal
Sindhudurg,2019-06-03,23,2019,6,59.34,-41.59,26.6,99.0,1,0,coastal
Sindhudurg,2019-06-10,24,2019,6,107.02,5.26,25.9,91.1,1,0,coastal
Sindhudurg,2019-06-17,25,2019,6,92.52,-8.98,26.5,89.0,1,0,coastal
Sindhudurg,2019-06-24,26,2019,6,78.05,-23.21,27.5,93.6,1,0,coastal
Sindhudurg,2019-07-01,27,2019,7,173.96,-14.74,27.8,92.3,1,0,coastal
Sindhudurg,2019-07-08,28,2019,7,227.77,11.62,28.7,96.2,1,0,coastal
Sindhudurg,2019-07-15,29,2019,7,188.16,-7.78,27.4,90.7,1,0,coastal
Sindhudurg,2019-07-22,30,2019,7,292.58,43.37,27.5,92.8,1,0,coastal
Sindhudurg,2019-07-29,31,2019,7,253.08,24.02,29.7,88.2,1,0,coastal
Sindhudurg,2019-08-05,32,2019,8,150.7,-19.34,28.1,86.7,1,0,coastal
Sindhudurg,2019-08-12,33,2019,8,177.94,-4.77,27.0,90.1,1,0,coastal
Sindhudurg,2019-08-19,34,2019,8,168.68,-9.72,27.9,85.8,1,0,coastal
Sindhudurg,2019-08-26,35,2019,8,263.86,41.19,27.1,90.1,1,0,coastal
Sindhudurg,2019-09-02,36,2019,9,102.93,-27.37,25.0,90.7,1,0,coastal
Sindhudurg,2019-09-09,37,2019,9,259.72,83.16,26.0,97.2,1,0,coastal
Sindhudurg,2019-09-16,38,2019,9,183.78,29.63,26.4,86.6,1,0,coastal
Sindhudurg,2019-09-23,39,2019,9,183.78,29.62,28.7,90.7,1,0,coastal
Sindhudurg,2019-09-30,40,2019,9,159.75,12.68,27.4,83.1,1,0,coastal
Sindhudurg,2019-10-07,41,2019,10,40.23,-9.34,26.9,66.2,0,0,coastal
Sindhudurg,2019-10-14,42,2019,10,49.65,11.82,26.7,64.2,0,0,coastal
Sindhudurg,2019-10-21,43,2019,10,32.76,-26.14,25.4,68.2,0,0,coastal
Sindhudurg,2019-10-28,44,2019,10,75.92,70.88,27.0,60.6,0,0,coastal
Sindhudurg,2019-11-04,45,2019,11,19.2,48.6,25.9,68.8,0,0,coastal
Sindhudurg,2019-11-11,46,2019,11,14.99,16.2,27.2,69.1,0,0,coastal
Sindhudurg,2019-11-18,47,2019,11,8.81,-31.42,26.9,65.7,0,0,coastal
Sindhudurg,2019-11-25,48,2019,11,14.02,8.71,26.6,67.5,0,0,coastal
Sindhudurg,2019-12-02,49,2019,12,2.64,-7.45,25.5,57.7,0,0,coastal
Sindhudurg,2019-12-09,50,2019,12,4.12,42.32,25.5,67.6,0,0,coastal
Sindhudurg,2019-12-16,51,2019,12,2.76,-3.61,28.7,70.5,0,0,coastal
Sindhudurg,2019-12-23,52,2019,12,3.04,5.93,25.7,67.8,0,0,coastal
Sindhudurg,2019-12-30,1,2019,12,3.64,26.25,21.1,66.6,0,0,coastal
Sindhudurg,2020-01-06,2,2020,1,4.5,24.97,23.5,57.5,0,0,coastal
Sindhudurg,2020-01-13,3,2020,1,2.56,-27.84,24.2,73.9,0,0,coastal
Sindhudurg,2020-01-20,4,2020,1,3.48,-2.8,23.4,70.5,0,0,coastal
Sindhudurg,2020-01-27,5,2020,1,2.84,-20.07,22.4,61.3,0,0,coastal
Sindhudurg,2020-02-03,6,2020,2,2.4,11.3,22.0,70.1,0,0,coastal
Sindhudurg,2020-02-10,7,2020,2,3.32,52.23,24.7,62.7,0,0,coastal
Sindhudurg,2020-02-17,8,2020,2,1.02,-50.39,20.4,63.1,0,0,coastal
Sindhudurg,2020-02-24,9,2020,2,0.37,-79.26,23.5,72.9,0,0,coastal
Sindhudurg,2020-03-02,10,2020,3,2.92,1.75,23.4,71.5,0,0,coastal
Sindhudurg,2020-03-09,11,2020,3,1.99,-29.41,23.6,64.3,0,0,coastal
Sindhudurg,2020-03-16,12,2020,3,1.7,-39.22,24.0,70.5,0,0,coastal
Sindhudurg,2020-03-23,13,2020,3,2.6,-9.05,22.4,65.8,0,0,coastal
Sindhudurg,2020-03-30,14,2020,3,3.01,5.06,23.6,64.4,0,0,coastal
Sindhudurg,2020-04-06,15,2020,4,5.63,30.29,24.7,36.7,0,0,coastal
Sindhudurg,2020-04-13,16,2020,4,4.2,-2.26,23.1,29.3,0,0,coastal
Sindhudurg,2020-04-20,17,2020,4,3.65,-14.7,25.8,43.6,0,0,coastal
Sindhudurg,2020-04-27,18,2020,4,1.47,-64.38,23.3,34.6,0,0,coastal
Sindhudurg,2020-05-04,19,2020,5,9.43,9.69,24.7,36.8,0,0,coastal
Sindhudurg,2020-05-11,20,2020,5,10.26,19.21,26.8,46.2,0,0,coastal
Sindhudurg,2020-05-18,21,2020,5,5.82,-31.88,23.0,31.5,0,0,coastal
Sindhudurg,2020-05-25,22,2020,5,10.68,24.06,27.2,26.9,0,0,coastal
Sindhudurg,2020-06-01,23,2020,6,143.45,41.06,24.6,86.2,1,0,coastal
Sindhudurg,2020-06-08,24,2020,6,109.34,7.55,26.0,90.6,1,0,coastal
Sindhudurg,2020-06-15,25,2020,6,75.39,-25.82,26.7,81.5,1,0,coastal
Sindhudurg,2020-06-22,26,2020,6,146.83,44.39,26.3,86.4,1,0,coastal
Sindhudurg,2020-06-29,27,2020,6,108.14,6.36,24.9,87.1,1,0,coastal
Sindhudurg,2020-07-06,28,2020,7,94.27,-53.77,25.9,87.7,1,0,coastal
Sindhudurg,2020-07-13,29,2020,7,216.46,6.08,26.2,86.5,1,0,coastal
Sindhudurg,2020-07-20,30,2020,7,233.95,14.65,26.5,84.3,1,0,coastal
Sindhudurg,2020-07-27,31,2020,7,212.13,3.96,26.9,87.5,1,0,coastal
Sindhudurg,2020-08-03,32,2020,8,241.98,29.48,26.5,91.4,1,0,coastal
Sindhudurg,2020-08-10,33,2020,8,20.7,-88.87,26.6,88.3,1,0,coastal
Sindhudurg,2020-08-17,34,2020,8,156.3,-16.35,26.1,80.4,1,0,coastal
Sindhudurg,2020-08-24,35,2020,8,127.09,-31.97,26.4,89.0,1,0,coastal
Sindhudurg,2020-08-31,36,2020,8,231.75,24.01,25.7,89.6,1,0,coastal
Sindhudurg,2020-09-07,37,2020,9,96.85,-31.65,27.7,93.0,1,0,coastal
Sindhudurg,2020-09-14,38,2020,9,159.21,12.31,27.5,76.9,1,0,coastal
Sindhudurg,2020-09-21,39,2020,9,101.34,-28.49,27.9,97.0,1,0,coastal
Sindhudurg,2020-09-28,40,2020,9,169.72,19.72,27.6,88.5,1,0,coastal
Sindhudurg,2020-10-05,41,2020,10,32.53,-26.66,28.3,67.6,0,0,coastal
Sindhudurg,2020-10-12,42,2020,10,36.37,-18.03,26.8,66.3,0,0,coastal
Sindhudurg,2020-10-19,43,2020,10,46.0,3.62,27.4,59.0,0,0,coastal
Sindhudurg,2020-10-26,44,2020,10,20.98,-52.62,27.9,61.3,0,0,coastal
Sindhudurg,2020-11-02,45,2020,11,10.48,-18.57,26.3,65.1,0,0,coastal
Sindhudurg,2020-11-09,46,2020,11,12.13,-5.86,25.1,73.4,0,0,coastal
Sindhudurg,2020-11-16,47,2020,11,14.64,13.53,25.9,77.3,0,0,coastal
Sindhudurg,2020-11-23,48,2020,11,8.67,-32.47,26.4,66.0,0,0,coastal
Sindhudurg,2020-11-30,49,2020,11,13.18,2.3,26.2,78.8,0,0,coastal
Sindhudurg,2020-12-07,50,2020,12,2.94,2.51,25.6,60.7,0,0,coastal
Sindhudurg,2020-12-14,51,2020,12,2.13,-24.87,25.6,63.6,0,0,coastal
Sindhudurg,2020-12-21,52,2020,12,3.21,11.73,24.8,61.8,0,0,coastal
Sindhudurg,2020-12-28,53,2020,12,0.87,-67.15,26.6,63.4,0,0,coastal
Sindhudurg,2021-01-04,1,2021,1,4.16,15.77,25.1,62.0,0,0,coastal
Sindhudurg,2021-01-11,2,2021,1,6.51,79.71,24.6,71.0,0,0,coastal
Sindhudurg,2021-01-18,3,2021,1,5.6,54.8,25.0,62.6,0,0,coastal
Sindhudurg,2021-01-25,4,2021,1,3.11,-12.75,25.2,57.3,0,0,coastal
Sindhudurg,2021-02-01,5,2021,2,1.7,-20.01,22.7,63.7,0,0,coastal
Sindhudurg,2021-02-08,6,2021,2,1.74,-18.2,22.8,64.5,0,0,coastal
Sindhudurg,2021-02-15,7,2021,2,2.38,10.48,23.2,53.3,0,0,coastal
Sindhudurg,2021-02-22,8,2021,2,3.33,52.42,25.1,64.1,0,0,coastal
Sindhudurg,2021-03-01,9,2021,3,3.63,25.85,23.7,67.5,0,0,coastal
Sindhudurg,2021-03-08,10,2021,3,4.39,51.49,22.7,62.6,0,0,coastal
Sindhudurg,2021-03-15,11,2021,3,2.66,-6.8,25.7,65.0,0,0,coastal
Sindhudurg,2021-03-22,12,2021,3,3.25,12.96,24.8,63.1,0,0,coastal
Sindhudurg,2021-03-29,13,2021,3,2.91,1.51,22.1,71.4,0,0,coastal
Sindhudurg,2021-04-05,14,2021,4,5.93,37.16,24.4,46.4,0,0,coastal
Sindhudurg,2021-04-12,15,2021,4,6.21,43.47,24.1,44.6,0,0,coastal
Sindhudurg,2021-04-19,16,2021,4,5.09,18.03,24.6,34.8,0,0,coastal
Sindhudurg,2021-04-26,17,2021,4,5.98,38.24,24.5,44.0,0,0,coastal
Sindhudurg,2021-05-03,18,2021,5,9.91,15.23,25.4,29.5,0,0,coastal
Sindhudurg,2021-05-10,19,2021,5,11.01,27.84,23.4,29.9,0,0,coastal
Sindhudurg,2021-05-17,20,2021,5,11.71,35.93,26.0,36.4,0,0,coastal
Sindhudurg,2021-05-24,21,2021,5,10.39,20.65,25.0,19.5,0,0,coastal
Sindhudurg,2021-05-31,22,2021,5,10.79,25.34,23.6,28.9,0,0,coastal
Sindhudurg,2021-06-07,23,2021,6,138.59,36.29,27.0,90.8,1,0,coastal
Sindhudurg,2021-06-14,24,2021,6,104.24,2.54,26.1,88.6,1,0,coastal
Sindhudurg,2021-06-21,25,2021,6,129.3,27.16,26.5,82.9,1,0,coastal
Sindhudurg,2021-06-28,26,2021,6,105.08,3.35,26.9,91.3,1,0,coastal
Sindhudurg,2021-07-05,27,2021,7,269.71,32.17,27.2,98.2,1,0,coastal
Sindhudurg,2021-07-12,28,2021,7,351.64,72.3,26.3,97.7,1,0,coastal
Sindhudurg,2021-07-19,29,2021,7,314.55,54.14,28.9,91.4,1,0,coastal
Sindhudurg,2021-07-26,30,2021,7,203.24,-0.39,27.6,85.9,1,0,coastal
Sindhudurg,2021-08-02,31,2021,8,285.67,52.85,25.2,89.9,1,0,coastal
Sindhudurg,2021-08-09,32,2021,8,257.31,37.68,28.4,92.8,1,0,coastal
Sindhudurg,2021-08-16,33,2021,8,205.18,9.8,26.3,84.8,1,0,coastal
Sindhudurg,2021-08-23,34,2021,8,214.9,15.0,26.8,92.8,1,0,coastal
Sindhudurg,2021-08-30,35,2021,8,106.53,-42.97,25.2,81.0,1,0,coastal
Sindhudurg,2021-09-06,36,2021,9,169.67,19.68,27.6,89.8,1,0,coastal
Sindhudurg,2021-09-13,37,2021,9,127.86,-9.8,28.0,93.6,1,0,coastal
Sindhudurg,2021-09-20,38,2021,9,213.38,50.49,26.3,87.9,1,0,coastal
Sindhudurg,2021-09-27,39,2021,9,225.87,59.3,26.8,88.7,1,0,coastal
Sindhudurg,2021-10-04,40,2021,10,61.04,37.43,26.2,62.6,0,0,coastal
Sindhudurg,2021-10-11,41,2021,10,61.59,38.66,27.3,58.8,0,0,coastal
Sindhudurg,2021-10-18,42,2021,10,54.54,22.81,25.4,64.8,0,0,coastal
Sindhudurg,2021-10-25,43,2021,10,75.44,69.81,27.1,64.2,0,0,coastal
Sindhudurg,2021-11-01,44,2021,11,25.32,95.73,23.8,62.3,0,0,coastal
Sindhudurg,2021-11-08,45,2021,11,16.68,29.22,24.6,57.8,0,0,coastal
Sindhudurg,2021-11-15,46,2021,11,20.57,59.14,27.7,61.9,0,0,coastal
Sindhudurg,2021-11-22,47,2021,11,26.25,102.91,23.0,65.6,0,0,coastal
Sindhudurg,2021-11-29,48,2021,11,10.89,-15.39,25.8,65.4,0,0,coastal
Sindhudurg,2021-12-06,49,2021,12,3.45,19.88,23.5,65.6,0,0,coastal
Sindhudurg,2021-12-13,50,2021,12,3.56,23.35,25.3,57.7,0,0,coastal
Sindhudurg,2021-12-20,51,2021,12,4.92,69.39,24.2,66.8,0,0,coastal
Sindhudurg,2021-12-27,52,2021,12,4.07,40.55,25.6,59.5,0,0,coastal
Sindhudurg,2022-01-03,1,2022,1,1.39,-59.48,26.1,70.7,0,0,coastal
Sindhudurg,2022-01-10,2,2022,1,5.98,65.17,24.1,69.2,0,0,coastal
Sindhudurg,2022-01-17,3,2022,1,2.66,-24.86,24.5,65.1,0,0,coastal
Sindhudurg,2022-01-24,4,2022,1,4.23,17.56,24.0,70.1,0,0,coastal
Sindhudurg,2022-01-31,5,2022,1,2.68,-24.31,23.5,65.2,0,0,coastal
Sindhudurg,2022-02-07,6,2022,2,2.91,33.74,23.6,71.5,0,0,coastal
Sindhudurg,2022-02-14,7,2022,2,3.62,65.28,23.8,66.2,0,0,coastal
Sindhudurg,2022-02-21,8,2022,2,1.46,-30.62,21.1,57.7,0,0,coastal
Sindhudurg,2022-02-28,9,2022,2,1.55,-26.8,23.8,58.0,0,0,coastal
Sindhudurg,2022-03-07,10,2022,3,4.47,54.12,24.1,59.2,0,0,coastal
Sindhudurg,2022-03-14,11,2022,3,4.66,60.65,25.6,69.7,0,0,coastal
Sindhudurg,2022-03-21,12,2022,3,3.2,11.19,24.8,56.2,0,0,coastal
Sindhudurg,2022-03-28,13,2022,3,2.43,-14.58,23.3,56.1,0,0,coastal
Sindhudurg,2022-04-04,14,2022,4,4.42,2.84,25.3,30.5,0,0,coastal
Sindhudurg,2022-04-11,15,2022,4,4.31,0.22,24.4,28.7,0,0,coastal
Sindhudurg,2022-04-18,16,2022,4,5.48,27.04,26.1,39.1,0,0,coastal
Sindhudurg,2022-04-25,17,2022,4,4.63,7.56,23.8,33.2,0,0,coastal
Sindhudurg,2022-05-02,18,2022,5,11.73,36.12,26.3,29.3,0,0,coastal
Sindhudurg,2022-05-09,19,2022,5,9.65,12.22,25.8,33.3,0,0,coastal
Sindhudurg,2022-05-16,20,2022,5,9.34,8.6,24.8,39.8,0,0,coastal
Sindhudurg,2022-05-23,21,2022,5,10.02,16.42,27.1,28.1,0,0,coastal
Sindhudurg,2022-05-30,22,2022,5,9.48,10.27,27.9,31.7,0,0,coastal
Sindhudurg,2022-06-06,23,2022,6,147.29,44.84,26.6,93.4,1,0,coastal
Sindhudurg,2022-06-13,24,2022,6,92.16,-9.34,28.1,90.8,1,0,coastal
Sindhudurg,2022-06-20,25,2022,6,75.76,-25.46,27.5,93.7,1,0,coastal
Sindhudurg,2022-06-27,26,2022,6,155.58,52.98,24.9,89.0,1,0,coastal
Sindhudurg,2022-07-04,27,2022,7,380.45,86.42,27.3,78.2,1,0,coastal
Sindhudurg,2022-07-11,28,2022,7,263.54,29.15,28.0,94.9,1,0,coastal
Sindhudurg,2022-07-18,29,2022,7,177.21,-13.14,25.3,93.9,1,0,coastal
Sindhudurg,2022-07-25,30,2022,7,213.58,4.67,26.6,83.6,1,0,coastal
Sindhudurg,2022-08-01,31,2022,8,219.96,17.7,26.2,79.9,1,0,coastal
Sindhudurg,2022-08-08,32,2022,8,154.78,-17.16,26.2,79.6,1,0,coastal
Sindhudurg,2022-08-15,33,2022,8,186.87,0.01,25.7,86.7,1,0,coastal
Sindhudurg,2022-08-22,34,2022,8,231.65,23.96,27.7,80.3,1,0,coastal
Sindhudurg,2022-08-29,35,2022,8,263.92,41.22,29.0,90.5,1,0,coastal
Sindhudurg,2022-09-05,36,2022,9,233.19,64.45,27.4,87.8,1,0,coastal
Sindhudurg,2022-09-12,37,2022,9,128.18,-9.57,27.7,81.4,1,0,coastal
Sindhudurg,2022-09-19,38,2022,9,184.06,29.82,28.8,90.5,1,0,coastal
Sindhudurg,2022-09-26,39,2022,9,59.87,-57.73,26.5,92.4,1,0,coastal
Sindhudurg,2022-10-03,40,2022,10,41.85,-5.7,27.3,57.9,0,0,coastal
Sindhudurg,2022-10-10,41,2022,10,17.02,-61.52,26.5,54.1,0,0,coastal
Sindhudurg,2022-10-17,42,2022,10,66.81,50.39,25.6,66.7,0,0,coastal
Sindhudurg,2022-10-24,43,2022,10,67.59,52.16,26.5,60.8,0,0,coastal
Sindhudurg,2022-10-31,44,2022,10,37.31,-15.91,26.8,60.6,0,0,coastal
Sindhudurg,2022-11-07,45,2022,11,13.19,2.32,25.9,63.0,0,0,coastal
Sindhudurg,2022-11-14,46,2022,11,4.72,-62.87,26.2,67.8,0,0,coastal
Sindhudurg,2022-11-21,47,2022,11,9.71,-24.46,26.2,62.5,0,0,coastal
Sindhudurg,2022-11-28,48,2022,11,6.03,-52.8,25.2,56.1,0,0,coastal
Sindhudurg,2022-12-05,49,2022,12,3.28,13.96,25.9,79.1,0,0,coastal
Sindhudurg,2022-12-12,50,2022,12,4.48,54.47,26.5,56.2,0,0,coastal
Sindhudurg,2022-12-19,51,2022,12,3.39,17.79,25.6,62.4,0,0,coastal
Sindhudurg,2022-12-26,52,2022,12,1.61,-42.43,25.5,55.8,0,0,coastal
Sindhudurg,2023-01-02,1,2023,1,3.8,5.97,24.7,66.6,0,0,coastal
Sindhudurg,2023-01-09,2,2023,1,4.57,27.01,23.8,61.3,0,0,coastal
Sindhudurg,2023-01-16,3,2023,1,3.58,-0.03,20.8,59.4,0,0,coastal
Sindhudurg,2023-01-23,4,2023,1,5.21,44.34,24.0,71.0,0,0,coastal
Sindhudurg,2023-01-30,5,2023,1,3.75,4.67,26.5,64.1,0,0,coastal
Sindhudurg,2023-02-06,6,2023,2,3.51,60.72,24.1,67.5,0,0,coastal
Sindhudurg,2023-02-13,7,2023,2,3.55,62.5,24.6,64.0,0,0,coastal
Sindhudurg,2023-02-20,8,2023,2,2.42,11.97,23.5,73.2,0,0,coastal
Sindhudurg,2023-02-27,9,2023,2,2.96,36.07,24.9,66.9,0,0,coastal
Sindhudurg,2023-03-06,10,2023,3,2.71,-5.2,22.4,68.2,0,0,coastal
Sindhudurg,2023-03-13,11,2023,3,2.84,-0.84,24.9,66.0,0,0,coastal
Sindhudurg,2023-03-20,12,2023,3,2.93,2.31,22.9,62.6,0,0,coastal
Sindhudurg,2023-03-27,13,2023,3,2.29,-19.35,22.9,52.2,0,0,coastal
Sindhudurg,2023-04-03,14,2023,4,1.68,-59.46,25.2,45.1,0,0,coastal
Sindhudurg,2023-04-10,15,2023,4,5.42,25.59,25.2,40.9,0,0,coastal
Sindhudurg,2023-04-17,16,2023,4,5.33,23.59,25.2,28.1,0,0,coastal
Sindhudurg,2023-04-24,17,2023,4,5.03,16.8,24.3,34.3,0,0,coastal
Sindhudurg,2023-05-01,18,2023,5,8.58,-0.15,25.2,34.0,0,0,coastal
Sindhudurg,2023-05-08,19,2023,5,10.62,23.32,24.7,33.6,0,0,coastal
Sindhudurg,2023-05-15,20,2023,5,9.82,14.12,26.0,40.8,0,0,coastal
Sindhudurg,2023-05-22,21,2023,5,13.29,54.11,27.1,38.7,0,0,coastal
Sindhudurg,2023-05-29,22,2023,5,18.57,114.86,26.0,30.0,0,0,coastal
Sindhudurg,2023-06-05,23,2023,6,184.62,81.52,26.7,96.5,1,0,coastal
Sindhudurg,2023-06-12,24,2023,6,114.16,12.28,28.4,99.0,1,0,coastal
Sindhudurg,2023-06-19,25,2023,6,69.18,-31.92,25.4,91.9,1,0,coastal
Sindhudurg,2023-06-26,26,2023,6,154.73,52.15,26.6,89.0,1,0,coastal
Sindhudurg,2023-07-03,27,2023,7,185.97,-8.85,28.4,94.2,1,0,coastal
Sindhudurg,2023-07-10,28,2023,7,289.67,41.94,25.2,89.2,1,0,coastal
Sindhudurg,2023-07-17,29,2023,7,232.52,13.95,26.8,80.1,1,0,coastal
Sindhudurg,2023-07-24,30,2023,7,201.34,-1.32,27.1,88.8,1,0,coastal
Sindhudurg,2023-07-31,31,2023,7,236.34,15.82,26.2,88.7,1,0,coastal
Sindhudurg,2023-08-07,32,2023,8,159.56,-14.6,27.5,90.7,1,0,coastal
Sindhudurg,2023-08-14,33,2023,8,168.17,-10.0,28.1,84.3,1,0,coastal
Sindhudurg,2023-08-21,34,2023,8,234.42,25.44,28.0,87.8,1,0,coastal
Sindhudurg,2023-08-28,35,2023,8,186.02,-0.45,27.0,91.6,1,0,coastal
Sindhudurg,2023-09-04,36,2023,9,186.46,31.51,26.3,86.0,1,0,coastal
Sindhudurg,2023-09-11,37,2023,9,166.08,17.15,27.9,89.8,1,0,coastal
Sindhudurg,2023-09-18,38,2023,9,157.89,11.38,26.5,81.3,1,0,coastal
Sindhudurg,2023-09-25,39,2023,9,279.08,96.81,26.5,84.7,1,0,coastal
Sindhudurg,2023-10-02,40,2023,10,72.94,64.17,25.9,66.5,0,0,coastal
Sindhudurg,2023-10-09,41,2023,10,50.48,13.69,26.1,67.6,0,0,coastal
Sindhudurg,2023-10-16,42,2023,10,58.46,31.62,25.3,63.8,0,0,coastal
Sindhudurg,2023-10-23,43,2023,10,62.83,41.45,27.0,64.1,0,0,coastal
Sindhudurg,2023-10-30,44,2023,10,37.8,-14.81,28.0,68.6,0,0,coastal
Sindhudurg,2023-11-06,45,2023,11,26.94,108.23,25.9,68.1,0,0,coastal
Sindhudurg,2023-11-13,46,2023,11,16.6,28.63,24.1,66.4,0,0,coastal
Sindhudurg,2023-11-20,47,2023,11,6.91,-46.05,24.9,66.5,0,0,coastal
Sindhudurg,2023-11-27,48,2023,11,15.11,17.13,22.4,66.0,0,0,coastal
Sindhudurg,2023-12-04,49,2023,12,2.23,-21.49,25.8,64.6,0,0,coastal
Sindhudurg,2023-12-11,50,2023,12,4.59,58.09,23.1,55.8,0,0,coastal
Sindhudurg,2023-12-18,51,2023,12,4.49,55.03,26.6,77.7,0,0,coastal
Sindhudurg,2023-12-25,52,2023,12,3.7,28.13,25.3,66.6,0,0,coastal
Nashik,2019-01-07,2,2019,1,1.04,34.09,26.0,42.5,0,0,western
Nashik,2019-01-14,3,2019,1,0.74,-1.53,25.5,49.2,0,0,western
Nashik,2019-01-21,4,2019,1,1.04,34.6,28.1,51.7,0,0,western
Nashik,2019-01-28,5,2019,1,0.55,-23.28,25.6,46.5,0,0,western
Nashik,2019-02-04,6,2019,2,0.49,7.76,21.2,49.9,0,0,western
Nashik,2019-02-11,7,2019,2,0.62,31.31,23.1,54.4,0,0,western
Nashik,2019-02-18,8,2019,2,0.58,24.41,21.9,51.7,0,0,western
Nashik,2019-02-25,9,2019,2,0.68,41.58,23.4,53.8,0,0,western
Nashik,2019-03-04,10,2019,3,0.62,2.34,18.9,51.3,0,0,western
Nashik,2019-03-11,11,2019,3,0.73,18.07,20.0,51.1,0,0,western
Nashik,2019-03-18,12,2019,3,0.65,6.92,20.8,51.1,0,0,western
Nashik,2019-03-25,13,2019,3,0.48,-17.38,19.4,57.0,0,0,western
Nashik,2019-04-01,14,2019,4,1.07,16.66,21.8,29.8,0,0,western
Nashik,2019-04-08,15,2019,4,0.76,-13.88,23.2,33.1,0,0,western
Nashik,2019-04-15,16,2019,4,0.77,-12.64,21.8,30.2,0,0,western
Nashik,2019-04-22,17,2019,4,0.97,7.26,23.3,33.6,0,0,western
Nashik,2019-04-29,18,2019,4,0.81,-9.31,23.5,29.0,0,0,western
Nashik,2019-05-06,19,2019,5,1.19,-32.18,26.8,30.3,0,0,western
Nashik,2019-05-13,20,2019,5,1.9,5.31,27.2,18.7,0,0,western
Nashik,2019-05-20,21,2019,5,1.71,-4.99,26.8,24.8,0,0,western
Nashik,2019-05-27,22,2019,5,1.42,-20.25,26.4,23.3,0,0,western
Nashik,2019-06-03,23,2019,6,28.44,33.27,29.6,77.0,1,0,western
Nashik,2019-06-10,24,2019,6,22.56,5.82,27.8,77.8,1,0,western
Nashik,2019-06-17,25,2019,6,20.86,-2.15,30.0,84.7,1,0,western
Nashik,2019-06-24,26,2019,6,22.95,7.61,29.5,80.4,1,0,western
Nashik,2019-07-01,27,2019,7,34.51,-19.3,29.0,76.0,1,0,western
Nashik,2019-07-08,28,2019,7,34.95,-18.26,30.7,80.4,1,0,western
Nashik,2019-07-15,29,2019,7,37.18,-13.07,31.4,86.2,1,0,western
Nashik,2019-07-22,30,2019,7,40.57,-5.15,30.9,80.5,1,0,western
Nashik,2019-07-29,31,2019,7,48.16,12.54,32.3,81.6,1,0,western
Nashik,2019-08-05,32,2019,8,53.87,37.39,31.1,82.6,1,0,western
Nashik,2019-08-12,33,2019,8,40.06,2.24,32.4,70.0,1,0,western
Nashik,2019-08-19,34,2019,8,53.04,35.29,32.4,79.4,1,0,western
Nashik,2019-08-26,35,2019,8,12.43,-68.09,32.7,83.9,1,0,western
Nashik,2019-09-02,36,2019,9,20.87,-29.67,33.1,72.5,1,0,western
Nashik,2019-09-09,37,2019,9,26.96,-9.26,31.7,82.9,1,0,western
Nashik,2019-09-16,38,2019,9,39.36,32.3,32.0,76.9,1,0,western
Nashik,2019-09-23,39,2019,9,37.76,26.95,32.1,82.9,1,0,western
Nashik,2019-09-30,40,2019,9,24.28,-18.26,34.3,82.5,1,0,western
Nashik,2019-10-07,41,2019,10,4.23,-54.0,31.8,46.0,0,0,western
Nashik,2019-10-14,42,2019,10,10.09,8.36,28.8,45.1,0,0,western
Nashik,2019-10-21,43,2019,10,10.21,9.64,31.0,57.2,0,0,western
Nashik,2019-10-28,44,2019,10,9.09,-2.29,32.1,58.2,0,0,western
Nashik,2019-11-04,45,2019,11,1.73,-34.8,29.1,48.7,0,0,western
Nashik,2019-11-11,46,2019,11,2.95,9.01,31.2,44.8,0,0,western
Nashik,2019-11-18,47,2019,11,1.85,-30.35,30.5,44.7,0,0,western
Nashik,2019-11-25,48,2019,11,2.37,-11.87,29.5,50.1,0,0,western
Nashik,2019-12-02,49,2019,12,1.0,56.8,27.7,47.1,0,0,western
Nashik,2019-12-09,50,2019,12,0.55,-7.89,27.6,55.1,0,0,western
Nashik,2019-12-16,51,2019,12,0.76,23.48,27.7,51.3,0,0,western
Nashik,2019-12-23,52,2019,12,0.53,-10.04,28.7,57.4,0,0,western
Nashik,2019-12-30,1,2019,12,0.89,41.72,29.0,49.1,0,0,western
Nashik,2020-01-06,2,2020,1,0.48,-31.71,24.3,51.5,0,0,western
Nashik,2020-01-13,3,2020,1,0.49,-30.75,27.2,45.0,0,0,western
Nashik,2020-01-20,4,2020,1,0.86,13.2,24.3,46.9,0,0,western
Nashik,2020-01-27,5,2020,1,0.47,-33.57,25.0,57.4,0,0,western
Nashik,2020-02-03,6,2020,2,0.39,-10.92,24.5,52.3,0,0,western
Nashik,2020-02-10,7,2020,2,0.28,-31.76,21.4,50.1,0,0,western
Nashik,2020-02-17,8,2020,2,0.3,-26.92,23.7,57.0,0,0,western
Nashik,2020-02-24,9,2020,2,0.62,30.95,23.7,47.2,0,0,western
Nashik,2020-03-02,10,2020,3,0.68,10.92,20.8,47.9,0,0,western
Nashik,2020-03-09,11,2020,3,0.58,-3.07,19.4,47.7,0,0,western
Nashik,2020-03-16,12,2020,3,0.74,19.4,20.1,57.0,0,0,western
Nashik,2020-03-23,13,2020,3,0.5,-14.31,19.3,42.6,0,0,western
Nashik,2020-03-30,14,2020,3,0.89,41.92,21.3,47.8,0,0,western
Nashik,2020-04-06,15,2020,4,0.08,-81.56,24.4,29.7,0,0,western
Nashik,2020-04-13,16,2020,4,1.06,16.21,20.7,21.6,0,0,western
Nashik,2020-04-20,17,2020,4,0.84,-6.36,22.3,25.5,0,0,western
Nashik,2020-04-27,18,2020,4,0.17,-72.86,22.6,29.0,0,0,western
Nashik,2020-05-04,19,2020,5,2.03,11.82,26.5,25.8,0,0,western
Nashik,2020-05-11,20,2020,5,2.11,15.99,25.5,37.5,0,0,western
Nashik,2020-05-18,21,2020,5,1.82,1.21,25.9,28.1,0,0,western
Nashik,2020-05-25,22,2020,5,1.06,-39.14,26.9,24.1,0,0,western
Nashik,2020-06-01,23,2020,6,26.87,25.93,28.7,73.9,1,0,western
Nashik,2020-06-08,24,2020,6,22.05,3.42,27.7,74.2,1,0,western
Nashik,2020-06-15,25,2020,6,20.36,-4.46,28.9,75.8,1,0,western
Nashik,2020-06-22,26,2020,6,15.45,-27.4,28.0,80.9,1,0,western
Nashik,2020-06-29,27,2020,6,23.84,11.8,29.2,74.8,1,0,western
Nashik,2020-07-06,28,2020,7,70.0,63.48,27.7,73.4,1,0,western
Nashik,2020-07-13,29,2020,7,45.69,6.78,32.2,79.6,1,0,western
Nashik,2020-07-20,30,2020,7,33.31,-22.08,31.8,75.5,1,0,western
Nashik,2020-07-27,31,2020,7,25.87,-39.45,31.4,85.3,1,0,western
Nashik,2020-08-03,32,2020,8,13.27,-65.95,33.6,82.5,1,0,western
Nashik,2020-08-10,33,2020,8,46.16,17.76,32.6,81.3,1,0,western
Nashik,2020-08-17,34,2020,8,41.06,4.79,31.3,71.7,1,0,western
Nashik,2020-08-24,35,2020,8,22.48,-42.52,31.9,78.5,1,0,western
Nashik,2020-08-31,36,2020,8,24.37,-37.71,30.9,77.8,1,0,western
Nashik,2020-09-07,37,2020,9,19.7,-33.61,31.1,82.1,1,0,western
Nashik,2020-09-14,38,2020,9,15.79,-46.72,32.0,80.5,1,0,western
Nashik,2020-09-21,39,2020,9,27.33,-8.03,31.5,85.9,1,0,western
Nashik,2020-09-28,40,2020,9,35.55,19.53,34.2,75.6,1,0,western
Nashik,2020-10-05,41,2020,10,8.84,-4.95,32.8,61.8,0,0,western
Nashik,2020-10-12,42,2020,10,11.62,24.6,31.1,52.2,0,0,western
Nashik,2020-10-19,43,2020,10,8.26,-11.16,31.7,50.6,0,0,western
Nashik,2020-10-26,44,2020,10,8.85,-4.89,28.0,47.1,0,0,western
Nashik,2020-11-02,45,2020,11,3.1,14.23,32.8,53.2,0,0,western
Nashik,2020-11-09,46,2020,11,2.04,-23.6,29.0,48.2,0,0,western
Nashik,2020-11-16,47,2020,11,2.36,-12.24,30.8,48.4,0,0,western
Nashik,2020-11-23,48,2020,11,2.38,-11.44,31.0,56.8,0,0,western
Nashik,2020-11-30,49,2020,11,2.61,-3.45,29.9,44.8,0,0,western
Nashik,2020-12-07,50,2020,12,0.47,-18.53,29.5,53.1,0,0,western
Nashik,2020-12-14,51,2020,12,0.64,5.21,29.5,58.3,0,0,western
Nashik,2020-12-21,52,2020,12,0.66,8.37,29.0,39.2,0,0,western
Nashik,2020-12-28,53,2020,12,0.65,7.77,30.7,45.1,0,0,western
Nashik,2021-01-04,1,2021,1,1.21,53.55,27.4,53.5,0,0,western
Nashik,2021-01-11,2,2021,1,0.53,-25.62,24.3,52.9,0,0,western
Nashik,2021-01-18,3,2021,1,1.34,68.82,24.0,50.6,0,0,western
Nashik,2021-01-25,4,2021,1,1.12,43.94,25.5,50.8,0,0,western
Nashik,2021-02-01,5,2021,2,0.79,61.37,23.9,54.4,0,0,western
Nashik,2021-02-08,6,2021,2,0.36,-15.63,22.3,52.7,0,0,western
Nashik,2021-02-15,7,2021,2,0.56,19.03,23.5,59.2,0,0,western
Nashik,2021-02-22,8,2021,2,0.56,19.89,23.7,36.0,0,0,western
Nashik,2021-03-01,9,2021,3,0.64,5.25,20.7,49.0,0,0,western
Nashik,2021-03-08,10,2021,3,0.54,-8.07,22.6,55.6,0,0,western
Nashik,2021-03-15,11,2021,3,0.63,4.19,21.4,49.9,0,0,western
Nashik,2021-03-22,12,2021,3,0.46,-20.34,19.3,48.1,0,0,western
Nashik,2021-03-29,13,2021,3,0.61,1.64,18.7,51.9,0,0,western
Nashik,2021-04-05,14,2021,4,1.33,43.35,22.9,26.8,0,0,western
Nashik,2021-04-12,15,2021,4,1.25,34.79,22.8,30.9,0,0,western
Nashik,2021-04-19,16,2021,4,1.06,15.85,24.3,27.5,0,0,western
Nashik,2021-04-26,17,2021,4,0.84,-5.6,24.2,35.6,0,0,western
Nashik,2021-05-03,18,2021,5,1.73,-3.54,26.9,22.5,0,0,western
Nashik,2021-05-10,19,2021,5,1.04,-39.95,27.0,30.4,0,0,western
Nashik,2021-05-17,20,2021,5,2.37,29.69,26.1,32.5,0,0,western
Nashik,2021-05-24,21,2021,5,1.78,-1.02,27.8,31.5,0,0,western
Nashik,2021-05-31,22,2021,5,1.47,-17.42,24.8,23.2,0,0,western
Nashik,2021-06-07,23,2021,6,30.8,44.26,28.9,75.0,1,0,western
Nashik,2021-06-14,24,2021,6,26.56,24.5,29.7,82.1,1,0,western
Nashik,2021-06-21,25,2021,6,27.03,26.69,29.3,86.3,1,0,western
Nashik,2021-06-28,26,2021,6,31.01,45.27,26.7,78.1,1,0,western
Nashik,2021-07-05,27,2021,7,60.35,40.95,31.8,75.6,1,0,western
Nashik,2021-07-12,28,2021,7,68.45,59.85,30.0,74.4,1,0,western
Nashik,2021-07-19,29,2021,7,34.64,-18.99,29.3,78.8,1,0,western
Nashik,2021-07-26,30,2021,7,52.83,23.43,29.8,78.1,1,0,western
Nashik,2021-08-02,31,2021,8,59.61,52.01,34.1,77.3,1,0,western
Nashik,2021-08-09,32,2021,8,71.84,83.15,31.7,74.7,1,0,western
Nashik,2021-08-16,33,2021,8,68.8,75.41,30.8,77.4,1,0,western
Nashik,2021-08-23,34,2021,8,43.11,10.01,35.1,74.9,1,0,western
Nashik,2021-08-30,35,2021,8,36.24,-7.48,33.3,76.0,1,0,western
Nashik,2021-09-06,36,2021,9,22.33,-24.81,33.2,73.0,1,0,western
Nashik,2021-09-13,37,2021,9,33.32,12.06,32.9,79.5,1,0,western
Nashik,2021-09-20,38,2021,9,29.09,-2.12,31.8,73.7,1,0,western
Nashik,2021-09-27,39,2021,9,49.11,65.0,32.4,67.7,1,0,western
Nashik,2021-10-04,40,2021,10,3.74,-59.17,32.3,52.5,0,0,western
Nashik,2021-10-11,41,2021,10,14.29,52.94,30.0,51.7,0,0,western
Nashik,2021-10-18,42,2021,10,13.28,42.21,30.2,47.0,0,0,western
Nashik,2021-10-25,43,2021,10,10.19,9.35,34.1,49.6,0,0,western
Nashik,2021-11-01,44,2021,11,3.99,46.13,31.5,50.1,0,0,western
Nashik,2021-11-08,45,2021,11,3.54,29.8,28.0,61.6,0,0,western
Nashik,2021-11-15,46,2021,11,3.42,25.8,30.2,45.1,0,0,western
Nashik,2021-11-22,47,2021,11,2.74,1.4,33.3,51.1,0,0,western
Nashik,2021-11-29,48,2021,11,2.76,2.06,29.7,37.4,0,0,western
Nashik,2021-12-06,49,2021,12,0.73,18.7,28.9,47.4,0,0,western
Nashik,2021-12-13,50,2021,12,0.8,28.5,28.8,34.7,0,0,western
Nashik,2021-12-20,51,2021,12,0.79,27.48,29.1,47.2,0,0,western
Nashik,2021-12-27,52,2021,12,0.9,42.93,27.1,52.8,0,0,western
Nashik,2022-01-03,1,2022,1,0.85,11.65,27.2,54.8,0,0,western
Nashik,2022-01-10,2,2022,1,0.74,-1.36,29.2,59.2,0,0,western
Nashik,2022-01-17,3,2022,1,0.56,-22.78,25.7,51.3,0,0,western
Nashik,2022-01-24,4,2022,1,0.42,-39.3,24.9,55.3,0,0,western
Nashik,2022-01-31,5,2022,1,0.83,9.28,24.5,51.1,0,0,western
Nashik,2022-02-07,6,2022,2,0.32,-23.48,22.4,66.3,0,0,western
Nashik,2022-02-14,7,2022,2,0.53,13.58,24.1,57.0,0,0,western
Nashik,2022-02-21,8,2022,2,0.52,12.57,23.3,55.2,0,0,western
Nashik,2022-02-28,9,2022,2,0.5,8.99,23.4,51.5,0,0,western
Nashik,2022-03-07,10,2022,3,0.55,-7.7,18.0,47.3,0,0,western
Nashik,2022-03-14,11,2022,3,0.58,-3.18,19.7,58.0,0,0,western
Nashik,2022-03-21,12,2022,3,0.7,14.63,20.4,44.7,0,0,western
Nashik,2022-03-28,13,2022,3,0.61,0.71,18.8,60.8,0,0,western
Nashik,2022-04-04,14,2022,4,0.68,-22.42,23.6,41.6,0,0,western
Nashik,2022-04-11,15,2022,4,1.12,21.43,19.2,33.3,0,0,western
Nashik,2022-04-18,16,2022,4,0.94,4.3,21.3,28.6,0,0,western
Nashik,2022-04-25,17,2022,4,1.18,28.12,21.6,30.3,0,0,western
Nashik,2022-05-02,18,2022,5,2.18,20.02,27.6,28.2,0,0,western
Nashik,2022-05-09,19,2022,5,2.23,22.68,24.1,30.1,0,0,western
Nashik,2022-05-16,20,2022,5,2.15,18.41,25.6,30.8,0,0,western
Nashik,2022-05-23,21,2022,5,2.6,41.82,25.3,26.2,0,0,western
Nashik,2022-05-30,22,2022,5,3.36,82.18,23.9,33.9,0,0,western
Nashik,2022-06-06,23,2022,6,41.5,94.25,26.6,85.8,1,0,western
Nashik,2022-06-13,24,2022,6,29.1,36.32,29.7,79.3,1,0,western
Nashik,2022-06-20,25,2022,6,18.41,-13.59,27.4,76.5,1,0,western
Nashik,2022-06-27,26,2022,6,31.59,47.99,30.4,86.4,1,0,western
Nashik,2022-07-04,27,2022,7,42.15,-1.47,29.2,77.9,1,0,western
Nashik,2022-07-11,28,2022,7,74.55,74.08,30.4,75.7,1,0,western
Nashik,2022-07-18,29,2022,7,69.99,63.45,28.8,75.2,1,0,western
Nashik,2022-07-25,30,2022,7,28.59,-33.11,32.1,80.7,1,0,western
Nashik,2022-08-01,31,2022,8,55.87,42.49,30.4,84.7,1,0,western
Nashik,2022-08-08,32,2022,8,2.58,-93.17,30.1,78.8,1,0,western
Nashik,2022-08-15,33,2022,8,54.75,39.65,30.8,68.1,1,0,western
Nashik,2022-08-22,34,2022,8,30.01,-23.35,30.2,92.0,1,0,western
Nashik,2022-08-29,35,2022,8,51.77,32.04,30.4,70.1,1,0,western
Nashik,2022-09-05,36,2022,9,23.57,-20.63,32.2,75.6,1,0,western
Nashik,2022-09-12,37,2022,9,54.51,83.12,31.1,81.1,1,0,western
Nashik,2022-09-19,38,2022,9,24.76,-16.64,33.0,75.8,1,0,western
Nashik,2022-09-26,39,2022,9,42.96,44.38,32.5,87.1,1,0,western
Nashik,2022-10-03,40,2022,10,10.74,15.23,32.3,45.7,0,0,western
Nashik,2022-10-10,41,2022,10,5.14,-44.33,32.4,51.3,0,0,western
Nashik,2022-10-17,42,2022,10,12.55,34.47,31.0,53.3,0,0,western
Nashik,2022-10-24,43,2022,10,7.58,-18.32,32.2,47.4,0,0,western
Nashik,2022-10-31,44,2022,10,10.44,11.99,30.9,58.4,0,0,western
Nashik,2022-11-07,45,2022,11,2.24,-16.32,29.7,50.6,0,0,western
Nashik,2022-11-14,46,2022,11,3.78,38.64,30.3,51.1,0,0,western
Nashik,2022-11-21,47,2022,11,2.59,-4.11,30.7,49.0,0,0,western
Nashik,2022-11-28,48,2022,11,2.16,-19.18,30.2,49.1,0,0,western
Nashik,2022-12-05,49,2022,12,0.55,-7.4,26.0,58.6,0,0,western
Nashik,2022-12-12,50,2022,12,0.65,7.41,28.5,47.9,0,0,western
Nashik,2022-12-19,51,2022,12,0.55,-6.96,27.1,47.6,0,0,western
Nashik,2022-12-26,52,2022,12,0.6,-0.54,28.6,54.4,0,0,western
Nashik,2023-01-02,1,2023,1,1.1,40.52,27.4,55.2,0,0,western
Nashik,2023-01-09,2,2023,1,0.87,13.56,26.5,51.2,0,0,western
Nashik,2023-01-16,3,2023,1,0.64,-13.34,28.5,56.7,0,0,western
Nashik,2023-01-23,4,2023,1,1.02,31.43,26.2,55.4,0,0,western
Nashik,2023-01-30,5,2023,1,0.97,25.23,26.1,57.3,0,0,western
Nashik,2023-02-06,6,2023,2,0.54,15.88,24.6,52.7,0,0,western
Nashik,2023-02-13,7,2023,2,0.3,-27.0,23.7,49.0,0,0,western
Nashik,2023-02-20,8,2023,2,0.37,-13.84,22.3,44.3,0,0,western
Nashik,2023-02-27,9,2023,2,0.65,36.86,23.6,53.2,0,0,western
Nashik,2023-03-06,10,2023,3,0.46,-20.3,20.6,62.2,0,0,western
Nashik,2023-03-13,11,2023,3,0.75,21.05,19.3,46.3,0,0,western
Nashik,2023-03-20,12,2023,3,0.55,-7.06,22.1,49.7,0,0,western
Nashik,2023-03-27,13,2023,3,0.37,-33.36,20.4,49.7,0,0,western
Nashik,2023-04-03,14,2023,4,0.74,-15.57,23.9,26.3,0,0,western
Nashik,2023-04-10,15,2023,4,1.12,22.1,23.2,35.4,0,0,western
Nashik,2023-04-17,16,2023,4,1.2,29.98,23.7,23.1,0,0,western
Nashik,2023-04-24,17,2023,4,0.55,-35.04,26.2,31.7,0,0,western
Nashik,2023-05-01,18,2023,5,1.46,-18.03,27.4,28.3,0,0,western
Nashik,2023-05-08,19,2023,5,1.93,6.98,25.2,29.3,0,0,western
Nashik,2023-05-15,20,2023,5,2.97,61.34,27.3,38.8,0,0,western
Nashik,2023-05-22,21,2023,5,1.99,10.11,26.0,32.8,0,0,western
Nashik,2023-05-29,22,2023,5,2.55,39.43,28.7,39.4,0,0,western
Nashik,2023-06-05,23,2023,6,22.8,6.93,26.1,64.2,1,0,western
Nashik,2023-06-12,24,2023,6,28.46,33.35,28.0,81.7,1,0,western
Nashik,2023-06-19,25,2023,6,20.84,-2.23,30.5,71.7,1,0,western
Nashik,2023-06-26,26,2023,6,21.3,-0.08,27.9,80.7,1,0,western
Nashik,2023-07-03,27,2023,7,43.24,1.06,29.9,84.1,1,0,western
Nashik,2023-07-10,28,2023,7,66.87,56.16,30.8,72.7,1,0,western
Nashik,2023-07-17,29,2023,7,56.65,32.33,31.4,77.4,1,0,western
Nashik,2023-07-24,30,2023,7,38.85,-9.16,29.8,79.4,1,0,western
Nashik,2023-07-31,31,2023,7,71.0,65.81,29.3,80.1,1,0,western
Nashik,2023-08-07,32,2023,8,60.51,54.31,32.1,83.0,1,0,western
Nashik,2023-08-14,33,2023,8,38.82,-0.92,31.4,71.1,1,0,western
Nashik,2023-08-21,34,2023,8,37.25,-4.93,30.6,73.1,1,0,western
Nashik,2023-08-28,35,2023,8,55.02,40.33,29.6,71.6,1,0,western
Nashik,2023-09-04,36,2023,9,43.33,45.62,31.7,72.6,1,0,western
Nashik,2023-09-11,37,2023,9,40.07,34.68,31.7,79.3,1,0,western
Nashik,2023-09-18,38,2023,9,37.15,24.91,31.7,73.8,1,0,western
Nashik,2023-09-25,39,2023,9,31.96,7.52,32.4,80.1,1,0,western
Nashik,2023-10-02,40,2023,10,12.0,28.67,31.2,53.7,0,0,western
Nashik,2023-10-09,41,2023,10,6.2,-33.04,32.1,56.0,0,0,western
Nashik,2023-10-16,42,2023,10,0.93,-89.07,32.9,59.8,0,0,western
Nashik,2023-10-23,43,2023,10,12.52,34.2,29.0,52.6,0,0,western
Nashik,2023-10-30,44,2023,10,8.4,-9.61,31.7,53.9,0,0,western
Nashik,2023-11-06,45,2023,11,3.82,39.94,30.7,50.7,0,0,western
Nashik,2023-11-13,46,2023,11,4.54,65.66,29.4,45.6,0,0,western
Nashik,2023-11-20,47,2023,11,2.93,8.23,30.0,47.8,0,0,western
Nashik,2023-11-27,48,2023,11,3.7,35.77,29.8,55.5,0,0,western
Nashik,2023-12-04,49,2023,12,0.36,-33.85,27.6,57.1,0,0,western
Nashik,2023-12-11,50,2023,12,0.59,-1.53,27.6,59.4,0,0,western
Nashik,2023-12-18,51,2023,12,1.0,57.31,27.1,50.9,0,0,western
Nashik,2023-12-25,52,2023,12,0.73,18.32,29.0,45.0,0,0,western
Dhule,2019-01-07,2,2019,1,0.4,-28.42,26.4,56.7,0,0,western
Dhule,2019-01-14,3,2019,1,0.59,-1.84,25.4,52.7,0,0,western
Dhule,2019-01-21,4,2019,1,0.7,14.34,26.2,63.8,0,0,western
Dhule,2019-01-28,5,2019,1,0.48,-16.65,24.9,49.9,0,0,western
Dhule,2019-02-04,6,2019,2,0.41,11.12,22.3,49.6,0,0,western
Dhule,2019-02-11,7,2019,2,0.27,-20.2,22.0,44.6,0,0,western
Dhule,2019-02-18,8,2019,2,0.46,22.73,22.4,55.9,0,0,western
Dhule,2019-02-25,9,2019,2,0.48,25.1,25.4,51.4,0,0,western
Dhule,2019-03-04,10,2019,3,0.58,17.32,18.8,51.1,0,0,western
Dhule,2019-03-11,11,2019,3,0.61,21.87,18.4,54.7,0,0,western
Dhule,2019-03-18,12,2019,3,0.57,14.71,19.9,52.7,0,0,western
Dhule,2019-03-25,13,2019,3,0.5,3.81,20.3,56.9,0,0,western
Dhule,2019-04-01,14,2019,4,1.16,53.57,22.5,29.5,0,0,western
Dhule,2019-04-08,15,2019,4,0.57,-18.61,26.0,32.1,0,0,western
Dhule,2019-04-15,16,2019,4,0.58,-17.42,24.9,19.9,0,0,western
Dhule,2019-04-22,17,2019,4,0.59,-15.8,22.4,26.9,0,0,western
Dhule,2019-04-29,18,2019,4,0.96,29.14,22.0,25.7,0,0,western
Dhule,2019-05-06,19,2019,5,1.54,6.16,26.8,26.3,0,0,western
Dhule,2019-05-13,20,2019,5,1.75,19.91,26.5,30.4,0,0,western
Dhule,2019-05-20,21,2019,5,0.3,-74.32,26.3,19.2,0,0,western
Dhule,2019-05-27,22,2019,5,1.6,10.59,25.8,31.2,0,0,western
Dhule,2019-06-03,23,2019,6,7.64,-54.88,27.1,75.8,1,0,western
Dhule,2019-06-10,24,2019,6,16.78,-1.61,28.8,72.1,1,0,western
Dhule,2019-06-17,25,2019,6,20.46,19.88,28.3,85.1,1,0,western
Dhule,2019-06-24,26,2019,6,12.66,-25.63,29.5,76.8,1,0,western
Dhule,2019-07-01,27,2019,7,30.47,-10.94,32.2,75.8,1,0,western
Dhule,2019-07-08,28,2019,7,43.08,25.78,30.1,76.9,1,0,western
Dhule,2019-07-15,29,2019,7,45.51,32.87,31.3,74.2,1,0,western
Dhule,2019-07-22,30,2019,7,30.16,-11.83,26.3,76.3,1,0,western
Dhule,2019-07-29,31,2019,7,55.04,60.63,32.2,78.0,1,0,western
Dhule,2019-08-05,32,2019,8,52.09,65.97,33.0,81.2,1,0,western
Dhule,2019-08-12,33,2019,8,21.09,-32.61,31.3,73.1,1,0,western
Dhule,2019-08-19,34,2019,8,23.43,-25.18,32.0,81.0,1,0,western
Dhule,2019-08-26,35,2019,8,10.91,-64.97,31.0,72.7,1,0,western
Dhule,2019-09-02,36,2019,9,26.76,12.49,31.1,79.5,1,0,western
Dhule,2019-09-09,37,2019,9,36.42,52.96,32.1,81.9,1,0,western
Dhule,2019-09-16,38,2019,9,37.53,57.57,32.2,71.2,1,0,western
Dhule,2019-09-23,39,2019,9,16.72,-29.55,31.9,87.1,1,0,western
Dhule,2019-09-30,40,2019,9,11.56,-51.18,32.5,79.2,1,0,western
Dhule,2019-10-07,41,2019,10,9.84,31.68,31.5,52.0,0,0,western
Dhule,2019-10-14,42,2019,10,8.24,10.51,30.3,41.3,0,0,western
Dhule,2019-10-21,43,2019,10,13.55,80.9,31.3,46.6,0,0,western
Dhule,2019-10-28,44,2019,10,11.19,49.59,31.0,53.4,0,0,western
Dhule,2019-11-04,45,2019,11,2.78,27.23,29.6,55.1,0,0,western
Dhule,2019-11-11,46,2019,11,2.24,3.28,31.5,57.3,0,0,western
Dhule,2019-11-18,47,2019,11,2.97,35.8,27.2,53.8,0,0,western
Dhule,2019-11-25,48,2019,11,3.2,46.05,30.1,44.1,0,0,western
Dhule,2019-12-02,49,2019,12,0.5,3.88,27.1,52.1,0,0,western
Dhule,2019-12-09,50,2019,12,0.47,-1.83,28.8,38.4,0,0,western
Dhule,2019-12-16,51,2019,12,0.75,46.29,29.3,46.2,0,0,western
Dhule,2019-12-23,52,2019,12,0.56,14.31,29.5,49.0,0,0,western
Dhule,2019-12-30,1,2019,12,0.52,6.74,26.1,41.4,0,0,western
Dhule,2020-01-06,2,2020,1,0.26,-48.26,25.3,60.1,0,0,western
Dhule,2020-01-13,3,2020,1,0.52,-10.88,23.5,52.7,0,0,western
Dhule,2020-01-20,4,2020,1,0.62,2.08,25.0,52.1,0,0,western
Dhule,2020-01-27,5,2020,1,0.77,24.09,25.6,49.6,0,0,western
Dhule,2020-02-03,6,2020,2,0.23,-28.42,23.6,49.5,0,0,western
Dhule,2020-02-10,7,2020,2,0.32,-8.34,22.0,49.2,0,0,western
Dhule,2020-02-17,8,2020,2,0.56,43.82,22.1,59.5,0,0,western
Dhule,2020-02-24,9,2020,2,0.18,-39.01,25.0,51.3,0,0,western
Dhule,2020-03-02,10,2020,3,0.49,1.29,18.9,53.3,0,0,western
Dhule,2020-03-09,11,2020,3,0.49,1.47,20.0,44.9,0,0,western
Dhule,2020-03-16,12,2020,3,0.28,-34.38,18.5,51.7,0,0,western
Dhule,2020-03-23,13,2020,3,0.26,-37.71,18.6,46.1,0,0,western
Dhule,2020-03-30,14,2020,3,0.28,-35.17,23.0,54.1,0,0,western
Dhule,2020-04-06,15,2020,4,0.66,-7.7,23.4,17.7,0,0,western
Dhule,2020-04-13,16,2020,4,0.85,16.0,24.0,30.1,0,0,western
Dhule,2020-04-20,17,2020,4,0.8,9.13,23.2,27.2,0,0,western
Dhule,2020-04-27,18,2020,4,0.65,-8.05,20.3,37.6,0,0,western
Dhule,2020-05-04,19,2020,5,0.42,-66.0,27.4,32.3,0,0,western
Dhule,2020-05-11,20,2020,5,1.38,-3.8,23.1,29.3,0,0,western
Dhule,2020-05-18,21,2020,5,2.14,45.14,26.1,26.4,0,0,western
Dhule,2020-05-25,22,2020,5,1.19,-16.54,26.3,15.0,0,0,western
Dhule,2020-06-01,23,2020,6,18.56,8.76,27.3,79.9,1,0,western
Dhule,2020-06-08,24,2020,6,25.93,51.77,27.8,72.7,1,0,western
Dhule,2020-06-15,25,2020,6,15.63,-8.31,30.5,79.4,1,0,western
Dhule,2020-06-22,26,2020,6,21.84,27.91,29.3,83.9,1,0,western
Dhule,2020-06-29,27,2020,6,11.36,-33.18,30.3,81.1,1,0,western
Dhule,2020-07-06,28,2020,7,14.01,-58.88,30.2,78.9,1,0,western
Dhule,2020-07-13,29,2020,7,31.76,-7.18,30.3,79.3,1,0,western
Dhule,2020-07-20,30,2020,7,33.52,-2.06,29.8,80.1,1,0,western
Dhule,2020-07-27,31,2020,7,39.86,16.42,32.5,88.7,1,0,western
Dhule,2020-08-03,32,2020,8,23.99,-23.4,31.1,76.4,1,0,western
Dhule,2020-08-10,33,2020,8,14.98,-52.04,31.8,94.9,1,0,western
Dhule,2020-08-17,34,2020,8,18.28,-41.56,30.8,69.6,1,0,western
Dhule,2020-08-24,35,2020,8,38.36,22.31,31.8,73.9,1,0,western
Dhule,2020-08-31,36,2020,8,16.3,-47.84,30.9,81.5,1,0,western
Dhule,2020-09-07,37,2020,9,24.14,1.5,31.0,74.9,1,0,western
Dhule,2020-09-14,38,2020,9,29.05,22.06,29.7,72.5,1,0,western
Dhule,2020-09-21,39,2020,9,22.31,-6.17,32.1,81.3,1,0,western
Dhule,2020-09-28,40,2020,9,28.06,17.92,32.8,68.6,1,0,western
Dhule,2020-10-05,41,2020,10,8.72,16.84,32.1,52.2,0,0,western
Dhule,2020-10-12,42,2020,10,9.22,23.46,33.1,48.7,0,0,western
Dhule,2020-10-19,43,2020,10,1.84,-74.3,31.1,46.3,0,0,western
Dhule,2020-10-26,44,2020,10,6.11,-17.67,32.3,48.7,0,0,western
Dhule,2020-11-02,45,2020,11,1.29,-38.33,26.3,54.2,0,0,western
Dhule,2020-11-09,46,2020,11,2.53,16.1,29.3,46.9,0,0,western
Dhule,2020-11-16,47,2020,11,1.82,-14.94,28.3,57.3,0,0,western
Dhule,2020-11-23,48,2020,11,1.29,-38.49,31.4,51.5,0,0,western
Dhule,2020-11-30,49,2020,11,0.58,-69.78,29.3,41.5,0,0,western
Dhule,2020-12-07,50,2020,12,0.44,-6.12,27.6,50.2,0,0,western
Dhule,2020-12-14,51,2020,12,0.65,29.88,29.6,50.1,0,0,western
Dhule,2020-12-21,52,2020,12,0.41,-12.22,27.5,55.2,0,0,western
Dhule,2020-12-28,53,2020,12,0.78,50.94,27.5,53.8,0,0,western
Dhule,2021-01-04,1,2021,1,0.57,-4.62,27.1,55.0,0,0,western
Dhule,2021-01-11,2,2021,1,0.85,35.86,24.2,40.8,0,0,western
Dhule,2021-01-18,3,2021,1,0.83,32.86,24.3,50.8,0,0,western
Dhule,2021-01-25,4,2021,1,0.64,6.24,27.2,56.1,0,0,western
Dhule,2021-02-01,5,2021,2,0.39,7.5,23.5,53.7,0,0,western
Dhule,2021-02-08,6,2021,2,0.56,42.46,20.7,47.6,0,0,western
Dhule,2021-02-15,7,2021,2,0.56,43.2,21.5,45.6,0,0,western
Dhule,2021-02-22,8,2021,2,0.42,13.54,22.4,54.3,0,0,western
Dhule,2021-03-01,9,2021,3,0.8,55.74,17.6,52.4,0,0,western
Dhule,2021-03-08,10,2021,3,0.57,15.18,18.5,39.5,0,0,western
Dhule,2021-03-15,11,2021,3,0.44,-6.56,18.0,53.0,0,0,western
Dhule,2021-03-22,12,2021,3,0.47,-1.02,19.0,55.4,0,0,western
Dhule,2021-03-29,13,2021,3,0.92,75.66,19.6,54.6,0,0,western
Dhule,2021-04-05,14,2021,4,1.13,49.43,21.5,20.0,0,0,western
Dhule,2021-04-12,15,2021,4,0.83,13.11,23.7,24.0,0,0,western
Dhule,2021-04-19,16,2021,4,0.44,-34.19,24.8,31.4,0,0,western
Dhule,2021-04-26,17,2021,4,0.82,12.33,21.9,20.7,0,0,western
Dhule,2021-05-03,18,2021,5,1.31,-8.27,28.0,26.2,0,0,western
Dhule,2021-05-10,19,2021,5,1.9,30.06,29.5,37.2,0,0,western
Dhule,2021-05-17,20,2021,5,1.87,27.53,28.1,30.3,0,0,western
Dhule,2021-05-24,21,2021,5,2.77,86.41,26.0,31.6,0,0,western
Dhule,2021-05-31,22,2021,5,2.08,41.48,25.0,31.8,0,0,western
Dhule,2021-06-07,23,2021,6,14.89,-12.62,27.9,82.1,1,0,western
Dhule,2021-06-14,24,2021,6,23.47,37.41,28.5,79.6,1,0,western
Dhule,2021-06-21,25,2021,6,20.88,22.3,29.7,89.6,1,0,western
Dhule,2021-06-28,26,2021,6,29.62,73.24,28.1,80.5,1,0,western
Dhule,2021-07-05,27,2021,7,32.91,-3.83,31.8,78.1,1,0,western
Dhule,2021-07-12,28,2021,7,52.04,51.91,30.8,65.4,1,0,western
Dhule,2021-07-19,29,2021,7,42.21,23.26,30.7,80.1,1,0,western
Dhule,2021-07-26,30,2021,7,31.57,-7.74,28.8,79.0,1,0,western
Dhule,2021-08-02,31,2021,8,40.11,27.89,31.1,75.3,1,0,western
Dhule,2021-08-09,32,2021,8,52.46,67.17,30.7,75.2,1,0,western
Dhule,2021-08-16,33,2021,8,13.99,-55.18,32.6,78.8,1,0,western
Dhule,2021-08-23,34,2021,8,56.0,78.41,30.5,70.2,1,0,western
Dhule,2021-08-30,35,2021,8,30.05,-4.13,32.7,83.5,1,0,western
Dhule,2021-09-06,36,2021,9,30.41,27.78,32.1,86.0,1,0,western
Dhule,2021-09-13,37,2021,9,34.43,44.61,32.0,74.4,1,0,western
Dhule,2021-09-20,38,2021,9,35.03,47.14,30.6,71.9,1,0,western
Dhule,2021-09-27,39,2021,9,27.92,17.34,33.8,71.8,1,0,western
Dhule,2021-10-04,40,2021,10,12.15,62.28,32.4,46.3,0,0,western
Dhule,2021-10-11,41,2021,10,10.01,33.99,30.7,48.4,0,0,western
Dhule,2021-10-18,42,2021,10,12.31,64.51,31.4,51.1,0,0,western
Dhule,2021-10-25,43,2021,10,9.2,23.22,33.1,50.7,0,0,western
Dhule,2021-11-01,44,2021,11,3.27,49.14,31.3,43.7,0,0,western
Dhule,2021-11-08,45,2021,11,3.52,60.17,31.9,55.3,0,0,western
Dhule,2021-11-15,46,2021,11,2.32,7.21,29.4,51.6,0,0,western
Dhule,2021-11-22,47,2021,11,1.35,-35.96,30.9,45.7,0,0,western
Dhule,2021-11-29,48,2021,11,2.95,34.92,29.9,54.0,0,0,western
Dhule,2021-12-06,49,2021,12,0.52,6.04,28.4,48.4,0,0,western
Dhule,2021-12-13,50,2021,12,0.64,27.38,29.6,58.0,0,0,western
Dhule,2021-12-20,51,2021,12,0.53,9.27,25.3,49.5,0,0,western
Dhule,2021-12-27,52,2021,12,0.71,40.0,29.7,61.5,0,0,western
Dhule,2022-01-03,1,2022,1,0.51,-13.08,27.9,50.4,0,0,western
Dhule,2022-01-10,2,2022,1,0.74,20.38,26.5,58.3,0,0,western
Dhule,2022-01-17,3,2022,1,0.31,-41.48,24.4,52.6,0,0,western
Dhule,2022-01-24,4,2022,1,0.42,-25.39,26.1,56.5,0,0,western
Dhule,2022-01-31,5,2022,1,0.95,49.83,24.9,46.6,0,0,western
Dhule,2022-02-07,6,2022,2,0.45,19.76,24.1,48.7,0,0,western
Dhule,2022-02-14,7,2022,2,0.29,-16.25,24.0,57.3,0,0,western
Dhule,2022-02-21,8,2022,2,0.39,6.71,23.8,48.0,0,0,western
Dhule,2022-02-28,9,2022,2,0.32,-8.65,22.9,49.0,0,0,western
Dhule,2022-03-07,10,2022,3,0.24,-40.8,19.3,53.9,0,0,western
Dhule,2022-03-14,11,2022,3,0.45,-5.59,21.0,50.1,0,0,western
Dhule,2022-03-21,12,2022,3,0.35,-22.84,20.1,55.8,0,0,western
Dhule,2022-03-28,13,2022,3,0.37,-19.24,17.7,53.6,0,0,western
Dhule,2022-04-04,14,2022,4,0.97,30.36,21.0,33.0,0,0,western
Dhule,2022-04-11,15,2022,4,0.64,-9.6,22.8,26.1,0,0,western
Dhule,2022-04-18,16,2022,4,0.69,-4.19,22.8,28.9,0,0,western
Dhule,2022-04-25,17,2022,4,0.69,-3.51,24.9,28.5,0,0,western
Dhule,2022-05-02,18,2022,5,1.79,22.95,28.4,32.1,0,0,western
Dhule,2022-05-09,19,2022,5,2.96,98.52,25.7,32.0,0,0,western
Dhule,2022-05-16,20,2022,5,1.8,23.31,26.3,30.6,0,0,western
Dhule,2022-05-23,21,2022,5,1.6,10.36,27.0,24.4,0,0,western
Dhule,2022-05-30,22,2022,5,0.96,-31.23,26.4,32.6,0,0,western
Dhule,2022-06-06,23,2022,6,21.85,27.96,26.5,82.7,1,0,western
Dhule,2022-06-13,24,2022,6,18.51,8.49,29.9,71.0,1,0,western
Dhule,2022-06-20,25,2022,6,25.38,48.54,28.4,88.8,1,0,western
Dhule,2022-06-27,26,2022,6,20.53,20.26,29.3,75.3,1,0,western
Dhule,2022-07-04,27,2022,7,33.25,-2.85,30.2,78.6,1,0,western
Dhule,2022-07-11,28,2022,7,34.07,-0.45,31.2,83.6,1,0,western
Dhule,2022-07-18,29,2022,7,44.06,28.66,30.7,76.4,1,0,western
Dhule,2022-07-25,30,2022,7,1.63,-94.95,31.3,74.4,1,0,western
Dhule,2022-08-01,31,2022,8,28.13,-10.21,30.9,79.4,1,0,western
Dhule,2022-08-08,32,2022,8,45.62,45.41,30.8,70.2,1,0,western
Dhule,2022-08-15,33,2022,8,37.55,19.73,30.2,75.7,1,0,western
Dhule,2022-08-22,34,2022,8,24.11,-23.02,31.7,80.3,1,0,western
Dhule,2022-08-29,35,2022,8,40.41,28.83,31.3,85.0,1,0,western
Dhule,2022-09-05,36,2022,9,18.95,-20.23,30.5,72.7,1,0,western
Dhule,2022-09-12,37,2022,9,47.4,98.93,30.5,84.1,1,0,western
Dhule,2022-09-19,38,2022,9,23.54,-1.0,32.9,66.9,1,0,western
Dhule,2022-09-26,39,2022,9,22.31,-6.14,32.8,80.7,1,0,western
Dhule,2022-10-03,40,2022,10,11.94,59.57,29.8,55.0,0,0,western
Dhule,2022-10-10,41,2022,10,8.73,16.96,31.4,52.3,0,0,western
Dhule,2022-10-17,42,2022,10,6.57,-11.57,30.5,54.8,0,0,western
Dhule,2022-10-24,43,2022,10,10.43,39.55,31.7,53.0,0,0,western
Dhule,2022-10-31,44,2022,10,8.48,13.67,33.8,45.5,0,0,western
Dhule,2022-11-07,45,2022,11,2.56,17.59,30.1,49.5,0,0,western
Dhule,2022-11-14,46,2022,11,3.17,44.74,30.9,51.2,0,0,western
Dhule,2022-11-21,47,2022,11,2.98,36.09,29.5,59.5,0,0,western
Dhule,2022-11-28,48,2022,11,2.56,17.75,31.3,48.5,0,0,western
Dhule,2022-12-05,49,2022,12,0.43,-9.12,28.9,44.8,0,0,western
Dhule,2022-12-12,50,2022,12,0.77,50.69,28.0,56.1,0,0,western
Dhule,2022-12-19,51,2022,12,0.64,27.31,30.4,47.0,0,0,western
Dhule,2022-12-26,52,2022,12,0.57,15.99,29.3,45.8,0,0,western
Dhule,2023-01-02,1,2023,1,0.63,3.91,26.2,49.8,0,0,western
Dhule,2023-01-09,2,2023,1,0.25,-50.24,23.9,62.8,0,0,western
Dhule,2023-01-16,3,2023,1,0.96,51.56,26.8,51.4,0,0,western
Dhule,2023-01-23,4,2023,1,0.57,-4.4,26.5,47.3,0,0,western
Dhule,2023-01-30,5,2023,1,0.92,45.76,26.7,52.5,0,0,western
Dhule,2023-02-06,6,2023,2,0.39,6.78,22.8,53.6,0,0,western
Dhule,2023-02-13,7,2023,2,0.27,-18.68,26.0,49.9,0,0,western
Dhule,2023-02-20,8,2023,2,0.27,-18.75,24.1,49.7,0,0,western
Dhule,2023-02-27,9,2023,2,0.36,0.93,23.2,49.4,0,0,western
Dhule,2023-03-06,10,2023,3,0.47,-0.97,19.8,59.0,0,0,western
Dhule,2023-03-13,11,2023,3,0.53,9.31,19.8,57.4,0,0,western
Dhule,2023-03-20,12,2023,3,0.24,-42.23,20.8,55.4,0,0,western
Dhule,2023-03-27,13,2023,3,0.59,18.14,19.6,52.2,0,0,western
Dhule,2023-04-03,14,2023,4,0.78,6.71,23.4,26.8,0,0,western
Dhule,2023-04-10,15,2023,4,1.12,49.07,22.7,27.1,0,0,western
Dhule,2023-04-17,16,2023,4,1.05,39.59,23.9,28.7,0,0,western
Dhule,2023-04-24,17,2023,4,0.77,6.2,22.9,42.1,0,0,western
Dhule,2023-05-01,18,2023,5,2.19,48.91,26.6,27.7,0,0,western
Dhule,2023-05-08,19,2023,5,2.46,66.22,23.5,32.0,0,0,western
Dhule,2023-05-15,20,2023,5,1.78,21.94,26.3,34.4,0,0,western
Dhule,2023-05-22,21,2023,5,2.51,69.06,26.0,27.9,0,0,western
Dhule,2023-05-29,22,2023,5,1.23,-13.61,25.9,35.7,0,0,western
Dhule,2023-06-05,23,2023,6,18.21,6.75,26.2,72.9,1,0,western
Dhule,2023-06-12,24,2023,6,17.46,2.38,27.6,81.2,1,0,western
Dhule,2023-06-19,25,2023,6,22.85,33.82,29.7,76.5,1,0,western
Dhule,2023-06-26,26,2023,6,21.7,27.07,27.3,76.5,1,0,western
Dhule,2023-07-03,27,2023,7,40.74,18.98,30.5,82.6,1,0,western
Dhule,2023-07-10,28,2023,7,45.24,32.09,30.3,88.4,1,0,western
Dhule,2023-07-17,29,2023,7,28.62,-16.33,31.5,78.0,1,0,western
Dhule,2023-07-24,30,2023,7,46.24,34.99,29.1,72.4,1,0,western
Dhule,2023-07-31,31,2023,7,36.96,7.97,30.3,72.5,1,0,western
Dhule,2023-08-07,32,2023,8,31.24,-0.33,32.0,74.8,1,0,western
Dhule,2023-08-14,33,2023,8,54.72,74.35,30.9,77.6,1,0,western
Dhule,2023-08-21,34,2023,8,34.24,9.21,30.1,77.8,1,0,western
Dhule,2023-08-28,35,2023,8,27.76,-11.38,33.0,78.6,1,0,western
Dhule,2023-09-04,36,2023,9,26.74,12.42,31.6,83.5,1,0,western
Dhule,2023-09-11,37,2023,9,28.64,20.35,30.7,82.1,1,0,western
Dhule,2023-09-18,38,2023,9,34.11,43.28,30.9,76.3,1,0,western
Dhule,2023-09-25,39,2023,9,45.68,91.73,32.4,96.8,1,0,western
Dhule,2023-10-02,40,2023,10,12.27,63.99,34.6,48.4,0,0,western
Dhule,2023-10-09,41,2023,10,15.18,102.43,30.1,51.1,0,0,western
Dhule,2023-10-16,42,2023,10,6.91,-7.13,31.7,55.1,0,0,western
Dhule,2023-10-23,43,2023,10,8.54,14.49,32.0,50.6,0,0,western
Dhule,2023-10-30,44,2023,10,10.23,36.89,32.1,50.6,0,0,western
Dhule,2023-11-06,45,2023,11,2.38,9.59,28.9,52.7,0,0,western
Dhule,2023-11-13,46,2023,11,2.91,33.29,31.6,46.1,0,0,western
Dhule,2023-11-20,47,2023,11,1.93,-10.25,31.1,54.9,0,0,western
Dhule,2023-11-27,48,2023,11,3.19,45.44,33.3,46.0,0,0,western
Dhule,2023-12-04,49,2023,12,0.45,-5.51,28.7,52.4,0,0,western
Dhule,2023-12-11,50,2023,12,0.63,25.79,30.4,63.4,0,0,western
Dhule,2023-12-18,51,2023,12,0.44,-6.92,29.4,59.5,0,0,western
Dhule,2023-12-25,52,2023,12,0.47,-2.39,28.8,50.4,0,0,western
Nandurbar,2019-01-07,2,2019,1,0.52,-38.28,25.1,51.2,0,0,western
Nandurbar,2019-01-14,3,2019,1,1.46,56.1,26.4,53.7,0,0,western
Nandurbar,2019-01-21,4,2019,1,0.98,7.92,26.3,53.7,0,0,western
Nandurbar,2019-01-28,5,2019,1,0.46,-44.22,26.8,51.9,0,0,western
Nandurbar,2019-02-04,6,2019,2,0.83,45.9,22.0,60.4,0,0,western
Nandurbar,2019-02-11,7,2019,2,0.45,-14.68,24.5,49.7,0,0,western
Nandurbar,2019-02-18,8,2019,2,0.73,28.85,24.7,54.7,0,0,western
Nandurbar,2019-02-25,9,2019,2,0.56,2.7,22.5,50.5,0,0,western
Nandurbar,2019-03-04,10,2019,3,0.51,-25.29,20.3,58.4,0,0,western
Nandurbar,2019-03-11,11,2019,3,1.09,44.76,21.5,55.9,0,0,western
Nandurbar,2019-03-18,12,2019,3,0.35,-45.14,19.6,54.7,0,0,western
Nandurbar,2019-03-25,13,2019,3,0.7,-2.98,19.6,53.2,0,0,western
Nandurbar,2019-04-01,14,2019,4,1.23,12.51,23.9,24.2,0,0,western
Nandurbar,2019-04-08,15,2019,4,0.25,-70.21,21.8,34.5,0,0,western
Nandurbar,2019-04-15,16,2019,4,1.25,14.45,22.7,34.6,0,0,western
Nandurbar,2019-04-22,17,2019,4,0.67,-34.84,24.4,30.4,0,0,western
Nandurbar,2019-04-29,18,2019,4,1.54,38.8,23.7,32.4,0,0,western
Nandurbar,2019-05-06,19,2019,5,2.82,29.06,26.5,30.3,0,0,western
Nandurbar,2019-05-13,20,2019,5,1.58,-25.76,25.1,41.2,0,0,western
Nandurbar,2019-05-20,21,2019,5,1.88,-12.29,24.7,26.0,0,0,western
Nandurbar,2019-05-27,22,2019,5,1.92,-10.67,24.8,31.5,0,0,western
Nandurbar,2019-06-03,23,2019,6,26.54,3.75,27.0,74.6,1,0,western
Nandurbar,2019-06-10,24,2019,6,18.22,-28.68,28.0,81.9,1,0,western
Nandurbar,2019-06-17,25,2019,6,28.42,11.05,29.1,79.5,1,0,western
Nandurbar,2019-06-24,26,2019,6,28.11,9.85,28.8,80.5,1,0,western
Nandurbar,2019-07-01,27,2019,7,38.42,-25.12,31.8,84.8,1,0,western
Nandurbar,2019-07-08,28,2019,7,44.89,-12.54,31.1,78.0,1,0,western
Nandurbar,2019-07-15,29,2019,7,51.65,0.61,32.7,75.8,1,0,western
Nandurbar,2019-07-22,30,2019,7,48.58,-5.37,30.4,76.5,1,0,western
Nandurbar,2019-07-29,31,2019,7,33.6,-34.49,29.7,82.5,1,0,western
Nandurbar,2019-08-05,32,2019,8,55.92,18.89,31.8,83.2,1,0,western
Nandurbar,2019-08-12,33,2019,8,58.87,25.15,30.3,80.7,1,0,western
Nandurbar,2019-08-19,34,2019,8,53.09,12.89,31.4,80.4,1,0,western
Nandurbar,2019-08-26,35,2019,8,31.67,-32.56,31.1,76.4,1,0,western
Nandurbar,2019-09-02,36,2019,9,59.13,65.58,31.4,81.1,1,0,western
Nandurbar,2019-09-09,37,2019,9,33.97,-4.76,31.6,80.4,1,0,western
Nandurbar,2019-09-16,38,2019,9,30.22,-15.23,30.4,74.7,1,0,western
Nandurbar,2019-09-23,39,2019,9,44.6,24.97,32.1,85.3,1,0,western
Nandurbar,2019-09-30,40,2019,9,55.36,55.05,32.5,78.8,1,0,western
Nandurbar,2019-10-07,41,2019,10,13.95,24.66,31.0,53.7,0,0,western
Nandurbar,2019-10-14,42,2019,10,6.05,-45.42,31.7,55.1,0,0,western
Nandurbar,2019-10-21,43,2019,10,14.89,33.04,33.4,47.9,0,0,western
Nandurbar,2019-10-28,44,2019,10,19.67,75.44,35.1,56.5,0,0,western
Nandurbar,2019-11-04,45,2019,11,5.63,71.31,30.9,46.5,0,0,western
Nandurbar,2019-11-11,46,2019,11,1.91,-39.9,27.8,55.2,0,0,western
Nandurbar,2019-11-18,47,2019,11,4.5,37.5,31.3,54.5,0,0,western
Nandurbar,2019-11-25,48,2019,11,3.63,11.55,28.7,43.5,0,0,western
Nandurbar,2019-12-02,49,2019,12,0.72,-0.67,26.6,39.3,0,0,western
Nandurbar,2019-12-09,50,2019,12,0.81,11.19,28.7,50.7,0,0,western
Nandurbar,2019-12-16,51,2019,12,0.85,15.91,26.6,55.5,0,0,western
Nandurbar,2019-12-23,52,2019,12,1.0,34.14,28.0,40.8,0,0,western
Nandurbar,2019-12-30,1,2019,12,0.62,-12.04,29.0,47.6,0,0,western
Nandurbar,2020-01-06,2,2020,1,1.52,61.55,26.8,54.3,0,0,western
Nandurbar,2020-01-13,3,2020,1,0.96,6.11,24.7,52.4,0,0,western
Nandurbar,2020-01-20,4,2020,1,0.17,-73.27,23.4,50.6,0,0,western
Nandurbar,2020-01-27,5,2020,1,0.75,-15.19,27.1,46.2,0,0,western
Nandurbar,2020-02-03,6,2020,2,0.48,-9.32,22.5,43.8,0,0,western
Nandurbar,2020-02-10,7,2020,2,0.41,-21.0,21.9,48.5,0,0,western
Nandurbar,2020-02-17,8,2020,2,0.4,-21.73,25.7,55.7,0,0,western
Nandurbar,2020-02-24,9,2020,2,0.67,19.85,23.7,52.3,0,0,western
Nandurbar,2020-03-02,10,2020,3,0.88,19.69,19.7,44.4,0,0,western
Nandurbar,2020-03-09,11,2020,3,0.61,-13.55,19.9,63.4,0,0,western
Nandurbar,2020-03-16,12,2020,3,0.88,19.13,19.5,51.0,0,0,western
Nandurbar,2020-03-23,13,2020,3,0.52,-24.29,19.1,54.8,0,0,western
Nandurbar,2020-03-30,14,2020,3,0.07,-79.44,19.9,47.6,0,0,western
Nandurbar,2020-04-06,15,2020,4,0.3,-66.34,20.8,29.9,0,0,western
Nandurbar,2020-04-13,16,2020,4,1.6,44.17,21.5,32.2,0,0,western
Nandurbar,2020-04-20,17,2020,4,0.82,-22.22,22.6,29.6,0,0,western
Nandurbar,2020-04-27,18,2020,4,0.84,-20.35,23.5,33.4,0,0,western
Nandurbar,2020-05-04,19,2020,5,2.03,-5.62,26.1,32.7,0,0,western
Nandurbar,2020-05-11,20,2020,5,1.65,-22.74,27.3,36.3,0,0,western
Nandurbar,2020-05-18,21,2020,5,2.7,23.65,26.5,32.8,0,0,western
Nandurbar,2020-05-25,22,2020,5,1.54,-27.65,27.0,26.8,0,0,western
Nandurbar,2020-06-01,23,2020,6,19.95,-21.93,28.0,84.5,1,0,western
Nandurbar,2020-06-08,24,2020,6,33.81,32.05,30.0,80.2,1,0,western
Nandurbar,2020-06-15,25,2020,6,3.82,-84.73,25.1,79.6,1,0,western
Nandurbar,2020-06-22,26,2020,6,20.53,-19.65,26.5,79.0,1,0,western
Nandurbar,2020-06-29,27,2020,6,19.11,-25.21,30.2,77.8,1,0,western
Nandurbar,2020-07-06,28,2020,7,36.98,-27.91,28.8,78.2,1,0,western
Nandurbar,2020-07-13,29,2020,7,60.72,18.24,30.2,81.9,1,0,western
Nandurbar,2020-07-20,30,2020,7,45.47,-11.4,31.3,78.2,1,0,western
Nandurbar,2020-07-27,31,2020,7,20.36,-60.23,31.9,83.1,1,0,western
Nandurbar,2020-08-03,32,2020,8,60.03,27.61,35.9,77.5,1,0,western
Nandurbar,2020-08-10,33,2020,8,40.83,-13.14,31.4,75.1,1,0,western
Nandurbar,2020-08-17,34,2020,8,50.9,8.25,31.2,85.3,1,0,western
Nandurbar,2020-08-24,35,2020,8,42.76,-9.04,32.3,80.2,1,0,western
Nandurbar,2020-08-31,36,2020,8,51.51,9.54,30.5,84.4,1,0,western
Nandurbar,2020-09-07,37,2020,9,37.79,5.93,32.6,80.4,1,0,western
Nandurbar,2020-09-14,38,2020,9,2.23,-93.49,32.1,78.4,1,0,western
Nandurbar,2020-09-21,39,2020,9,35.05,-1.72,33.2,82.6,1,0,western
Nandurbar,2020-09-28,40,2020,9,44.08,23.51,30.8,78.6,1,0,western
Nandurbar,2020-10-05,41,2020,10,3.83,-65.16,31.7,46.4,0,0,western
Nandurbar,2020-10-12,42,2020,10,8.91,-20.05,32.6,62.7,0,0,western
Nandurbar,2020-10-19,43,2020,10,6.19,-44.17,31.9,51.8,0,0,western
Nandurbar,2020-10-26,44,2020,10,8.14,-26.92,31.9,53.5,0,0,western
Nandurbar,2020-11-02,45,2020,11,2.99,-7.57,28.7,52.2,0,0,western
Nandurbar,2020-11-09,46,2020,11,3.6,10.73,28.4,48.3,0,0,western
Nandurbar,2020-11-16,47,2020,11,1.85,-41.74,30.2,55.9,0,0,western
Nandurbar,2020-11-23,48,2020,11,2.64,-17.92,32.1,53.6,0,0,western
Nandurbar,2020-11-30,49,2020,11,2.97,-8.14,30.4,43.0,0,0,western
Nandurbar,2020-12-07,50,2020,12,0.61,-12.94,29.0,61.3,0,0,western
Nandurbar,2020-12-14,51,2020,12,0.4,-38.57,30.0,55.1,0,0,western
Nandurbar,2020-12-21,52,2020,12,0.49,-27.84,27.8,58.6,0,0,western
Nandurbar,2020-12-28,53,2020,12,0.78,6.72,29.7,50.2,0,0,western
Nandurbar,2021-01-04,1,2021,1,0.81,-9.36,22.6,45.9,0,0,western
Nandurbar,2021-01-11,2,2021,1,0.91,0.49,27.0,46.9,0,0,western
Nandurbar,2021-01-18,3,2021,1,0.6,-30.35,25.3,49.4,0,0,western
Nandurbar,2021-01-25,4,2021,1,1.12,21.86,29.1,53.6,0,0,western
Nandurbar,2021-02-01,5,2021,2,0.7,25.29,23.6,63.0,0,0,western
Nandurbar,2021-02-08,6,2021,2,0.34,-31.59,24.6,56.3,0,0,western
Nandurbar,2021-02-15,7,2021,2,0.39,-23.56,22.3,47.4,0,0,western
Nandurbar,2021-02-22,8,2021,2,0.4,-22.18,22.5,45.3,0,0,western
Nandurbar,2021-03-01,9,2021,3,1.03,37.77,21.7,48.1,0,0,western
Nandurbar,2021-03-08,10,2021,3,0.6,-14.95,21.4,46.1,0,0,western
Nandurbar,2021-03-15,11,2021,3,0.49,-27.62,19.2,55.7,0,0,western
Nandurbar,2021-03-22,12,2021,3,0.95,28.33,21.3,46.8,0,0,western
Nandurbar,2021-03-29,13,2021,3,1.13,49.53,19.8,42.7,0,0,western
Nandurbar,2021-04-05,14,2021,4,1.86,65.95,23.2,35.2,0,0,western
Nandurbar,2021-04-12,15,2021,4,1.8,61.23,24.4,40.7,0,0,western
Nandurbar,2021-04-19,16,2021,4,0.92,-13.86,25.6,26.8,0,0,western
Nandurbar,2021-04-26,17,2021,4,1.69,51.43,23.3,32.7,0,0,western
Nandurbar,2021-05-03,18,2021,5,2.61,19.67,27.9,32.0,0,0,western
Nandurbar,2021-05-10,19,2021,5,1.82,-15.23,26.5,31.4,0,0,western
Nandurbar,2021-05-17,20,2021,5,3.23,47.07,24.9,26.7,0,0,western
Nandurbar,2021-05-24,21,2021,5,2.91,33.16,25.8,38.2,0,0,western
Nandurbar,2021-05-31,22,2021,5,2.58,18.65,24.9,27.4,0,0,western
Nandurbar,2021-06-07,23,2021,6,18.07,-29.24,28.6,73.4,1,0,western
Nandurbar,2021-06-14,24,2021,6,24.29,-5.03,29.3,68.9,1,0,western
Nandurbar,2021-06-21,25,2021,6,28.83,12.66,30.0,72.6,1,0,western
Nandurbar,2021-06-28,26,2021,6,31.3,22.29,30.8,84.1,1,0,western
Nandurbar,2021-07-05,27,2021,7,56.24,9.52,29.4,81.1,1,0,western
Nandurbar,2021-07-12,28,2021,7,57.39,11.76,32.4,81.0,1,0,western
Nandurbar,2021-07-19,29,2021,7,32.31,-37.0,28.7,72.5,1,0,western
Nandurbar,2021-07-26,30,2021,7,48.86,-4.81,30.3,80.5,1,0,western
Nandurbar,2021-08-02,31,2021,8,37.82,-19.52,29.9,72.5,1,0,western
Nandurbar,2021-08-09,32,2021,8,50.59,7.59,32.3,72.6,1,0,western
Nandurbar,2021-08-16,33,2021,8,66.36,41.05,30.9,73.6,1,0,western
Nandurbar,2021-08-23,34,2021,8,52.02,10.63,31.3,85.9,1,0,western
Nandurbar,2021-08-30,35,2021,8,64.76,37.66,30.2,86.2,1,0,western
Nandurbar,2021-09-06,36,2021,9,61.08,71.04,30.7,72.3,1,0,western
Nandurbar,2021-09-13,37,2021,9,36.26,1.66,30.5,81.7,1,0,western
Nandurbar,2021-09-20,38,2021,9,53.17,48.94,32.3,76.4,1,0,western
Nandurbar,2021-09-27,39,2021,9,47.63,33.43,31.6,75.9,1,0,western
Nandurbar,2021-10-04,40,2021,10,13.19,17.97,31.8,54.2,0,0,western
Nandurbar,2021-10-11,41,2021,10,9.72,-12.82,31.4,52.2,0,0,western
Nandurbar,2021-10-18,42,2021,10,13.62,21.73,29.3,51.3,0,0,western
Nandurbar,2021-10-25,43,2021,10,12.2,9.19,30.6,55.0,0,0,western
Nandurbar,2021-11-01,44,2021,11,4.96,51.5,30.8,46.1,0,0,western
Nandurbar,2021-11-08,45,2021,11,2.9,-10.22,32.0,58.5,0,0,western
Nandurbar,2021-11-15,46,2021,11,4.73,44.36,29.3,55.4,0,0,western
Nandurbar,2021-11-22,47,2021,11,5.53,68.44,33.1,46.7,0,0,western
Nandurbar,2021-11-29,48,2021,11,6.45,95.83,28.1,59.3,0,0,western
Nandurbar,2021-12-06,49,2021,12,0.78,6.8,29.3,46.4,0,0,western
Nandurbar,2021-12-13,50,2021,12,1.17,54.42,27.4,47.5,0,0,western
Nandurbar,2021-12-20,51,2021,12,1.21,59.93,26.9,48.1,0,0,western
Nandurbar,2021-12-27,52,2021,12,1.25,64.95,28.9,55.4,0,0,western
Nandurbar,2022-01-03,1,2022,1,0.82,-8.48,24.4,51.3,0,0,western
Nandurbar,2022-01-10,2,2022,1,0.8,-9.81,25.4,51.0,0,0,western
Nandurbar,2022-01-17,3,2022,1,1.08,18.1,25.1,54.3,0,0,western
Nandurbar,2022-01-24,4,2022,1,1.35,45.16,26.6,58.7,0,0,western
Nandurbar,2022-01-31,5,2022,1,1.29,38.67,27.1,49.1,0,0,western
Nandurbar,2022-02-07,6,2022,2,0.77,35.35,23.1,59.4,0,0,western
Nandurbar,2022-02-14,7,2022,2,0.9,55.58,24.2,53.2,0,0,western
Nandurbar,2022-02-21,8,2022,2,0.65,17.46,23.4,48.0,0,0,western
Nandurbar,2022-02-28,9,2022,2,0.4,-21.43,23.9,48.6,0,0,western
Nandurbar,2022-03-07,10,2022,3,0.84,15.08,19.6,47.2,0,0,western
Nandurbar,2022-03-14,11,2022,3,0.6,-14.12,22.7,48.6,0,0,western
Nandurbar,2022-03-21,12,2022,3,0.61,-13.18,18.9,53.1,0,0,western
Nandurbar,2022-03-28,13,2022,3,0.71,-0.93,17.9,59.6,0,0,western
Nandurbar,2022-04-04,14,2022,4,0.3,-66.13,22.0,26.4,0,0,western
Nandurbar,2022-04-11,15,2022,4,1.46,31.77,22.3,24.6,0,0,western
Nandurbar,2022-04-18,16,2022,4,1.23,12.31,22.5,21.3,0,0,western
Nandurbar,2022-04-25,17,2022,4,1.62,45.37,23.8,32.4,0,0,western
Nandurbar,2022-05-02,18,2022,5,2.48,13.86,25.9,35.0,0,0,western
Nandurbar,2022-05-09,19,2022,5,1.77,-17.25,26.6,28.9,0,0,western
Nandurbar,2022-05-16,20,2022,5,2.41,11.05,24.2,23.2,0,0,western
Nandurbar,2022-05-23,21,2022,5,3.73,69.39,26.7,22.2,0,0,western
Nandurbar,2022-05-30,22,2022,5,1.04,-49.39,24.6,23.5,0,0,western
Nandurbar,2022-06-06,23,2022,6,33.53,30.95,26.2,86.2,1,0,western
Nandurbar,2022-06-13,24,2022,6,31.47,22.92,29.9,78.4,1,0,western
Nandurbar,2022-06-20,25,2022,6,26.06,1.87,27.8,75.6,1,0,western
Nandurbar,2022-06-27,26,2022,6,30.07,17.48,28.8,71.9,1,0,western
Nandurbar,2022-07-04,27,2022,7,10.74,-78.93,30.1,85.1,1,0,western
Nandurbar,2022-07-11,28,2022,7,49.01,-4.54,26.8,80.4,1,0,western
Nandurbar,2022-07-18,29,2022,7,50.7,-1.24,29.3,67.5,1,0,western
Nandurbar,2022-07-25,30,2022,7,62.35,21.4,31.3,76.7,1,0,western
Nandurbar,2022-08-01,31,2022,8,33.4,-28.9,28.8,90.7,1,0,western
Nandurbar,2022-08-08,32,2022,8,49.76,5.83,32.4,77.1,1,0,western
Nandurbar,2022-08-15,33,2022,8,48.81,3.8,31.4,80.2,1,0,western
Nandurbar,2022-08-22,34,2022,8,63.5,34.98,32.2,83.0,1,0,western
Nandurbar,2022-08-29,35,2022,8,56.25,19.6,31.5,78.1,1,0,western
Nandurbar,2022-09-05,36,2022,9,36.07,1.12,33.0,68.7,1,0,western
Nandurbar,2022-09-12,37,2022,9,43.75,22.61,31.8,77.9,1,0,western
Nandurbar,2022-09-19,38,2022,9,42.53,19.17,32.4,81.7,1,0,western
Nandurbar,2022-09-26,39,2022,9,37.68,5.62,31.7,76.2,1,0,western
Nandurbar,2022-10-03,40,2022,10,10.49,-6.06,30.5,59.9,0,0,western
Nandurbar,2022-10-10,41,2022,10,10.4,-6.82,29.1,50.9,0,0,western
Nandurbar,2022-10-17,42,2022,10,7.39,-33.55,31.5,49.3,0,0,western
Nandurbar,2022-10-24,43,2022,10,10.43,-6.59,32.3,53.5,0,0,western
Nandurbar,2022-10-31,44,2022,10,16.55,47.79,33.7,53.0,0,0,western
Nandurbar,2022-11-07,45,2022,11,3.34,2.93,30.8,47.6,0,0,western
Nandurbar,2022-11-14,46,2022,11,2.56,-20.28,29.7,50.9,0,0,western
Nandurbar,2022-11-21,47,2022,11,2.77,-14.04,31.7,54.9,0,0,western
Nandurbar,2022-11-28,48,2022,11,2.9,-10.15,27.6,51.3,0,0,western
Nandurbar,2022-12-05,49,2022,12,1.0,33.55,29.0,51.2,0,0,western
Nandurbar,2022-12-12,50,2022,12,0.68,-5.39,28.2,45.5,0,0,western
Nandurbar,2022-12-19,51,2022,12,0.72,-0.67,26.1,43.8,0,0,western
Nandurbar,2022-12-26,52,2022,12,0.85,15.34,28.4,45.6,0,0,western
Nandurbar,2023-01-02,1,2023,1,1.34,43.54,25.8,54.2,0,0,western
Nandurbar,2023-01-09,2,2023,1,1.36,45.54,25.0,44.9,0,0,western
Nandurbar,2023-01-16,3,2023,1,0.89,-1.45,25.1,52.2,0,0,western
Nandurbar,2023-01-23,4,2023,1,1.17,26.59,25.3,56.1,0,0,western
Nandurbar,2023-01-30,5,2023,1,1.6,69.96,24.1,47.3,0,0,western
Nandurbar,2023-02-06,6,2023,2,0.58,6.82,22.1,54.0,0,0,western
Nandurbar,2023-02-13,7,2023,2,0.44,-15.05,22.3,59.0,0,0,western
Nandurbar,2023-02-20,8,2023,2,0.88,53.55,24.5,47.9,0,0,western
Nandurbar,2023-02-27,9,2023,2,0.77,35.53,24.4,46.7,0,0,western
Nandurbar,2023-03-06,10,2023,3,0.34,-46.1,20.7,42.4,0,0,western
Nandurbar,2023-03-13,11,2023,3,0.67,-5.83,18.0,52.1,0,0,western
Nandurbar,2023-03-20,12,2023,3,1.34,75.6,20.9,59.5,0,0,western
Nandurbar,2023-03-27,13,2023,3,0.98,31.93,18.1,51.5,0,0,western
Nandurbar,2023-04-03,14,2023,4,1.39,25.93,23.7,32.9,0,0,western
Nandurbar,2023-04-10,15,2023,4,0.98,-8.93,23.3,26.7,0,0,western
Nandurbar,2023-04-17,16,2023,4,1.59,43.1,23.1,28.3,0,0,western
Nandurbar,2023-04-24,17,2023,4,1.31,19.51,23.5,28.1,0,0,western
Nandurbar,2023-05-01,18,2023,5,3.5,59.31,24.0,32.5,0,0,western
Nandurbar,2023-05-08,19,2023,5,2.87,31.44,26.3,26.8,0,0,western
Nandurbar,2023-05-15,20,2023,5,3.91,77.45,26.0,34.3,0,0,western
Nandurbar,2023-05-22,21,2023,5,4.0,81.46,25.2,27.3,0,0,western
Nandurbar,2023-05-29,22,2023,5,1.37,-34.89,24.7,31.0,0,0,western
Nandurbar,2023-06-05,23,2023,6,29.15,13.92,27.8,90.2,1,0,western
Nandurbar,2023-06-12,24,2023,6,27.83,8.76,26.9,73.4,1,0,western
Nandurbar,2023-06-19,25,2023,6,31.73,23.97,28.9,74.4,1,0,western
Nandurbar,2023-06-26,26,2023,6,23.1,-9.67,27.6,85.7,1,0,western
Nandurbar,2023-07-03,27,2023,7,85.47,66.34,30.4,79.7,1,0,western
Nandurbar,2023-07-10,28,2023,7,63.1,22.86,29.8,81.7,1,0,western
Nandurbar,2023-07-17,29,2023,7,30.66,-40.19,30.8,83.5,1,0,western
Nandurbar,2023-07-24,30,2023,7,45.41,-11.53,29.9,66.1,1,0,western
Nandurbar,2023-07-31,31,2023,7,44.68,-12.95,32.5,68.4,1,0,western
Nandurbar,2023-08-07,32,2023,8,41.98,-10.7,33.3,76.8,1,0,western
Nandurbar,2023-08-14,33,2023,8,44.33,-5.7,31.8,74.9,1,0,western
Nandurbar,2023-08-21,34,2023,8,44.48,-5.39,31.8,75.7,1,0,western
Nandurbar,2023-08-28,35,2023,8,59.98,27.51,33.9,82.0,1,0,western
Nandurbar,2023-09-04,36,2023,9,45.78,28.28,31.7,70.3,1,0,western
Nandurbar,2023-09-11,37,2023,9,57.33,60.56,31.6,73.2,1,0,western
Nandurbar,2023-09-18,38,2023,9,23.68,-33.52,32.1,78.6,1,0,western
Nandurbar,2023-09-25,39,2023,9,33.97,-4.76,33.0,79.4,1,0,western
Nandurbar,2023-10-02,40,2023,10,9.19,-17.54,29.6,51.1,0,0,western
Nandurbar,2023-10-09,41,2023,10,11.14,-0.27,32.1,56.2,0,0,western
Nandurbar,2023-10-16,42,2023,10,17.77,58.58,30.4,49.7,0,0,western
Nandurbar,2023-10-23,43,2023,10,10.66,-4.51,30.2,56.4,0,0,western
Nandurbar,2023-10-30,44,2023,10,12.82,14.63,32.6,51.3,0,0,western
Nandurbar,2023-11-06,45,2023,11,4.62,41.3,29.7,46.2,0,0,western
Nandurbar,2023-11-13,46,2023,11,4.42,35.31,28.9,48.1,0,0,western
Nandurbar,2023-11-20,47,2023,11,4.09,25.42,29.9,56.1,0,0,western
Nandurbar,2023-11-27,48,2023,11,3.08,-4.99,28.6,50.8,0,0,western
Nandurbar,2023-12-04,49,2023,12,0.2,-63.76,28.1,45.7,0,0,western
Nandurbar,2023-12-11,50,2023,12,1.03,38.14,28.7,54.8,0,0,western
Nandurbar,2023-12-18,51,2023,12,1.06,41.65,29.3,55.2,0,0,western
Nandurbar,2023-12-25,52,2023,12,1.05,39.59,29.6,45.7,0,0,western
Jalgaon,2019-01-07,2,2019,1,0.99,33.44,26.2,54.0,0,0,western
Jalgaon,2019-01-14,3,2019,1,1.21,60.02,26.5,50.9,0,0,western
Jalgaon,2019-01-21,4,2019,1,0.36,-43.21,25.7,54.6,0,0,western
Jalgaon,2019-01-28,5,2019,1,0.57,-17.73,27.4,60.5,0,0,western
Jalgaon,2019-02-04,6,2019,2,0.51,14.58,22.9,50.4,0,0,western
Jalgaon,2019-02-11,7,2019,2,0.75,60.04,24.5,44.5,0,0,western
Jalgaon,2019-02-18,8,2019,2,0.48,8.86,25.3,56.3,0,0,western
Jalgaon,2019-02-25,9,2019,2,0.34,-17.49,22.8,50.5,0,0,western
Jalgaon,2019-03-04,10,2019,3,0.42,-22.02,22.6,58.1,0,0,western
Jalgaon,2019-03-11,11,2019,3,0.73,23.05,20.4,58.7,0,0,western
Jalgaon,2019-03-18,12,2019,3,0.56,-1.58,21.0,62.9,0,0,western
Jalgaon,2019-03-25,13,2019,3,0.72,21.71,21.0,51.5,0,0,western
Jalgaon,2019-04-01,14,2019,4,0.82,-4.47,21.9,28.9,0,0,western
Jalgaon,2019-04-08,15,2019,4,0.53,-34.71,22.3,25.5,0,0,western
Jalgaon,2019-04-15,16,2019,4,1.14,29.39,22.2,28.0,0,0,western
Jalgaon,2019-04-22,17,2019,4,0.56,-31.38,23.2,32.8,0,0,western
Jalgaon,2019-04-29,18,2019,4,0.86,0.45,21.5,29.2,0,0,western
Jalgaon,2019-05-06,19,2019,5,3.05,73.51,25.6,29.0,0,0,western
Jalgaon,2019-05-13,20,2019,5,1.35,-20.51,25.5,25.2,0,0,western
Jalgaon,2019-05-20,21,2019,5,2.25,29.33,25.1,26.0,0,0,western
Jalgaon,2019-05-27,22,2019,5,2.07,19.25,23.6,31.7,0,0,western
Jalgaon,2019-06-03,23,2019,6,13.55,-33.2,27.0,72.2,1,0,western
Jalgaon,2019-06-10,24,2019,6,32.86,61.3,30.1,74.1,1,0,western
Jalgaon,2019-06-17,25,2019,6,34.4,68.86,30.4,78.6,1,0,western
Jalgaon,2019-06-24,26,2019,6,37.72,85.12,30.0,77.4,1,0,western
Jalgaon,2019-07-01,27,2019,7,54.06,32.4,29.6,76.4,1,0,western
Jalgaon,2019-07-08,28,2019,7,43.81,7.35,29.3,79.0,1,0,western
Jalgaon,2019-07-15,29,2019,7,17.6,-56.73,30.6,76.1,1,0,western
Jalgaon,2019-07-22,30,2019,7,56.37,38.03,29.9,79.4,1,0,western
Jalgaon,2019-07-29,31,2019,7,41.41,1.47,29.1,78.8,1,0,western
Jalgaon,2019-08-05,32,2019,8,42.36,13.3,32.7,85.3,1,0,western
Jalgaon,2019-08-12,33,2019,8,71.22,90.34,32.0,80.0,1,0,western
Jalgaon,2019-08-19,34,2019,8,45.18,20.85,30.6,76.2,1,0,western
Jalgaon,2019-08-26,35,2019,8,47.86,27.99,33.0,83.9,1,0,western
Jalgaon,2019-09-02,36,2019,9,29.55,4.2,31.1,85.3,1,0,western
Jalgaon,2019-09-09,37,2019,9,25.73,-9.22,30.5,79.1,1,0,western
Jalgaon,2019-09-16,38,2019,9,28.78,1.51,31.9,76.9,1,0,western
Jalgaon,2019-09-23,39,2019,9,31.0,9.3,31.9,80.8,1,0,western
Jalgaon,2019-09-30,40,2019,9,33.03,16.43,32.0,80.2,1,0,western
Jalgaon,2019-10-07,41,2019,10,12.43,39.57,30.0,48.5,0,0,western
Jalgaon,2019-10-14,42,2019,10,5.0,-43.2,31.5,49.3,0,0,western
Jalgaon,2019-10-21,43,2019,10,6.96,-21.36,31.6,47.0,0,0,western
Jalgaon,2019-10-28,44,2019,10,11.49,29.11,31.5,50.6,0,0,western
Jalgaon,2019-11-04,45,2019,11,3.01,16.07,31.0,51.6,0,0,western
Jalgaon,2019-11-11,46,2019,11,2.6,0.78,30.2,55.8,0,0,western
Jalgaon,2019-11-18,47,2019,11,1.48,-41.05,30.3,58.6,0,0,western
Jalgaon,2019-11-25,48,2019,11,3.65,40.15,30.7,54.8,0,0,western
Jalgaon,2019-12-02,49,2019,12,1.09,77.57,28.7,49.8,0,0,western
Jalgaon,2019-12-09,50,2019,12,0.89,47.76,28.7,43.0,0,0,western
Jalgaon,2019-12-16,51,2019,12,0.68,16.51,29.1,47.3,0,0,western
Jalgaon,2019-12-23,52,2019,12,1.05,70.57,27.7,49.4,0,0,western
Jalgaon,2019-12-30,1,2019,12,0.83,38.6,29.2,52.9,0,0,western
Jalgaon,2020-01-06,2,2020,1,0.75,4.2,25.6,49.6,0,0,western
Jalgaon,2020-01-13,3,2020,1,0.36,-43.57,28.3,45.2,0,0,western
Jalgaon,2020-01-20,4,2020,1,0.63,-11.09,24.4,51.2,0,0,western
Jalgaon,2020-01-27,5,2020,1,0.75,4.29,26.0,61.4,0,0,western
Jalgaon,2020-02-03,6,2020,2,0.45,3.31,23.1,55.3,0,0,western
Jalgaon,2020-02-10,7,2020,2,0.31,-22.93,22.9,45.6,0,0,western
Jalgaon,2020-02-17,8,2020,2,0.52,17.95,23.6,56.0,0,0,western
Jalgaon,2020-02-24,9,2020,2,0.6,31.55,23.2,50.3,0,0,western
Jalgaon,2020-03-02,10,2020,3,0.58,0.35,19.9,48.5,0,0,western
Jalgaon,2020-03-09,11,2020,3,0.45,-18.44,20.5,47.9,0,0,western
Jalgaon,2020-03-16,12,2020,3,0.16,-61.33,18.2,54.2,0,0,western
Jalgaon,2020-03-23,13,2020,3,0.49,-12.78,20.2,51.2,0,0,western
Jalgaon,2020-03-30,14,2020,3,0.59,2.79,21.1,55.6,0,0,western
Jalgaon,2020-04-06,15,2020,4,0.34,-54.34,22.0,30.1,0,0,western
Jalgaon,2020-04-13,16,2020,4,0.55,-31.85,24.4,34.6,0,0,western
Jalgaon,2020-04-20,17,2020,4,1.15,30.8,23.0,30.3,0,0,western
Jalgaon,2020-04-27,18,2020,4,0.74,-12.66,24.9,28.1,0,0,western
Jalgaon,2020-05-04,19,2020,5,2.54,45.05,23.2,24.8,0,0,western
Jalgaon,2020-05-11,20,2020,5,1.32,-21.71,28.7,21.1,0,0,western
Jalgaon,2020-05-18,21,2020,5,1.66,-3.04,26.5,33.6,0,0,western
Jalgaon,2020-05-25,22,2020,5,1.16,-30.95,24.0,33.1,0,0,western
Jalgaon,2020-06-01,23,2020,6,26.3,29.21,28.3,77.9,1,0,western
Jalgaon,2020-06-08,24,2020,6,4.55,-77.26,30.7,83.6,1,0,western
Jalgaon,2020-06-15,25,2020,6,11.22,-44.59,29.7,66.9,1,0,western
Jalgaon,2020-06-22,26,2020,6,16.23,-20.05,28.2,72.2,1,0,western
Jalgaon,2020-06-29,27,2020,6,17.37,-14.51,28.6,82.0,1,0,western
Jalgaon,2020-07-06,28,2020,7,62.69,53.48,31.0,89.5,1,0,western
Jalgaon,2020-07-13,29,2020,7,39.04,-4.31,29.4,74.4,1,0,western
Jalgaon,2020-07-20,30,2020,7,35.27,-13.54,29.5,82.4,1,0,western
Jalgaon,2020-07-27,31,2020,7,34.2,-16.17,30.8,73.2,1,0,western
Jalgaon,2020-08-03,32,2020,8,42.96,14.91,30.9,83.8,1,0,western
Jalgaon,2020-08-10,33,2020,8,25.26,-32.32,30.8,73.5,1,0,western
Jalgaon,2020-08-17,34,2020,8,16.1,-56.78,33.2,84.6,1,0,western
Jalgaon,2020-08-24,35,2020,8,44.04,17.78,31.2,70.1,1,0,western
Jalgaon,2020-08-31,36,2020,8,44.76,19.72,30.5,74.1,1,0,western
Jalgaon,2020-09-07,37,2020,9,25.41,-10.34,32.9,81.4,1,0,western
Jalgaon,2020-09-14,38,2020,9,33.48,18.02,30.3,77.2,1,0,western
Jalgaon,2020-09-21,39,2020,9,29.67,4.62,30.1,77.7,1,0,western
Jalgaon,2020-09-28,40,2020,9,25.29,-10.77,30.5,79.4,1,0,western
Jalgaon,2020-10-05,41,2020,10,10.14,14.07,31.2,59.5,0,0,western
Jalgaon,2020-10-12,42,2020,10,10.46,17.65,31.0,54.7,0,0,western
Jalgaon,2020-10-19,43,2020,10,2.22,-74.1,33.6,54.5,0,0,western
Jalgaon,2020-10-26,44,2020,10,8.99,1.3,30.7,46.0,0,0,western
Jalgaon,2020-11-02,45,2020,11,3.13,20.72,30.9,53.7,0,0,western
Jalgaon,2020-11-09,46,2020,11,2.91,12.34,29.8,51.3,0,0,western
Jalgaon,2020-11-16,47,2020,11,2.37,-7.74,29.3,54.4,0,0,western
Jalgaon,2020-11-23,48,2020,11,2.08,-18.51,30.2,52.9,0,0,western
Jalgaon,2020-11-30,49,2020,11,2.38,-7.3,30.4,42.7,0,0,western
Jalgaon,2020-12-07,50,2020,12,0.46,-16.45,28.5,46.9,0,0,western
Jalgaon,2020-12-14,51,2020,12,0.37,-29.84,30.6,54.9,0,0,western
Jalgaon,2020-12-21,52,2020,12,0.49,-12.9,27.4,51.6,0,0,western
Jalgaon,2020-12-28,53,2020,12,0.93,53.28,28.1,51.3,0,0,western
Jalgaon,2021-01-04,1,2021,1,0.46,-31.48,24.8,50.9,0,0,western
Jalgaon,2021-01-11,2,2021,1,0.95,28.27,28.6,49.7,0,0,western
Jalgaon,2021-01-18,3,2021,1,0.86,17.11,26.4,51.0,0,0,western
Jalgaon,2021-01-25,4,2021,1,1.01,35.7,27.4,60.8,0,0,western
Jalgaon,2021-02-01,5,2021,2,0.18,-47.49,21.6,50.3,0,0,western
Jalgaon,2021-02-08,6,2021,2,0.58,27.65,22.5,50.3,0,0,western
Jalgaon,2021-02-15,7,2021,2,0.59,30.88,20.9,46.4,0,0,western
Jalgaon,2021-02-22,8,2021,2,0.67,45.88,22.3,60.4,0,0,western
Jalgaon,2021-03-01,9,2021,3,0.76,27.88,22.0,58.6,0,0,western
Jalgaon,2021-03-08,10,2021,3,0.65,10.95,18.2,54.3,0,0,western
Jalgaon,2021-03-15,11,2021,3,0.65,12.12,19.8,50.4,0,0,western
Jalgaon,2021-03-22,12,2021,3,0.45,-18.0,20.6,48.3,0,0,western
Jalgaon,2021-03-29,13,2021,3,0.54,-5.07,19.7,57.4,0,0,western
Jalgaon,2021-04-05,14,2021,4,1.03,17.82,21.9,28.6,0,0,western
Jalgaon,2021-04-12,15,2021,4,1.45,61.58,24.1,19.0,0,0,western
Jalgaon,2021-04-19,16,2021,4,1.13,28.07,24.6,28.7,0,0,western
Jalgaon,2021-04-26,17,2021,4,0.6,-27.48,21.2,23.5,0,0,western
Jalgaon,2021-05-03,18,2021,5,1.29,-23.29,24.6,20.9,0,0,western
Jalgaon,2021-05-10,19,2021,5,1.99,15.19,25.4,27.2,0,0,western
Jalgaon,2021-05-17,20,2021,5,2.47,41.45,24.5,36.1,0,0,western
Jalgaon,2021-05-24,21,2021,5,2.66,52.05,23.7,29.6,0,0,western
Jalgaon,2021-05-31,22,2021,5,1.8,4.34,26.2,29.9,0,0,western
Jalgaon,2021-06-07,23,2021,6,21.37,5.08,28.1,74.8,1,0,western
Jalgaon,2021-06-14,24,2021,6,27.06,32.9,28.3,79.6,1,0,western
Jalgaon,2021-06-21,25,2021,6,23.1,13.55,26.4,77.3,1,0,western
Jalgaon,2021-06-28,26,2021,6,29.32,44.0,29.7,69.1,1,0,western
Jalgaon,2021-07-05,27,2021,7,50.42,23.5,31.7,75.2,1,0,western
Jalgaon,2021-07-12,28,2021,7,68.17,66.88,27.8,73.2,1,0,western
Jalgaon,2021-07-19,29,2021,7,32.85,-19.46,30.4,76.1,1,0,western
Jalgaon,2021-07-26,30,2021,7,67.02,64.06,31.5,75.6,1,0,western
Jalgaon,2021-08-02,31,2021,8,55.56,48.54,30.5,82.2,1,0,western
Jalgaon,2021-08-09,32,2021,8,21.85,-41.42,34.8,80.7,1,0,western
Jalgaon,2021-08-16,33,2021,8,68.92,84.18,32.5,74.0,1,0,western
Jalgaon,2021-08-23,34,2021,8,4.52,-87.68,30.7,81.3,1,0,western
Jalgaon,2021-08-30,35,2021,8,25.12,-32.69,33.9,77.0,1,0,western
Jalgaon,2021-09-06,36,2021,9,57.91,103.89,31.3,80.9,1,0,western
Jalgaon,2021-09-13,37,2021,9,40.57,42.95,30.1,80.0,1,0,western
Jalgaon,2021-09-20,38,2021,9,40.69,43.36,32.9,84.3,1,0,western
Jalgaon,2021-09-27,39,2021,9,19.55,-30.92,32.6,71.9,1,0,western
Jalgaon,2021-10-04,40,2021,10,7.83,-11.65,30.3,53.1,0,0,western
Jalgaon,2021-10-11,41,2021,10,13.12,47.23,31.2,51.8,0,0,western
Jalgaon,2021-10-18,42,2021,10,6.12,-30.77,32.0,49.5,0,0,western
Jalgaon,2021-10-25,43,2021,10,7.67,-13.49,28.6,46.8,0,0,western
Jalgaon,2021-11-01,44,2021,11,2.96,14.23,31.1,46.8,0,0,western
Jalgaon,2021-11-08,45,2021,11,2.88,11.42,32.2,57.8,0,0,western
Jalgaon,2021-11-15,46,2021,11,2.71,4.8,29.8,61.2,0,0,western
Jalgaon,2021-11-22,47,2021,11,3.34,28.65,30.0,51.5,0,0,western
Jalgaon,2021-11-29,48,2021,11,2.38,-7.53,28.7,50.4,0,0,western
Jalgaon,2021-12-06,49,2021,12,0.95,56.65,28.2,50.8,0,0,western
Jalgaon,2021-12-13,50,2021,12,0.83,38.58,28.6,44.4,0,0,western
Jalgaon,2021-12-20,51,2021,12,0.77,30.06,26.3,58.1,0,0,western
Jalgaon,2021-12-27,52,2021,12,0.81,35.83,29.0,62.5,0,0,western
Jalgaon,2022-01-03,1,2022,1,0.5,-26.94,26.8,53.0,0,0,western
Jalgaon,2022-01-10,2,2022,1,0.91,24.14,25.5,54.6,0,0,western
Jalgaon,2022-01-17,3,2022,1,0.75,4.15,27.2,53.4,0,0,western
Jalgaon,2022-01-24,4,2022,1,1.01,36.3,25.2,49.6,0,0,western
Jalgaon,2022-01-31,5,2022,1,0.49,-27.5,27.5,61.0,0,0,western
Jalgaon,2022-02-07,6,2022,2,0.35,-15.38,23.4,58.8,0,0,western
Jalgaon,2022-02-14,7,2022,2,0.49,10.49,23.3,47.9,0,0,western
Jalgaon,2022-02-21,8,2022,2,0.48,9.47,21.9,59.5,0,0,western
Jalgaon,2022-02-28,9,2022,2,0.12,-58.22,21.6,53.1,0,0,western
Jalgaon,2022-03-07,10,2022,3,0.35,-32.92,17.7,65.0,0,0,western
Jalgaon,2022-03-14,11,2022,3,0.74,24.58,19.7,54.5,0,0,western
Jalgaon,2022-03-21,12,2022,3,0.7,19.38,19.2,50.5,0,0,western
Jalgaon,2022-03-28,13,2022,3,0.56,-1.24,19.5,49.8,0,0,western
Jalgaon,2022-04-04,14,2022,4,1.17,32.23,22.9,32.7,0,0,western
Jalgaon,2022-04-11,15,2022,4,0.7,-17.09,23.6,18.1,0,0,western
Jalgaon,2022-04-18,16,2022,4,1.08,22.81,24.1,22.2,0,0,western
Jalgaon,2022-04-25,17,2022,4,1.0,15.05,24.0,26.6,0,0,western
Jalgaon,2022-05-02,18,2022,5,2.39,36.68,25.2,29.4,0,0,western
Jalgaon,2022-05-09,19,2022,5,1.89,9.55,26.2,33.5,0,0,western
Jalgaon,2022-05-16,20,2022,5,1.91,10.65,25.5,36.8,0,0,western
Jalgaon,2022-05-23,21,2022,5,2.88,63.89,28.4,33.9,0,0,western
Jalgaon,2022-05-30,22,2022,5,2.29,31.65,27.6,25.1,0,0,western
Jalgaon,2022-06-06,23,2022,6,16.27,-19.88,26.7,74.5,1,0,western
Jalgaon,2022-06-13,24,2022,6,20.45,0.57,26.7,78.1,1,0,western
Jalgaon,2022-06-20,25,2022,6,14.99,-26.16,25.9,65.2,1,0,western
Jalgaon,2022-06-27,26,2022,6,13.48,-33.53,27.8,84.0,1,0,western
Jalgaon,2022-07-04,27,2022,7,28.01,-31.29,33.1,81.5,1,0,western
Jalgaon,2022-07-11,28,2022,7,43.26,5.99,29.4,76.1,1,0,western
Jalgaon,2022-07-18,29,2022,7,30.35,-25.56,30.0,75.3,1,0,western
Jalgaon,2022-07-25,30,2022,7,53.49,31.0,28.8,79.4,1,0,western
Jalgaon,2022-08-01,31,2022,8,38.32,2.54,31.1,66.4,1,0,western
Jalgaon,2022-08-08,32,2022,8,33.51,-10.32,31.5,80.0,1,0,western
Jalgaon,2022-08-15,33,2022,8,46.56,24.51,32.6,77.5,1,0,western
Jalgaon,2022-08-22,34,2022,8,39.51,5.71,31.3,80.8,1,0,western
Jalgaon,2022-08-29,35,2022,8,39.94,6.85,32.5,82.7,1,0,western
Jalgaon,2022-09-05,36,2022,9,38.87,36.98,31.5,68.7,1,0,western
Jalgaon,2022-09-12,37,2022,9,32.12,13.23,32.3,68.1,1,0,western
Jalgaon,2022-09-19,38,2022,9,44.98,58.43,32.6,85.2,1,0,western
Jalgaon,2022-09-26,39,2022,9,32.06,13.04,32.3,79.9,1,0,western
Jalgaon,2022-10-03,40,2022,10,8.14,-8.23,30.2,45.6,0,0,western
Jalgaon,2022-10-10,41,2022,10,16.67,86.77,31.4,46.1,0,0,western
Jalgaon,2022-10-17,42,2022,10,15.13,69.61,33.2,57.6,0,0,western
Jalgaon,2022-10-24,43,2022,10,3.13,-64.01,33.2,44.6,0,0,western
Jalgaon,2022-10-31,44,2022,10,9.13,2.81,31.4,54.7,0,0,western
Jalgaon,2022-11-07,45,2022,11,2.94,13.37,29.8,60.6,0,0,western
Jalgaon,2022-11-14,46,2022,11,4.33,65.29,30.8,51.3,0,0,western
Jalgaon,2022-11-21,47,2022,11,4.15,58.7,31.7,45.6,0,0,western
Jalgaon,2022-11-28,48,2022,11,4.79,82.75,29.2,49.7,0,0,western
Jalgaon,2022-12-05,49,2022,12,0.32,-37.42,27.9,57.9,0,0,western
Jalgaon,2022-12-12,50,2022,12,0.62,7.72,28.7,48.0,0,0,western
Jalgaon,2022-12-19,51,2022,12,0.76,27.79,26.2,50.3,0,0,western
Jalgaon,2022-12-26,52,2022,12,0.59,2.46,28.1,53.3,0,0,western
Jalgaon,2023-01-02,1,2023,1,0.46,-30.84,27.1,46.6,0,0,western
Jalgaon,2023-01-09,2,2023,1,1.32,74.55,26.4,55.1,0,0,western
Jalgaon,2023-01-16,3,2023,1,0.68,-4.88,25.4,58.6,0,0,western
Jalgaon,2023-01-23,4,2023,1,0.49,-27.85,26.0,52.1,0,0,western
Jalgaon,2023-01-30,5,2023,1,0.96,29.78,26.3,54.3,0,0,western
Jalgaon,2023-02-06,6,2023,2,0.42,-1.33,26.2,52.1,0,0,western
Jalgaon,2023-02-13,7,2023,2,0.66,44.15,24.4,38.8,0,0,western
Jalgaon,2023-02-20,8,2023,2,0.27,-29.82,22.1,49.5,0,0,western
Jalgaon,2023-02-27,9,2023,2,0.55,22.35,23.5,48.0,0,0,western
Jalgaon,2023-03-06,10,2023,3,0.27,-45.22,21.9,56.4,0,0,western
Jalgaon,2023-03-13,11,2023,3,0.81,35.06,20.6,55.1,0,0,western
Jalgaon,2023-03-20,12,2023,3,0.37,-29.53,18.1,55.2,0,0,western
Jalgaon,2023-03-27,13,2023,3,0.24,-49.29,20.5,55.9,0,0,western
Jalgaon,2023-04-03,14,2023,4,1.54,71.04,22.7,22.5,0,0,western
Jalgaon,2023-04-10,15,2023,4,1.33,49.1,22.8,19.5,0,0,western
Jalgaon,2023-04-17,16,2023,4,0.08,-81.35,23.8,32.0,0,0,western
Jalgaon,2023-04-24,17,2023,4,1.01,15.81,23.1,28.1,0,0,western
Jalgaon,2023-05-01,18,2023,5,1.92,10.98,24.1,26.2,0,0,western
Jalgaon,2023-05-08,19,2023,5,1.95,12.9,27.2,24.1,0,0,western
Jalgaon,2023-05-15,20,2023,5,1.77,2.71,26.6,24.6,0,0,western
Jalgaon,2023-05-22,21,2023,5,1.61,-5.84,24.2,34.7,0,0,western
Jalgaon,2023-05-29,22,2023,5,2.32,33.0,27.0,25.3,0,0,western
Jalgaon,2023-06-05,23,2023,6,37.03,81.72,28.9,81.2,1,0,western
Jalgaon,2023-06-12,24,2023,6,26.25,28.96,28.7,78.7,1,0,western
Jalgaon,2023-06-19,25,2023,6,18.46,-9.18,28.9,79.6,1,0,western
Jalgaon,2023-06-26,26,2023,6,21.5,5.7,28.1,78.4,1,0,western
Jalgaon,2023-07-03,27,2023,7,34.23,-16.09,30.6,83.0,1,0,western
Jalgaon,2023-07-10,28,2023,7,29.95,-26.55,31.8,74.3,1,0,western
Jalgaon,2023-07-17,29,2023,7,47.36,16.01,31.5,76.6,1,0,western
Jalgaon,2023-07-24,30,2023,7,56.0,37.14,29.3,80.4,1,0,western
Jalgaon,2023-07-31,31,2023,7,58.65,43.62,29.7,78.7,1,0,western
Jalgaon,2023-08-07,32,2023,8,47.49,27.01,31.3,75.0,1,0,western
Jalgaon,2023-08-14,33,2023,8,40.07,7.2,31.5,78.2,1,0,western
Jalgaon,2023-08-21,34,2023,8,47.95,28.24,31.8,76.2,1,0,western
Jalgaon,2023-08-28,35,2023,8,38.92,4.13,32.3,79.2,1,0,western
Jalgaon,2023-09-04,36,2023,9,35.28,24.35,31.7,72.7,1,0,western
Jalgaon,2023-09-11,37,2023,9,31.72,11.83,32.1,74.4,1,0,western
Jalgaon,2023-09-18,38,2023,9,62.52,120.09,33.2,77.8,1,0,western
Jalgaon,2023-09-25,39,2023,9,38.71,36.39,32.1,77.2,1,0,western
Jalgaon,2023-10-02,40,2023,10,15.8,77.14,31.9,47.0,0,0,western
Jalgaon,2023-10-09,41,2023,10,11.25,26.43,31.7,51.7,0,0,western
Jalgaon,2023-10-16,42,2023,10,11.66,30.97,31.3,42.6,0,0,western
Jalgaon,2023-10-23,43,2023,10,12.18,36.79,31.0,51.2,0,0,western
Jalgaon,2023-10-30,44,2023,10,9.92,11.59,32.3,55.2,0,0,western
Jalgaon,2023-11-06,45,2023,11,2.48,-3.55,31.1,48.3,0,0,western
Jalgaon,2023-11-13,46,2023,11,4.44,69.68,29.0,54.9,0,0,western
Jalgaon,2023-11-20,47,2023,11,3.2,23.08,31.3,50.1,0,0,western
Jalgaon,2023-11-27,48,2023,11,4.43,69.38,30.0,57.2,0,0,western
Jalgaon,2023-12-04,49,2023,12,0.24,-49.99,28.3,58.3,0,0,western
Jalgaon,2023-12-11,50,2023,12,0.72,22.41,31.8,62.2,0,0,western
Jalgaon,2023-12-18,51,2023,12,0.4,-25.82,32.2,56.3,0,0,western
Jalgaon,2023-12-25,52,2023,12,0.78,30.6,26.7,57.1,0,0,western
Ahmednagar,2019-01-07,2,2019,1,0.93,44.57,25.5,59.6,0,0,western
Ahmednagar,2019-01-14,3,2019,1,0.4,-29.29,26.1,59.3,0,0,western
Ahmednagar,2019-01-21,4,2019,1,0.54,-9.7,25.6,49.1,0,0,western
Ahmednagar,2019-01-28,5,2019,1,0.61,-0.22,25.9,50.2,0,0,western
Ahmednagar,2019-02-04,6,2019,2,0.74,79.76,22.4,50.9,0,0,western
Ahmednagar,2019-02-11,7,2019,2,0.3,-15.14,21.5,54.4,0,0,western
Ahmednagar,2019-02-18,8,2019,2,0.61,52.1,25.5,55.7,0,0,western
Ahmednagar,2019-02-25,9,2019,2,0.41,9.94,24.8,51.6,0,0,western
Ahmednagar,2019-03-04,10,2019,3,0.77,48.3,19.2,60.3,0,0,western
Ahmednagar,2019-03-11,11,2019,3,0.53,6.26,21.6,60.9,0,0,western
Ahmednagar,2019-03-18,12,2019,3,0.59,16.48,20.1,58.9,0,0,western
Ahmednagar,2019-03-25,13,2019,3,0.68,32.0,21.6,56.2,0,0,western
Ahmednagar,2019-04-01,14,2019,4,0.92,22.07,24.1,29.0,0,0,western
Ahmednagar,2019-04-08,15,2019,4,0.55,-22.02,23.6,25.7,0,0,western
Ahmednagar,2019-04-15,16,2019,4,0.62,-13.93,22.8,22.2,0,0,western
Ahmednagar,2019-04-22,17,2019,4,0.03,-84.98,24.0,25.2,0,0,western
Ahmednagar,2019-04-29,18,2019,4,0.9,19.33,22.9,33.1,0,0,western
Ahmednagar,2019-05-06,19,2019,5,1.4,-4.09,24.5,32.3,0,0,western
Ahmednagar,2019-05-13,20,2019,5,0.42,-66.63,26.3,29.0,0,0,western
Ahmednagar,2019-05-20,21,2019,5,1.98,32.44,28.9,26.1,0,0,western
Ahmednagar,2019-05-27,22,2019,5,1.89,26.63,26.8,28.5,0,0,western
Ahmednagar,2019-06-03,23,2019,6,14.45,-16.77,26.6,74.5,1,0,western
Ahmednagar,2019-06-10,24,2019,6,11.06,-36.18,27.0,78.3,1,0,western
Ahmednagar,2019-06-17,25,2019,6,11.5,-33.62,29.2,72.4,1,0,western
Ahmednagar,2019-06-24,26,2019,6,24.5,40.7,27.3,81.5,1,0,western
Ahmednagar,2019-07-01,27,2019,7,41.49,18.88,31.1,75.9,1,0,western
Ahmednagar,2019-07-08,28,2019,7,33.12,-5.04,32.5,73.0,1,0,western
Ahmednagar,2019-07-15,29,2019,7,29.3,-15.97,28.0,74.4,1,0,western
Ahmednagar,2019-07-22,30,2019,7,21.03,-39.6,32.4,81.4,1,0,western
Ahmednagar,2019-07-29,31,2019,7,31.44,-9.84,31.4,64.0,1,0,western
Ahmednagar,2019-08-05,32,2019,8,23.45,-26.52,32.5,72.2,1,0,western
Ahmednagar,2019-08-12,33,2019,8,28.52,-10.7,32.7,79.9,1,0,western
Ahmednagar,2019-08-19,34,2019,8,21.96,-31.15,31.2,74.9,1,0,western
Ahmednagar,2019-08-26,35,2019,8,28.03,-12.21,30.9,84.1,1,0,western
Ahmednagar,2019-09-02,36,2019,9,20.36,-15.93,33.4,82.3,1,0,western
Ahmednagar,2019-09-09,37,2019,9,35.31,45.51,32.6,80.7,1,0,western
Ahmednagar,2019-09-16,38,2019,9,28.93,19.31,31.4,85.9,1,0,western
Ahmednagar,2019-09-23,39,2019,9,23.65,-2.4,31.9,81.3,1,0,western
Ahmednagar,2019-09-30,40,2019,9,31.1,28.21,30.5,77.1,1,0,western
Ahmednagar,2019-10-07,41,2019,10,7.98,5.06,33.2,54.4,0,0,western
Ahmednagar,2019-10-14,42,2019,10,13.19,72.81,31.5,51.7,0,0,western
Ahmednagar,2019-10-21,43,2019,10,8.28,9.01,32.1,65.7,0,0,western
Ahmednagar,2019-10-28,44,2019,10,8.78,15.47,30.5,53.6,0,0,western
Ahmednagar,2019-11-04,45,2019,11,1.95,-10.96,29.7,53.0,0,0,western
Ahmednagar,2019-11-11,46,2019,11,3.87,72.44,30.0,53.5,0,0,western
Ahmednagar,2019-11-18,47,2019,11,2.45,10.8,31.2,40.6,0,0,western
Ahmednagar,2019-11-25,48,2019,11,2.25,2.02,30.2,53.3,0,0,western
Ahmednagar,2019-12-02,49,2019,12,0.68,32.33,30.1,52.5,0,0,western
Ahmednagar,2019-12-09,50,2019,12,0.81,54.63,29.5,57.7,0,0,western
Ahmednagar,2019-12-16,51,2019,12,0.62,22.36,28.9,58.9,0,0,western
Ahmednagar,2019-12-23,52,2019,12,0.62,22.85,29.1,47.4,0,0,western
Ahmednagar,2019-12-30,1,2019,12,0.55,10.19,28.1,56.8,0,0,western
Ahmednagar,2020-01-06,2,2020,1,0.66,6.89,26.8,50.9,0,0,western
Ahmednagar,2020-01-13,3,2020,1,0.46,-21.8,26.4,58.1,0,0,western
Ahmednagar,2020-01-20,4,2020,1,0.35,-36.76,25.4,61.9,0,0,western
Ahmednagar,2020-01-27,5,2020,1,0.32,-40.52,27.4,43.6,0,0,western
Ahmednagar,2020-02-03,6,2020,2,0.25,-25.06,24.1,49.5,0,0,western
Ahmednagar,2020-02-10,7,2020,2,0.28,-18.52,21.1,47.4,0,0,western
Ahmednagar,2020-02-17,8,2020,2,0.13,-51.18,21.6,55.6,0,0,western
Ahmednagar,2020-02-24,9,2020,2,0.16,-44.3,23.5,51.4,0,0,western
Ahmednagar,2020-03-02,10,2020,3,0.25,-40.86,18.6,54.9,0,0,western
Ahmednagar,2020-03-09,11,2020,3,0.55,10.01,21.4,51.2,0,0,western
Ahmednagar,2020-03-16,12,2020,3,0.36,-22.83,17.8,51.9,0,0,western
Ahmednagar,2020-03-23,13,2020,3,0.2,-49.67,19.3,50.3,0,0,western
Ahmednagar,2020-03-30,14,2020,3,0.26,-38.99,21.7,64.4,0,0,western
Ahmednagar,2020-04-06,15,2020,4,1.03,35.31,24.8,30.4,0,0,western
Ahmednagar,2020-04-13,16,2020,4,0.9,19.78,24.1,25.9,0,0,western
Ahmednagar,2020-04-20,17,2020,4,0.97,28.08,22.4,33.9,0,0,western
Ahmednagar,2020-04-27,18,2020,4,0.88,17.02,22.9,22.3,0,0,western
Ahmednagar,2020-05-04,19,2020,5,1.72,16.07,24.9,30.2,0,0,western
Ahmednagar,2020-05-11,20,2020,5,1.48,0.97,26.2,29.3,0,0,western
Ahmednagar,2020-05-18,21,2020,5,1.18,-18.72,25.0,30.7,0,0,western
Ahmednagar,2020-05-25,22,2020,5,2.34,55.26,27.2,31.5,0,0,western
Ahmednagar,2020-06-01,23,2020,6,12.69,-26.86,31.8,80.8,1,0,western
Ahmednagar,2020-06-08,24,2020,6,17.41,0.17,29.4,73.0,1,0,western
Ahmednagar,2020-06-15,25,2020,6,16.93,-2.6,29.5,78.4,1,0,western
Ahmednagar,2020-06-22,26,2020,6,6.13,-64.34,29.4,76.8,1,0,western
Ahmednagar,2020-06-29,27,2020,6,23.01,32.2,28.4,73.9,1,0,western
Ahmednagar,2020-07-06,28,2020,7,33.41,-4.2,30.5,82.8,1,0,western
Ahmednagar,2020-07-13,29,2020,7,36.73,5.27,29.5,80.8,1,0,western
Ahmednagar,2020-07-20,30,2020,7,42.24,21.03,29.4,79.0,1,0,western
Ahmednagar,2020-07-27,31,2020,7,18.01,-48.24,32.1,83.1,1,0,western
Ahmednagar,2020-08-03,32,2020,8,23.6,-26.06,31.0,77.8,1,0,western
Ahmednagar,2020-08-10,33,2020,8,27.89,-12.66,31.3,77.8,1,0,western
Ahmednagar,2020-08-17,34,2020,8,16.56,-48.02,30.3,72.8,1,0,western
Ahmednagar,2020-08-24,35,2020,8,30.78,-3.65,32.9,88.9,1,0,western
Ahmednagar,2020-08-31,36,2020,8,46.31,44.81,30.6,84.0,1,0,western
Ahmednagar,2020-09-07,37,2020,9,22.86,-5.65,32.7,86.1,1,0,western
Ahmednagar,2020-09-14,38,2020,9,32.47,33.85,31.3,76.5,1,0,western
Ahmednagar,2020-09-21,39,2020,9,20.86,-13.87,32.2,80.1,1,0,western
Ahmednagar,2020-09-28,40,2020,9,34.49,42.12,31.9,76.2,1,0,western
Ahmednagar,2020-10-05,41,2020,10,7.22,-4.74,30.9,59.7,0,0,western
Ahmednagar,2020-10-12,42,2020,10,3.79,-49.46,29.1,47.7,0,0,western
Ahmednagar,2020-10-19,43,2020,10,1.24,-82.63,32.0,45.7,0,0,western
Ahmednagar,2020-10-26,44,2020,10,12.3,61.24,31.8,50.5,0,0,western
Ahmednagar,2020-11-02,45,2020,11,1.03,-51.04,30.6,60.8,0,0,western
Ahmednagar,2020-11-09,46,2020,11,0.49,-74.3,31.4,47.8,0,0,western
Ahmednagar,2020-11-16,47,2020,11,2.84,27.75,29.5,59.6,0,0,western
Ahmednagar,2020-11-23,48,2020,11,2.42,9.38,29.2,47.3,0,0,western
Ahmednagar,2020-11-30,49,2020,11,1.79,-17.88,29.1,44.0,0,0,western
Ahmednagar,2020-12-07,50,2020,12,0.65,26.66,26.2,60.1,0,0,western
Ahmednagar,2020-12-14,51,2020,12,0.36,-21.48,29.0,63.5,0,0,western
Ahmednagar,2020-12-21,52,2020,12,0.55,10.73,27.7,60.9,0,0,western
Ahmednagar,2020-12-28,53,2020,12,0.12,-62.77,28.8,58.4,0,0,western
Ahmednagar,2021-01-04,1,2021,1,0.66,6.53,24.7,45.8,0,0,western
Ahmednagar,2021-01-11,2,2021,1,0.74,17.66,23.6,42.4,0,0,western
Ahmednagar,2021-01-18,3,2021,1,0.62,1.15,25.5,53.6,0,0,western
Ahmednagar,2021-01-25,4,2021,1,0.69,10.77,25.2,58.3,0,0,western
Ahmednagar,2021-02-01,5,2021,2,0.5,28.62,25.3,51.9,0,0,western
Ahmednagar,2021-02-08,6,2021,2,0.24,-26.38,22.3,46.0,0,0,western
Ahmednagar,2021-02-15,7,2021,2,0.47,22.51,23.3,45.9,0,0,western
Ahmednagar,2021-02-22,8,2021,2,0.43,12.55,23.6,47.0,0,0,western
Ahmednagar,2021-03-01,9,2021,3,1.16,113.76,19.4,51.0,0,0,western
Ahmednagar,2021-03-08,10,2021,3,0.49,0.14,18.3,48.1,0,0,western
Ahmednagar,2021-03-15,11,2021,3,0.51,3.88,20.5,52.5,0,0,western
Ahmednagar,2021-03-22,12,2021,3,0.4,-15.35,20.5,52.4,0,0,western
Ahmednagar,2021-03-29,13,2021,3,0.82,55.37,22.4,55.3,0,0,western
Ahmednagar,2021-04-05,14,2021,4,1.09,42.44,22.2,27.3,0,0,western
Ahmednagar,2021-04-12,15,2021,4,0.27,-55.43,22.5,30.5,0,0,western
Ahmednagar,2021-04-19,16,2021,4,1.32,70.54,22.8,26.6,0,0,western
Ahmednagar,2021-04-26,17,2021,4,0.8,7.97,22.0,23.2,0,0,western
Ahmednagar,2021-05-03,18,2021,5,1.37,-6.35,27.5,27.0,0,0,western
Ahmednagar,2021-05-10,19,2021,5,1.24,-14.74,24.8,18.3,0,0,western
Ahmednagar,2021-05-17,20,2021,5,1.64,10.67,25.2,28.8,0,0,western
Ahmednagar,2021-05-24,21,2021,5,2.2,46.86,25.0,26.9,0,0,western
Ahmednagar,2021-05-31,22,2021,5,2.36,56.84,25.2,21.8,0,0,western
Ahmednagar,2021-06-07,23,2021,6,24.12,38.53,29.9,83.4,1,0,western
Ahmednagar,2021-06-14,24,2021,6,17.26,-0.69,27.2,76.7,1,0,western
Ahmednagar,2021-06-21,25,2021,6,21.71,24.77,28.5,75.1,1,0,western
Ahmednagar,2021-06-28,26,2021,6,28.69,64.7,30.1,71.2,1,0,western
Ahmednagar,2021-07-05,27,2021,7,31.55,-9.54,30.1,77.4,1,0,western
Ahmednagar,2021-07-12,28,2021,7,49.17,40.83,29.9,76.9,1,0,western
Ahmednagar,2021-07-19,29,2021,7,14.49,-58.28,31.8,69.0,1,0,western
Ahmednagar,2021-07-26,30,2021,7,21.4,-38.54,28.5,73.6,1,0,western
Ahmednagar,2021-08-02,31,2021,8,50.95,59.3,32.8,75.3,1,0,western
Ahmednagar,2021-08-09,32,2021,8,22.64,-29.04,32.0,76.3,1,0,western
Ahmednagar,2021-08-16,33,2021,8,48.98,53.15,30.1,76.4,1,0,western
Ahmednagar,2021-08-23,34,2021,8,47.52,48.6,32.7,85.0,1,0,western
Ahmednagar,2021-08-30,35,2021,8,55.46,73.37,31.4,82.7,1,0,western
Ahmednagar,2021-09-06,36,2021,9,38.51,58.68,30.5,81.0,1,0,western
Ahmednagar,2021-09-13,37,2021,9,28.17,16.15,32.8,80.4,1,0,western
Ahmednagar,2021-09-20,38,2021,9,39.02,60.76,32.8,76.5,1,0,western
Ahmednagar,2021-09-27,39,2021,9,31.74,30.85,31.0,84.4,1,0,western
Ahmednagar,2021-10-04,40,2021,10,11.81,54.91,30.1,53.7,0,0,western
Ahmednagar,2021-10-11,41,2021,10,13.42,75.8,32.5,54.3,0,0,western
Ahmednagar,2021-10-18,42,2021,10,11.14,46.18,31.8,48.3,0,0,western
Ahmednagar,2021-10-25,43,2021,10,8.35,9.87,30.8,54.0,0,0,western
Ahmednagar,2021-11-01,44,2021,11,3.71,65.61,31.7,46.3,0,0,western
Ahmednagar,2021-11-08,45,2021,11,2.07,-5.72,29.7,53.0,0,0,western
Ahmednagar,2021-11-15,46,2021,11,2.05,-6.79,31.4,45.6,0,0,western
Ahmednagar,2021-11-22,47,2021,11,3.34,49.49,31.1,45.6,0,0,western
Ahmednagar,2021-11-29,48,2021,11,2.66,19.62,29.8,46.6,0,0,western
Ahmednagar,2021-12-06,49,2021,12,0.72,39.15,28.8,48.2,0,0,western
Ahmednagar,2021-12-13,50,2021,12,0.9,69.99,28.2,47.7,0,0,western
Ahmednagar,2021-12-20,51,2021,12,0.63,24.59,30.4,46.4,0,0,western
Ahmednagar,2021-12-27,52,2021,12,0.63,23.46,28.2,53.6,0,0,western
Ahmednagar,2022-01-03,1,2022,1,0.46,-20.68,26.5,53.7,0,0,western
Ahmednagar,2022-01-10,2,2022,1,0.84,31.67,26.5,56.6,0,0,western
Ahmednagar,2022-01-17,3,2022,1,0.75,19.27,27.1,55.8,0,0,western
Ahmednagar,2022-01-24,4,2022,1,0.76,21.31,26.7,53.7,0,0,western
Ahmednagar,2022-01-31,5,2022,1,0.52,-13.28,26.1,49.3,0,0,western
Ahmednagar,2022-02-07,6,2022,2,0.46,20.63,20.3,50.4,0,0,western
Ahmednagar,2022-02-14,7,2022,2,0.24,-27.25,23.1,47.5,0,0,western
Ahmednagar,2022-02-21,8,2022,2,0.62,53.42,21.7,49.9,0,0,western
Ahmednagar,2022-02-28,9,2022,2,0.59,48.35,24.5,57.6,0,0,western
Ahmednagar,2022-03-07,10,2022,3,0.25,-40.62,19.7,47.1,0,0,western
Ahmednagar,2022-03-14,11,2022,3,0.6,19.26,20.8,58.2,0,0,western
Ahmednagar,2022-03-21,12,2022,3,0.54,8.24,19.3,48.6,0,0,western
Ahmednagar,2022-03-28,13,2022,3,0.53,6.83,20.5,55.6,0,0,western
Ahmednagar,2022-04-04,14,2022,4,0.86,15.1,21.7,28.7,0,0,western
Ahmednagar,2022-04-11,15,2022,4,0.88,17.94,20.2,29.0,0,0,western
Ahmednagar,2022-04-18,16,2022,4,0.79,6.73,24.0,24.2,0,0,western
Ahmednagar,2022-04-25,17,2022,4,0.77,4.33,22.7,28.7,0,0,western
Ahmednagar,2022-05-02,18,2022,5,1.13,-21.61,27.0,20.7,0,0,western
Ahmednagar,2022-05-09,19,2022,5,1.81,21.94,29.1,27.0,0,0,western
Ahmednagar,2022-05-16,20,2022,5,2.19,46.02,25.5,35.7,0,0,western
Ahmednagar,2022-05-23,21,2022,5,1.49,1.4,26.1,28.5,0,0,western
Ahmednagar,2022-05-30,22,2022,5,0.95,-32.76,26.7,27.7,0,0,western
Ahmednagar,2022-06-06,23,2022,6,17.78,2.27,26.1,86.3,1,0,western
Ahmednagar,2022-06-13,24,2022,6,32.64,87.27,25.4,78.6,1,0,western
Ahmednagar,2022-06-20,25,2022,6,19.68,13.18,30.6,74.4,1,0,western
Ahmednagar,2022-06-27,26,2022,6,27.51,57.94,27.5,77.7,1,0,western
Ahmednagar,2022-07-04,27,2022,7,50.43,44.44,31.0,78.2,1,0,western
Ahmednagar,2022-07-11,28,2022,7,41.39,18.61,31.7,77.5,1,0,western
Ahmednagar,2022-07-18,29,2022,7,42.0,20.34,31.9,78.4,1,0,western
Ahmednagar,2022-07-25,30,2022,7,32.15,-7.8,31.3,84.1,1,0,western
Ahmednagar,2022-08-01,31,2022,8,47.97,50.0,32.4,85.9,1,0,western
Ahmednagar,2022-08-08,32,2022,8,36.45,14.05,31.0,71.1,1,0,western
Ahmednagar,2022-08-15,33,2022,8,23.49,-26.4,32.2,80.3,1,0,western
Ahmednagar,2022-08-22,34,2022,8,50.72,58.57,32.4,80.1,1,0,western
Ahmednagar,2022-08-29,35,2022,8,28.22,-11.62,33.0,90.1,1,0,western
Ahmednagar,2022-09-05,36,2022,9,23.48,-3.11,31.1,74.6,1,0,western
Ahmednagar,2022-09-12,37,2022,9,40.14,65.36,32.9,78.4,1,0,western
Ahmednagar,2022-09-19,38,2022,9,31.0,27.79,30.1,86.6,1,0,western
Ahmednagar,2022-09-26,39,2022,9,32.14,32.49,33.0,75.8,1,0,western
Ahmednagar,2022-10-03,40,2022,10,4.99,-33.75,31.8,54.6,0,0,western
Ahmednagar,2022-10-10,41,2022,10,8.65,13.79,32.7,47.7,0,0,western
Ahmednagar,2022-10-17,42,2022,10,5.86,-22.54,30.6,46.5,0,0,western
Ahmednagar,2022-10-24,43,2022,10,7.09,-6.48,31.2,52.8,0,0,western
Ahmednagar,2022-10-31,44,2022,10,10.58,38.88,32.0,44.8,0,0,western
Ahmednagar,2022-11-07,45,2022,11,3.0,34.58,29.1,41.5,0,0,western
Ahmednagar,2022-11-14,46,2022,11,3.01,35.24,31.6,58.8,0,0,western
Ahmednagar,2022-11-21,47,2022,11,2.59,16.75,32.2,43.9,0,0,western
Ahmednagar,2022-11-28,48,2022,11,2.1,-4.45,31.5,52.0,0,0,western
Ahmednagar,2022-12-05,49,2022,12,0.61,21.25,29.1,56.5,0,0,western
Ahmednagar,2022-12-12,50,2022,12,0.86,62.81,29.1,55.1,0,0,western
Ahmednagar,2022-12-19,51,2022,12,0.37,-19.79,28.0,52.8,0,0,western
Ahmednagar,2022-12-26,52,2022,12,0.5,2.13,27.1,57.0,0,0,western
Ahmednagar,2023-01-02,1,2023,1,0.61,0.2,26.0,45.7,0,0,western
Ahmednagar,2023-01-09,2,2023,1,0.86,35.45,25.7,55.0,0,0,western
Ahmednagar,2023-01-16,3,2023,1,0.14,-66.84,25.1,56.3,0,0,western
Ahmednagar,2023-01-23,4,2023,1,0.71,13.66,28.6,53.6,0,0,western
Ahmednagar,2023-01-30,5,2023,1,0.91,42.03,26.8,48.6,0,0,western
Ahmednagar,2023-02-06,6,2023,2,0.4,6.48,23.9,54.2,0,0,western
Ahmednagar,2023-02-13,7,2023,2,0.21,-33.74,24.3,52.8,0,0,western
Ahmednagar,2023-02-20,8,2023,2,0.19,-38.45,22.4,55.4,0,0,western
Ahmednagar,2023-02-27,9,2023,2,0.35,-2.97,22.4,55.7,0,0,western
Ahmednagar,2023-03-06,10,2023,3,0.46,-5.13,20.8,45.9,0,0,western
Ahmednagar,2023-03-13,11,2023,3,0.72,38.23,21.4,52.9,0,0,western
Ahmednagar,2023-03-20,12,2023,3,0.58,15.04,18.7,56.7,0,0,western
Ahmednagar,2023-03-27,13,2023,3,0.6,18.53,21.4,54.8,0,0,western
Ahmednagar,2023-04-03,14,2023,4,1.23,59.5,24.2,32.8,0,0,western
Ahmednagar,2023-04-10,15,2023,4,0.94,24.55,22.7,27.8,0,0,western
Ahmednagar,2023-04-17,16,2023,4,0.76,3.41,23.7,20.4,0,0,western
Ahmednagar,2023-04-24,17,2023,4,0.96,26.44,23.3,28.8,0,0,western
Ahmednagar,2023-05-01,18,2023,5,1.33,-9.02,24.5,24.2,0,0,western
Ahmednagar,2023-05-08,19,2023,5,1.7,14.96,25.9,27.1,0,0,western
Ahmednagar,2023-05-15,20,2023,5,1.73,16.4,24.9,29.0,0,0,western
Ahmednagar,2023-05-22,21,2023,5,0.75,-45.5,27.4,26.3,0,0,western
Ahmednagar,2023-05-29,22,2023,5,2.49,65.4,25.8,30.1,0,0,western
Ahmednagar,2023-06-05,23,2023,6,30.88,77.19,28.9,74.5,1,0,western
Ahmednagar,2023-06-12,24,2023,6,26.34,51.24,28.9,72.3,1,0,western
Ahmednagar,2023-06-19,25,2023,6,12.03,-30.63,27.6,85.6,1,0,western
Ahmednagar,2023-06-26,26,2023,6,21.41,23.07,28.4,84.2,1,0,western
Ahmednagar,2023-07-03,27,2023,7,63.39,81.49,30.5,81.4,1,0,western
Ahmednagar,2023-07-10,28,2023,7,49.67,42.27,31.8,77.5,1,0,western
Ahmednagar,2023-07-17,29,2023,7,56.17,60.83,28.5,79.9,1,0,western
Ahmednagar,2023-07-24,30,2023,7,30.07,-13.76,29.8,85.5,1,0,western
Ahmednagar,2023-07-31,31,2023,7,36.77,5.38,30.4,76.8,1,0,western
Ahmednagar,2023-08-07,32,2023,8,39.11,22.35,32.8,77.4,1,0,western
Ahmednagar,2023-08-14,33,2023,8,48.93,53.0,32.3,71.9,1,0,western
Ahmednagar,2023-08-21,34,2023,8,42.56,33.13,33.1,78.3,1,0,western
Ahmednagar,2023-08-28,35,2023,8,40.63,27.09,32.2,83.5,1,0,western
Ahmednagar,2023-09-04,36,2023,9,41.05,69.09,33.1,78.8,1,0,western
Ahmednagar,2023-09-11,37,2023,9,35.07,44.53,33.1,73.0,1,0,western
Ahmednagar,2023-09-18,38,2023,9,8.63,-64.12,29.9,76.9,1,0,western
Ahmednagar,2023-09-25,39,2023,9,30.7,26.56,30.8,79.8,1,0,western
Ahmednagar,2023-10-02,40,2023,10,9.3,22.21,30.9,55.5,0,0,western
Ahmednagar,2023-10-09,41,2023,10,5.25,-30.45,31.8,59.8,0,0,western
Ahmednagar,2023-10-16,42,2023,10,8.42,10.85,32.5,55.7,0,0,western
Ahmednagar,2023-10-23,43,2023,10,8.0,5.33,29.9,49.0,0,0,western
Ahmednagar,2023-10-30,44,2023,10,9.78,28.53,32.9,43.9,0,0,western
Ahmednagar,2023-11-06,45,2023,11,1.99,-9.33,30.4,47.8,0,0,western
Ahmednagar,2023-11-13,46,2023,11,3.71,65.5,30.2,53.3,0,0,western
Ahmednagar,2023-11-20,47,2023,11,1.96,-10.77,31.3,47.4,0,0,western
Ahmednagar,2023-11-27,48,2023,11,2.95,32.23,32.3,56.1,0,0,western
Ahmednagar,2023-12-04,49,2023,12,0.61,20.54,27.5,48.4,0,0,western
Ahmednagar,2023-12-11,50,2023,12,0.65,27.82,28.7,56.5,0,0,western
Ahmednagar,2023-12-18,51,2023,12,0.57,13.69,29.1,52.5,0,0,western
Ahmednagar,2023-12-25,52,2023,12,0.69,33.77,28.1,44.7,0,0,western
Pune,2019-01-07,2,2019,1,0.98,40.76,25.8,58.8,0,0,western
Pune,2019-01-14,3,2019,1,0.77,13.63,26.0,58.7,0,0,western
Pune,2019-01-21,4,2019,1,0.6,-9.34,25.5,54.2,0,0,western
Pune,2019-01-28,5,2019,1,0.55,-15.37,28.2,50.4,0,0,western
Pune,2019-02-04,6,2019,2,0.42,4.29,24.7,52.3,0,0,western
Pune,2019-02-11,7,2019,2,0.33,-13.56,24.3,56.3,0,0,western
Pune,2019-02-18,8,2019,2,0.29,-21.69,22.3,47.0,0,0,western
Pune,2019-02-25,9,2019,2,0.0,-80.07,25.6,45.0,0,0,western
Pune,2019-03-04,10,2019,3,0.44,-14.31,20.6,53.7,0,0,western
Pune,2019-03-11,11,2019,3,0.72,29.53,20.3,59.6,0,0,western
Pune,2019-03-18,12,2019,3,0.49,-6.96,22.1,50.0,0,0,western
Pune,2019-03-25,13,2019,3,0.36,-27.22,19.5,54.6,0,0,western
Pune,2019-04-01,14,2019,4,1.26,50.08,23.9,22.1,0,0,western
Pune,2019-04-08,15,2019,4,0.66,-16.31,22.4,29.3,0,0,western
Pune,2019-04-15,16,2019,4,1.19,42.56,23.3,19.8,0,0,western
Pune,2019-04-22,17,2019,4,1.28,52.88,22.3,34.3,0,0,western
Pune,2019-04-29,18,2019,4,0.81,0.28,22.9,29.7,0,0,western
Pune,2019-05-06,19,2019,5,2.31,41.11,28.6,26.0,0,0,western
Pune,2019-05-13,20,2019,5,1.71,5.8,24.9,23.8,0,0,western
Pune,2019-05-20,21,2019,5,1.69,4.72,27.2,25.2,0,0,western
Pune,2019-05-27,22,2019,5,2.36,43.83,25.5,33.5,0,0,western
Pune,2019-06-03,23,2019,6,4.88,-73.94,27.7,83.1,1,0,western
Pune,2019-06-10,24,2019,6,24.37,27.97,28.3,79.6,1,0,western
Pune,2019-06-17,25,2019,6,24.35,27.85,28.4,76.5,1,0,western
Pune,2019-06-24,26,2019,6,27.44,44.05,29.5,83.2,1,0,western
Pune,2019-07-01,27,2019,7,70.98,85.71,30.8,88.6,1,0,western
Pune,2019-07-08,28,2019,7,64.29,68.24,32.4,80.5,1,0,western
Pune,2019-07-15,29,2019,7,56.15,46.95,32.4,72.7,1,0,western
Pune,2019-07-22,30,2019,7,42.41,11.06,30.7,84.1,1,0,western
Pune,2019-07-29,31,2019,7,52.53,37.5,31.5,80.6,1,0,western
Pune,2019-08-05,32,2019,8,42.65,21.93,29.7,75.9,1,0,western
Pune,2019-08-12,33,2019,8,50.05,43.05,31.6,70.6,1,0,western
Pune,2019-08-19,34,2019,8,33.15,-5.17,34.0,70.7,1,0,western
Pune,2019-08-26,35,2019,8,11.54,-66.79,33.0,77.4,1,0,western
Pune,2019-09-02,36,2019,9,35.07,32.11,33.1,71.5,1,0,western
Pune,2019-09-09,37,2019,9,38.05,43.32,29.5,79.7,1,0,western
Pune,2019-09-16,38,2019,9,37.21,40.16,32.2,71.5,1,0,western
Pune,2019-09-23,39,2019,9,29.68,11.85,34.0,80.8,1,0,western
Pune,2019-09-30,40,2019,9,24.18,-8.79,32.0,82.8,1,0,western
Pune,2019-10-07,41,2019,10,13.87,66.18,29.5,57.7,0,0,western
Pune,2019-10-14,42,2019,10,12.23,46.66,30.5,54.5,0,0,western
Pune,2019-10-21,43,2019,10,8.57,3.12,30.5,51.3,0,0,western
Pune,2019-10-28,44,2019,10,5.22,-36.68,31.7,49.7,0,0,western
Pune,2019-11-04,45,2019,11,2.47,2.49,30.0,51.1,0,0,western
Pune,2019-11-11,46,2019,11,2.08,-13.23,27.4,61.8,0,0,western
Pune,2019-11-18,47,2019,11,4.16,69.57,31.3,50.0,0,0,western
Pune,2019-11-25,48,2019,11,3.36,37.92,28.3,56.6,0,0,western
Pune,2019-12-02,49,2019,12,0.5,-5.39,26.9,57.8,0,0,western
Pune,2019-12-09,50,2019,12,0.7,25.07,27.9,51.8,0,0,western
Pune,2019-12-16,51,2019,12,0.43,-17.29,29.1,54.4,0,0,western
Pune,2019-12-23,52,2019,12,0.67,21.06,25.9,53.2,0,0,western
Pune,2019-12-30,1,2019,12,0.39,-22.98,29.6,51.7,0,0,western
Pune,2020-01-06,2,2020,1,1.11,57.08,25.3,45.0,0,0,western
Pune,2020-01-13,3,2020,1,0.4,-35.43,26.0,46.6,0,0,western
Pune,2020-01-20,4,2020,1,0.04,-82.23,26.8,62.4,0,0,western
Pune,2020-01-27,5,2020,1,0.92,32.67,25.6,49.1,0,0,western
Pune,2020-02-03,6,2020,2,0.35,-10.28,24.5,49.1,0,0,western
Pune,2020-02-10,7,2020,2,0.33,-14.58,25.8,52.7,0,0,western
Pune,2020-02-17,8,2020,2,0.56,31.01,23.5,51.8,0,0,western
Pune,2020-02-24,9,2020,2,0.35,-9.46,21.4,54.2,0,0,western
Pune,2020-03-02,10,2020,3,0.57,5.67,18.7,57.8,0,0,western
Pune,2020-03-09,11,2020,3,0.5,-6.01,19.7,59.6,0,0,western
Pune,2020-03-16,12,2020,3,0.2,-52.49,20.5,55.3,0,0,western
Pune,2020-03-23,13,2020,3,0.53,-1.1,19.3,63.0,0,0,western
Pune,2020-03-30,14,2020,3,0.61,12.07,18.9,48.8,0,0,western
Pune,2020-04-06,15,2020,4,0.2,-66.42,22.9,38.3,0,0,western
Pune,2020-04-13,16,2020,4,0.32,-53.88,23.5,26.3,0,0,western
Pune,2020-04-20,17,2020,4,0.81,0.19,23.6,28.9,0,0,western
Pune,2020-04-27,18,2020,4,0.31,-54.31,22.1,26.0,0,0,western
Pune,2020-05-04,19,2020,5,1.5,-6.55,27.6,38.8,0,0,western
Pune,2020-05-11,20,2020,5,1.36,-14.25,25.5,28.7,0,0,western
Pune,2020-05-18,21,2020,5,1.59,-1.18,28.2,20.8,0,0,western
Pune,2020-05-25,22,2020,5,1.83,12.97,27.4,23.4,0,0,western
Pune,2020-06-01,23,2020,6,25.59,34.37,27.3,70.6,1,0,western
Pune,2020-06-08,24,2020,6,15.39,-18.99,29.4,68.5,1,0,western
Pune,2020-06-15,25,2020,6,5.37,-71.41,29.8,77.2,1,0,western
Pune,2020-06-22,26,2020,6,19.43,2.16,29.2,70.7,1,0,western
Pune,2020-06-29,27,2020,6,13.05,-31.22,28.4,73.5,1,0,western
Pune,2020-07-06,28,2020,7,28.7,-24.77,31.5,67.7,1,0,western
Pune,2020-07-13,29,2020,7,36.14,-5.32,29.1,76.6,1,0,western
Pune,2020-07-20,30,2020,7,30.58,-19.84,30.5,77.6,1,0,western
Pune,2020-07-27,31,2020,7,38.0,-0.46,31.1,70.2,1,0,western
Pune,2020-08-03,32,2020,8,26.85,-23.14,30.6,69.3,1,0,western
Pune,2020-08-10,33,2020,8,19.06,-45.35,32.8,76.7,1,0,western
Pune,2020-08-17,34,2020,8,37.4,6.96,32.1,73.5,1,0,western
Pune,2020-08-24,35,2020,8,37.7,7.82,30.3,81.6,1,0,western
Pune,2020-08-31,36,2020,8,23.84,-31.73,30.0,78.7,1,0,western
Pune,2020-09-07,37,2020,9,17.05,-35.58,32.8,81.6,1,0,western
Pune,2020-09-14,38,2020,9,0.0,-99.62,36.1,71.6,1,0,western
Pune,2020-09-21,39,2020,9,30.26,14.04,31.5,79.7,1,0,western
Pune,2020-09-28,40,2020,9,17.81,-32.73,33.8,70.8,1,0,western
Pune,2020-10-05,41,2020,10,10.4,24.88,29.3,52.5,0,0,western
Pune,2020-10-12,42,2020,10,3.36,-58.83,32.4,53.7,0,0,western
Pune,2020-10-19,43,2020,10,8.92,7.29,31.3,50.7,0,0,western
Pune,2020-10-26,44,2020,10,7.0,-15.55,30.2,64.9,0,0,western
Pune,2020-11-02,45,2020,11,1.47,-37.33,29.9,53.6,0,0,western
Pune,2020-11-09,46,2020,11,1.77,-25.62,30.7,42.7,0,0,western
Pune,2020-11-16,47,2020,11,2.12,-11.78,29.3,54.0,0,0,western
Pune,2020-11-23,48,2020,11,3.44,40.81,32.7,49.7,0,0,western
Pune,2020-11-30,49,2020,11,0.03,-94.84,30.8,50.1,0,0,western
Pune,2020-12-07,50,2020,12,0.3,-36.93,28.8,53.1,0,0,western
Pune,2020-12-14,51,2020,12,0.61,11.82,27.9,49.0,0,0,western
Pune,2020-12-21,52,2020,12,0.36,-27.83,27.7,55.4,0,0,western
Pune,2020-12-28,53,2020,12,0.33,-32.8,26.8,54.5,0,0,western
Pune,2021-01-04,1,2021,1,0.94,34.5,28.3,64.4,0,0,western
Pune,2021-01-11,2,2021,1,1.19,67.15,26.8,51.9,0,0,western
Pune,2021-01-18,3,2021,1,0.65,-2.29,28.7,54.0,0,0,western
Pune,2021-01-25,4,2021,1,1.17,65.09,25.9,54.6,0,0,western
Pune,2021-02-01,5,2021,2,0.53,24.6,22.3,54.7,0,0,western
Pune,2021-02-08,6,2021,2,0.82,82.46,22.5,50.9,0,0,western
Pune,2021-02-15,7,2021,2,0.24,-32.2,23.8,55.0,0,0,western
Pune,2021-02-22,8,2021,2,0.58,35.07,22.8,50.0,0,0,western
Pune,2021-03-01,9,2021,3,0.7,25.85,20.6,51.9,0,0,western
Pune,2021-03-08,10,2021,3,0.58,6.27,18.1,56.9,0,0,western
Pune,2021-03-15,11,2021,3,0.69,24.2,18.3,55.1,0,0,western
Pune,2021-03-22,12,2021,3,0.79,39.78,19.4,46.8,0,0,western
Pune,2021-03-29,13,2021,3,0.86,51.08,19.4,40.2,0,0,western
Pune,2021-04-05,14,2021,4,0.98,19.15,23.3,28.6,0,0,western
Pune,2021-04-12,15,2021,4,0.8,-0.93,23.2,31.5,0,0,western
Pune,2021-04-19,16,2021,4,0.4,-45.11,23.8,32.2,0,0,western
Pune,2021-04-26,17,2021,4,0.9,10.75,21.5,32.5,0,0,western
Pune,2021-05-03,18,2021,5,2.72,65.06,24.7,27.1,0,0,western
Pune,2021-05-10,19,2021,5,1.44,-9.83,25.3,27.8,0,0,western
Pune,2021-05-17,20,2021,5,2.52,53.17,26.7,28.7,0,0,western
Pune,2021-05-24,21,2021,5,3.24,95.37,24.4,25.2,0,0,western
Pune,2021-05-31,22,2021,5,2.05,26.07,25.6,27.0,0,0,western
Pune,2021-06-07,23,2021,6,29.34,53.99,27.4,86.9,1,0,western
Pune,2021-06-14,24,2021,6,17.51,-7.91,27.6,83.7,1,0,western
Pune,2021-06-21,25,2021,6,31.67,66.17,28.1,84.2,1,0,western
Pune,2021-06-28,26,2021,6,17.55,-7.71,26.2,83.0,1,0,western
Pune,2021-07-05,27,2021,7,27.13,-28.86,30.4,87.5,1,0,western
Pune,2021-07-12,28,2021,7,34.7,-9.08,28.8,73.2,1,0,western
Pune,2021-07-19,29,2021,7,30.92,-18.95,29.1,70.3,1,0,western
Pune,2021-07-26,30,2021,7,60.31,57.84,28.4,81.3,1,0,western
Pune,2021-08-02,31,2021,8,23.16,-33.65,31.8,82.4,1,0,western
Pune,2021-08-09,32,2021,8,42.92,22.69,30.1,77.8,1,0,western
Pune,2021-08-16,33,2021,8,36.77,5.17,31.4,71.6,1,0,western
Pune,2021-08-23,34,2021,8,47.75,36.47,31.3,81.8,1,0,western
Pune,2021-08-30,35,2021,8,56.03,60.08,32.0,76.4,1,0,western
Pune,2021-09-06,36,2021,9,25.75,-2.91,31.0,79.7,1,0,western
Pune,2021-09-13,37,2021,9,37.7,41.97,31.8,77.9,1,0,western
Pune,2021-09-20,38,2021,9,20.02,-24.43,32.2,75.7,1,0,western
Pune,2021-09-27,39,2021,9,43.65,64.35,32.4,76.5,1,0,western
Pune,2021-10-04,40,2021,10,11.44,37.31,33.8,56.4,0,0,western
Pune,2021-10-11,41,2021,10,8.64,4.02,32.2,66.5,0,0,western
Pune,2021-10-18,42,2021,10,12.85,54.03,31.4,58.2,0,0,western
Pune,2021-10-25,43,2021,10,5.08,-38.39,30.3,42.6,0,0,western
Pune,2021-11-01,44,2021,11,1.65,-30.14,30.4,45.1,0,0,western
Pune,2021-11-08,45,2021,11,2.14,-10.76,28.3,54.3,0,0,western
Pune,2021-11-15,46,2021,11,1.96,-18.15,31.4,51.3,0,0,western
Pune,2021-11-22,47,2021,11,4.17,69.94,30.0,56.3,0,0,western
Pune,2021-11-29,48,2021,11,3.16,29.97,31.1,56.7,0,0,western
Pune,2021-12-06,49,2021,12,0.7,25.64,28.9,54.8,0,0,western
Pune,2021-12-13,50,2021,12,0.36,-27.33,28.9,56.2,0,0,western
Pune,2021-12-20,51,2021,12,0.65,17.81,26.9,54.5,0,0,western
Pune,2021-12-27,52,2021,12,0.4,-21.16,26.5,57.8,0,0,western
Pune,2022-01-03,1,2022,1,0.85,22.86,25.0,54.1,0,0,western
Pune,2022-01-10,2,2022,1,0.68,0.92,27.0,67.3,0,0,western
Pune,2022-01-17,3,2022,1,0.52,-20.02,25.6,46.1,0,0,western
Pune,2022-01-24,4,2022,1,0.97,38.79,25.7,50.9,0,0,western
Pune,2022-01-31,5,2022,1,0.62,-6.03,25.3,49.4,0,0,western
Pune,2022-02-07,6,2022,2,0.38,-4.47,24.0,56.6,0,0,western
Pune,2022-02-14,7,2022,2,0.46,10.8,24.8,55.1,0,0,western
Pune,2022-02-21,8,2022,2,0.35,-11.22,24.2,56.7,0,0,western
Pune,2022-02-28,9,2022,2,0.46,11.22,22.8,45.3,0,0,western
Pune,2022-03-07,10,2022,3,0.49,-7.17,17.8,50.2,0,0,western
Pune,2022-03-14,11,2022,3,0.59,8.14,21.3,49.4,0,0,western
Pune,2022-03-21,12,2022,3,0.63,14.17,21.4,46.3,0,0,western
Pune,2022-03-28,13,2022,3,0.68,23.43,18.0,47.2,0,0,western
Pune,2022-04-04,14,2022,4,0.63,-19.69,22.3,24.4,0,0,western
Pune,2022-04-11,15,2022,4,0.96,17.68,22.9,22.8,0,0,western
Pune,2022-04-18,16,2022,4,0.44,-40.2,23.9,32.8,0,0,western
Pune,2022-04-25,17,2022,4,0.87,6.81,19.7,25.5,0,0,western
Pune,2022-05-02,18,2022,5,1.35,-14.88,25.4,34.6,0,0,western
Pune,2022-05-09,19,2022,5,2.11,29.65,27.0,33.3,0,0,western
Pune,2022-05-16,20,2022,5,1.51,-5.51,25.6,28.4,0,0,western
Pune,2022-05-23,21,2022,5,1.42,-11.24,25.3,32.2,0,0,western
Pune,2022-05-30,22,2022,5,2.06,26.7,23.5,27.1,0,0,western
Pune,2022-06-06,23,2022,6,28.37,48.91,29.4,78.5,1,0,western
Pune,2022-06-13,24,2022,6,30.73,61.23,28.0,76.8,1,0,western
Pune,2022-06-20,25,2022,6,6.82,-63.83,28.5,87.4,1,0,western
Pune,2022-06-27,26,2022,6,20.46,7.51,28.7,77.1,1,0,western
Pune,2022-07-04,27,2022,7,47.29,23.83,29.6,86.9,1,0,western
Pune,2022-07-11,28,2022,7,55.76,45.95,31.2,83.9,1,0,western
Pune,2022-07-18,29,2022,7,40.83,6.95,29.6,79.9,1,0,western
Pune,2022-07-25,30,2022,7,57.21,49.73,30.1,76.5,1,0,western
Pune,2022-08-01,31,2022,8,39.2,12.09,29.2,72.8,1,0,western
Pune,2022-08-08,32,2022,8,30.74,-12.03,33.0,80.0,1,0,western
Pune,2022-08-15,33,2022,8,24.92,-28.62,32.0,78.5,1,0,western
Pune,2022-08-22,34,2022,8,31.49,-9.9,30.9,89.8,1,0,western
Pune,2022-08-29,35,2022,8,15.97,-54.17,30.9,82.1,1,0,western
Pune,2022-09-05,36,2022,9,20.59,-22.27,31.3,72.1,1,0,western
Pune,2022-09-12,37,2022,9,30.98,16.75,32.4,72.6,1,0,western
Pune,2022-09-19,38,2022,9,42.04,58.31,30.8,80.3,1,0,western
Pune,2022-09-26,39,2022,9,16.73,-36.77,32.7,80.6,1,0,western
Pune,2022-10-03,40,2022,10,6.85,-17.34,32.0,53.7,0,0,western
Pune,2022-10-10,41,2022,10,8.31,0.0,32.6,47.5,0,0,western
Pune,2022-10-17,42,2022,10,12.58,50.81,32.2,45.6,0,0,western
Pune,2022-10-24,43,2022,10,10.59,27.17,31.3,49.1,0,0,western
Pune,2022-10-31,44,2022,10,11.2,34.49,32.8,40.4,0,0,western
Pune,2022-11-07,45,2022,11,2.56,5.84,30.2,49.4,0,0,western
Pune,2022-11-14,46,2022,11,2.77,14.2,31.6,45.5,0,0,western
Pune,2022-11-21,47,2022,11,1.97,-17.46,29.5,54.9,0,0,western
Pune,2022-11-28,48,2022,11,2.12,-11.43,31.3,56.6,0,0,western
Pune,2022-12-05,49,2022,12,0.54,0.48,28.7,51.3,0,0,western
Pune,2022-12-12,50,2022,12,0.96,66.74,27.3,44.5,0,0,western
Pune,2022-12-19,51,2022,12,0.09,-70.07,28.7,53.2,0,0,western
Pune,2022-12-26,52,2022,12,0.37,-26.71,27.6,56.9,0,0,western
Pune,2023-01-02,1,2023,1,0.98,40.73,25.7,49.7,0,0,western
Pune,2023-01-09,2,2023,1,0.67,0.57,26.4,53.9,0,0,western
Pune,2023-01-16,3,2023,1,0.98,39.84,26.8,48.1,0,0,western
Pune,2023-01-23,4,2023,1,0.82,19.16,26.6,49.3,0,0,western
Pune,2023-01-30,5,2023,1,0.79,15.26,25.2,47.7,0,0,western
Pune,2023-02-06,6,2023,2,0.3,-20.46,21.7,50.0,0,0,western
Pune,2023-02-13,7,2023,2,0.39,-3.05,24.2,48.3,0,0,western
Pune,2023-02-20,8,2023,2,0.45,10.0,23.3,47.8,0,0,western
Pune,2023-02-27,9,2023,2,0.42,3.67,19.9,57.4,0,0,western
Pune,2023-03-06,10,2023,3,0.69,24.02,23.4,51.3,0,0,western
Pune,2023-03-13,11,2023,3,0.75,34.24,21.2,52.9,0,0,western
Pune,2023-03-20,12,2023,3,0.35,-28.82,22.6,50.9,0,0,western
Pune,2023-03-27,13,2023,3,0.57,4.71,20.2,60.4,0,0,western
Pune,2023-04-03,14,2023,4,1.19,42.59,24.2,26.9,0,0,western
Pune,2023-04-10,15,2023,4,1.37,63.22,22.8,21.1,0,0,western
Pune,2023-04-17,16,2023,4,0.93,13.91,23.1,23.1,0,0,western
Pune,2023-04-24,17,2023,4,0.78,-2.52,22.3,34.3,0,0,western
Pune,2023-05-01,18,2023,5,1.65,2.77,26.8,31.7,0,0,western
Pune,2023-05-08,19,2023,5,2.41,47.05,26.8,29.6,0,0,western
Pune,2023-05-15,20,2023,5,0.55,-61.94,23.9,23.7,0,0,western
Pune,2023-05-22,21,2023,5,1.56,-2.55,25.2,28.8,0,0,western
Pune,2023-05-29,22,2023,5,1.98,21.6,24.2,32.2,0,0,western
Pune,2023-06-05,23,2023,6,24.52,28.75,28.1,78.1,1,0,western
Pune,2023-06-12,24,2023,6,30.27,58.85,28.6,80.9,1,0,western
Pune,2023-06-19,25,2023,6,13.46,-29.07,28.3,75.7,1,0,western
Pune,2023-06-26,26,2023,6,18.71,-1.64,28.3,79.4,1,0,western
Pune,2023-07-03,27,2023,7,47.83,25.21,30.8,66.0,1,0,western
Pune,2023-07-10,28,2023,7,49.51,29.6,31.1,72.2,1,0,western
Pune,2023-07-17,29,2023,7,53.25,39.39,31.6,78.8,1,0,western
Pune,2023-07-24,30,2023,7,41.97,9.9,30.4,73.1,1,0,western
Pune,2023-07-31,31,2023,7,39.48,3.41,30.8,85.1,1,0,western
Pune,2023-08-07,32,2023,8,51.2,46.32,29.3,73.1,1,0,western
Pune,2023-08-14,33,2023,8,34.43,-1.52,32.1,78.3,1,0,western
Pune,2023-08-21,34,2023,8,76.16,117.51,32.4,80.3,1,0,western
Pune,2023-08-28,35,2023,8,48.26,37.92,31.8,83.9,1,0,western
Pune,2023-09-04,36,2023,9,29.19,10.04,30.7,80.3,1,0,western
Pune,2023-09-11,37,2023,9,41.16,54.99,32.2,76.3,1,0,western
Pune,2023-09-18,38,2023,9,55.27,107.99,30.5,78.0,1,0,western
Pune,2023-09-25,39,2023,9,37.81,42.41,31.9,78.5,1,0,western
Pune,2023-10-02,40,2023,10,8.97,7.88,32.3,53.1,0,0,western
Pune,2023-10-09,41,2023,10,10.8,29.72,30.8,54.4,0,0,western
Pune,2023-10-16,42,2023,10,4.95,-39.87,32.3,65.1,0,0,western
Pune,2023-10-23,43,2023,10,11.2,34.39,31.6,55.1,0,0,western
Pune,2023-10-30,44,2023,10,10.0,20.23,33.6,58.2,0,0,western
Pune,2023-11-06,45,2023,11,2.68,10.86,29.3,53.1,0,0,western
Pune,2023-11-13,46,2023,11,3.03,24.62,30.9,57.5,0,0,western
Pune,2023-11-20,47,2023,11,4.39,78.8,30.0,45.1,0,0,western
Pune,2023-11-27,48,2023,11,1.98,-17.22,29.6,57.3,0,0,western
Pune,2023-12-04,49,2023,12,0.29,-38.32,28.7,45.9,0,0,western
Pune,2023-12-11,50,2023,12,0.6,9.76,27.9,43.2,0,0,western
Pune,2023-12-18,51,2023,12,0.74,32.71,27.3,53.3,0,0,western
Pune,2023-12-25,52,2023,12,0.98,70.35,27.3,54.9,0,0,western
Satara,2019-01-07,2,2019,1,0.72,-12.44,24.1,60.1,0,0,western
Satara,2019-01-14,3,2019,1,0.98,16.26,26.5,45.0,0,0,western
Satara,2019-01-21,4,2019,1,0.73,-11.24,25.4,51.7,0,0,western
Satara,2019-01-28,5,2019,1,1.18,37.6,26.6,49.7,0,0,western
Satara,2019-02-04,6,2019,2,0.42,-13.06,22.6,51.1,0,0,western
Satara,2019-02-11,7,2019,2,0.48,-3.83,22.8,57.7,0,0,western
Satara,2019-02-18,8,2019,2,0.46,-5.84,22.1,53.8,0,0,western
Satara,2019-02-25,9,2019,2,0.43,-12.08,22.8,45.6,0,0,western
Satara,2019-03-04,10,2019,3,0.77,13.15,19.7,47.5,0,0,western
Satara,2019-03-11,11,2019,3,0.61,-6.75,19.6,61.3,0,0,western
Satara,2019-03-18,12,2019,3,0.63,-4.15,22.2,53.5,0,0,western
Satara,2019-03-25,13,2019,3,0.47,-24.89,20.3,53.4,0,0,western
Satara,2019-04-01,14,2019,4,1.51,46.8,22.7,33.4,0,0,western
Satara,2019-04-08,15,2019,4,1.45,41.2,21.7,22.5,0,0,western
Satara,2019-04-15,16,2019,4,0.52,-43.61,24.2,21.5,0,0,western
Satara,2019-04-22,17,2019,4,1.52,47.9,24.7,38.8,0,0,western
Satara,2019-04-29,18,2019,4,1.34,30.84,24.0,27.8,0,0,western
Satara,2019-05-06,19,2019,5,1.2,-38.01,24.6,25.3,0,0,western
Satara,2019-05-13,20,2019,5,2.64,30.67,25.5,25.3,0,0,western
Satara,2019-05-20,21,2019,5,3.45,69.45,25.1,22.1,0,0,western
Satara,2019-05-27,22,2019,5,2.91,43.74,27.2,33.1,0,0,western
Satara,2019-06-03,23,2019,6,21.55,-8.71,27.8,85.5,1,0,western
Satara,2019-06-10,24,2019,6,23.71,0.42,28.7,85.6,1,0,western
Satara,2019-06-17,25,2019,6,20.75,-12.05,27.7,76.6,1,0,western
Satara,2019-06-24,26,2019,6,29.18,23.47,27.1,72.0,1,0,western
Satara,2019-07-01,27,2019,7,45.49,-4.0,31.2,80.2,1,0,western
Satara,2019-07-08,28,2019,7,47.37,-0.04,31.0,72.1,1,0,western
Satara,2019-07-15,29,2019,7,54.16,14.26,30.4,84.6,1,0,western
Satara,2019-07-22,30,2019,7,59.39,25.27,28.0,71.7,1,0,western
Satara,2019-07-29,31,2019,7,59.46,25.41,28.1,77.7,1,0,western
Satara,2019-08-05,32,2019,8,40.46,-6.76,31.5,74.7,1,0,western
Satara,2019-08-12,33,2019,8,62.23,43.28,31.1,80.3,1,0,western
Satara,2019-08-19,34,2019,8,55.26,27.26,30.1,79.4,1,0,western
Satara,2019-08-26,35,2019,8,39.94,-7.95,32.1,72.5,1,0,western
Satara,2019-09-02,36,2019,9,33.28,1.07,32.5,79.6,1,0,western
Satara,2019-09-09,37,2019,9,26.29,-20.08,32.3,80.0,1,0,western
Satara,2019-09-16,38,2019,9,20.59,-37.34,30.0,81.0,1,0,western
Satara,2019-09-23,39,2019,9,23.26,-29.25,32.1,77.2,1,0,western
Satara,2019-09-30,40,2019,9,30.85,-6.28,33.9,72.8,1,0,western
Satara,2019-10-07,41,2019,10,8.59,-16.54,32.4,53.6,0,0,western
Satara,2019-10-14,42,2019,10,12.03,16.56,31.9,49.1,0,0,western
Satara,2019-10-21,43,2019,10,7.72,-24.92,33.5,46.3,0,0,western
Satara,2019-10-28,44,2019,10,4.37,-57.05,30.7,56.0,0,0,western
Satara,2019-11-04,45,2019,11,1.24,-56.7,29.4,56.5,0,0,western
Satara,2019-11-11,46,2019,11,2.03,-31.08,30.6,52.0,0,0,western
Satara,2019-11-18,47,2019,11,3.42,13.65,31.1,45.7,0,0,western
Satara,2019-11-25,48,2019,11,4.31,42.51,29.0,49.6,0,0,western
Satara,2019-12-02,49,2019,12,0.66,-0.32,29.0,44.1,0,0,western
Satara,2019-12-09,50,2019,12,1.12,59.67,28.1,56.0,0,0,western
Satara,2019-12-16,51,2019,12,0.46,-27.01,27.8,40.7,0,0,western
Satara,2019-12-23,52,2019,12,0.94,35.88,27.3,46.2,0,0,western
Satara,2019-12-30,1,2019,12,0.87,26.88,24.7,50.9,0,0,western
Satara,2020-01-06,2,2020,1,1.26,45.87,24.8,47.5,0,0,western
Satara,2020-01-13,3,2020,1,1.01,19.22,24.6,59.1,0,0,western
Satara,2020-01-20,4,2020,1,1.06,24.3,26.6,47.2,0,0,western
Satara,2020-01-27,5,2020,1,0.71,-12.89,25.7,52.4,0,0,western
Satara,2020-02-03,6,2020,2,0.5,-0.12,22.5,49.3,0,0,western
Satara,2020-02-10,7,2020,2,0.57,11.96,25.9,45.9,0,0,western
Satara,2020-02-17,8,2020,2,0.58,12.73,23.7,54.3,0,0,western
Satara,2020-02-24,9,2020,2,0.49,-2.24,22.4,52.7,0,0,western
Satara,2020-03-02,10,2020,3,0.52,-18.52,20.7,54.3,0,0,western
Satara,2020-03-09,11,2020,3,0.03,-82.89,20.2,53.2,0,0,western
Satara,2020-03-16,12,2020,3,0.84,22.51,20.0,49.9,0,0,western
Satara,2020-03-23,13,2020,3,0.81,18.92,19.1,44.4,0,0,western
Satara,2020-03-30,14,2020,3,0.74,9.41,21.6,50.2,0,0,western
Satara,2020-04-06,15,2020,4,0.63,-33.84,24.6,30.6,0,0,western
Satara,2020-04-13,16,2020,4,0.79,-18.69,23.4,23.1,0,0,western
Satara,2020-04-20,17,2020,4,1.0,0.5,20.7,23.7,0,0,western
Satara,2020-04-27,18,2020,4,0.83,-15.12,23.3,26.0,0,0,western
Satara,2020-05-04,19,2020,5,2.45,21.89,26.2,25.6,0,0,western
Satara,2020-05-11,20,2020,5,1.63,-17.45,26.8,29.9,0,0,western
Satara,2020-05-18,21,2020,5,1.56,-20.9,27.7,23.3,0,0,western
Satara,2020-05-25,22,2020,5,2.83,39.85,24.3,21.8,0,0,western
Satara,2020-06-01,23,2020,6,11.68,-50.31,29.9,75.1,1,0,western
Satara,2020-06-08,24,2020,6,18.57,-21.26,26.8,75.4,1,0,western
Satara,2020-06-15,25,2020,6,19.01,-19.4,29.2,79.7,1,0,western
Satara,2020-06-22,26,2020,6,15.52,-34.13,26.9,76.7,1,0,western
Satara,2020-06-29,27,2020,6,35.94,51.98,28.9,72.4,1,0,western
Satara,2020-07-06,28,2020,7,16.49,-65.06,29.2,76.5,1,0,western
Satara,2020-07-13,29,2020,7,62.23,31.24,27.2,79.4,1,0,western
Satara,2020-07-20,30,2020,7,26.08,-44.88,31.2,79.2,1,0,western
Satara,2020-07-27,31,2020,7,77.43,63.24,30.5,86.0,1,0,western
Satara,2020-08-03,32,2020,8,25.66,-40.78,31.2,68.2,1,0,western
Satara,2020-08-10,33,2020,8,41.01,-5.48,31.3,80.0,1,0,western
Satara,2020-08-17,34,2020,8,36.09,-16.8,33.3,76.8,1,0,western
Satara,2020-08-24,35,2020,8,46.76,7.73,33.5,86.8,1,0,western
Satara,2020-08-31,36,2020,8,44.7,2.99,31.8,80.1,1,0,western
Satara,2020-09-07,37,2020,9,48.04,45.77,32.1,78.8,1,0,western
Satara,2020-09-14,38,2020,9,19.66,-40.15,31.1,80.9,1,0,western
Satara,2020-09-21,39,2020,9,18.91,-42.43,32.4,76.6,1,0,western
Satara,2020-09-28,40,2020,9,21.97,-33.18,31.0,90.1,1,0,western
Satara,2020-10-05,41,2020,10,11.14,7.94,29.9,64.5,0,0,western
Satara,2020-10-12,42,2020,10,9.71,-5.74,30.7,51.0,0,0,western
Satara,2020-10-19,43,2020,10,14.98,44.83,30.7,49.9,0,0,western
Satara,2020-10-26,44,2020,10,11.2,8.59,31.3,58.9,0,0,western
Satara,2020-11-02,45,2020,11,1.86,-36.61,29.6,50.2,0,0,western
Satara,2020-11-09,46,2020,11,2.38,-19.69,30.8,51.0,0,0,western
Satara,2020-11-16,47,2020,11,1.91,-34.98,31.0,48.1,0,0,western
Satara,2020-11-23,48,2020,11,3.54,17.84,28.1,53.2,0,0,western
Satara,2020-11-30,49,2020,11,2.59,-12.91,30.9,54.5,0,0,western
Satara,2020-12-07,50,2020,12,0.6,-8.52,31.0,55.2,0,0,western
Satara,2020-12-14,51,2020,12,1.02,46.39,28.8,49.0,0,0,western
Satara,2020-12-21,52,2020,12,0.11,-72.55,28.9,55.2,0,0,western
Satara,2020-12-28,53,2020,12,0.3,-47.76,28.5,45.0,0,0,western
Satara,2021-01-04,1,2021,1,1.27,47.4,26.8,42.8,0,0,western
Satara,2021-01-11,2,2021,1,0.6,-24.43,23.5,53.8,0,0,western
Satara,2021-01-18,3,2021,1,1.14,33.32,27.0,46.5,0,0,western
Satara,2021-01-25,4,2021,1,0.9,7.26,25.1,47.4,0,0,western
Satara,2021-02-01,5,2021,2,0.45,-7.47,21.6,53.9,0,0,western
Satara,2021-02-08,6,2021,2,0.87,62.49,24.2,50.0,0,0,western
Satara,2021-02-15,7,2021,2,0.6,16.81,23.6,52.8,0,0,western
Satara,2021-02-22,8,2021,2,0.46,-6.34,23.6,54.6,0,0,western
Satara,2021-03-01,9,2021,3,0.61,-7.79,20.1,50.9,0,0,western
Satara,2021-03-08,10,2021,3,0.94,35.29,19.2,61.6,0,0,western
Satara,2021-03-15,11,2021,3,0.5,-21.58,22.2,47.8,0,0,western
Satara,2021-03-22,12,2021,3,0.95,37.75,18.7,48.2,0,0,western
Satara,2021-03-29,13,2021,3,0.62,-6.5,19.4,47.2,0,0,western
Satara,2021-04-05,14,2021,4,1.99,90.6,24.3,26.6,0,0,western
Satara,2021-04-12,15,2021,4,1.58,53.4,25.8,33.3,0,0,western
Satara,2021-04-19,16,2021,4,1.77,70.08,24.6,35.3,0,0,western
Satara,2021-04-26,17,2021,4,1.58,53.2,21.9,35.7,0,0,western
Satara,2021-05-03,18,2021,5,2.51,24.75,26.4,17.7,0,0,western
Satara,2021-05-10,19,2021,5,1.94,-2.78,27.5,33.0,0,0,western
Satara,2021-05-17,20,2021,5,3.04,49.65,24.3,29.2,0,0,western
Satara,2021-05-24,21,2021,5,2.44,21.21,26.9,27.3,0,0,western
Satara,2021-05-31,22,2021,5,1.94,-2.61,25.3,15.3,0,0,western
Satara,2021-06-07,23,2021,6,26.99,14.23,28.3,71.0,1,0,western
Satara,2021-06-14,24,2021,6,25.12,6.38,31.7,73.9,1,0,western
Satara,2021-06-21,25,2021,6,37.66,59.23,28.5,79.1,1,0,western
Satara,2021-06-28,26,2021,6,36.7,55.19,25.7,80.9,1,0,western
Satara,2021-07-05,27,2021,7,41.87,-11.63,31.2,79.9,1,0,western
Satara,2021-07-12,28,2021,7,30.76,-35.01,32.2,81.7,1,0,western
Satara,2021-07-19,29,2021,7,60.97,28.6,33.1,74.0,1,0,western
Satara,2021-07-26,30,2021,7,55.3,16.65,31.7,82.5,1,0,western
Satara,2021-08-02,31,2021,8,61.45,41.5,30.6,79.8,1,0,western
Satara,2021-08-09,32,2021,8,98.56,126.81,33.0,81.6,1,0,western
Satara,2021-08-16,33,2021,8,105.3,142.29,33.0,81.1,1,0,western
Satara,2021-08-23,34,2021,8,49.58,14.21,31.0,72.0,1,0,western
Satara,2021-08-30,35,2021,8,52.74,21.48,30.9,77.2,1,0,western
Satara,2021-09-06,36,2021,9,43.73,32.71,31.3,82.7,1,0,western
Satara,2021-09-13,37,2021,9,38.73,17.59,31.4,81.7,1,0,western
Satara,2021-09-20,38,2021,9,42.05,27.64,30.7,70.5,1,0,western
Satara,2021-09-27,39,2021,9,36.24,10.04,33.9,80.5,1,0,western
Satara,2021-10-04,40,2021,10,14.99,44.94,31.3,53.8,0,0,western
Satara,2021-10-11,41,2021,10,15.75,52.3,31.4,45.0,0,0,western
Satara,2021-10-18,42,2021,10,9.9,-3.95,30.6,64.5,0,0,western
Satara,2021-10-25,43,2021,10,13.92,34.64,31.3,45.3,0,0,western
Satara,2021-11-01,44,2021,11,4.56,50.66,31.0,52.7,0,0,western
Satara,2021-11-08,45,2021,11,4.19,38.74,29.0,52.0,0,0,western
Satara,2021-11-15,46,2021,11,3.83,26.94,31.3,56.9,0,0,western
Satara,2021-11-22,47,2021,11,0.85,-69.4,30.1,56.5,0,0,western
Satara,2021-11-29,48,2021,11,5.48,80.42,29.1,51.7,0,0,western
Satara,2021-12-06,49,2021,12,0.98,41.04,29.2,45.8,0,0,western
Satara,2021-12-13,50,2021,12,0.57,-12.73,25.9,49.7,0,0,western
Satara,2021-12-20,51,2021,12,0.63,-4.54,25.9,54.2,0,0,western
Satara,2021-12-27,52,2021,12,0.76,12.67,29.2,53.8,0,0,western
Satara,2022-01-03,1,2022,1,1.14,32.76,25.6,52.0,0,0,western
Satara,2022-01-10,2,2022,1,0.85,1.48,27.1,55.6,0,0,western
Satara,2022-01-17,3,2022,1,1.04,22.4,24.4,62.0,0,0,western
Satara,2022-01-24,4,2022,1,0.76,-7.61,25.6,60.4,0,0,western
Satara,2022-01-31,5,2022,1,0.93,10.14,25.6,55.6,0,0,western
Satara,2022-02-07,6,2022,2,0.36,-22.85,21.1,48.3,0,0,western
Satara,2022-02-14,7,2022,2,0.85,57.97,22.1,50.2,0,0,western
Satara,2022-02-21,8,2022,2,0.57,11.68,23.8,53.8,0,0,western
Satara,2022-02-28,9,2022,2,0.38,-19.84,25.0,51.4,0,0,western
Satara,2022-03-07,10,2022,3,0.99,42.79,18.6,54.3,0,0,western
Satara,2022-03-14,11,2022,3,0.86,25.12,19.1,55.6,0,0,western
Satara,2022-03-21,12,2022,3,0.39,-36.01,18.8,55.5,0,0,western
Satara,2022-03-28,13,2022,3,0.38,-37.9,20.9,46.6,0,0,western
Satara,2022-04-04,14,2022,4,1.34,31.41,21.0,26.5,0,0,western
Satara,2022-04-11,15,2022,4,1.26,24.02,25.4,24.1,0,0,western
Satara,2022-04-18,16,2022,4,0.44,-50.55,21.7,31.1,0,0,western
Satara,2022-04-25,17,2022,4,1.76,69.27,22.3,32.8,0,0,western
Satara,2022-05-02,18,2022,5,2.22,10.55,26.5,26.8,0,0,western
Satara,2022-05-09,19,2022,5,1.4,-28.31,27.5,25.7,0,0,western
Satara,2022-05-16,20,2022,5,1.61,-18.28,26.2,27.4,0,0,western
Satara,2022-05-23,21,2022,5,3.59,75.98,26.1,28.0,0,0,western
Satara,2022-05-30,22,2022,5,2.87,41.6,26.0,31.3,0,0,western
Satara,2022-06-06,23,2022,6,28.42,20.29,29.7,83.3,1,0,western
Satara,2022-06-13,24,2022,6,18.31,-22.37,27.2,72.2,1,0,western
Satara,2022-06-20,25,2022,6,28.69,21.41,30.2,69.2,1,0,western
Satara,2022-06-27,26,2022,6,40.86,72.75,29.6,72.0,1,0,western
Satara,2022-07-04,27,2022,7,45.19,-4.63,29.3,84.2,1,0,western
Satara,2022-07-11,28,2022,7,63.54,34.0,30.0,77.9,1,0,western
Satara,2022-07-18,29,2022,7,64.38,35.78,30.1,73.9,1,0,western
Satara,2022-07-25,30,2022,7,49.29,4.01,30.8,72.8,1,0,western
Satara,2022-08-01,31,2022,8,42.26,-2.61,31.5,78.1,1,0,western
Satara,2022-08-08,32,2022,8,66.1,52.18,32.3,80.4,1,0,western
Satara,2022-08-15,33,2022,8,30.02,-30.76,31.0,79.4,1,0,western
Satara,2022-08-22,34,2022,8,45.81,5.54,32.6,81.3,1,0,western
Satara,2022-08-29,35,2022,8,15.58,-63.95,31.9,80.4,1,0,western
Satara,2022-09-05,36,2022,9,11.74,-64.14,32.4,91.8,1,0,western
Satara,2022-09-12,37,2022,9,29.68,-9.82,31.4,79.1,1,0,western
Satara,2022-09-19,38,2022,9,47.5,44.13,33.1,74.0,1,0,western
Satara,2022-09-26,39,2022,9,39.34,19.42,31.6,75.1,1,0,western
Satara,2022-10-03,40,2022,10,14.24,37.75,34.5,50.9,0,0,western
Satara,2022-10-10,41,2022,10,8.97,-12.85,30.3,57.6,0,0,western
Satara,2022-10-17,42,2022,10,18.98,83.31,29.8,50.3,0,0,western
Satara,2022-10-24,43,2022,10,3.19,-68.37,32.4,48.7,0,0,western
Satara,2022-10-31,44,2022,10,7.62,-25.84,30.8,45.3,0,0,western
Satara,2022-11-07,45,2022,11,4.5,48.83,31.3,58.8,0,0,western
Satara,2022-11-14,46,2022,11,2.68,-10.09,30.8,54.2,0,0,western
Satara,2022-11-21,47,2022,11,3.76,24.75,29.8,55.0,0,0,western
Satara,2022-11-28,48,2022,11,4.14,37.18,30.7,53.2,0,0,western
Satara,2022-12-05,49,2022,12,1.14,61.64,29.4,48.0,0,0,western
Satara,2022-12-12,50,2022,12,0.64,-2.75,30.5,65.3,0,0,western
Satara,2022-12-19,51,2022,12,0.59,-10.42,29.1,54.0,0,0,western
Satara,2022-12-26,52,2022,12,0.83,21.37,27.5,54.9,0,0,western
Satara,2023-01-02,1,2023,1,0.75,-8.87,23.9,56.2,0,0,western
Satara,2023-01-09,2,2023,1,1.52,73.45,25.5,52.1,0,0,western
Satara,2023-01-16,3,2023,1,0.72,-12.33,26.2,51.4,0,0,western
Satara,2023-01-23,4,2023,1,0.73,-10.58,25.3,42.0,0,0,western
Satara,2023-01-30,5,2023,1,0.48,-37.33,23.6,48.5,0,0,western
Satara,2023-02-06,6,2023,2,0.53,5.95,23.5,56.9,0,0,western
Satara,2023-02-13,7,2023,2,0.34,-27.26,24.3,50.4,0,0,western
Satara,2023-02-20,8,2023,2,0.7,33.94,23.9,53.2,0,0,western
Satara,2023-02-27,9,2023,2,0.66,26.73,23.9,64.6,0,0,western
Satara,2023-03-06,10,2023,3,1.44,101.37,19.6,59.1,0,0,western
Satara,2023-03-13,11,2023,3,0.8,17.44,20.8,48.5,0,0,western
Satara,2023-03-20,12,2023,3,1.06,51.71,20.7,58.2,0,0,western
Satara,2023-03-27,13,2023,3,0.63,-4.72,16.8,62.1,0,0,western
Satara,2023-04-03,14,2023,4,0.94,-4.88,23.0,37.5,0,0,western
Satara,2023-04-10,15,2023,4,0.82,-15.83,23.8,38.5,0,0,western
Satara,2023-04-17,16,2023,4,1.29,26.39,25.7,28.5,0,0,western
Satara,2023-04-24,17,2023,4,1.55,50.14,23.0,24.2,0,0,western
Satara,2023-05-01,18,2023,5,2.51,24.42,23.3,23.2,0,0,western
Satara,2023-05-08,19,2023,5,2.23,11.25,26.5,36.8,0,0,western
Satara,2023-05-15,20,2023,5,2.17,8.13,25.1,29.4,0,0,western
Satara,2023-05-22,21,2023,5,1.9,-4.45,24.0,24.6,0,0,western
Satara,2023-05-29,22,2023,5,1.58,-19.64,26.9,24.4,0,0,western
Satara,2023-06-05,23,2023,6,34.13,44.34,27.7,79.6,1,0,western
Satara,2023-06-12,24,2023,6,32.57,37.76,27.7,73.0,1,0,western
Satara,2023-06-19,25,2023,6,34.15,44.46,27.5,70.8,1,0,western
Satara,2023-06-26,26,2023,6,20.82,-11.79,27.7,83.4,1,0,western
Satara,2023-07-03,27,2023,7,23.94,-49.38,32.2,74.0,1,0,western
Satara,2023-07-10,28,2023,7,60.13,26.83,31.4,76.8,1,0,western
Satara,2023-07-17,29,2023,7,39.69,-16.22,32.5,76.6,1,0,western
Satara,2023-07-24,30,2023,7,49.19,3.78,32.8,75.7,1,0,western
Satara,2023-07-31,31,2023,7,21.18,-55.19,32.3,72.6,1,0,western
Satara,2023-08-07,32,2023,8,80.97,86.36,31.8,77.7,1,0,western
Satara,2023-08-14,33,2023,8,31.23,-27.97,32.3,72.9,1,0,western
Satara,2023-08-21,34,2023,8,59.63,37.32,31.7,84.6,1,0,western
Satara,2023-08-28,35,2023,8,38.08,-12.24,30.0,74.9,1,0,western
Satara,2023-09-04,36,2023,9,42.85,30.05,33.7,75.6,1,0,western
Satara,2023-09-11,37,2023,9,36.44,10.65,32.2,73.6,1,0,western
Satara,2023-09-18,38,2023,9,23.77,-27.71,31.9,82.2,1,0,western
Satara,2023-09-25,39,2023,9,35.3,7.2,33.1,70.0,1,0,western
Satara,2023-10-02,40,2023,10,11.83,14.58,29.0,53.7,0,0,western
Satara,2023-10-09,41,2023,10,8.74,-15.11,32.5,36.4,0,0,western
Satara,2023-10-16,42,2023,10,15.95,54.2,29.8,49.1,0,0,western
Satara,2023-10-23,43,2023,10,8.75,-14.99,32.5,53.1,0,0,western
Satara,2023-10-30,44,2023,10,15.16,46.6,32.1,49.6,0,0,western
Satara,2023-11-06,45,2023,11,2.5,-15.83,31.1,54.6,0,0,western
Satara,2023-11-13,46,2023,11,2.8,-6.33,29.2,53.6,0,0,western
Satara,2023-11-20,47,2023,11,4.9,61.63,30.4,50.8,0,0,western
Satara,2023-11-27,48,2023,11,3.24,8.14,28.7,57.9,0,0,western
Satara,2023-12-04,49,2023,12,0.73,8.72,27.4,43.6,0,0,western
Satara,2023-12-11,50,2023,12,0.96,38.66,29.5,52.8,0,0,western
Satara,2023-12-18,51,2023,12,0.93,34.45,28.3,46.0,0,0,western
Satara,2023-12-25,52,2023,12,1.08,54.31,29.5,47.6,0,0,western
Sangli,2019-01-07,2,2019,1,0.82,37.48,27.3,52.5,0,0,western
Sangli,2019-01-14,3,2019,1,0.54,-4.09,26.5,52.4,0,0,western
Sangli,2019-01-21,4,2019,1,0.51,-7.95,27.5,56.1,0,0,western
Sangli,2019-01-28,5,2019,1,0.69,18.8,25.7,58.5,0,0,western
Sangli,2019-02-04,6,2019,2,0.3,-7.96,23.7,49.1,0,0,western
Sangli,2019-02-11,7,2019,2,0.56,49.26,22.5,50.4,0,0,western
Sangli,2019-02-18,8,2019,2,0.36,3.58,22.1,61.3,0,0,western
Sangli,2019-02-25,9,2019,2,0.46,26.86,23.2,49.3,0,0,western
Sangli,2019-03-04,10,2019,3,0.6,25.85,18.7,45.5,0,0,western
Sangli,2019-03-11,11,2019,3,0.38,-12.53,21.0,56.3,0,0,western
Sangli,2019-03-18,12,2019,3,0.52,12.86,19.8,51.8,0,0,western
Sangli,2019-03-25,13,2019,3,0.61,29.04,17.5,54.1,0,0,western
Sangli,2019-04-01,14,2019,4,0.94,33.77,24.0,29.6,0,0,western
Sangli,2019-04-08,15,2019,4,0.89,27.51,25.0,24.7,0,0,western
Sangli,2019-04-15,16,2019,4,0.75,9.07,22.9,33.9,0,0,western
Sangli,2019-04-22,17,2019,4,0.68,0.5,22.1,24.5,0,0,western
Sangli,2019-04-29,18,2019,4,0.4,-36.17,22.9,27.5,0,0,western
Sangli,2019-05-06,19,2019,5,0.9,-31.39,25.3,26.2,0,0,western
Sangli,2019-05-13,20,2019,5,1.93,39.09,25.0,22.2,0,0,western
Sangli,2019-05-20,21,2019,5,1.37,0.99,26.9,27.0,0,0,western
Sangli,2019-05-27,22,2019,5,1.74,26.05,25.1,29.7,0,0,western
Sangli,2019-06-03,23,2019,6,21.02,30.62,27.4,74.2,1,0,western
Sangli,2019-06-10,24,2019,6,6.61,-58.53,29.1,74.1,1,0,western
Sangli,2019-06-17,25,2019,6,16.57,3.11,28.3,80.4,1,0,western
Sangli,2019-06-24,26,2019,6,14.77,-8.04,28.3,84.1,1,0,western
Sangli,2019-07-01,27,2019,7,53.96,67.1,31.1,84.2,1,0,western
Sangli,2019-07-08,28,2019,7,39.97,23.85,30.1,81.5,1,0,western
Sangli,2019-07-15,29,2019,7,29.86,-7.38,29.2,73.7,1,0,western
Sangli,2019-07-22,30,2019,7,24.23,-24.8,30.7,78.4,1,0,western
Sangli,2019-07-29,31,2019,7,9.59,-70.05,30.1,82.3,1,0,western
Sangli,2019-08-05,32,2019,8,49.06,65.89,32.8,71.0,1,0,western
Sangli,2019-08-12,33,2019,8,35.4,19.78,31.4,84.6,1,0,western
Sangli,2019-08-19,34,2019,8,19.57,-33.63,32.1,84.4,1,0,western
Sangli,2019-08-26,35,2019,8,13.46,-54.25,31.2,72.5,1,0,western
Sangli,2019-09-02,36,2019,9,30.25,34.85,32.3,82.3,1,0,western
Sangli,2019-09-09,37,2019,9,18.82,-15.93,31.7,76.7,1,0,western
Sangli,2019-09-16,38,2019,9,27.66,23.33,32.3,71.7,1,0,western
Sangli,2019-09-23,39,2019,9,26.34,17.46,29.8,80.7,1,0,western
Sangli,2019-09-30,40,2019,9,12.61,-43.51,32.8,74.3,1,0,western
Sangli,2019-10-07,41,2019,10,9.18,30.45,32.7,47.1,0,0,western
Sangli,2019-10-14,42,2019,10,10.91,54.67,30.3,52.7,0,0,western
Sangli,2019-10-21,43,2019,10,5.87,-16.11,29.6,53.3,0,0,western
Sangli,2019-10-28,44,2019,10,10.21,44.88,31.1,55.8,0,0,western
Sangli,2019-11-04,45,2019,11,1.52,-23.96,31.1,37.2,0,0,western
Sangli,2019-11-11,46,2019,11,3.16,52.76,29.7,46.1,0,0,western
Sangli,2019-11-18,47,2019,11,1.87,-7.68,32.7,54.3,0,0,western
Sangli,2019-11-25,48,2019,11,2.13,4.47,33.5,55.4,0,0,western
Sangli,2019-12-02,49,2019,12,0.56,19.46,29.8,58.2,0,0,western
Sangli,2019-12-09,50,2019,12,0.41,-8.18,27.2,47.1,0,0,western
Sangli,2019-12-16,51,2019,12,0.52,11.66,28.4,48.9,0,0,western
Sangli,2019-12-23,52,2019,12,0.36,-16.92,30.0,49.1,0,0,western
Sangli,2019-12-30,1,2019,12,0.33,-22.55,28.1,47.5,0,0,western
Sangli,2020-01-06,2,2020,1,0.35,-33.09,26.0,54.8,0,0,western
Sangli,2020-01-13,3,2020,1,1.1,79.56,28.1,45.5,0,0,western
Sangli,2020-01-20,4,2020,1,0.47,-15.09,26.6,54.0,0,0,western
Sangli,2020-01-27,5,2020,1,0.38,-27.43,27.0,47.3,0,0,western
Sangli,2020-02-03,6,2020,2,0.23,-24.48,22.7,48.8,0,0,western
Sangli,2020-02-10,7,2020,2,0.47,30.7,23.7,54.5,0,0,western
Sangli,2020-02-17,8,2020,2,0.23,-23.91,26.2,45.5,0,0,western
Sangli,2020-02-24,9,2020,2,0.41,15.11,25.5,54.1,0,0,western
Sangli,2020-03-02,10,2020,3,0.44,-3.18,19.6,55.2,0,0,western
Sangli,2020-03-09,11,2020,3,0.4,-10.1,22.0,49.2,0,0,western
Sangli,2020-03-16,12,2020,3,0.29,-29.83,18.9,59.9,0,0,western
Sangli,2020-03-23,13,2020,3,0.48,5.64,21.7,50.4,0,0,western
Sangli,2020-03-30,14,2020,3,0.18,-49.63,21.3,56.5,0,0,western
Sangli,2020-04-06,15,2020,4,0.44,-30.5,21.9,24.6,0,0,western
Sangli,2020-04-13,16,2020,4,0.55,-16.45,23.2,30.4,0,0,western
Sangli,2020-04-20,17,2020,4,0.51,-21.91,25.6,38.2,0,0,western
Sangli,2020-04-27,18,2020,4,0.67,-0.53,23.5,25.0,0,0,western
Sangli,2020-05-04,19,2020,5,1.77,28.58,26.3,21.1,0,0,western
Sangli,2020-05-11,20,2020,5,0.93,-29.66,26.1,33.6,0,0,western
Sangli,2020-05-18,21,2020,5,0.07,-88.06,26.4,27.9,0,0,western
Sangli,2020-05-25,22,2020,5,0.97,-26.85,25.5,33.1,0,0,western
Sangli,2020-06-01,23,2020,6,14.28,-11.09,25.6,77.7,1,0,western
Sangli,2020-06-08,24,2020,6,17.4,8.22,27.7,69.3,1,0,western
Sangli,2020-06-15,25,2020,6,20.99,30.41,27.9,79.1,1,0,western
Sangli,2020-06-22,26,2020,6,3.39,-78.43,29.9,71.7,1,0,western
Sangli,2020-06-29,27,2020,6,21.81,35.48,27.7,80.0,1,0,western
Sangli,2020-07-06,28,2020,7,38.3,18.69,28.9,80.9,1,0,western
Sangli,2020-07-13,29,2020,7,36.35,12.68,28.2,75.6,1,0,western
Sangli,2020-07-20,30,2020,7,12.57,-60.85,27.9,76.8,1,0,western
Sangli,2020-07-27,31,2020,7,25.25,-21.64,29.5,73.6,1,0,western
Sangli,2020-08-03,32,2020,8,9.36,-68.07,31.6,81.0,1,0,western
Sangli,2020-08-10,33,2020,8,29.98,1.49,29.6,81.7,1,0,western
Sangli,2020-08-17,34,2020,8,36.99,25.16,34.4,74.3,1,0,western
Sangli,2020-08-24,35,2020,8,32.81,11.06,33.5,81.0,1,0,western
Sangli,2020-08-31,36,2020,8,57.78,95.3,31.3,75.7,1,0,western
Sangli,2020-09-07,37,2020,9,5.59,-74.74,31.9,78.2,1,0,western
Sangli,2020-09-14,38,2020,9,22.28,-0.58,32.6,77.1,1,0,western
Sangli,2020-09-21,39,2020,9,22.39,-0.05,31.7,80.9,1,0,western
Sangli,2020-09-28,40,2020,9,9.37,-57.94,31.2,79.6,1,0,western
Sangli,2020-10-05,41,2020,10,8.04,14.37,31.4,50.3,0,0,western
Sangli,2020-10-12,42,2020,10,5.7,-18.56,30.5,50.8,0,0,western
Sangli,2020-10-19,43,2020,10,8.84,25.58,31.5,50.6,0,0,western
Sangli,2020-10-26,44,2020,10,5.79,-17.18,33.8,56.3,0,0,western
Sangli,2020-11-02,45,2020,11,2.43,18.2,31.0,54.8,0,0,western
Sangli,2020-11-09,46,2020,11,2.43,18.46,32.5,53.0,0,0,western
Sangli,2020-11-16,47,2020,11,1.97,-3.35,32.1,52.8,0,0,western
Sangli,2020-11-23,48,2020,11,2.55,24.02,30.0,45.1,0,0,western
Sangli,2020-11-30,49,2020,11,0.89,-53.6,32.5,66.2,0,0,western
Sangli,2020-12-07,50,2020,12,0.41,-7.54,27.8,53.8,0,0,western
Sangli,2020-12-14,51,2020,12,0.3,-28.01,30.9,48.2,0,0,western
Sangli,2020-12-21,52,2020,12,0.2,-46.48,28.7,55.5,0,0,western
Sangli,2020-12-28,53,2020,12,0.4,-10.17,30.2,52.4,0,0,western
Sangli,2021-01-04,1,2021,1,0.63,9.32,29.2,54.0,0,0,western
Sangli,2021-01-11,2,2021,1,0.57,0.87,24.7,46.3,0,0,western
Sangli,2021-01-18,3,2021,1,0.12,-67.57,27.5,51.4,0,0,western
Sangli,2021-01-25,4,2021,1,0.85,42.74,26.3,40.0,0,0,western
Sangli,2021-02-01,5,2021,2,0.39,12.14,22.9,59.1,0,0,western
Sangli,2021-02-08,6,2021,2,0.53,44.26,22.9,51.8,0,0,western
Sangli,2021-02-15,7,2021,2,0.33,-1.86,22.0,48.2,0,0,western
Sangli,2021-02-22,8,2021,2,0.4,13.01,23.2,50.6,0,0,western
Sangli,2021-03-01,9,2021,3,0.62,29.45,19.5,55.5,0,0,western
Sangli,2021-03-08,10,2021,3,0.87,76.07,21.5,46.8,0,0,western
Sangli,2021-03-15,11,2021,3,0.47,3.15,21.5,43.8,0,0,western
Sangli,2021-03-22,12,2021,3,0.51,11.2,20.1,50.6,0,0,western
Sangli,2021-03-29,13,2021,3,0.53,13.28,20.4,52.3,0,0,western
Sangli,2021-04-05,14,2021,4,0.65,-3.89,25.2,27.9,0,0,western
Sangli,2021-04-12,15,2021,4,0.93,32.13,22.7,28.2,0,0,western
Sangli,2021-04-19,16,2021,4,0.66,-2.17,21.6,31.4,0,0,western
Sangli,2021-04-26,17,2021,4,0.63,-6.91,22.8,36.9,0,0,western
Sangli,2021-05-03,18,2021,5,2.3,64.28,25.1,30.1,0,0,western
Sangli,2021-05-10,19,2021,5,1.01,-24.16,27.5,28.4,0,0,western
Sangli,2021-05-17,20,2021,5,2.24,60.44,26.3,25.9,0,0,western
Sangli,2021-05-24,21,2021,5,1.55,13.34,25.5,30.2,0,0,western
Sangli,2021-05-31,22,2021,5,1.32,-2.63,26.0,28.6,0,0,western
Sangli,2021-06-07,23,2021,6,11.01,-31.29,27.2,69.6,1,0,western
Sangli,2021-06-14,24,2021,6,18.28,13.67,28.4,81.7,1,0,western
Sangli,2021-06-21,25,2021,6,15.01,-6.54,26.9,75.3,1,0,western
Sangli,2021-06-28,26,2021,6,22.09,37.25,30.5,78.5,1,0,western
Sangli,2021-07-05,27,2021,7,28.31,-12.2,30.9,78.5,1,0,western
Sangli,2021-07-12,28,2021,7,40.37,25.09,28.8,80.0,1,0,western
Sangli,2021-07-19,29,2021,7,34.7,7.57,29.8,82.5,1,0,western
Sangli,2021-07-26,30,2021,7,46.55,44.2,29.0,85.5,1,0,western
Sangli,2021-08-02,31,2021,8,47.46,60.49,30.6,67.1,1,0,western
Sangli,2021-08-09,32,2021,8,40.3,36.33,31.9,73.3,1,0,western
Sangli,2021-08-16,33,2021,8,55.47,87.52,31.5,77.8,1,0,western
Sangli,2021-08-23,34,2021,8,40.13,35.76,33.1,79.4,1,0,western
Sangli,2021-08-30,35,2021,8,37.45,26.72,29.9,77.9,1,0,western
Sangli,2021-09-06,36,2021,9,38.32,70.71,31.2,78.7,1,0,western
Sangli,2021-09-13,37,2021,9,3.6,-83.54,33.7,77.5,1,0,western
Sangli,2021-09-20,38,2021,9,26.5,18.21,32.6,79.5,1,0,western
Sangli,2021-09-27,39,2021,9,31.06,38.47,30.6,84.6,1,0,western
Sangli,2021-10-04,40,2021,10,11.55,63.65,32.0,59.8,0,0,western
Sangli,2021-10-11,41,2021,10,8.77,24.68,31.0,53.4,0,0,western
Sangli,2021-10-18,42,2021,10,11.65,65.17,31.1,49.6,0,0,western
Sangli,2021-10-25,43,2021,10,6.1,-12.81,31.6,53.1,0,0,western
Sangli,2021-11-01,44,2021,11,1.79,-11.56,28.0,50.2,0,0,western
Sangli,2021-11-08,45,2021,11,2.71,31.52,32.4,55.9,0,0,western
Sangli,2021-11-15,46,2021,11,4.23,102.71,29.8,54.4,0,0,western
Sangli,2021-11-22,47,2021,11,2.45,19.31,33.4,55.0,0,0,western
Sangli,2021-11-29,48,2021,11,0.85,-55.5,29.7,44.5,0,0,western
Sangli,2021-12-06,49,2021,12,0.77,57.14,27.5,54.1,0,0,western
Sangli,2021-12-13,50,2021,12,0.54,15.35,28.0,47.2,0,0,western
Sangli,2021-12-20,51,2021,12,0.48,5.65,28.5,50.4,0,0,western
Sangli,2021-12-27,52,2021,12,0.64,34.36,26.4,44.7,0,0,western
Sangli,2022-01-03,1,2022,1,0.76,29.31,24.8,44.2,0,0,western
Sangli,2022-01-10,2,2022,1,0.67,15.33,25.8,56.3,0,0,western
Sangli,2022-01-17,3,2022,1,0.09,-71.31,23.9,54.6,0,0,western
Sangli,2022-01-24,4,2022,1,0.72,22.79,26.9,55.1,0,0,western
Sangli,2022-01-31,5,2022,1,0.62,8.63,25.3,42.6,0,0,western
Sangli,2022-02-07,6,2022,2,0.6,58.57,21.9,57.9,0,0,western
Sangli,2022-02-14,7,2022,2,0.29,-10.3,22.8,47.9,0,0,western
Sangli,2022-02-21,8,2022,2,0.37,7.95,23.7,43.4,0,0,western
Sangli,2022-02-28,9,2022,2,0.43,19.81,25.1,54.6,0,0,western
Sangli,2022-03-07,10,2022,3,0.62,29.57,19.8,49.4,0,0,western
Sangli,2022-03-14,11,2022,3,0.53,13.58,18.7,50.6,0,0,western
Sangli,2022-03-21,12,2022,3,0.22,-41.6,18.6,57.9,0,0,western
Sangli,2022-03-28,13,2022,3,0.1,-64.57,20.9,62.1,0,0,western
Sangli,2022-04-04,14,2022,4,0.79,14.54,22.0,31.1,0,0,western
Sangli,2022-04-11,15,2022,4,0.39,-36.96,22.1,21.3,0,0,western
Sangli,2022-04-18,16,2022,4,0.42,-33.48,24.2,27.1,0,0,western
Sangli,2022-04-25,17,2022,4,0.88,25.84,23.4,20.3,0,0,western
Sangli,2022-05-02,18,2022,5,1.33,-2.03,24.9,25.6,0,0,western
Sangli,2022-05-09,19,2022,5,1.43,4.64,25.6,29.0,0,0,western
Sangli,2022-05-16,20,2022,5,1.53,11.62,24.8,28.5,0,0,western
Sangli,2022-05-23,21,2022,5,2.29,64.1,25.3,20.7,0,0,western
Sangli,2022-05-30,22,2022,5,1.35,-0.69,27.0,31.3,0,0,western
Sangli,2022-06-06,23,2022,6,19.44,20.87,30.4,85.2,1,0,western
Sangli,2022-06-13,24,2022,6,23.72,47.3,28.2,92.1,1,0,western
Sangli,2022-06-20,25,2022,6,13.6,-15.29,29.6,74.7,1,0,western
Sangli,2022-06-27,26,2022,6,21.66,34.6,29.2,76.4,1,0,western
Sangli,2022-07-04,27,2022,7,11.34,-64.64,33.0,86.0,1,0,western
Sangli,2022-07-11,28,2022,7,51.64,59.94,28.6,83.0,1,0,western
Sangli,2022-07-18,29,2022,7,33.18,2.87,29.9,73.9,1,0,western
Sangli,2022-07-25,30,2022,7,51.25,58.74,30.8,78.1,1,0,western
Sangli,2022-08-01,31,2022,8,35.72,20.88,31.8,83.0,1,0,western
Sangli,2022-08-08,32,2022,8,10.4,-64.58,31.1,71.0,1,0,western
Sangli,2022-08-15,33,2022,8,34.46,16.62,29.7,71.8,1,0,western
Sangli,2022-08-22,34,2022,8,35.19,19.08,31.2,79.8,1,0,western
Sangli,2022-08-29,35,2022,8,19.48,-33.94,31.3,77.7,1,0,western
Sangli,2022-09-05,36,2022,9,13.46,-39.74,31.2,78.9,1,0,western
Sangli,2022-09-12,37,2022,9,21.32,-4.83,31.0,79.2,1,0,western
Sangli,2022-09-19,38,2022,9,20.22,-9.7,32.3,80.8,1,0,western
Sangli,2022-09-26,39,2022,9,28.9,28.86,32.2,77.1,1,0,western
Sangli,2022-10-03,40,2022,10,7.47,6.42,33.2,48.5,0,0,western
Sangli,2022-10-10,41,2022,10,10.92,54.93,31.0,54.4,0,0,western
Sangli,2022-10-17,42,2022,10,8.06,14.73,32.4,37.9,0,0,western
Sangli,2022-10-24,43,2022,10,8.96,27.29,31.4,55.1,0,0,western
Sangli,2022-10-31,44,2022,10,8.29,17.95,32.7,47.1,0,0,western
Sangli,2022-11-07,45,2022,11,0.9,-53.15,28.5,49.5,0,0,western
Sangli,2022-11-14,46,2022,11,1.62,-19.37,31.0,58.1,0,0,western
Sangli,2022-11-21,47,2022,11,2.71,31.72,29.7,51.5,0,0,western
Sangli,2022-11-28,48,2022,11,2.62,27.38,32.0,57.3,0,0,western
Sangli,2022-12-05,49,2022,12,0.66,37.18,29.0,57.6,0,0,western
Sangli,2022-12-12,50,2022,12,0.62,29.53,26.6,53.6,0,0,western
Sangli,2022-12-19,51,2022,12,0.35,-17.85,27.5,52.8,0,0,western
Sangli,2022-12-26,52,2022,12,0.49,6.38,28.2,45.6,0,0,western
Sangli,2023-01-02,1,2023,1,0.64,10.46,24.6,53.6,0,0,western
Sangli,2023-01-09,2,2023,1,0.66,14.34,26.8,47.0,0,0,western
Sangli,2023-01-16,3,2023,1,0.9,50.49,26.2,68.9,0,0,western
Sangli,2023-01-23,4,2023,1,0.5,-10.2,28.0,48.2,0,0,western
Sangli,2023-01-30,5,2023,1,0.87,46.16,26.6,44.5,0,0,western
Sangli,2023-02-06,6,2023,2,0.37,6.26,24.2,51.0,0,0,western
Sangli,2023-02-13,7,2023,2,0.52,40.76,23.8,57.5,0,0,western
Sangli,2023-02-20,8,2023,2,0.46,27.93,22.0,52.4,0,0,western
Sangli,2023-02-27,9,2023,2,0.42,18.98,23.1,48.3,0,0,western
Sangli,2023-03-06,10,2023,3,0.5,7.89,20.7,52.2,0,0,western
Sangli,2023-03-13,11,2023,3,0.16,-53.04,21.6,49.8,0,0,western
Sangli,2023-03-20,12,2023,3,0.28,-32.04,20.0,48.9,0,0,western
Sangli,2023-03-27,13,2023,3,0.39,-10.79,20.2,59.0,0,0,western
Sangli,2023-04-03,14,2023,4,0.91,29.87,21.5,26.7,0,0,western
Sangli,2023-04-10,15,2023,4,0.7,2.66,23.7,18.4,0,0,western
Sangli,2023-04-17,16,2023,4,0.94,33.61,22.0,25.2,0,0,western
Sangli,2023-04-24,17,2023,4,1.02,43.7,23.5,30.7,0,0,western
Sangli,2023-05-01,18,2023,5,2.06,48.41,25.7,23.0,0,0,western
Sangli,2023-05-08,19,2023,5,1.73,25.24,27.0,28.3,0,0,western
Sangli,2023-05-15,20,2023,5,2.23,59.91,25.6,27.0,0,0,western
Sangli,2023-05-22,21,2023,5,1.06,-20.4,24.9,29.1,0,0,western
Sangli,2023-05-29,22,2023,5,0.99,-24.92,25.9,27.8,0,0,western
Sangli,2023-06-05,23,2023,6,22.25,38.22,29.6,80.5,1,0,western
Sangli,2023-06-12,24,2023,6,31.15,93.24,28.6,86.7,1,0,western
Sangli,2023-06-19,25,2023,6,5.41,-65.9,28.9,76.1,1,0,western
Sangli,2023-06-26,26,2023,6,20.9,29.86,28.9,82.2,1,0,western
Sangli,2023-07-03,27,2023,7,46.32,43.47,30.6,72.1,1,0,western
Sangli,2023-07-10,28,2023,7,44.79,38.77,28.9,73.7,1,0,western
Sangli,2023-07-17,29,2023,7,43.46,34.63,30.6,73.1,1,0,western
Sangli,2023-07-24,30,2023,7,23.34,-27.56,30.5,76.9,1,0,western
Sangli,2023-07-31,31,2023,7,31.89,-1.13,31.2,77.8,1,0,western
Sangli,2023-08-07,32,2023,8,45.39,53.51,32.3,70.3,1,0,western
Sangli,2023-08-14,33,2023,8,15.98,-45.74,32.6,83.6,1,0,western
Sangli,2023-08-21,34,2023,8,41.01,38.71,30.6,85.2,1,0,western
Sangli,2023-08-28,35,2023,8,40.38,36.58,32.8,81.5,1,0,western
Sangli,2023-09-04,36,2023,9,23.21,3.56,32.1,77.0,1,0,western
Sangli,2023-09-11,37,2023,9,42.05,87.3,32.4,80.8,1,0,western
Sangli,2023-09-18,38,2023,9,26.68,19.0,30.5,73.5,1,0,western
Sangli,2023-09-25,39,2023,9,26.02,16.05,29.8,75.0,1,0,western
Sangli,2023-10-02,40,2023,10,8.86,25.86,31.3,53.9,0,0,western
Sangli,2023-10-09,41,2023,10,10.08,43.12,30.2,52.5,0,0,western
Sangli,2023-10-16,42,2023,10,7.29,3.91,30.6,48.8,0,0,western
Sangli,2023-10-23,43,2023,10,9.5,34.94,29.8,47.8,0,0,western
Sangli,2023-10-30,44,2023,10,7.33,4.39,32.3,49.2,0,0,western
Sangli,2023-11-06,45,2023,11,1.84,-9.28,29.9,59.1,0,0,western
Sangli,2023-11-13,46,2023,11,3.78,81.45,30.6,39.3,0,0,western
Sangli,2023-11-20,47,2023,11,3.02,46.1,29.1,54.1,0,0,western
Sangli,2023-11-27,48,2023,11,1.4,-29.91,29.0,51.7,0,0,western
Sangli,2023-12-04,49,2023,12,0.6,26.11,25.5,47.3,0,0,western
Sangli,2023-12-11,50,2023,12,0.67,39.63,27.5,46.5,0,0,western
Sangli,2023-12-18,51,2023,12,0.47,2.88,30.4,56.3,0,0,western
Sangli,2023-12-25,52,2023,12,0.59,24.82,28.3,55.5,0,0,western
Solapur,2019-01-07,2,2019,1,0.81,32.68,25.2,48.0,0,0,western
Solapur,2019-01-14,3,2019,1,0.61,2.98,27.1,56.4,0,0,western
Solapur,2019-01-21,4,2019,1,0.59,-0.46,25.1,56.2,0,0,western
Solapur,2019-01-28,5,2019,1,0.6,1.29,27.2,52.2,0,0,western
Solapur,2019-02-04,6,2019,2,0.47,24.74,22.3,59.4,0,0,western
Solapur,2019-02-11,7,2019,2,0.26,-20.83,23.9,47.4,0,0,western
Solapur,2019-02-18,8,2019,2,0.56,46.41,21.6,61.1,0,0,western
Solapur,2019-02-25,9,2019,2,0.62,58.1,24.2,56.0,0,0,western
Solapur,2019-03-04,10,2019,3,0.64,30.27,19.3,49.6,0,0,western
Solapur,2019-03-11,11,2019,3,0.61,23.67,21.6,55.6,0,0,western
Solapur,2019-03-18,12,2019,3,0.25,-38.96,20.9,49.5,0,0,western
Solapur,2019-03-25,13,2019,3,0.65,30.56,19.3,56.7,0,0,western
Solapur,2019-04-01,14,2019,4,0.97,32.5,23.0,22.6,0,0,western
Solapur,2019-04-08,15,2019,4,1.1,48.96,23.4,27.4,0,0,western
Solapur,2019-04-15,16,2019,4,0.84,16.52,21.6,31.4,0,0,western
Solapur,2019-04-22,17,2019,4,0.72,1.68,23.1,29.1,0,0,western
Solapur,2019-04-29,18,2019,4,0.37,-41.85,20.7,19.6,0,0,western
Solapur,2019-05-06,19,2019,5,1.2,-14.02,25.7,19.7,0,0,western
Solapur,2019-05-13,20,2019,5,0.91,-33.39,26.1,22.1,0,0,western
Solapur,2019-05-20,21,2019,5,1.25,-10.87,27.4,29.6,0,0,western
Solapur,2019-05-27,22,2019,5,0.78,-41.79,26.1,30.1,0,0,western
Solapur,2019-06-03,23,2019,6,24.1,43.84,29.2,80.5,1,0,western
Solapur,2019-06-10,24,2019,6,19.03,13.72,29.0,82.6,1,0,western
Solapur,2019-06-17,25,2019,6,17.93,7.16,27.6,77.3,1,0,western
Solapur,2019-06-24,26,2019,6,16.3,-2.53,28.3,68.1,1,0,western
Solapur,2019-07-01,27,2019,7,49.89,48.47,30.7,83.6,1,0,western
Solapur,2019-07-08,28,2019,7,25.98,-22.54,31.0,77.0,1,0,western
Solapur,2019-07-15,29,2019,7,38.97,16.05,31.1,82.1,1,0,western
Solapur,2019-07-22,30,2019,7,31.59,-5.87,29.8,79.6,1,0,western
Solapur,2019-07-29,31,2019,7,1.08,-96.5,31.3,79.6,1,0,western
Solapur,2019-08-05,32,2019,8,36.52,18.74,31.8,69.5,1,0,western
Solapur,2019-08-12,33,2019,8,31.87,3.67,31.9,79.0,1,0,western
Solapur,2019-08-19,34,2019,8,57.39,86.42,31.0,80.1,1,0,western
Solapur,2019-08-26,35,2019,8,18.65,-39.21,30.3,85.2,1,0,western
Solapur,2019-09-02,36,2019,9,23.02,-1.29,32.1,79.4,1,0,western
Solapur,2019-09-09,37,2019,9,37.88,62.17,31.9,74.8,1,0,western
Solapur,2019-09-16,38,2019,9,20.16,-13.51,32.2,82.0,1,0,western
Solapur,2019-09-23,39,2019,9,20.87,-10.48,31.1,81.7,1,0,western
Solapur,2019-09-30,40,2019,9,34.58,48.05,33.8,78.7,1,0,western
Solapur,2019-10-07,41,2019,10,9.29,26.78,32.1,41.3,0,0,western
Solapur,2019-10-14,42,2019,10,11.21,52.76,32.6,53.8,0,0,western
Solapur,2019-10-21,43,2019,10,8.91,21.66,31.8,62.6,0,0,western
Solapur,2019-10-28,44,2019,10,3.55,-50.63,31.0,52.2,0,0,western
Solapur,2019-11-04,45,2019,11,3.26,51.41,30.8,48.6,0,0,western
Solapur,2019-11-11,46,2019,11,1.75,-16.82,30.6,50.2,0,0,western
Solapur,2019-11-18,47,2019,11,3.93,81.32,30.7,48.5,0,0,western
Solapur,2019-11-25,48,2019,11,3.76,73.96,29.3,52.4,0,0,western
Solapur,2019-12-02,49,2019,12,0.42,-8.38,27.6,53.7,0,0,western
Solapur,2019-12-09,50,2019,12,0.68,37.21,29.3,47.9,0,0,western
Solapur,2019-12-16,51,2019,12,0.73,45.32,29.1,40.0,0,0,western
Solapur,2019-12-23,52,2019,12,0.66,32.2,29.9,52.7,0,0,western
Solapur,2019-12-30,1,2019,12,0.62,26.49,30.8,39.2,0,0,western
Solapur,2020-01-06,2,2020,1,0.65,8.27,24.9,57.7,0,0,western
Solapur,2020-01-13,3,2020,1,0.46,-18.56,26.5,44.0,0,0,western
Solapur,2020-01-20,4,2020,1,0.69,14.76,24.5,50.4,0,0,western
Solapur,2020-01-27,5,2020,1,0.78,27.35,26.8,50.6,0,0,western
Solapur,2020-02-03,6,2020,2,0.13,-48.45,22.9,49.4,0,0,western
Solapur,2020-02-10,7,2020,2,0.25,-23.02,22.2,50.1,0,0,western
Solapur,2020-02-17,8,2020,2,0.28,-15.26,25.4,46.4,0,0,western
Solapur,2020-02-24,9,2020,2,0.46,22.66,24.6,40.6,0,0,western
Solapur,2020-03-02,10,2020,3,0.28,-32.72,19.9,52.7,0,0,western
Solapur,2020-03-09,11,2020,3,0.17,-52.76,19.7,54.1,0,0,western
Solapur,2020-03-16,12,2020,3,0.17,-52.26,19.9,47.4,0,0,western
Solapur,2020-03-23,13,2020,3,0.38,-15.12,19.0,50.0,0,0,western
Solapur,2020-03-30,14,2020,3,0.35,-20.5,22.0,62.5,0,0,western
Solapur,2020-04-06,15,2020,4,1.14,54.08,20.3,31.1,0,0,western
Solapur,2020-04-13,16,2020,4,0.56,-18.27,21.8,35.3,0,0,western
Solapur,2020-04-20,17,2020,4,0.59,-13.88,24.2,33.1,0,0,western
Solapur,2020-04-27,18,2020,4,0.8,11.03,22.7,26.4,0,0,western
Solapur,2020-05-04,19,2020,5,1.3,-7.18,27.7,33.2,0,0,western
Solapur,2020-05-11,20,2020,5,1.14,-18.29,25.9,36.9,0,0,western
Solapur,2020-05-18,21,2020,5,0.65,-50.56,23.8,23.7,0,0,western
Solapur,2020-05-25,22,2020,5,2.3,58.89,24.6,23.4,0,0,western
Solapur,2020-06-01,23,2020,6,16.68,-0.25,28.7,83.8,1,0,western
Solapur,2020-06-08,24,2020,6,22.27,32.93,28.0,79.9,1,0,western
Solapur,2020-06-15,25,2020,6,16.15,-3.45,27.5,80.7,1,0,western
Solapur,2020-06-22,26,2020,6,15.65,-6.38,28.9,74.9,1,0,western
Solapur,2020-06-29,27,2020,6,22.2,32.56,27.2,73.9,1,0,western
Solapur,2020-07-06,28,2020,7,53.67,59.71,29.9,78.4,1,0,western
Solapur,2020-07-13,29,2020,7,27.77,-17.22,29.0,71.3,1,0,western
Solapur,2020-07-20,30,2020,7,24.24,-27.71,30.0,73.8,1,0,western
Solapur,2020-07-27,31,2020,7,34.96,4.12,31.5,79.5,1,0,western
Solapur,2020-08-03,32,2020,8,22.93,-25.33,32.8,81.0,1,0,western
Solapur,2020-08-10,33,2020,8,43.9,42.66,30.8,73.9,1,0,western
Solapur,2020-08-17,34,2020,8,35.99,17.02,31.6,79.1,1,0,western
Solapur,2020-08-24,35,2020,8,52.25,69.74,30.4,80.0,1,0,western
Solapur,2020-08-31,36,2020,8,29.29,-4.72,33.1,67.6,1,0,western
Solapur,2020-09-07,37,2020,9,17.21,-26.09,32.7,78.2,1,0,western
Solapur,2020-09-14,38,2020,9,21.86,-6.22,31.2,81.0,1,0,western
Solapur,2020-09-21,39,2020,9,30.49,30.62,34.0,78.6,1,0,western
Solapur,2020-09-28,40,2020,9,20.52,-11.95,32.3,73.9,1,0,western
Solapur,2020-10-05,41,2020,10,5.74,-21.05,30.5,54.0,0,0,western
Solapur,2020-10-12,42,2020,10,4.73,-34.74,31.7,52.4,0,0,western
Solapur,2020-10-19,43,2020,10,6.04,-17.09,33.5,56.4,0,0,western
Solapur,2020-10-26,44,2020,10,8.02,9.63,32.7,49.3,0,0,western
Solapur,2020-11-02,45,2020,11,1.33,-35.74,31.1,47.6,0,0,western
Solapur,2020-11-09,46,2020,11,1.41,-32.19,30.2,37.5,0,0,western
Solapur,2020-11-16,47,2020,11,1.33,-35.58,31.4,52.6,0,0,western
Solapur,2020-11-23,48,2020,11,2.33,9.48,31.2,47.5,0,0,western
Solapur,2020-11-30,49,2020,11,0.38,-78.58,30.5,50.7,0,0,western
Solapur,2020-12-07,50,2020,12,0.31,-27.53,27.8,57.4,0,0,western
Solapur,2020-12-14,51,2020,12,0.28,-33.7,29.1,55.6,0,0,western
Solapur,2020-12-21,52,2020,12,0.59,21.48,26.9,50.8,0,0,western
Solapur,2020-12-28,53,2020,12,0.83,62.87,31.7,62.0,0,0,western
Solapur,2021-01-04,1,2021,1,0.88,41.72,26.4,48.2,0,0,western
Solapur,2021-01-11,2,2021,1,0.38,-29.8,27.1,49.9,0,0,western
Solapur,2021-01-18,3,2021,1,0.43,-22.46,26.6,66.7,0,0,western
Solapur,2021-01-25,4,2021,1,0.83,34.55,25.5,55.3,0,0,western
Solapur,2021-02-01,5,2021,2,0.35,0.26,22.6,54.3,0,0,western
Solapur,2021-02-08,6,2021,2,0.24,-24.68,23.4,51.2,0,0,western
Solapur,2021-02-15,7,2021,2,0.43,16.19,22.4,59.7,0,0,western
Solapur,2021-02-22,8,2021,2,0.31,-10.03,22.6,53.8,0,0,western
Solapur,2021-03-01,9,2021,3,0.83,63.34,18.5,54.4,0,0,western
Solapur,2021-03-08,10,2021,3,0.54,12.47,22.7,55.3,0,0,western
Solapur,2021-03-15,11,2021,3,0.55,13.25,18.4,52.0,0,0,western
Solapur,2021-03-22,12,2021,3,0.57,16.56,17.1,51.5,0,0,western
Solapur,2021-03-29,13,2021,3,0.83,62.65,20.7,51.8,0,0,western
Solapur,2021-04-05,14,2021,4,0.86,18.44,22.6,24.6,0,0,western
Solapur,2021-04-12,15,2021,4,0.98,33.54,22.6,29.0,0,0,western
Solapur,2021-04-19,16,2021,4,1.05,42.99,21.2,20.7,0,0,western
Solapur,2021-04-26,17,2021,4,0.69,-1.65,22.6,23.7,0,0,western
Solapur,2021-05-03,18,2021,5,1.36,-3.81,25.0,24.3,0,0,western
Solapur,2021-05-10,19,2021,5,2.06,43.05,25.3,32.5,0,0,western
Solapur,2021-05-17,20,2021,5,2.31,59.35,26.6,20.9,0,0,western
Solapur,2021-05-24,21,2021,5,1.36,-3.33,26.8,36.1,0,0,western
Solapur,2021-05-31,22,2021,5,0.84,-37.9,27.0,23.4,0,0,western
Solapur,2021-06-07,23,2021,6,10.67,-36.0,29.3,71.2,1,0,western
Solapur,2021-06-14,24,2021,6,12.56,-24.77,31.4,69.6,1,0,western
Solapur,2021-06-21,25,2021,6,13.73,-17.8,28.4,74.4,1,0,western
Solapur,2021-06-28,26,2021,6,22.5,34.34,29.0,73.0,1,0,western
Solapur,2021-07-05,27,2021,7,66.59,98.09,28.5,76.5,1,0,western
Solapur,2021-07-12,28,2021,7,39.8,18.52,30.4,81.6,1,0,western
Solapur,2021-07-19,29,2021,7,50.28,49.64,30.3,83.4,1,0,western
Solapur,2021-07-26,30,2021,7,25.0,-25.43,30.6,82.6,1,0,western
Solapur,2021-08-02,31,2021,8,38.06,23.73,31.2,77.5,1,0,western
Solapur,2021-08-09,32,2021,8,40.3,30.98,31.8,81.8,1,0,western
Solapur,2021-08-16,33,2021,8,45.99,49.43,31.3,79.1,1,0,western
Solapur,2021-08-23,34,2021,8,34.0,10.55,29.5,84.6,1,0,western
Solapur,2021-08-30,35,2021,8,55.1,78.97,31.9,76.3,1,0,western
Solapur,2021-09-06,36,2021,9,24.38,4.52,33.7,74.3,1,0,western
Solapur,2021-09-13,37,2021,9,22.56,-3.25,29.4,81.1,1,0,western
Solapur,2021-09-20,38,2021,9,41.4,77.18,32.6,75.3,1,0,western
Solapur,2021-09-27,39,2021,9,13.7,-41.08,32.6,79.6,1,0,western
Solapur,2021-10-04,40,2021,10,7.43,1.74,31.4,55.2,0,0,western
Solapur,2021-10-11,41,2021,10,11.0,49.91,32.3,58.7,0,0,western
Solapur,2021-10-18,42,2021,10,9.7,32.42,32.4,50.1,0,0,western
Solapur,2021-10-25,43,2021,10,6.54,-10.28,32.2,54.2,0,0,western
Solapur,2021-11-01,44,2021,11,2.24,5.6,31.6,50.8,0,0,western
Solapur,2021-11-08,45,2021,11,1.19,-42.12,30.6,45.2,0,0,western
Solapur,2021-11-15,46,2021,11,0.29,-82.47,30.1,55.2,0,0,western
Solapur,2021-11-22,47,2021,11,2.32,8.87,30.5,50.3,0,0,western
Solapur,2021-11-29,48,2021,11,2.39,12.23,28.4,40.1,0,0,western
Solapur,2021-12-06,49,2021,12,0.61,23.92,27.8,45.1,0,0,western
Solapur,2021-12-13,50,2021,12,0.54,11.82,26.9,51.5,0,0,western
Solapur,2021-12-20,51,2021,12,0.14,-58.3,29.9,56.9,0,0,western
Solapur,2021-12-27,52,2021,12,0.43,-7.85,29.0,48.8,0,0,western
Solapur,2022-01-03,1,2022,1,1.1,74.31,24.2,57.6,0,0,western
Solapur,2022-01-10,2,2022,1,0.82,34.14,24.6,57.5,0,0,western
Solapur,2022-01-17,3,2022,1,0.54,-6.87,25.0,53.3,0,0,western
Solapur,2022-01-24,4,2022,1,0.59,-0.2,26.1,48.5,0,0,western
Solapur,2022-01-31,5,2022,1,0.64,6.86,27.2,46.8,0,0,western
Solapur,2022-02-07,6,2022,2,0.42,15.42,22.3,48.6,0,0,western
Solapur,2022-02-14,7,2022,2,0.68,72.17,24.9,48.9,0,0,western
Solapur,2022-02-21,8,2022,2,0.31,-9.16,22.1,56.1,0,0,western
Solapur,2022-02-28,9,2022,2,0.21,-30.7,23.6,63.9,0,0,western
Solapur,2022-03-07,10,2022,3,0.54,11.94,21.2,56.5,0,0,western
Solapur,2022-03-14,11,2022,3,0.43,-6.95,18.3,57.1,0,0,western
Solapur,2022-03-21,12,2022,3,0.68,35.83,22.3,52.0,0,0,western
Solapur,2022-03-28,13,2022,3,0.34,-22.58,20.1,48.4,0,0,western
Solapur,2022-04-04,14,2022,4,0.97,33.05,24.0,31.3,0,0,western
Solapur,2022-04-11,15,2022,4,0.6,-13.22,22.9,19.8,0,0,western
Solapur,2022-04-18,16,2022,4,0.53,-22.37,22.3,22.3,0,0,western
Solapur,2022-04-25,17,2022,4,0.64,-8.28,23.3,22.4,0,0,western
Solapur,2022-05-02,18,2022,5,1.02,-26.08,26.2,27.3,0,0,western
Solapur,2022-05-09,19,2022,5,1.73,20.62,27.1,31.0,0,0,western
Solapur,2022-05-16,20,2022,5,1.97,36.89,26.6,15.0,0,0,western
Solapur,2022-05-23,21,2022,5,1.1,-20.81,24.3,27.7,0,0,western
Solapur,2022-05-30,22,2022,5,1.33,-5.22,27.0,19.4,0,0,western
Solapur,2022-06-06,23,2022,6,10.01,-39.92,27.8,80.5,1,0,western
Solapur,2022-06-13,24,2022,6,15.78,-5.63,29.2,77.1,1,0,western
Solapur,2022-06-20,25,2022,6,18.19,8.72,28.7,67.1,1,0,western
Solapur,2022-06-27,26,2022,6,20.98,25.29,28.1,80.9,1,0,western
Solapur,2022-07-04,27,2022,7,56.8,69.0,31.9,77.5,1,0,western
Solapur,2022-07-11,28,2022,7,43.65,29.94,29.5,71.2,1,0,western
Solapur,2022-07-18,29,2022,7,24.35,-27.37,31.3,74.9,1,0,western
Solapur,2022-07-25,30,2022,7,36.17,7.72,30.3,90.3,1,0,western
Solapur,2022-08-01,31,2022,8,16.84,-45.07,31.4,80.8,1,0,western
Solapur,2022-08-08,32,2022,8,36.26,17.9,31.2,75.1,1,0,western
Solapur,2022-08-15,33,2022,8,43.71,42.04,30.2,78.9,1,0,western
Solapur,2022-08-22,34,2022,8,24.43,-20.47,30.7,75.4,1,0,western
Solapur,2022-08-29,35,2022,8,31.33,1.92,31.1,78.5,1,0,western
Solapur,2022-09-05,36,2022,9,30.46,30.48,32.6,78.4,1,0,western
Solapur,2022-09-12,37,2022,9,25.29,8.43,32.2,78.1,1,0,western
Solapur,2022-09-19,38,2022,9,27.17,16.44,30.1,71.2,1,0,western
Solapur,2022-09-26,39,2022,9,25.82,10.66,32.4,68.7,1,0,western
Solapur,2022-10-03,40,2022,10,8.8,20.22,30.6,54.2,0,0,western
Solapur,2022-10-10,41,2022,10,4.93,-32.03,33.9,53.6,0,0,western
Solapur,2022-10-17,42,2022,10,10.56,44.06,31.3,55.8,0,0,western
Solapur,2022-10-24,43,2022,10,9.26,26.45,30.9,50.6,0,0,western
Solapur,2022-10-31,44,2022,10,11.7,59.4,33.0,44.9,0,0,western
Solapur,2022-11-07,45,2022,11,3.05,41.68,30.0,50.8,0,0,western
Solapur,2022-11-14,46,2022,11,2.03,-3.89,31.4,58.1,0,0,western
Solapur,2022-11-21,47,2022,11,2.86,33.15,30.3,52.4,0,0,western
Solapur,2022-11-28,48,2022,11,2.05,-2.97,28.9,53.1,0,0,western
Solapur,2022-12-05,49,2022,12,0.71,42.61,29.7,50.2,0,0,western
Solapur,2022-12-12,50,2022,12,0.48,0.93,28.6,51.7,0,0,western
Solapur,2022-12-19,51,2022,12,0.43,-8.04,29.0,48.0,0,0,western
Solapur,2022-12-26,52,2022,12,0.57,16.7,30.1,49.0,0,0,western
Solapur,2023-01-02,1,2023,1,0.72,19.4,26.3,55.5,0,0,western
Solapur,2023-01-09,2,2023,1,0.55,-4.94,24.1,61.9,0,0,western
Solapur,2023-01-16,3,2023,1,0.84,36.64,25.0,43.5,0,0,western
Solapur,2023-01-23,4,2023,1,0.59,-0.56,26.4,47.0,0,0,western
Solapur,2023-01-30,5,2023,1,0.76,24.76,26.1,53.1,0,0,western
Solapur,2023-02-06,6,2023,2,0.64,63.5,24.7,47.3,0,0,western
Solapur,2023-02-13,7,2023,2,0.27,-17.3,22.0,48.9,0,0,western
Solapur,2023-02-20,8,2023,2,0.53,38.07,22.8,50.4,0,0,western
Solapur,2023-02-27,9,2023,2,0.59,52.03,23.4,54.6,0,0,western
Solapur,2023-03-06,10,2023,3,0.33,-25.49,19.9,49.5,0,0,western
Solapur,2023-03-13,11,2023,3,0.35,-21.57,19.6,48.3,0,0,western
Solapur,2023-03-20,12,2023,3,0.66,33.18,20.0,51.7,0,0,western
Solapur,2023-03-27,13,2023,3,0.31,-28.49,21.0,43.5,0,0,western
Solapur,2023-04-03,14,2023,4,0.68,-3.1,22.7,30.4,0,0,western
Solapur,2023-04-10,15,2023,4,0.76,6.15,22.0,32.4,0,0,western
Solapur,2023-04-17,16,2023,4,0.41,-36.89,23.9,30.4,0,0,western
Solapur,2023-04-24,17,2023,4,0.78,8.87,23.2,25.9,0,0,western
Solapur,2023-05-01,18,2023,5,1.18,-15.73,24.6,22.7,0,0,western
Solapur,2023-05-08,19,2023,5,1.04,-24.78,27.1,31.3,0,0,western
Solapur,2023-05-15,20,2023,5,1.54,8.39,23.1,24.9,0,0,western
Solapur,2023-05-22,21,2023,5,1.96,36.08,26.0,23.2,0,0,western
Solapur,2023-05-29,22,2023,5,1.46,3.38,26.9,37.7,0,0,western
Solapur,2023-06-05,23,2023,6,26.13,55.87,28.1,72.8,1,0,western
Solapur,2023-06-12,24,2023,6,16.03,-4.12,30.0,77.3,1,0,western
Solapur,2023-06-19,25,2023,6,5.69,-65.61,26.1,72.9,1,0,western
Solapur,2023-06-26,26,2023,6,2.73,-83.18,29.5,89.3,1,0,western
Solapur,2023-07-03,27,2023,7,50.42,50.04,31.6,82.7,1,0,western
Solapur,2023-07-10,28,2023,7,25.01,-25.42,30.2,78.1,1,0,western
Solapur,2023-07-17,29,2023,7,59.96,78.39,29.6,81.4,1,0,western
Solapur,2023-07-24,30,2023,7,30.75,-8.36,28.9,72.4,1,0,western
Solapur,2023-07-31,31,2023,7,20.15,-39.86,30.3,81.8,1,0,western
Solapur,2023-08-07,32,2023,8,63.71,106.91,32.5,73.8,1,0,western
Solapur,2023-08-14,33,2023,8,47.59,54.64,32.6,77.2,1,0,western
Solapur,2023-08-21,34,2023,8,25.08,-18.35,29.5,73.9,1,0,western
Solapur,2023-08-28,35,2023,8,37.25,21.1,33.3,74.0,1,0,western
Solapur,2023-09-04,36,2023,9,28.6,22.53,32.6,74.5,1,0,western
Solapur,2023-09-11,37,2023,9,17.31,-25.66,32.0,72.7,1,0,western
Solapur,2023-09-18,38,2023,9,14.92,-35.89,33.8,75.0,1,0,western
Solapur,2023-09-25,39,2023,9,31.4,34.48,32.3,71.9,1,0,western
Solapur,2023-10-02,40,2023,10,9.26,26.38,32.0,52.7,0,0,western
Solapur,2023-10-09,41,2023,10,8.68,18.55,32.2,54.2,0,0,western
Solapur,2023-10-16,42,2023,10,10.18,38.87,30.1,43.3,0,0,western
Solapur,2023-10-23,43,2023,10,7.2,-1.32,31.5,55.9,0,0,western
Solapur,2023-10-30,44,2023,10,13.64,85.56,30.7,57.9,0,0,western
Solapur,2023-11-06,45,2023,11,2.55,19.53,29.6,53.9,0,0,western
Solapur,2023-11-13,46,2023,11,2.77,29.47,30.7,58.9,0,0,western
Solapur,2023-11-20,47,2023,11,2.07,-2.29,30.8,43.3,0,0,western
Solapur,2023-11-27,48,2023,11,1.36,-34.07,30.3,48.0,0,0,western
Solapur,2023-12-04,49,2023,12,0.76,50.61,29.5,54.3,0,0,western
Solapur,2023-12-11,50,2023,12,0.53,11.17,27.3,37.0,0,0,western
Solapur,2023-12-18,51,2023,12,0.42,-8.9,28.9,46.2,0,0,western
Solapur,2023-12-25,52,2023,12,0.79,55.9,28.6,55.3,0,0,western
Kolhapur,2019-01-07,2,2019,1,1.96,56.6,24.8,50.6,0,0,western
Kolhapur,2019-01-14,3,2019,1,1.62,31.11,24.1,53.8,0,0,western
Kolhapur,2019-01-21,4,2019,1,1.86,49.4,26.7,53.4,0,0,western
Kolhapur,2019-01-28,5,2019,1,0.75,-35.57,25.9,45.4,0,0,western
Kolhapur,2019-02-04,6,2019,2,0.8,8.18,23.1,48.2,0,0,western
Kolhapur,2019-02-11,7,2019,2,1.15,50.62,21.4,64.1,0,0,western
Kolhapur,2019-02-18,8,2019,2,1.0,32.72,24.1,52.4,0,0,western
Kolhapur,2019-02-25,9,2019,2,0.4,-38.97,22.3,50.2,0,0,western
Kolhapur,2019-03-04,10,2019,3,1.02,4.5,19.1,60.1,0,0,western
Kolhapur,2019-03-11,11,2019,3,0.75,-20.51,19.6,46.9,0,0,western
Kolhapur,2019-03-18,12,2019,3,1.01,4.06,17.6,49.3,0,0,western
Kolhapur,2019-03-25,13,2019,3,1.44,43.6,20.1,44.4,0,0,western
Kolhapur,2019-04-01,14,2019,4,1.76,19.37,23.7,29.3,0,0,western
Kolhapur,2019-04-08,15,2019,4,1.79,21.87,24.9,33.8,0,0,western
Kolhapur,2019-04-15,16,2019,4,1.24,-13.77,22.4,23.9,0,0,western
Kolhapur,2019-04-22,17,2019,4,1.7,15.85,23.9,20.8,0,0,western
Kolhapur,2019-04-29,18,2019,4,1.75,19.19,22.2,22.4,0,0,western
Kolhapur,2019-05-06,19,2019,5,3.36,15.08,28.2,28.0,0,0,western
Kolhapur,2019-05-13,20,2019,5,4.25,44.61,26.2,27.3,0,0,western
Kolhapur,2019-05-20,21,2019,5,3.75,28.0,25.3,20.4,0,0,western
Kolhapur,2019-05-27,22,2019,5,1.89,-33.84,25.8,29.7,0,0,western
Kolhapur,2019-06-03,23,2019,6,41.02,19.08,27.7,77.8,1,0,western
Kolhapur,2019-06-10,24,2019,6,31.84,-7.52,26.9,68.7,1,0,western
Kolhapur,2019-06-17,25,2019,6,34.07,-1.06,29.4,77.5,1,0,western
Kolhapur,2019-06-24,26,2019,6,20.84,-39.37,29.8,74.0,1,0,western
Kolhapur,2019-07-01,27,2019,7,20.07,-70.86,30.2,83.3,1,0,western
Kolhapur,2019-07-08,28,2019,7,80.52,16.49,29.0,72.8,1,0,western
Kolhapur,2019-07-15,29,2019,7,103.29,49.38,29.6,71.2,1,0,western
Kolhapur,2019-07-22,30,2019,7,48.16,-30.27,29.9,84.3,1,0,western
Kolhapur,2019-07-29,31,2019,7,92.58,33.91,30.5,90.0,1,0,western
Kolhapur,2019-08-05,32,2019,8,82.02,29.54,34.8,75.7,1,0,western
Kolhapur,2019-08-12,33,2019,8,70.09,10.73,30.6,78.4,1,0,western
Kolhapur,2019-08-19,34,2019,8,65.59,3.63,35.3,76.6,1,0,western
Kolhapur,2019-08-26,35,2019,8,94.95,49.94,31.5,81.1,1,0,western
Kolhapur,2019-09-02,36,2019,9,59.02,22.88,32.5,77.9,1,0,western
Kolhapur,2019-09-09,37,2019,9,24.89,-48.07,33.1,68.5,1,0,western
Kolhapur,2019-09-16,38,2019,9,77.87,62.05,32.6,79.3,1,0,western
Kolhapur,2019-09-23,39,2019,9,54.15,12.75,33.6,84.6,1,0,western
Kolhapur,2019-09-30,40,2019,9,27.87,-41.87,29.2,80.9,1,0,western
Kolhapur,2019-10-07,41,2019,10,16.79,11.59,30.8,52.6,0,0,western
Kolhapur,2019-10-14,42,2019,10,11.57,-22.91,32.2,47.8,0,0,western
Kolhapur,2019-10-21,43,2019,10,15.95,6.05,32.2,48.9,0,0,western
Kolhapur,2019-10-28,44,2019,10,14.39,-4.27,31.4,53.3,0,0,western
Kolhapur,2019-11-04,45,2019,11,6.95,57.91,29.9,55.6,0,0,western
Kolhapur,2019-11-11,46,2019,11,5.72,30.42,30.7,56.3,0,0,western
Kolhapur,2019-11-18,47,2019,11,7.24,64.5,30.5,55.4,0,0,western
Kolhapur,2019-11-25,48,2019,11,4.02,-7.83,30.0,46.8,0,0,western
Kolhapur,2019-12-02,49,2019,12,0.98,1.07,28.8,51.9,0,0,western
Kolhapur,2019-12-09,50,2019,12,1.01,3.34,28.2,51.3,0,0,western
Kolhapur,2019-12-16,51,2019,12,1.04,6.87,30.3,51.8,0,0,western
Kolhapur,2019-12-23,52,2019,12,0.74,-21.91,30.7,51.7,0,0,western
Kolhapur,2019-12-30,1,2019,12,1.03,5.64,27.4,48.2,0,0,western
Kolhapur,2020-01-06,2,2020,1,1.75,41.17,24.9,48.2,0,0,western
Kolhapur,2020-01-13,3,2020,1,1.33,9.17,24.1,57.1,0,0,western
Kolhapur,2020-01-20,4,2020,1,1.34,9.58,25.8,53.9,0,0,western
Kolhapur,2020-01-27,5,2020,1,1.74,40.46,27.0,56.4,0,0,western
Kolhapur,2020-02-03,6,2020,2,0.78,6.77,22.9,51.5,0,0,western
Kolhapur,2020-02-10,7,2020,2,0.7,-3.19,23.9,49.9,0,0,western
Kolhapur,2020-02-17,8,2020,2,0.78,6.34,22.8,53.2,0,0,western
Kolhapur,2020-02-24,9,2020,2,0.67,-7.13,23.6,53.8,0,0,western
Kolhapur,2020-03-02,10,2020,3,0.86,-10.05,19.0,58.8,0,0,western
Kolhapur,2020-03-09,11,2020,3,0.71,-24.41,21.4,46.1,0,0,western
Kolhapur,2020-03-16,12,2020,3,0.49,-45.02,21.3,60.7,0,0,western
Kolhapur,2020-03-23,13,2020,3,1.06,8.55,18.3,57.7,0,0,western
Kolhapur,2020-03-30,14,2020,3,0.55,-39.6,18.7,52.8,0,0,western
Kolhapur,2020-04-06,15,2020,4,1.04,-26.56,24.1,30.6,0,0,western
Kolhapur,2020-04-13,16,2020,4,1.12,-21.43,23.9,39.2,0,0,western
Kolhapur,2020-04-20,17,2020,4,1.15,-19.36,23.5,31.1,0,0,western
Kolhapur,2020-04-27,18,2020,4,1.59,8.41,25.6,33.8,0,0,western
Kolhapur,2020-05-04,19,2020,5,1.59,-43.77,24.9,27.4,0,0,western
Kolhapur,2020-05-11,20,2020,5,3.19,9.2,27.2,33.1,0,0,western
Kolhapur,2020-05-18,21,2020,5,2.57,-11.18,26.7,36.0,0,0,western
Kolhapur,2020-05-25,22,2020,5,3.13,7.46,26.5,32.9,0,0,western
Kolhapur,2020-06-01,23,2020,6,33.48,-2.75,29.3,87.4,1,0,western
Kolhapur,2020-06-08,24,2020,6,16.8,-51.05,28.3,75.1,1,0,western
Kolhapur,2020-06-15,25,2020,6,22.73,-33.89,27.8,67.4,1,0,western
Kolhapur,2020-06-22,26,2020,6,25.51,-25.85,29.8,71.9,1,0,western
Kolhapur,2020-06-29,27,2020,6,9.95,-70.9,27.8,74.2,1,0,western
Kolhapur,2020-07-06,28,2020,7,82.08,18.73,32.5,89.1,1,0,western
Kolhapur,2020-07-13,29,2020,7,43.73,-36.68,31.1,77.9,1,0,western
Kolhapur,2020-07-20,30,2020,7,71.65,3.68,31.1,77.7,1,0,western
Kolhapur,2020-07-27,31,2020,7,38.7,-43.94,29.5,79.1,1,0,western
Kolhapur,2020-08-03,32,2020,8,64.6,2.06,30.9,76.9,1,0,western
Kolhapur,2020-08-10,33,2020,8,82.22,29.86,31.6,80.3,1,0,western
Kolhapur,2020-08-17,34,2020,8,89.64,41.57,31.8,75.7,1,0,western
Kolhapur,2020-08-24,35,2020,8,45.55,-27.98,32.4,70.5,1,0,western
Kolhapur,2020-08-31,36,2020,8,89.69,41.64,33.0,71.3,1,0,western
Kolhapur,2020-09-07,37,2020,9,34.2,-28.71,31.4,80.7,1,0,western
Kolhapur,2020-09-14,38,2020,9,30.1,-37.23,29.1,84.1,1,0,western
Kolhapur,2020-09-21,39,2020,9,4.27,-90.92,34.0,76.1,1,0,western
Kolhapur,2020-09-28,40,2020,9,42.46,-11.54,31.7,75.8,1,0,western
Kolhapur,2020-10-05,41,2020,10,13.76,-8.45,31.3,47.8,0,0,western
Kolhapur,2020-10-12,42,2020,10,16.6,10.35,31.3,61.9,0,0,western
Kolhapur,2020-10-19,43,2020,10,8.73,-41.68,32.2,49.3,0,0,western
Kolhapur,2020-10-26,44,2020,10,10.08,-32.72,31.6,55.2,0,0,western
Kolhapur,2020-11-02,45,2020,11,5.11,16.67,30.2,59.9,0,0,western
Kolhapur,2020-11-09,46,2020,11,5.16,17.76,30.7,55.5,0,0,western
Kolhapur,2020-11-16,47,2020,11,2.35,-45.12,31.8,45.5,0,0,western
Kolhapur,2020-11-23,48,2020,11,4.55,4.16,30.3,44.8,0,0,western
Kolhapur,2020-11-30,49,2020,11,2.02,-52.56,30.4,51.5,0,0,western
Kolhapur,2020-12-07,50,2020,12,0.61,-33.79,28.0,44.6,0,0,western
Kolhapur,2020-12-14,51,2020,12,0.37,-55.73,28.1,42.8,0,0,western
Kolhapur,2020-12-21,52,2020,12,0.79,-16.87,29.0,51.0,0,0,western
Kolhapur,2020-12-28,53,2020,12,1.03,5.31,27.6,41.9,0,0,western
Kolhapur,2021-01-04,1,2021,1,1.73,39.25,25.6,46.4,0,0,western
Kolhapur,2021-01-11,2,2021,1,1.34,10.04,25.0,55.9,0,0,western
Kolhapur,2021-01-18,3,2021,1,1.09,-9.59,24.9,51.7,0,0,western
Kolhapur,2021-01-25,4,2021,1,1.51,22.34,25.7,41.8,0,0,western
Kolhapur,2021-02-01,5,2021,2,0.48,-29.37,23.3,46.2,0,0,western
Kolhapur,2021-02-08,6,2021,2,1.03,36.45,20.3,49.4,0,0,western
Kolhapur,2021-02-15,7,2021,2,0.58,-17.34,21.3,44.1,0,0,western
Kolhapur,2021-02-22,8,2021,2,0.82,10.87,22.2,48.7,0,0,western
Kolhapur,2021-03-01,9,2021,3,0.79,-16.41,21.0,51.7,0,0,western
Kolhapur,2021-03-08,10,2021,3,1.06,8.57,20.7,52.0,0,0,western
Kolhapur,2021-03-15,11,2021,3,0.93,-4.17,20.3,60.1,0,0,western
Kolhapur,2021-03-22,12,2021,3,1.09,11.57,20.5,57.6,0,0,western
Kolhapur,2021-03-29,13,2021,3,1.23,24.29,21.1,50.6,0,0,western
Kolhapur,2021-04-05,14,2021,4,0.6,-55.24,21.5,30.6,0,0,western
Kolhapur,2021-04-12,15,2021,4,2.67,78.4,22.2,35.7,0,0,western
Kolhapur,2021-04-19,16,2021,4,1.24,-14.09,22.6,27.7,0,0,western
Kolhapur,2021-04-26,17,2021,4,2.02,36.55,23.7,27.5,0,0,western
Kolhapur,2021-05-03,18,2021,5,6.1,106.08,26.3,24.7,0,0,western
Kolhapur,2021-05-10,19,2021,5,5.42,83.32,26.3,34.4,0,0,western
Kolhapur,2021-05-17,20,2021,5,1.94,-32.18,26.2,26.4,0,0,western
Kolhapur,2021-05-24,21,2021,5,3.06,5.15,26.2,33.6,0,0,western
Kolhapur,2021-05-31,22,2021,5,3.45,18.01,27.7,21.8,0,0,western
Kolhapur,2021-06-07,23,2021,6,46.5,34.95,29.1,66.1,1,0,western
Kolhapur,2021-06-14,24,2021,6,48.5,40.73,28.2,80.1,1,0,western
Kolhapur,2021-06-21,25,2021,6,57.02,65.4,28.8,76.6,1,0,western
Kolhapur,2021-06-28,26,2021,6,24.5,-28.75,28.4,85.2,1,0,western
Kolhapur,2021-07-05,27,2021,7,10.9,-84.1,31.8,81.1,1,0,western
Kolhapur,2021-07-12,28,2021,7,84.34,22.0,31.1,83.7,1,0,western
Kolhapur,2021-07-19,29,2021,7,75.1,8.66,30.5,78.0,1,0,western
Kolhapur,2021-07-26,30,2021,7,123.04,77.93,30.4,78.7,1,0,western
Kolhapur,2021-08-02,31,2021,8,99.28,56.78,32.2,79.1,1,0,western
Kolhapur,2021-08-09,32,2021,8,49.13,-22.34,31.1,79.8,1,0,western
Kolhapur,2021-08-16,33,2021,8,81.3,28.41,31.4,81.5,1,0,western
Kolhapur,2021-08-23,34,2021,8,126.37,99.51,31.7,81.3,1,0,western
Kolhapur,2021-08-30,35,2021,8,74.05,16.97,30.2,76.5,1,0,western
Kolhapur,2021-09-06,36,2021,9,62.8,30.74,31.9,78.5,1,0,western
Kolhapur,2021-09-13,37,2021,9,30.54,-36.32,31.4,69.9,1,0,western
Kolhapur,2021-09-20,38,2021,9,64.64,34.56,32.0,77.1,1,0,western
Kolhapur,2021-09-27,39,2021,9,34.13,-28.85,31.8,85.3,1,0,western
Kolhapur,2021-10-04,40,2021,10,15.76,4.82,31.7,53.0,0,0,western
Kolhapur,2021-10-11,41,2021,10,10.6,-29.27,29.8,44.9,0,0,western
Kolhapur,2021-10-18,42,2021,10,20.68,37.28,33.1,60.7,0,0,western
Kolhapur,2021-10-25,43,2021,10,17.91,19.02,32.9,50.0,0,0,western
Kolhapur,2021-11-01,44,2021,11,3.57,-17.9,29.4,49.8,0,0,western
Kolhapur,2021-11-08,45,2021,11,5.36,22.19,30.3,55.1,0,0,western
Kolhapur,2021-11-15,46,2021,11,5.11,16.79,31.5,48.8,0,0,western
Kolhapur,2021-11-22,47,2021,11,4.79,9.51,32.4,41.7,0,0,western
Kolhapur,2021-11-29,48,2021,11,9.13,106.78,31.0,67.2,0,0,western
Kolhapur,2021-12-06,49,2021,12,1.67,65.06,28.2,45.7,0,0,western
Kolhapur,2021-12-13,50,2021,12,1.73,71.02,26.5,54.4,0,0,western
Kolhapur,2021-12-20,51,2021,12,0.88,-8.15,29.6,44.0,0,0,western
Kolhapur,2021-12-27,52,2021,12,1.47,46.29,29.1,53.1,0,0,western
Kolhapur,2022-01-03,1,2022,1,1.47,19.87,26.3,48.2,0,0,western
Kolhapur,2022-01-10,2,2022,1,0.79,-32.19,25.9,62.2,0,0,western
Kolhapur,2022-01-17,3,2022,1,1.55,25.88,25.1,55.6,0,0,western
Kolhapur,2022-01-24,4,2022,1,1.19,-1.9,25.0,58.1,0,0,western
Kolhapur,2022-01-31,5,2022,1,1.61,30.54,26.0,59.5,0,0,western
Kolhapur,2022-02-07,6,2022,2,0.91,22.38,23.4,43.1,0,0,western
Kolhapur,2022-02-14,7,2022,2,1.11,46.78,21.2,52.9,0,0,western
Kolhapur,2022-02-21,8,2022,2,0.86,16.48,22.5,46.5,0,0,western
Kolhapur,2022-02-28,9,2022,2,0.82,11.06,23.8,48.6,0,0,western
Kolhapur,2022-03-07,10,2022,3,0.85,-10.99,18.6,43.8,0,0,western
Kolhapur,2022-03-14,11,2022,3,1.0,2.46,19.1,55.3,0,0,western
Kolhapur,2022-03-21,12,2022,3,1.28,28.58,20.7,48.4,0,0,western
Kolhapur,2022-03-28,13,2022,3,1.37,37.4,18.9,56.1,0,0,western
Kolhapur,2022-04-04,14,2022,4,1.82,23.75,23.9,21.0,0,0,western
Kolhapur,2022-04-11,15,2022,4,2.21,48.3,23.3,27.9,0,0,western
Kolhapur,2022-04-18,16,2022,4,1.09,-23.66,22.4,27.0,0,0,western
Kolhapur,2022-04-25,17,2022,4,1.47,0.8,25.1,27.7,0,0,western
Kolhapur,2022-05-02,18,2022,5,2.83,-2.54,25.7,29.9,0,0,western
Kolhapur,2022-05-09,19,2022,5,3.38,15.52,24.7,37.2,0,0,western
Kolhapur,2022-05-16,20,2022,5,2.9,-0.3,24.4,24.8,0,0,western
Kolhapur,2022-05-23,21,2022,5,3.1,6.3,28.0,26.8,0,0,western
Kolhapur,2022-05-30,22,2022,5,2.28,-20.99,25.6,27.4,0,0,western
Kolhapur,2022-06-06,23,2022,6,35.4,2.79,26.4,73.0,1,0,western
Kolhapur,2022-06-13,24,2022,6,47.0,36.38,29.0,79.7,1,0,western
Kolhapur,2022-06-20,25,2022,6,29.95,-12.98,26.7,78.5,1,0,western
Kolhapur,2022-06-27,26,2022,6,42.19,22.45,30.7,73.8,1,0,western
Kolhapur,2022-07-04,27,2022,7,90.31,30.62,31.1,68.8,1,0,western
Kolhapur,2022-07-11,28,2022,7,82.2,18.91,29.4,80.8,1,0,western
Kolhapur,2022-07-18,29,2022,7,92.5,33.79,29.6,80.0,1,0,western
Kolhapur,2022-07-25,30,2022,7,119.89,73.37,30.8,76.4,1,0,western
Kolhapur,2022-08-01,31,2022,8,72.98,15.29,30.9,73.8,1,0,western
Kolhapur,2022-08-08,32,2022,8,90.55,43.0,31.4,81.1,1,0,western
Kolhapur,2022-08-15,33,2022,8,57.62,-8.95,32.7,80.8,1,0,western
Kolhapur,2022-08-22,34,2022,8,106.72,68.51,31.8,77.9,1,0,western
Kolhapur,2022-08-29,35,2022,8,60.58,-4.28,31.9,77.9,1,0,western
Kolhapur,2022-09-05,36,2022,9,59.13,23.1,31.0,79.5,1,0,western
Kolhapur,2022-09-12,37,2022,9,51.6,7.46,32.4,68.7,1,0,western
Kolhapur,2022-09-19,38,2022,9,45.7,-4.8,33.6,75.1,1,0,western
Kolhapur,2022-09-26,39,2022,9,47.41,-1.25,31.4,71.8,1,0,western
Kolhapur,2022-10-03,40,2022,10,12.15,-19.07,30.9,55.0,0,0,western
Kolhapur,2022-10-10,41,2022,10,15.03,-0.06,32.6,52.9,0,0,western
Kolhapur,2022-10-17,42,2022,10,12.28,-18.19,28.7,60.9,0,0,western
Kolhapur,2022-10-24,43,2022,10,19.18,27.42,30.8,58.6,0,0,western
Kolhapur,2022-10-31,44,2022,10,16.65,10.64,31.4,62.3,0,0,western
Kolhapur,2022-11-07,45,2022,11,5.56,26.71,32.1,59.2,0,0,western
Kolhapur,2022-11-14,46,2022,11,4.11,-5.7,29.6,56.8,0,0,western
Kolhapur,2022-11-21,47,2022,11,6.04,37.52,30.7,54.4,0,0,western
Kolhapur,2022-11-28,48,2022,11,4.26,-2.28,29.7,48.4,0,0,western
Kolhapur,2022-12-05,49,2022,12,1.52,50.97,31.4,50.4,0,0,western
Kolhapur,2022-12-12,50,2022,12,1.2,21.63,28.6,54.6,0,0,western
Kolhapur,2022-12-19,51,2022,12,0.84,-11.86,28.5,47.6,0,0,western
Kolhapur,2022-12-26,52,2022,12,1.03,5.43,28.9,60.9,0,0,western
Kolhapur,2023-01-02,1,2023,1,1.2,-1.0,26.6,61.9,0,0,western
Kolhapur,2023-01-09,2,2023,1,1.43,16.85,23.4,44.1,0,0,western
Kolhapur,2023-01-16,3,2023,1,1.54,25.23,25.6,49.4,0,0,western
Kolhapur,2023-01-23,4,2023,1,2.33,85.28,26.3,54.4,0,0,western
Kolhapur,2023-01-30,5,2023,1,1.68,35.74,25.3,54.4,0,0,western
Kolhapur,2023-02-06,6,2023,2,0.65,-9.44,23.1,50.0,0,0,western
Kolhapur,2023-02-13,7,2023,2,0.54,-22.59,22.8,50.9,0,0,western
Kolhapur,2023-02-20,8,2023,2,0.69,-4.36,23.1,44.9,0,0,western
Kolhapur,2023-02-27,9,2023,2,0.16,-68.36,20.0,51.3,0,0,western
Kolhapur,2023-03-06,10,2023,3,1.31,31.98,20.3,57.7,0,0,western
Kolhapur,2023-03-13,11,2023,3,1.3,30.46,19.6,49.0,0,0,western
Kolhapur,2023-03-20,12,2023,3,1.59,57.52,22.7,53.3,0,0,western
Kolhapur,2023-03-27,13,2023,3,1.37,37.61,18.5,43.9,0,0,western
Kolhapur,2023-04-03,14,2023,4,2.42,62.28,21.2,32.0,0,0,western
Kolhapur,2023-04-10,15,2023,4,2.69,79.53,25.1,27.0,0,0,western
Kolhapur,2023-04-17,16,2023,4,1.51,3.49,23.4,22.5,0,0,western
Kolhapur,2023-04-24,17,2023,4,1.66,13.46,24.4,39.3,0,0,western
Kolhapur,2023-05-01,18,2023,5,4.62,56.89,27.4,35.4,0,0,western
Kolhapur,2023-05-08,19,2023,5,1.19,-57.14,26.1,20.5,0,0,western
Kolhapur,2023-05-15,20,2023,5,2.33,-19.27,25.8,35.6,0,0,western
Kolhapur,2023-05-22,21,2023,5,3.12,6.87,25.3,27.4,0,0,western
Kolhapur,2023-05-29,22,2023,5,3.38,15.77,24.2,34.1,0,0,western
Kolhapur,2023-06-05,23,2023,6,38.5,11.76,27.5,82.5,1,0,western
Kolhapur,2023-06-12,24,2023,6,28.78,-16.38,29.3,78.1,1,0,western
Kolhapur,2023-06-19,25,2023,6,22.49,-34.58,29.2,70.5,1,0,western
Kolhapur,2023-06-26,26,2023,6,38.78,12.59,26.7,81.9,1,0,western
Kolhapur,2023-07-03,27,2023,7,60.53,-12.39,30.4,82.3,1,0,western
Kolhapur,2023-07-10,28,2023,7,51.12,-25.99,29.3,71.8,1,0,western
Kolhapur,2023-07-17,29,2023,7,54.77,-20.72,31.8,78.4,1,0,western
Kolhapur,2023-07-24,30,2023,7,71.34,3.22,29.1,75.7,1,0,western
Kolhapur,2023-07-31,31,2023,7,72.1,4.31,29.4,79.8,1,0,western
Kolhapur,2023-08-07,32,2023,8,54.59,-13.73,29.9,71.8,1,0,western
Kolhapur,2023-08-14,33,2023,8,63.61,0.51,33.2,85.2,1,0,western
Kolhapur,2023-08-21,34,2023,8,41.6,-34.21,30.4,66.8,1,0,western
Kolhapur,2023-08-28,35,2023,8,70.35,11.13,30.7,79.3,1,0,western
Kolhapur,2023-09-04,36,2023,9,41.11,-14.35,33.1,79.9,1,0,western
Kolhapur,2023-09-11,37,2023,9,53.13,10.64,31.0,89.1,1,0,western
Kolhapur,2023-09-18,38,2023,9,56.48,17.59,31.6,79.1,1,0,western
Kolhapur,2023-09-25,39,2023,9,23.7,-50.53,31.2,81.4,1,0,western
Kolhapur,2023-10-02,40,2023,10,22.14,46.92,32.2,41.1,0,0,western
Kolhapur,2023-10-09,41,2023,10,16.76,11.37,30.5,54.3,0,0,western
Kolhapur,2023-10-16,42,2023,10,18.5,22.87,32.5,50.1,0,0,western
Kolhapur,2023-10-23,43,2023,10,18.17,20.73,33.3,59.7,0,0,western
Kolhapur,2023-10-30,44,2023,10,22.95,52.3,29.5,49.7,0,0,western
Kolhapur,2023-11-06,45,2023,11,7.17,62.75,30.3,48.5,0,0,western
Kolhapur,2023-11-13,46,2023,11,5.39,22.9,29.6,52.8,0,0,western
Kolhapur,2023-11-20,47,2023,11,5.4,23.13,29.7,53.0,0,0,western
Kolhapur,2023-11-27,48,2023,11,4.45,1.91,29.8,53.5,0,0,western
Kolhapur,2023-12-04,49,2023,12,1.35,35.31,28.5,46.6,0,0,western
Kolhapur,2023-12-11,50,2023,12,0.82,-13.75,30.0,50.9,0,0,western
Kolhapur,2023-12-18,51,2023,12,0.91,-5.22,30.9,58.6,0,0,western
Kolhapur,2023-12-25,52,2023,12,1.51,50.46,28.5,50.8,0,0,western
Aurangabad,2019-01-07,2,2019,1,0.81,3.9,24.6,54.2,0,0,marathwada
Aurangabad,2019-01-14,3,2019,1,1.1,37.26,21.9,47.4,0,0,marathwada
Aurangabad,2019-01-21,4,2019,1,0.7,-8.6,23.0,53.0,0,0,marathwada
Aurangabad,2019-01-28,5,2019,1,0.55,-26.16,26.4,51.3,0,0,marathwada
Aurangabad,2019-02-04,6,2019,2,0.54,12.82,22.6,53.5,0,0,marathwada
Aurangabad,2019-02-11,7,2019,2,0.54,13.0,21.2,51.0,0,0,marathwada
Aurangabad,2019-02-18,8,2019,2,0.41,-10.47,22.7,54.5,0,0,marathwada
Aurangabad,2019-02-25,9,2019,2,0.85,68.85,22.2,52.8,0,0,marathwada
Aurangabad,2019-03-04,10,2019,3,0.75,18.61,17.2,58.0,0,0,marathwada
Aurangabad,2019-03-11,11,2019,3,0.66,5.51,15.5,45.1,0,0,marathwada
Aurangabad,2019-03-18,12,2019,3,0.66,5.15,16.2,47.1,0,0,marathwada
Aurangabad,2019-03-25,13,2019,3,0.86,34.08,19.0,55.1,0,0,marathwada
Aurangabad,2019-04-01,14,2019,4,1.29,35.49,22.4,31.7,0,0,marathwada
Aurangabad,2019-04-08,15,2019,4,1.16,22.87,22.3,36.2,0,0,marathwada
Aurangabad,2019-04-15,16,2019,4,0.96,3.33,24.4,26.2,0,0,marathwada
Aurangabad,2019-04-22,17,2019,4,0.88,-4.27,22.0,25.9,0,0,marathwada
Aurangabad,2019-04-29,18,2019,4,0.33,-58.11,20.5,25.0,0,0,marathwada
Aurangabad,2019-05-06,19,2019,5,1.82,-1.91,22.9,24.4,0,0,marathwada
Aurangabad,2019-05-13,20,2019,5,1.67,-9.42,24.1,26.2,0,0,marathwada
Aurangabad,2019-05-20,21,2019,5,2.62,38.99,26.1,29.3,0,0,marathwada
Aurangabad,2019-05-27,22,2019,5,2.76,46.21,25.1,33.6,0,0,marathwada
Aurangabad,2019-06-03,23,2019,6,27.6,25.52,27.1,74.8,1,0,marathwada
Aurangabad,2019-06-10,24,2019,6,28.92,31.45,28.8,73.0,1,0,marathwada
Aurangabad,2019-06-17,25,2019,6,40.35,83.24,29.0,75.9,1,0,marathwada
Aurangabad,2019-06-24,26,2019,6,16.75,-23.67,26.1,84.9,1,0,marathwada
Aurangabad,2019-07-01,27,2019,7,61.92,40.32,30.2,79.8,1,0,marathwada
Aurangabad,2019-07-08,28,2019,7,15.0,-65.83,27.4,80.4,1,0,marathwada
Aurangabad,2019-07-15,29,2019,7,53.4,21.03,30.3,85.7,1,0,marathwada
Aurangabad,2019-07-22,30,2019,7,60.44,36.96,29.5,75.5,1,0,marathwada
Aurangabad,2019-07-29,31,2019,7,58.42,32.4,30.8,87.3,1,0,marathwada
Aurangabad,2019-08-05,32,2019,8,35.19,-12.84,30.4,78.8,1,0,marathwada
Aurangabad,2019-08-12,33,2019,8,45.93,13.71,32.9,78.7,1,0,marathwada
Aurangabad,2019-08-19,34,2019,8,51.56,27.61,29.4,84.3,1,0,marathwada
Aurangabad,2019-08-26,35,2019,8,45.24,11.98,29.5,80.0,1,0,marathwada
Aurangabad,2019-09-02,36,2019,9,26.66,-12.95,30.8,79.5,1,0,marathwada
Aurangabad,2019-09-09,37,2019,9,23.27,-23.96,32.6,76.1,1,0,marathwada
Aurangabad,2019-09-16,38,2019,9,33.26,8.54,32.5,71.3,1,0,marathwada
Aurangabad,2019-09-23,39,2019,9,35.07,14.44,33.7,80.2,1,0,marathwada
Aurangabad,2019-09-30,40,2019,9,41.34,34.83,32.6,70.3,1,0,marathwada
Aurangabad,2019-10-07,41,2019,10,12.12,26.02,31.5,49.6,0,0,marathwada
Aurangabad,2019-10-14,42,2019,10,17.0,76.38,28.3,68.7,0,0,marathwada
Aurangabad,2019-10-21,43,2019,10,13.79,43.32,32.6,44.6,0,0,marathwada
Aurangabad,2019-10-28,44,2019,10,9.58,-0.1,28.9,48.4,0,0,marathwada
Aurangabad,2019-11-04,45,2019,11,2.76,-1.02,30.5,49.9,0,0,marathwada
Aurangabad,2019-11-11,46,2019,11,2.91,4.27,30.2,46.7,0,0,marathwada
Aurangabad,2019-11-18,47,2019,11,2.73,-1.89,29.0,49.0,0,0,marathwada
Aurangabad,2019-11-25,48,2019,11,2.8,0.43,30.4,50.8,0,0,marathwada
Aurangabad,2019-12-02,49,2019,12,0.6,-2.16,26.5,44.9,0,0,marathwada
Aurangabad,2019-12-09,50,2019,12,0.68,7.85,27.5,53.9,0,0,marathwada
Aurangabad,2019-12-16,51,2019,12,0.33,-39.68,28.7,48.2,0,0,marathwada
Aurangabad,2019-12-23,52,2019,12,0.6,-2.27,28.2,48.5,0,0,marathwada
Aurangabad,2019-12-30,1,2019,12,0.37,-34.48,27.5,45.5,0,0,marathwada
Aurangabad,2020-01-06,2,2020,1,0.28,-56.87,25.8,52.1,0,0,marathwada
Aurangabad,2020-01-13,3,2020,1,0.76,-1.42,25.7,53.6,0,0,marathwada
Aurangabad,2020-01-20,4,2020,1,0.5,-30.93,24.8,48.2,0,0,marathwada
Aurangabad,2020-01-27,5,2020,1,0.78,0.57,23.4,47.6,0,0,marathwada
Aurangabad,2020-02-03,6,2020,2,0.42,-7.54,21.3,46.7,0,0,marathwada
Aurangabad,2020-02-10,7,2020,2,0.0,-82.28,21.1,51.7,0,0,marathwada
Aurangabad,2020-02-17,8,2020,2,0.51,7.47,21.2,56.6,0,0,marathwada
Aurangabad,2020-02-24,9,2020,2,0.54,13.94,21.4,55.3,0,0,marathwada
Aurangabad,2020-03-02,10,2020,3,0.73,15.43,17.4,49.4,0,0,marathwada
Aurangabad,2020-03-09,11,2020,3,0.6,-3.13,17.5,61.5,0,0,marathwada
Aurangabad,2020-03-16,12,2020,3,0.7,11.75,18.4,49.2,0,0,marathwada
Aurangabad,2020-03-23,13,2020,3,0.92,41.88,17.4,54.0,0,0,marathwada
Aurangabad,2020-03-30,14,2020,3,0.78,22.86,18.5,48.5,0,0,marathwada
Aurangabad,2020-04-06,15,2020,4,0.9,-3.19,21.4,25.1,0,0,marathwada
Aurangabad,2020-04-13,16,2020,4,1.25,31.74,22.0,31.9,0,0,marathwada
Aurangabad,2020-04-20,17,2020,4,0.67,-25.58,21.2,27.7,0,0,marathwada
Aurangabad,2020-04-27,18,2020,4,0.95,1.76,23.4,27.8,0,0,marathwada
Aurangabad,2020-05-04,19,2020,5,0.92,-48.02,25.8,25.5,0,0,marathwada
Aurangabad,2020-05-11,20,2020,5,1.53,-16.76,26.9,25.1,0,0,marathwada
Aurangabad,2020-05-18,21,2020,5,1.31,-27.88,24.1,23.2,0,0,marathwada
Aurangabad,2020-05-25,22,2020,5,1.25,-30.88,25.3,16.3,0,0,marathwada
Aurangabad,2020-06-01,23,2020,6,13.37,-38.95,27.5,82.9,1,0,marathwada
Aurangabad,2020-06-08,24,2020,6,34.69,57.61,26.7,80.9,1,0,marathwada
Aurangabad,2020-06-15,25,2020,6,23.77,8.13,27.8,86.8,1,0,marathwada
Aurangabad,2020-06-22,26,2020,6,18.61,-15.23,28.7,83.7,1,0,marathwada
Aurangabad,2020-06-29,27,2020,6,18.11,-17.51,26.6,69.9,1,0,marathwada
Aurangabad,2020-07-06,28,2020,7,46.15,4.63,30.2,76.1,1,0,marathwada
Aurangabad,2020-07-13,29,2020,7,40.54,-8.05,31.4,81.8,1,0,marathwada
Aurangabad,2020-07-20,30,2020,7,33.95,-22.97,30.0,83.4,1,0,marathwada
Aurangabad,2020-07-27,31,2020,7,29.41,-33.25,29.9,82.1,1,0,marathwada
Aurangabad,2020-08-03,32,2020,8,49.42,22.31,31.4,88.0,1,0,marathwada
Aurangabad,2020-08-10,33,2020,8,37.93,-6.06,30.0,83.5,1,0,marathwada
Aurangabad,2020-08-17,34,2020,8,28.45,-29.48,32.3,79.0,1,0,marathwada
Aurangabad,2020-08-24,35,2020,8,74.26,83.68,31.0,77.9,1,0,marathwada
Aurangabad,2020-08-31,36,2020,8,35.03,-13.24,31.2,71.9,1,0,marathwada
Aurangabad,2020-09-07,37,2020,9,13.55,-55.58,31.6,78.1,1,0,marathwada
Aurangabad,2020-09-14,38,2020,9,22.69,-25.87,31.5,81.3,1,0,marathwada
Aurangabad,2020-09-21,39,2020,9,22.4,-26.81,30.3,81.1,1,0,marathwada
Aurangabad,2020-09-28,40,2020,9,38.91,26.92,32.7,75.9,1,0,marathwada
Aurangabad,2020-10-05,41,2020,10,8.02,-16.27,31.1,54.2,0,0,marathwada
Aurangabad,2020-10-12,42,2020,10,12.52,30.24,32.0,51.8,0,0,marathwada
Aurangabad,2020-10-19,43,2020,10,8.74,-8.79,32.0,61.1,0,0,marathwada
Aurangabad,2020-10-26,44,2020,10,11.16,16.18,30.4,47.2,0,0,marathwada
Aurangabad,2020-11-02,45,2020,11,4.23,50.18,31.0,46.8,0,0,marathwada
Aurangabad,2020-11-09,46,2020,11,1.64,-39.59,30.1,57.7,0,0,marathwada
Aurangabad,2020-11-16,47,2020,11,1.59,-41.47,30.6,58.9,0,0,marathwada
Aurangabad,2020-11-23,48,2020,11,1.75,-35.71,29.7,64.2,0,0,marathwada
Aurangabad,2020-11-30,49,2020,11,2.37,-14.31,30.0,52.4,0,0,marathwada
Aurangabad,2020-12-07,50,2020,12,0.53,-12.84,28.8,53.2,0,0,marathwada
Aurangabad,2020-12-14,51,2020,12,0.44,-24.85,27.2,53.6,0,0,marathwada
Aurangabad,2020-12-21,52,2020,12,0.29,-45.4,28.9,63.1,0,0,marathwada
Aurangabad,2020-12-28,53,2020,12,0.6,-3.11,26.2,51.4,0,0,marathwada
Aurangabad,2021-01-04,1,2021,1,0.83,6.96,25.1,51.9,0,0,marathwada
Aurangabad,2021-01-11,2,2021,1,1.3,60.26,24.4,51.7,0,0,marathwada
Aurangabad,2021-01-18,3,2021,1,0.71,-7.16,25.4,56.4,0,0,marathwada
Aurangabad,2021-01-25,4,2021,1,1.33,64.14,25.5,53.3,0,0,marathwada
Aurangabad,2021-02-01,5,2021,2,0.45,-2.38,19.1,49.2,0,0,marathwada
Aurangabad,2021-02-08,6,2021,2,0.54,12.85,21.5,44.0,0,0,marathwada
Aurangabad,2021-02-15,7,2021,2,0.53,11.74,19.1,45.6,0,0,marathwada
Aurangabad,2021-02-22,8,2021,2,0.75,51.15,23.2,51.2,0,0,marathwada
Aurangabad,2021-03-01,9,2021,3,0.82,27.89,18.5,54.0,0,0,marathwada
Aurangabad,2021-03-08,10,2021,3,0.57,-6.33,18.2,53.3,0,0,marathwada
Aurangabad,2021-03-15,11,2021,3,0.82,27.47,17.1,46.3,0,0,marathwada
Aurangabad,2021-03-22,12,2021,3,0.72,14.63,16.4,48.0,0,0,marathwada
Aurangabad,2021-03-29,13,2021,3,0.87,34.63,19.3,56.3,0,0,marathwada
Aurangabad,2021-04-05,14,2021,4,0.94,0.76,21.1,25.6,0,0,marathwada
Aurangabad,2021-04-12,15,2021,4,1.22,27.9,20.6,28.2,0,0,marathwada
Aurangabad,2021-04-19,16,2021,4,1.11,18.13,22.3,22.4,0,0,marathwada
Aurangabad,2021-04-26,17,2021,4,0.84,-8.62,22.0,28.6,0,0,marathwada
Aurangabad,2021-05-03,18,2021,5,1.55,-15.47,22.8,30.6,0,0,marathwada
Aurangabad,2021-05-10,19,2021,5,2.38,26.75,24.7,30.6,0,0,marathwada
Aurangabad,2021-05-17,20,2021,5,1.78,-4.1,25.5,33.4,0,0,marathwada
Aurangabad,2021-05-24,21,2021,5,2.55,35.6,23.4,32.5,0,0,marathwada
Aurangabad,2021-05-31,22,2021,5,1.58,-14.12,24.6,30.1,0,0,marathwada
Aurangabad,2021-06-07,23,2021,6,32.96,49.76,27.8,88.2,1,0,marathwada
Aurangabad,2021-06-14,24,2021,6,18.04,-17.83,30.3,69.1,1,0,marathwada
Aurangabad,2021-06-21,25,2021,6,26.91,22.38,26.0,79.6,1,0,marathwada
Aurangabad,2021-06-28,26,2021,6,15.38,-29.87,28.4,74.9,1,0,marathwada
Aurangabad,2021-07-05,27,2021,7,27.82,-36.83,31.9,81.4,1,0,marathwada
Aurangabad,2021-07-12,28,2021,7,62.43,41.47,32.3,75.8,1,0,marathwada
Aurangabad,2021-07-19,29,2021,7,73.33,66.13,28.9,78.0,1,0,marathwada
Aurangabad,2021-07-26,30,2021,7,29.54,-32.95,32.4,76.8,1,0,marathwada
Aurangabad,2021-08-02,31,2021,8,39.4,-2.44,33.8,81.2,1,0,marathwada
Aurangabad,2021-08-09,32,2021,8,39.31,-2.66,30.8,79.0,1,0,marathwada
Aurangabad,2021-08-16,33,2021,8,84.73,109.53,30.5,81.6,1,0,marathwada
Aurangabad,2021-08-23,34,2021,8,45.84,13.47,32.7,76.5,1,0,marathwada
Aurangabad,2021-08-30,35,2021,8,47.87,18.49,29.6,77.3,1,0,marathwada
Aurangabad,2021-09-06,36,2021,9,66.21,115.74,30.7,76.9,1,0,marathwada
Aurangabad,2021-09-13,37,2021,9,38.27,24.84,33.2,78.2,1,0,marathwada
Aurangabad,2021-09-20,38,2021,9,51.66,68.39,31.0,78.0,1,0,marathwada
Aurangabad,2021-09-27,39,2021,9,37.4,21.99,31.3,78.1,1,0,marathwada
Aurangabad,2021-10-04,40,2021,10,9.31,-2.97,32.5,45.5,0,0,marathwada
Aurangabad,2021-10-11,41,2021,10,6.7,-29.85,30.3,52.3,0,0,marathwada
Aurangabad,2021-10-18,42,2021,10,13.38,39.04,30.7,54.7,0,0,marathwada
Aurangabad,2021-10-25,43,2021,10,2.71,-71.05,31.1,49.3,0,0,marathwada
Aurangabad,2021-11-01,44,2021,11,3.78,34.63,31.4,65.4,0,0,marathwada
Aurangabad,2021-11-08,45,2021,11,3.34,19.33,25.3,52.4,0,0,marathwada
Aurangabad,2021-11-15,46,2021,11,3.21,14.64,30.6,54.3,0,0,marathwada
Aurangabad,2021-11-22,47,2021,11,2.88,3.2,28.6,55.2,0,0,marathwada
Aurangabad,2021-11-29,48,2021,11,4.6,62.96,30.9,54.6,0,0,marathwada
Aurangabad,2021-12-06,49,2021,12,0.79,23.59,29.0,46.1,0,0,marathwada
Aurangabad,2021-12-13,50,2021,12,0.85,31.86,26.9,44.8,0,0,marathwada
Aurangabad,2021-12-20,51,2021,12,1.02,55.59,27.0,54.0,0,0,marathwada
Aurangabad,2021-12-27,52,2021,12,0.94,44.44,28.0,47.7,0,0,marathwada
Aurangabad,2022-01-03,1,2022,1,1.25,54.08,23.0,53.0,0,0,marathwada
Aurangabad,2022-01-10,2,2022,1,1.37,68.6,26.9,48.6,0,0,marathwada
Aurangabad,2022-01-17,3,2022,1,1.18,46.29,23.9,48.2,0,0,marathwada
Aurangabad,2022-01-24,4,2022,1,0.99,24.9,23.8,48.2,0,0,marathwada
Aurangabad,2022-01-31,5,2022,1,0.76,-1.12,25.3,51.2,0,0,marathwada
Aurangabad,2022-02-07,6,2022,2,0.45,-2.72,20.5,42.3,0,0,marathwada
Aurangabad,2022-02-14,7,2022,2,0.32,-26.1,23.1,53.2,0,0,marathwada
Aurangabad,2022-02-21,8,2022,2,0.55,14.66,22.8,50.6,0,0,marathwada
Aurangabad,2022-02-28,9,2022,2,0.62,28.25,22.5,48.1,0,0,marathwada
Aurangabad,2022-03-07,10,2022,3,0.84,30.3,18.4,47.7,0,0,marathwada
Aurangabad,2022-03-14,11,2022,3,1.06,61.37,19.1,47.0,0,0,marathwada
Aurangabad,2022-03-21,12,2022,3,0.66,5.08,17.2,59.5,0,0,marathwada
Aurangabad,2022-03-28,13,2022,3,0.51,-15.41,18.7,47.5,0,0,marathwada
Aurangabad,2022-04-04,14,2022,4,1.55,60.59,22.4,31.0,0,0,marathwada
Aurangabad,2022-04-11,15,2022,4,1.09,16.13,21.7,16.8,0,0,marathwada
Aurangabad,2022-04-18,16,2022,4,1.19,25.39,21.8,21.5,0,0,marathwada
Aurangabad,2022-04-25,17,2022,4,1.07,13.9,20.2,36.7,0,0,marathwada
Aurangabad,2022-05-02,18,2022,5,2.05,9.89,25.0,30.9,0,0,marathwada
Aurangabad,2022-05-09,19,2022,5,1.71,-7.34,24.8,26.1,0,0,marathwada
Aurangabad,2022-05-16,20,2022,5,1.49,-18.84,24.1,27.9,0,0,marathwada
Aurangabad,2022-05-23,21,2022,5,1.79,-3.42,25.4,21.6,0,0,marathwada
Aurangabad,2022-05-30,22,2022,5,1.4,-23.14,25.1,31.6,0,0,marathwada
Aurangabad,2022-06-06,23,2022,6,21.69,-1.3,27.6,78.0,1,0,marathwada
Aurangabad,2022-06-13,24,2022,6,24.45,11.24,29.8,80.6,1,0,marathwada
Aurangabad,2022-06-20,25,2022,6,18.89,-13.97,28.2,78.9,1,0,marathwada
Aurangabad,2022-06-27,26,2022,6,11.61,-46.97,25.1,81.6,1,0,marathwada
Aurangabad,2022-07-04,27,2022,7,32.98,-25.17,31.5,79.8,1,0,marathwada
Aurangabad,2022-07-11,28,2022,7,46.34,5.06,30.0,76.2,1,0,marathwada
Aurangabad,2022-07-18,29,2022,7,26.78,-39.17,29.6,70.9,1,0,marathwada
Aurangabad,2022-07-25,30,2022,7,61.2,38.69,30.7,77.0,1,0,marathwada
Aurangabad,2022-08-01,31,2022,8,48.04,18.91,32.8,67.1,1,0,marathwada
Aurangabad,2022-08-08,32,2022,8,40.7,0.77,31.2,78.0,1,0,marathwada
Aurangabad,2022-08-15,33,2022,8,35.27,-12.64,32.3,82.6,1,0,marathwada
Aurangabad,2022-08-22,34,2022,8,41.26,2.17,32.7,80.2,1,0,marathwada
Aurangabad,2022-08-29,35,2022,8,39.8,-1.45,31.7,76.3,1,0,marathwada
Aurangabad,2022-09-05,36,2022,9,38.68,26.18,33.2,82.2,1,0,marathwada
Aurangabad,2022-09-12,37,2022,9,36.19,18.07,33.5,77.3,1,0,marathwada
Aurangabad,2022-09-19,38,2022,9,41.31,34.71,30.9,80.9,1,0,marathwada
Aurangabad,2022-09-26,39,2022,9,39.07,27.43,31.7,80.5,1,0,marathwada
Aurangabad,2022-10-03,40,2022,10,10.26,6.83,33.6,53.3,0,0,marathwada
Aurangabad,2022-10-10,41,2022,10,1.28,-85.74,30.1,52.0,0,0,marathwada
Aurangabad,2022-10-17,42,2022,10,5.3,-44.3,31.3,56.3,0,0,marathwada
Aurangabad,2022-10-24,43,2022,10,13.19,37.11,32.4,42.9,0,0,marathwada
Aurangabad,2022-10-31,44,2022,10,13.21,37.31,31.8,63.8,0,0,marathwada
Aurangabad,2022-11-07,45,2022,11,2.5,-10.02,31.0,49.1,0,0,marathwada
Aurangabad,2022-11-14,46,2022,11,2.36,-14.77,31.0,44.5,0,0,marathwada
Aurangabad,2022-11-21,47,2022,11,1.99,-27.57,30.3,49.5,0,0,marathwada
Aurangabad,2022-11-28,48,2022,11,3.25,15.98,30.3,50.8,0,0,marathwada
Aurangabad,2022-12-05,49,2022,12,0.22,-55.3,28.1,56.2,0,0,marathwada
Aurangabad,2022-12-12,50,2022,12,0.77,20.82,25.7,48.9,0,0,marathwada
Aurangabad,2022-12-19,51,2022,12,0.85,32.38,29.5,52.0,0,0,marathwada
Aurangabad,2022-12-26,52,2022,12,0.3,-44.24,27.0,48.0,0,0,marathwada
Aurangabad,2023-01-02,1,2023,1,0.95,19.75,25.0,49.5,0,0,marathwada
Aurangabad,2023-01-09,2,2023,1,0.38,-44.71,23.7,53.7,0,0,marathwada
Aurangabad,2023-01-16,3,2023,1,0.82,5.42,24.6,45.7,0,0,marathwada
Aurangabad,2023-01-23,4,2023,1,1.25,55.0,22.0,59.8,0,0,marathwada
Aurangabad,2023-01-30,5,2023,1,1.03,29.32,24.3,50.2,0,0,marathwada
Aurangabad,2023-02-06,6,2023,2,0.51,8.57,22.3,51.2,0,0,marathwada
Aurangabad,2023-02-13,7,2023,2,0.77,53.81,20.1,55.6,0,0,marathwada
Aurangabad,2023-02-20,8,2023,2,0.69,39.86,20.4,53.1,0,0,marathwada
Aurangabad,2023-02-27,9,2023,2,0.55,15.4,22.2,52.9,0,0,marathwada
Aurangabad,2023-03-06,10,2023,3,0.7,11.82,17.8,51.3,0,0,marathwada
Aurangabad,2023-03-13,11,2023,3,0.57,-7.04,17.2,50.8,0,0,marathwada
Aurangabad,2023-03-20,12,2023,3,0.88,36.54,17.0,55.0,0,0,marathwada
Aurangabad,2023-03-27,13,2023,3,0.29,-45.31,17.1,54.3,0,0,marathwada
Aurangabad,2023-04-03,14,2023,4,1.55,60.65,22.3,25.1,0,0,marathwada
Aurangabad,2023-04-10,15,2023,4,1.49,54.26,22.0,27.0,0,0,marathwada
Aurangabad,2023-04-17,16,2023,4,1.02,9.14,22.1,30.2,0,0,marathwada
Aurangabad,2023-04-24,17,2023,4,0.71,-21.41,21.2,27.1,0,0,marathwada
Aurangabad,2023-05-01,18,2023,5,1.79,-3.44,26.5,31.1,0,0,marathwada
Aurangabad,2023-05-08,19,2023,5,1.49,-18.94,26.7,31.8,0,0,marathwada
Aurangabad,2023-05-15,20,2023,5,1.69,-8.33,23.8,27.0,0,0,marathwada
Aurangabad,2023-05-22,21,2023,5,1.25,-31.22,26.4,25.3,0,0,marathwada
Aurangabad,2023-05-29,22,2023,5,2.63,39.34,24.8,25.5,0,0,marathwada
Aurangabad,2023-06-05,23,2023,6,28.38,29.03,28.1,76.5,1,0,marathwada
Aurangabad,2023-06-12,24,2023,6,24.66,12.2,28.8,73.8,1,0,marathwada
Aurangabad,2023-06-19,25,2023,6,40.45,83.72,28.1,78.0,1,0,marathwada
Aurangabad,2023-06-26,26,2023,6,28.89,31.34,27.6,73.3,1,0,marathwada
Aurangabad,2023-07-03,27,2023,7,58.8,33.25,30.1,81.4,1,0,marathwada
Aurangabad,2023-07-10,28,2023,7,52.67,19.4,29.3,76.5,1,0,marathwada
Aurangabad,2023-07-17,29,2023,7,64.02,45.07,29.8,83.5,1,0,marathwada
Aurangabad,2023-07-24,30,2023,7,42.61,-3.38,30.0,85.1,1,0,marathwada
Aurangabad,2023-07-31,31,2023,7,57.29,29.85,31.8,83.6,1,0,marathwada
Aurangabad,2023-08-07,32,2023,8,11.5,-71.34,30.7,87.2,1,0,marathwada
Aurangabad,2023-08-14,33,2023,8,38.04,-5.81,32.0,83.3,1,0,marathwada
Aurangabad,2023-08-21,34,2023,8,67.99,68.17,31.0,81.8,1,0,marathwada
Aurangabad,2023-08-28,35,2023,8,60.46,49.59,30.1,83.0,1,0,marathwada
Aurangabad,2023-09-04,36,2023,9,46.79,52.55,32.1,82.1,1,0,marathwada
Aurangabad,2023-09-11,37,2023,9,49.05,59.9,31.3,84.4,1,0,marathwada
Aurangabad,2023-09-18,38,2023,9,58.0,89.03,34.9,77.6,1,0,marathwada
Aurangabad,2023-09-25,39,2023,9,48.99,59.71,31.9,72.2,1,0,marathwada
Aurangabad,2023-10-02,40,2023,10,11.19,16.45,32.0,50.8,0,0,marathwada
Aurangabad,2023-10-09,41,2023,10,8.16,-14.8,32.2,63.5,0,0,marathwada
Aurangabad,2023-10-16,42,2023,10,10.44,8.75,31.9,52.1,0,0,marathwada
Aurangabad,2023-10-23,43,2023,10,13.95,44.95,31.6,53.6,0,0,marathwada
Aurangabad,2023-10-30,44,2023,10,15.07,56.49,32.9,61.2,0,0,marathwada
Aurangabad,2023-11-06,45,2023,11,3.02,8.04,29.4,42.4,0,0,marathwada
Aurangabad,2023-11-13,46,2023,11,3.04,8.96,29.4,53.0,0,0,marathwada
Aurangabad,2023-11-20,47,2023,11,3.12,11.47,27.6,44.2,0,0,marathwada
Aurangabad,2023-11-27,48,2023,11,2.54,-8.54,29.8,63.5,0,0,marathwada
Aurangabad,2023-12-04,49,2023,12,0.73,16.05,28.0,49.8,0,0,marathwada
Aurangabad,2023-12-11,50,2023,12,0.57,-6.25,28.7,57.9,0,0,marathwada
Aurangabad,2023-12-18,51,2023,12,1.17,77.19,28.6,50.0,0,0,marathwada
Aurangabad,2023-12-25,52,2023,12,0.8,25.13,28.9,55.7,0,0,marathwada
Jalna,2019-01-07,2,2019,1,0.99,17.1,25.4,54.3,0,0,marathwada
Jalna,2019-01-14,3,2019,1,0.72,-11.75,22.5,52.3,0,0,marathwada
Jalna,2019-01-21,4,2019,1,1.17,36.34,23.3,48.7,0,0,marathwada
Jalna,2019-01-28,5,2019,1,0.26,-60.87,24.2,44.8,0,0,marathwada
Jalna,2019-02-04,6,2019,2,0.11,-65.42,20.5,49.5,0,0,marathwada
Jalna,2019-02-11,7,2019,2,0.49,-2.14,21.0,51.4,0,0,marathwada
Jalna,2019-02-18,8,2019,2,0.85,59.25,20.9,59.4,0,0,marathwada
Jalna,2019-02-25,9,2019,2,0.85,58.67,21.1,45.6,0,0,marathwada
Jalna,2019-03-04,10,2019,3,0.83,21.92,19.9,39.1,0,0,marathwada
Jalna,2019-03-11,11,2019,3,0.68,2.37,18.2,60.6,0,0,marathwada
Jalna,2019-03-18,12,2019,3,0.32,-44.84,18.5,55.6,0,0,marathwada
Jalna,2019-03-25,13,2019,3,0.55,-15.63,18.3,53.6,0,0,marathwada
Jalna,2019-04-01,14,2019,4,1.54,49.38,23.2,29.7,0,0,marathwada
Jalna,2019-04-08,15,2019,4,1.19,17.14,20.1,28.3,0,0,marathwada
Jalna,2019-04-15,16,2019,4,1.14,12.73,20.6,32.3,0,0,marathwada
Jalna,2019-04-22,17,2019,4,1.24,21.93,22.0,30.7,0,0,marathwada
Jalna,2019-04-29,18,2019,4,0.81,-17.27,19.9,30.9,0,0,marathwada
Jalna,2019-05-06,19,2019,5,1.2,-37.85,27.5,27.4,0,0,marathwada
Jalna,2019-05-13,20,2019,5,2.09,4.47,26.1,29.6,0,0,marathwada
Jalna,2019-05-20,21,2019,5,3.45,69.45,26.2,28.5,0,0,marathwada
Jalna,2019-05-27,22,2019,5,1.87,-5.85,26.5,22.4,0,0,marathwada
Jalna,2019-06-03,23,2019,6,25.76,9.05,27.8,76.1,1,0,marathwada
Jalna,2019-06-10,24,2019,6,47.63,101.3,29.9,82.4,1,0,marathwada
Jalna,2019-06-17,25,2019,6,48.59,105.33,29.4,79.4,1,0,marathwada
Jalna,2019-06-24,26,2019,6,23.36,-1.07,26.6,74.4,1,0,marathwada
Jalna,2019-07-01,27,2019,7,54.44,14.85,28.7,70.3,1,0,marathwada
Jalna,2019-07-08,28,2019,7,71.87,51.54,28.4,77.7,1,0,marathwada
Jalna,2019-07-15,29,2019,7,67.65,42.66,30.0,73.6,1,0,marathwada
Jalna,2019-07-22,30,2019,7,67.23,41.79,28.9,83.3,1,0,marathwada
Jalna,2019-07-29,31,2019,7,47.19,-0.42,30.9,79.3,1,0,marathwada
Jalna,2019-08-05,32,2019,8,68.29,57.22,30.9,81.0,1,0,marathwada
Jalna,2019-08-12,33,2019,8,36.73,-15.34,30.2,79.5,1,0,marathwada
Jalna,2019-08-19,34,2019,8,60.29,38.82,32.3,80.4,1,0,marathwada
Jalna,2019-08-26,35,2019,8,48.89,12.63,32.9,74.2,1,0,marathwada
Jalna,2019-09-02,36,2019,9,25.41,-22.74,32.7,75.2,1,0,marathwada
Jalna,2019-09-09,37,2019,9,26.55,-19.31,32.8,83.0,1,0,marathwada
Jalna,2019-09-16,38,2019,9,38.65,17.35,30.0,88.9,1,0,marathwada
Jalna,2019-09-23,39,2019,9,48.76,47.95,29.3,69.6,1,0,marathwada
Jalna,2019-09-30,40,2019,9,39.4,19.62,32.6,74.6,1,0,marathwada
Jalna,2019-10-07,41,2019,10,12.04,16.58,32.4,55.4,0,0,marathwada
Jalna,2019-10-14,42,2019,10,7.98,-22.41,34.0,60.1,0,0,marathwada
Jalna,2019-10-21,43,2019,10,14.79,43.05,30.4,57.8,0,0,marathwada
Jalna,2019-10-28,44,2019,10,8.3,-19.34,32.4,53.8,0,0,marathwada
Jalna,2019-11-04,45,2019,11,4.22,39.64,29.6,58.7,0,0,marathwada
Jalna,2019-11-11,46,2019,11,3.7,22.73,29.2,55.5,0,0,marathwada
Jalna,2019-11-18,47,2019,11,3.79,25.65,31.2,49.1,0,0,marathwada
Jalna,2019-11-25,48,2019,11,3.08,2.92,30.4,49.0,0,0,marathwada
Jalna,2019-12-02,49,2019,12,0.58,-11.17,26.4,52.0,0,0,marathwada
Jalna,2019-12-09,50,2019,12,0.6,-9.07,27.1,49.0,0,0,marathwada
Jalna,2019-12-16,51,2019,12,0.42,-32.66,27.2,52.9,0,0,marathwada
Jalna,2019-12-23,52,2019,12,0.59,-9.29,26.2,56.6,0,0,marathwada
Jalna,2019-12-30,1,2019,12,0.68,1.8,27.7,47.5,0,0,marathwada
Jalna,2020-01-06,2,2020,1,0.48,-37.61,25.1,41.9,0,0,marathwada
Jalna,2020-01-13,3,2020,1,0.19,-68.52,25.5,53.6,0,0,marathwada
Jalna,2020-01-20,4,2020,1,0.47,-38.28,24.6,48.9,0,0,marathwada
Jalna,2020-01-27,5,2020,1,0.36,-50.99,24.7,50.3,0,0,marathwada
Jalna,2020-02-03,6,2020,2,0.63,22.05,20.1,65.0,0,0,marathwada
Jalna,2020-02-10,7,2020,2,0.24,-42.48,22.2,52.2,0,0,marathwada
Jalna,2020-02-17,8,2020,2,0.89,64.84,22.6,55.3,0,0,marathwada
Jalna,2020-02-24,9,2020,2,0.66,27.34,21.4,49.4,0,0,marathwada
Jalna,2020-03-02,10,2020,3,0.72,7.01,17.5,51.4,0,0,marathwada
Jalna,2020-03-09,11,2020,3,0.81,19.34,16.3,52.3,0,0,marathwada
Jalna,2020-03-16,12,2020,3,0.55,-14.63,17.6,54.6,0,0,marathwada
Jalna,2020-03-23,13,2020,3,0.24,-55.62,17.0,49.7,0,0,marathwada
Jalna,2020-03-30,14,2020,3,0.28,-50.09,19.4,48.7,0,0,marathwada
Jalna,2020-04-06,15,2020,4,1.58,53.44,21.0,24.0,0,0,marathwada
Jalna,2020-04-13,16,2020,4,1.17,15.61,20.5,15.0,0,0,marathwada
Jalna,2020-04-20,17,2020,4,1.07,6.39,23.7,19.8,0,0,marathwada
Jalna,2020-04-27,18,2020,4,1.03,3.38,22.9,28.7,0,0,marathwada
Jalna,2020-05-04,19,2020,5,2.68,32.57,24.8,23.9,0,0,marathwada
Jalna,2020-05-11,20,2020,5,1.15,-40.21,25.6,26.9,0,0,marathwada
Jalna,2020-05-18,21,2020,5,1.51,-23.11,26.0,34.3,0,0,marathwada
Jalna,2020-05-25,22,2020,5,1.58,-19.63,23.7,33.7,0,0,marathwada
Jalna,2020-06-01,23,2020,6,36.51,54.41,26.4,75.2,1,0,marathwada
Jalna,2020-06-08,24,2020,6,36.88,55.94,27.6,88.1,1,0,marathwada
Jalna,2020-06-15,25,2020,6,19.78,-16.15,28.4,71.6,1,0,marathwada
Jalna,2020-06-22,26,2020,6,3.72,-83.88,27.6,79.1,1,0,marathwada
Jalna,2020-06-29,27,2020,6,26.4,11.74,29.7,76.3,1,0,marathwada
Jalna,2020-07-06,28,2020,7,47.82,0.91,30.1,73.7,1,0,marathwada
Jalna,2020-07-13,29,2020,7,45.52,-3.95,32.3,82.6,1,0,marathwada
Jalna,2020-07-20,30,2020,7,49.94,5.36,29.3,75.6,1,0,marathwada
Jalna,2020-07-27,31,2020,7,45.45,-4.09,30.8,77.3,1,0,marathwada
Jalna,2020-08-03,32,2020,8,38.64,-10.94,30.2,76.5,1,0,marathwada
Jalna,2020-08-10,33,2020,8,41.94,-3.36,31.8,84.6,1,0,marathwada
Jalna,2020-08-17,34,2020,8,25.41,-41.35,31.2,87.1,1,0,marathwada
Jalna,2020-08-24,35,2020,8,20.18,-53.37,31.3,86.2,1,0,marathwada
Jalna,2020-08-31,36,2020,8,64.82,49.24,31.5,73.6,1,0,marathwada
Jalna,2020-09-07,37,2020,9,26.45,-19.6,32.1,77.9,1,0,marathwada
Jalna,2020-09-14,38,2020,9,46.12,39.95,31.2,80.5,1,0,marathwada
Jalna,2020-09-21,39,2020,9,29.35,-10.82,32.2,79.3,1,0,marathwada
Jalna,2020-09-28,40,2020,9,23.21,-29.42,33.2,81.0,1,0,marathwada
Jalna,2020-10-05,41,2020,10,11.3,9.47,30.6,60.3,0,0,marathwada
Jalna,2020-10-12,42,2020,10,10.01,-2.87,31.1,47.5,0,0,marathwada
Jalna,2020-10-19,43,2020,10,6.95,-32.3,31.3,36.4,0,0,marathwada
Jalna,2020-10-26,44,2020,10,15.2,46.99,32.4,58.2,0,0,marathwada
Jalna,2020-11-02,45,2020,11,2.54,-14.65,31.5,55.6,0,0,marathwada
Jalna,2020-11-09,46,2020,11,3.03,1.23,29.8,54.6,0,0,marathwada
Jalna,2020-11-16,47,2020,11,3.35,11.55,31.0,51.3,0,0,marathwada
Jalna,2020-11-23,48,2020,11,2.2,-25.49,30.3,53.6,0,0,marathwada
Jalna,2020-11-30,49,2020,11,3.65,21.19,28.9,46.1,0,0,marathwada
Jalna,2020-12-07,50,2020,12,0.55,-15.44,27.6,51.1,0,0,marathwada
Jalna,2020-12-14,51,2020,12,1.07,52.86,29.8,55.2,0,0,marathwada
Jalna,2020-12-21,52,2020,12,0.45,-27.62,28.7,50.2,0,0,marathwada
Jalna,2020-12-28,53,2020,12,0.65,-2.5,27.9,48.6,0,0,marathwada
Jalna,2021-01-04,1,2021,1,0.5,-35.92,23.1,55.3,0,0,marathwada
Jalna,2021-01-11,2,2021,1,1.07,26.09,26.2,55.0,0,0,marathwada
Jalna,2021-01-18,3,2021,1,1.61,83.71,25.2,51.4,0,0,marathwada
Jalna,2021-01-25,4,2021,1,0.73,-10.65,25.2,54.3,0,0,marathwada
Jalna,2021-02-01,5,2021,2,0.58,13.22,22.1,52.6,0,0,marathwada
Jalna,2021-02-08,6,2021,2,0.87,61.82,21.7,52.1,0,0,marathwada
Jalna,2021-02-15,7,2021,2,0.7,32.87,23.7,52.2,0,0,marathwada
Jalna,2021-02-22,8,2021,2,0.53,4.97,22.0,50.8,0,0,marathwada
Jalna,2021-03-01,9,2021,3,0.53,-17.63,18.9,43.9,0,0,marathwada
Jalna,2021-03-08,10,2021,3,0.6,-8.08,17.4,56.7,0,0,marathwada
Jalna,2021-03-15,11,2021,3,0.94,35.97,19.8,54.4,0,0,marathwada
Jalna,2021-03-22,12,2021,3,0.78,14.59,16.1,50.4,0,0,marathwada
Jalna,2021-03-29,13,2021,3,0.98,40.56,16.5,54.5,0,0,marathwada
Jalna,2021-04-05,14,2021,4,1.29,27.08,21.5,27.2,0,0,marathwada
Jalna,2021-04-12,15,2021,4,1.06,5.35,20.0,15.0,0,0,marathwada
Jalna,2021-04-19,16,2021,4,1.63,57.8,21.9,30.7,0,0,marathwada
Jalna,2021-04-26,17,2021,4,1.38,35.15,22.1,39.7,0,0,marathwada
Jalna,2021-05-03,18,2021,5,2.73,34.97,26.3,24.2,0,0,marathwada
Jalna,2021-05-10,19,2021,5,2.77,37.07,27.5,30.3,0,0,marathwada
Jalna,2021-05-17,20,2021,5,2.25,12.35,25.0,19.0,0,0,marathwada
Jalna,2021-05-24,21,2021,5,1.87,-6.19,25.7,31.1,0,0,marathwada
Jalna,2021-05-31,22,2021,5,2.79,37.86,24.2,29.2,0,0,marathwada
Jalna,2021-06-07,23,2021,6,41.0,73.34,26.0,76.7,1,0,marathwada
Jalna,2021-06-14,24,2021,6,26.09,10.45,28.3,72.7,1,0,marathwada
Jalna,2021-06-21,25,2021,6,22.03,-6.69,28.6,75.8,1,0,marathwada
Jalna,2021-06-28,26,2021,6,35.32,49.39,28.4,82.4,1,0,marathwada
Jalna,2021-07-05,27,2021,7,42.08,-11.19,31.8,79.7,1,0,marathwada
Jalna,2021-07-12,28,2021,7,74.99,58.11,28.5,77.3,1,0,marathwada
Jalna,2021-07-19,29,2021,7,59.53,25.57,30.7,84.3,1,0,marathwada
Jalna,2021-07-26,30,2021,7,53.27,12.38,28.4,68.1,1,0,marathwada
Jalna,2021-08-02,31,2021,8,49.17,13.26,32.4,80.5,1,0,marathwada
Jalna,2021-08-09,32,2021,8,53.51,23.24,32.4,87.1,1,0,marathwada
Jalna,2021-08-16,33,2021,8,81.36,87.27,33.1,81.7,1,0,marathwada
Jalna,2021-08-23,34,2021,8,44.25,1.96,33.9,84.1,1,0,marathwada
Jalna,2021-08-30,35,2021,8,57.09,31.47,30.2,81.7,1,0,marathwada
Jalna,2021-09-06,36,2021,9,51.67,56.77,32.1,70.6,1,0,marathwada
Jalna,2021-09-13,37,2021,9,35.67,8.3,32.5,84.1,1,0,marathwada
Jalna,2021-09-20,38,2021,9,41.35,25.51,31.1,67.1,1,0,marathwada
Jalna,2021-09-27,39,2021,9,63.44,92.4,32.0,74.4,1,0,marathwada
Jalna,2021-10-04,40,2021,10,6.16,-39.91,30.9,59.7,0,0,marathwada
Jalna,2021-10-11,41,2021,10,8.32,-19.1,32.6,47.4,0,0,marathwada
Jalna,2021-10-18,42,2021,10,12.96,25.48,32.6,45.6,0,0,marathwada
Jalna,2021-10-25,43,2021,10,15.96,54.28,31.9,53.6,0,0,marathwada
Jalna,2021-11-01,44,2021,11,3.67,21.74,30.9,51.2,0,0,marathwada
Jalna,2021-11-08,45,2021,11,2.12,-28.35,30.0,61.5,0,0,marathwada
Jalna,2021-11-15,46,2021,11,3.54,17.56,30.0,46.0,0,0,marathwada
Jalna,2021-11-22,47,2021,11,6.5,113.3,28.0,51.5,0,0,marathwada
Jalna,2021-11-29,48,2021,11,3.17,5.57,29.6,47.6,0,0,marathwada
Jalna,2021-12-06,49,2021,12,0.83,21.29,27.0,46.6,0,0,marathwada
Jalna,2021-12-13,50,2021,12,0.22,-57.61,26.6,53.4,0,0,marathwada
Jalna,2021-12-20,51,2021,12,1.15,63.83,26.9,55.1,0,0,marathwada
Jalna,2021-12-27,52,2021,12,0.78,14.97,27.2,50.1,0,0,marathwada
Jalna,2022-01-03,1,2022,1,0.61,-23.57,24.0,49.2,0,0,marathwada
Jalna,2022-01-10,2,2022,1,0.9,6.87,23.6,52.6,0,0,marathwada
Jalna,2022-01-17,3,2022,1,0.71,-13.48,25.5,56.8,0,0,marathwada
Jalna,2022-01-24,4,2022,1,0.96,13.99,22.2,49.3,0,0,marathwada
Jalna,2022-01-31,5,2022,1,0.72,-11.65,24.9,49.3,0,0,marathwada
Jalna,2022-02-07,6,2022,2,0.51,2.22,21.6,56.1,0,0,marathwada
Jalna,2022-02-14,7,2022,2,0.46,-6.58,18.9,55.4,0,0,marathwada
Jalna,2022-02-21,8,2022,2,0.55,7.97,20.7,47.2,0,0,marathwada
Jalna,2022-02-28,9,2022,2,0.56,9.75,21.1,61.4,0,0,marathwada
Jalna,2022-03-07,10,2022,3,0.92,33.82,18.3,57.0,0,0,marathwada
Jalna,2022-03-14,11,2022,3,0.76,11.82,17.3,46.7,0,0,marathwada
Jalna,2022-03-21,12,2022,3,0.97,39.37,17.2,57.5,0,0,marathwada
Jalna,2022-03-28,13,2022,3,0.88,28.08,18.3,54.3,0,0,marathwada
Jalna,2022-04-04,14,2022,4,0.93,-6.01,21.6,26.6,0,0,marathwada
Jalna,2022-04-11,15,2022,4,1.08,7.39,20.4,30.3,0,0,marathwada
Jalna,2022-04-18,16,2022,4,1.48,44.15,21.8,35.6,0,0,marathwada
Jalna,2022-04-25,17,2022,4,1.49,44.45,23.4,26.2,0,0,marathwada
Jalna,2022-05-02,18,2022,5,1.35,-30.7,26.3,33.3,0,0,marathwada
Jalna,2022-05-09,19,2022,5,2.35,16.72,23.4,29.1,0,0,marathwada
Jalna,2022-05-16,20,2022,5,1.92,-3.54,26.1,31.8,0,0,marathwada
Jalna,2022-05-23,21,2022,5,1.89,-4.89,24.1,23.5,0,0,marathwada
Jalna,2022-05-30,22,2022,5,1.8,-9.49,25.1,26.9,0,0,marathwada
Jalna,2022-06-06,23,2022,6,11.43,-51.36,29.6,71.0,1,0,marathwada
Jalna,2022-06-13,24,2022,6,17.78,-24.59,27.5,74.6,1,0,marathwada
Jalna,2022-06-20,25,2022,6,23.07,-2.29,28.0,77.4,1,0,marathwada
Jalna,2022-06-27,26,2022,6,15.57,-33.93,27.3,75.6,1,0,marathwada
Jalna,2022-07-04,27,2022,7,30.48,-35.61,28.3,75.1,1,0,marathwada
Jalna,2022-07-11,28,2022,7,44.69,-5.69,33.4,82.1,1,0,marathwada
Jalna,2022-07-18,29,2022,7,65.58,38.31,29.7,88.2,1,0,marathwada
Jalna,2022-07-25,30,2022,7,57.95,22.23,30.7,80.1,1,0,marathwada
Jalna,2022-08-01,31,2022,8,60.67,39.7,31.8,79.2,1,0,marathwada
Jalna,2022-08-08,32,2022,8,61.82,42.36,31.4,67.1,1,0,marathwada
Jalna,2022-08-15,33,2022,8,51.14,17.79,29.0,76.3,1,0,marathwada
Jalna,2022-08-22,34,2022,8,52.25,20.34,31.9,75.0,1,0,marathwada
Jalna,2022-08-29,35,2022,8,20.91,-51.69,30.1,66.8,1,0,marathwada
Jalna,2022-09-05,36,2022,9,19.27,-41.35,31.0,77.1,1,0,marathwada
Jalna,2022-09-12,37,2022,9,41.91,27.22,31.5,79.4,1,0,marathwada
Jalna,2022-09-19,38,2022,9,33.66,2.22,34.5,70.9,1,0,marathwada
Jalna,2022-09-26,39,2022,9,59.55,80.62,31.0,81.0,1,0,marathwada
Jalna,2022-10-03,40,2022,10,8.47,-17.67,30.7,52.6,0,0,marathwada
Jalna,2022-10-10,41,2022,10,7.21,-29.76,31.4,53.0,0,0,marathwada
Jalna,2022-10-17,42,2022,10,3.11,-69.12,30.0,47.9,0,0,marathwada
Jalna,2022-10-24,43,2022,10,18.97,83.18,30.5,53.1,0,0,marathwada
Jalna,2022-10-31,44,2022,10,14.84,43.56,30.9,48.4,0,0,marathwada
Jalna,2022-11-07,45,2022,11,3.5,16.35,29.1,55.4,0,0,marathwada
Jalna,2022-11-14,46,2022,11,4.21,39.21,30.3,57.2,0,0,marathwada
Jalna,2022-11-21,47,2022,11,4.14,37.22,29.1,41.1,0,0,marathwada
Jalna,2022-11-28,48,2022,11,0.65,-75.77,30.9,48.3,0,0,marathwada
Jalna,2022-12-05,49,2022,12,0.66,-0.31,29.2,49.8,0,0,marathwada
Jalna,2022-12-12,50,2022,12,0.64,-3.63,27.5,48.0,0,0,marathwada
Jalna,2022-12-19,51,2022,12,0.6,-7.88,29.4,47.3,0,0,marathwada
Jalna,2022-12-26,52,2022,12,0.8,17.56,28.8,57.9,0,0,marathwada
Jalna,2023-01-02,1,2023,1,1.45,66.48,24.7,54.9,0,0,marathwada
Jalna,2023-01-09,2,2023,1,1.07,25.4,26.6,51.9,0,0,marathwada
Jalna,2023-01-16,3,2023,1,1.41,62.46,26.0,49.9,0,0,marathwada
Jalna,2023-01-23,4,2023,1,0.71,-12.72,24.5,50.5,0,0,marathwada
Jalna,2023-01-30,5,2023,1,0.64,-20.94,25.1,51.5,0,0,marathwada
Jalna,2023-02-06,6,2023,2,0.33,-27.45,19.8,54.3,0,0,marathwada
Jalna,2023-02-13,7,2023,2,0.65,25.77,21.0,47.6,0,0,marathwada
Jalna,2023-02-20,8,2023,2,0.73,38.05,20.6,55.7,0,0,marathwada
Jalna,2023-02-27,9,2023,2,0.84,57.65,22.7,45.6,0,0,marathwada
Jalna,2023-03-06,10,2023,3,0.59,-9.66,17.4,52.4,0,0,marathwada
Jalna,2023-03-13,11,2023,3,0.82,20.57,16.8,56.9,0,0,marathwada
Jalna,2023-03-20,12,2023,3,0.93,34.21,17.8,49.7,0,0,marathwada
Jalna,2023-03-27,13,2023,3,0.86,25.85,17.7,52.3,0,0,marathwada
Jalna,2023-04-03,14,2023,4,1.25,22.87,20.6,38.7,0,0,marathwada
Jalna,2023-04-10,15,2023,4,0.97,-2.96,20.9,22.5,0,0,marathwada
Jalna,2023-04-17,16,2023,4,1.1,9.26,23.4,23.1,0,0,marathwada
Jalna,2023-04-24,17,2023,4,1.23,20.81,22.8,21.1,0,0,marathwada
Jalna,2023-05-01,18,2023,5,2.47,22.87,25.4,34.4,0,0,marathwada
Jalna,2023-05-08,19,2023,5,2.44,21.29,25.5,20.0,0,0,marathwada
Jalna,2023-05-15,20,2023,5,2.87,41.56,27.0,33.1,0,0,marathwada
Jalna,2023-05-22,21,2023,5,2.16,7.76,24.8,28.0,0,0,marathwada
Jalna,2023-05-29,22,2023,5,3.74,83.5,26.8,24.2,0,0,marathwada
Jalna,2023-06-05,23,2023,6,20.69,-12.34,29.3,76.9,1,0,marathwada
Jalna,2023-06-12,24,2023,6,31.57,33.56,28.3,85.3,1,0,marathwada
Jalna,2023-06-19,25,2023,6,19.14,-18.84,28.4,85.4,1,0,marathwada
Jalna,2023-06-26,26,2023,6,46.7,97.37,28.6,74.3,1,0,marathwada
Jalna,2023-07-03,27,2023,7,54.23,14.4,29.7,83.6,1,0,marathwada
Jalna,2023-07-10,28,2023,7,65.32,37.75,31.1,78.6,1,0,marathwada
Jalna,2023-07-17,29,2023,7,61.64,30.01,30.0,77.4,1,0,marathwada
Jalna,2023-07-24,30,2023,7,29.96,-36.7,30.2,82.1,1,0,marathwada
Jalna,2023-07-31,31,2023,7,66.92,41.12,30.4,78.0,1,0,marathwada
Jalna,2023-08-07,32,2023,8,42.67,-1.68,31.2,83.8,1,0,marathwada
Jalna,2023-08-14,33,2023,8,60.48,39.27,31.5,82.9,1,0,marathwada
Jalna,2023-08-21,34,2023,8,74.35,71.15,32.3,81.2,1,0,marathwada
Jalna,2023-08-28,35,2023,8,40.37,-6.97,32.4,78.1,1,0,marathwada
Jalna,2023-09-04,36,2023,9,37.74,14.59,33.1,76.9,1,0,marathwada
Jalna,2023-09-11,37,2023,9,28.15,-14.46,33.4,79.1,1,0,marathwada
Jalna,2023-09-18,38,2023,9,30.78,-6.48,32.1,79.9,1,0,marathwada
Jalna,2023-09-25,39,2023,9,29.15,-11.44,31.7,77.9,1,0,marathwada
Jalna,2023-10-02,40,2023,10,4.99,-51.13,33.6,60.3,0,0,marathwada
Jalna,2023-10-09,41,2023,10,12.69,22.85,31.8,53.4,0,0,marathwada
Jalna,2023-10-16,42,2023,10,8.89,-13.68,32.2,48.0,0,0,marathwada
Jalna,2023-10-23,43,2023,10,5.44,-46.82,31.5,51.2,0,0,marathwada
Jalna,2023-10-30,44,2023,10,18.16,75.39,30.7,50.9,0,0,marathwada
Jalna,2023-11-06,45,2023,11,3.16,5.55,29.4,47.7,0,0,marathwada
Jalna,2023-11-13,46,2023,11,2.81,-5.86,30.4,47.9,0,0,marathwada
Jalna,2023-11-20,47,2023,11,5.92,94.71,29.9,64.1,0,0,marathwada
Jalna,2023-11-27,48,2023,11,2.91,-2.64,28.0,54.5,0,0,marathwada
Jalna,2023-12-04,49,2023,12,0.64,-3.43,26.9,43.7,0,0,marathwada
Jalna,2023-12-11,50,2023,12,0.71,6.11,29.5,52.9,0,0,marathwada
Jalna,2023-12-18,51,2023,12,0.76,12.02,27.5,59.2,0,0,marathwada
Jalna,2023-12-25,52,2023,12,0.74,9.27,26.8,50.8,0,0,marathwada
Beed,2019-01-07,2,2019,1,0.82,14.48,24.4,41.0,0,0,marathwada
Beed,2019-01-14,3,2019,1,0.71,1.27,25.8,49.4,0,0,marathwada
Beed,2019-01-21,4,2019,1,0.66,-5.44,26.0,55.8,0,0,marathwada
Beed,2019-01-28,5,2019,1,0.71,0.61,24.4,44.3,0,0,marathwada
Beed,2019-02-04,6,2019,2,0.5,15.36,21.2,61.1,0,0,marathwada
Beed,2019-02-11,7,2019,2,0.57,27.67,23.0,47.3,0,0,marathwada
Beed,2019-02-18,8,2019,2,0.53,20.59,21.7,49.4,0,0,marathwada
Beed,2019-02-25,9,2019,2,0.42,-1.4,19.2,58.0,0,0,marathwada
Beed,2019-03-04,10,2019,3,0.3,-40.06,18.1,55.2,0,0,marathwada
Beed,2019-03-11,11,2019,3,0.88,47.38,20.0,55.3,0,0,marathwada
Beed,2019-03-18,12,2019,3,0.7,20.28,19.9,50.0,0,0,marathwada
Beed,2019-03-25,13,2019,3,0.51,-8.4,18.1,47.9,0,0,marathwada
Beed,2019-04-01,14,2019,4,0.72,-13.19,22.2,27.7,0,0,marathwada
Beed,2019-04-08,15,2019,4,0.77,-8.16,21.7,29.9,0,0,marathwada
Beed,2019-04-15,16,2019,4,0.79,-5.87,22.3,27.4,0,0,marathwada
Beed,2019-04-22,17,2019,4,1.17,34.39,21.9,18.6,0,0,marathwada
Beed,2019-04-29,18,2019,4,1.13,29.63,22.4,22.3,0,0,marathwada
Beed,2019-05-06,19,2019,5,1.65,-2.35,24.5,24.5,0,0,marathwada
Beed,2019-05-13,20,2019,5,1.07,-34.44,25.9,30.5,0,0,marathwada
Beed,2019-05-20,21,2019,5,2.42,40.61,24.8,33.8,0,0,marathwada
Beed,2019-05-27,22,2019,5,1.02,-37.56,25.5,32.9,0,0,marathwada
Beed,2019-06-03,23,2019,6,15.95,-20.19,27.4,71.3,1,0,marathwada
Beed,2019-06-10,24,2019,6,27.77,38.65,26.8,78.0,1,0,marathwada
Beed,2019-06-17,25,2019,6,19.25,-3.74,26.8,76.4,1,0,marathwada
Beed,2019-06-24,26,2019,6,24.63,22.98,28.0,71.4,1,0,marathwada
Beed,2019-07-01,27,2019,7,50.43,25.53,30.5,83.4,1,0,marathwada
Beed,2019-07-08,28,2019,7,29.35,-26.83,31.4,74.0,1,0,marathwada
Beed,2019-07-15,29,2019,7,24.82,-38.08,30.8,81.1,1,0,marathwada
Beed,2019-07-22,30,2019,7,57.27,42.53,29.2,74.1,1,0,marathwada
Beed,2019-07-29,31,2019,7,37.18,-7.39,30.0,82.2,1,0,marathwada
Beed,2019-08-05,32,2019,8,27.9,-24.07,32.0,79.4,1,0,marathwada
Beed,2019-08-12,33,2019,8,35.34,-3.88,32.4,84.0,1,0,marathwada
Beed,2019-08-19,34,2019,8,55.44,50.63,31.3,80.5,1,0,marathwada
Beed,2019-08-26,35,2019,8,37.72,2.57,31.2,76.8,1,0,marathwada
Beed,2019-09-02,36,2019,9,20.76,-25.47,30.6,73.2,1,0,marathwada
Beed,2019-09-09,37,2019,9,35.49,27.14,33.0,70.1,1,0,marathwada
Beed,2019-09-16,38,2019,9,23.95,-14.08,30.1,77.2,1,0,marathwada
Beed,2019-09-23,39,2019,9,32.09,15.0,31.9,85.5,1,0,marathwada
Beed,2019-09-30,40,2019,9,19.3,-30.71,30.3,73.8,1,0,marathwada
Beed,2019-10-07,41,2019,10,8.57,-1.87,33.2,54.8,0,0,marathwada
Beed,2019-10-14,42,2019,10,9.35,6.92,32.8,51.3,0,0,marathwada
Beed,2019-10-21,43,2019,10,8.36,-4.29,31.7,45.9,0,0,marathwada
Beed,2019-10-28,44,2019,10,7.0,-19.65,33.4,54.4,0,0,marathwada
Beed,2019-11-04,45,2019,11,3.45,34.85,29.6,51.1,0,0,marathwada
Beed,2019-11-11,46,2019,11,4.1,59.5,29.0,53.2,0,0,marathwada
Beed,2019-11-18,47,2019,11,3.78,47.34,28.9,48.0,0,0,marathwada
Beed,2019-11-25,48,2019,11,2.2,-12.68,30.1,51.3,0,0,marathwada
Beed,2019-12-02,49,2019,12,0.5,-9.54,28.2,50.1,0,0,marathwada
Beed,2019-12-09,50,2019,12,0.57,1.16,29.2,52.7,0,0,marathwada
Beed,2019-12-16,51,2019,12,0.74,26.23,28.1,48.7,0,0,marathwada
Beed,2019-12-23,52,2019,12,0.63,9.33,27.0,52.2,0,0,marathwada
Beed,2019-12-30,1,2019,12,0.83,40.54,26.4,48.9,0,0,marathwada
Beed,2020-01-06,2,2020,1,0.82,14.62,24.6,47.1,0,0,marathwada
Beed,2020-01-13,3,2020,1,0.28,-53.29,24.5,52.4,0,0,marathwada
Beed,2020-01-20,4,2020,1,0.82,13.81,26.3,50.4,0,0,marathwada
Beed,2020-01-27,5,2020,1,0.74,3.82,25.4,51.9,0,0,marathwada
Beed,2020-02-03,6,2020,2,0.6,33.21,17.8,42.4,0,0,marathwada
Beed,2020-02-10,7,2020,2,0.33,-18.16,22.1,61.2,0,0,marathwada
Beed,2020-02-17,8,2020,2,0.37,-9.75,22.1,51.9,0,0,marathwada
Beed,2020-02-24,9,2020,2,0.51,15.97,20.8,51.6,0,0,marathwada
Beed,2020-03-02,10,2020,3,0.26,-45.7,17.3,46.6,0,0,marathwada
Beed,2020-03-09,11,2020,3,0.38,-27.02,17.7,53.3,0,0,marathwada
Beed,2020-03-16,12,2020,3,0.89,49.27,19.2,54.4,0,0,marathwada
Beed,2020-03-23,13,2020,3,0.12,-66.57,16.8,52.4,0,0,marathwada
Beed,2020-03-30,14,2020,3,0.74,26.87,17.7,54.4,0,0,marathwada
Beed,2020-04-06,15,2020,4,0.37,-50.54,20.6,26.7,0,0,marathwada
Beed,2020-04-13,16,2020,4,0.15,-73.4,22.3,32.7,0,0,marathwada
Beed,2020-04-20,17,2020,4,0.97,12.75,19.7,27.4,0,0,marathwada
Beed,2020-04-27,18,2020,4,0.5,-36.63,20.8,15.0,0,0,marathwada
Beed,2020-05-04,19,2020,5,1.92,12.63,26.4,15.6,0,0,marathwada
Beed,2020-05-11,20,2020,5,0.82,-48.52,25.4,27.3,0,0,marathwada
Beed,2020-05-18,21,2020,5,1.49,-11.46,24.3,31.0,0,0,marathwada
Beed,2020-05-25,22,2020,5,0.75,-52.44,25.9,28.0,0,0,marathwada
Beed,2020-06-01,23,2020,6,17.05,-14.7,30.0,78.4,1,0,marathwada
Beed,2020-06-08,24,2020,6,17.92,-10.39,27.3,76.0,1,0,marathwada
Beed,2020-06-15,25,2020,6,28.61,42.81,29.5,77.1,1,0,marathwada
Beed,2020-06-22,26,2020,6,32.73,63.3,27.3,80.6,1,0,marathwada
Beed,2020-06-29,27,2020,6,20.5,2.49,27.1,80.0,1,0,marathwada
Beed,2020-07-06,28,2020,7,25.07,-37.47,31.6,79.3,1,0,marathwada
Beed,2020-07-13,29,2020,7,33.54,-16.43,29.9,80.0,1,0,marathwada
Beed,2020-07-20,30,2020,7,5.79,-85.36,31.0,76.5,1,0,marathwada
Beed,2020-07-27,31,2020,7,22.13,-44.77,29.3,79.6,1,0,marathwada
Beed,2020-08-03,32,2020,8,23.85,-35.03,31.1,86.6,1,0,marathwada
Beed,2020-08-10,33,2020,8,21.71,-40.86,29.6,75.9,1,0,marathwada
Beed,2020-08-17,34,2020,8,21.56,-41.25,32.9,73.9,1,0,marathwada
Beed,2020-08-24,35,2020,8,17.08,-53.41,32.7,75.5,1,0,marathwada
Beed,2020-08-31,36,2020,8,51.16,39.03,30.9,68.8,1,0,marathwada
Beed,2020-09-07,37,2020,9,13.15,-52.68,28.9,64.4,1,0,marathwada
Beed,2020-09-14,38,2020,9,24.68,-11.5,32.8,83.8,1,0,marathwada
Beed,2020-09-21,39,2020,9,26.66,-4.41,33.1,75.3,1,0,marathwada
Beed,2020-09-28,40,2020,9,29.7,6.45,29.7,75.7,1,0,marathwada
Beed,2020-10-05,41,2020,10,11.37,29.85,30.8,50.9,0,0,marathwada
Beed,2020-10-12,42,2020,10,11.55,31.92,31.9,44.4,0,0,marathwada
Beed,2020-10-19,43,2020,10,10.96,25.14,33.0,47.0,0,0,marathwada
Beed,2020-10-26,44,2020,10,11.78,34.45,31.8,52.4,0,0,marathwada
Beed,2020-11-02,45,2020,11,0.89,-62.59,31.2,55.1,0,0,marathwada
Beed,2020-11-09,46,2020,11,2.96,16.09,30.9,52.9,0,0,marathwada
Beed,2020-11-16,47,2020,11,1.75,-29.66,31.5,42.1,0,0,marathwada
Beed,2020-11-23,48,2020,11,3.44,34.23,30.4,46.0,0,0,marathwada
Beed,2020-11-30,49,2020,11,1.58,-36.22,29.6,59.4,0,0,marathwada
Beed,2020-12-07,50,2020,12,0.46,-15.56,28.7,59.4,0,0,marathwada
Beed,2020-12-14,51,2020,12,0.6,5.44,27.2,51.1,0,0,marathwada
Beed,2020-12-21,52,2020,12,0.3,-39.52,27.5,45.9,0,0,marathwada
Beed,2020-12-28,53,2020,12,0.3,-40.38,28.5,48.0,0,0,marathwada
Beed,2021-01-04,1,2021,1,0.87,21.01,23.5,58.1,0,0,marathwada
Beed,2021-01-11,2,2021,1,0.9,24.65,26.6,51.2,0,0,marathwada
Beed,2021-01-18,3,2021,1,0.66,-6.12,24.2,50.8,0,0,marathwada
Beed,2021-01-25,4,2021,1,0.95,30.52,24.5,53.2,0,0,marathwada
Beed,2021-02-01,5,2021,2,0.43,0.56,21.2,59.2,0,0,marathwada
Beed,2021-02-08,6,2021,2,0.45,4.79,20.3,55.8,0,0,marathwada
Beed,2021-02-15,7,2021,2,0.12,-57.29,23.6,51.2,0,0,marathwada
Beed,2021-02-22,8,2021,2,0.54,22.02,20.7,55.3,0,0,marathwada
Beed,2021-03-01,9,2021,3,0.56,-0.57,18.3,56.3,0,0,marathwada
Beed,2021-03-08,10,2021,3,0.9,51.11,18.6,50.5,0,0,marathwada
Beed,2021-03-15,11,2021,3,1.17,91.71,17.2,52.6,0,0,marathwada
Beed,2021-03-22,12,2021,3,0.36,-31.15,17.6,50.0,0,0,marathwada
Beed,2021-03-29,13,2021,3,0.65,12.58,17.3,52.8,0,0,marathwada
Beed,2021-04-05,14,2021,4,1.43,61.56,19.4,37.6,0,0,marathwada
Beed,2021-04-12,15,2021,4,1.18,35.87,21.9,23.9,0,0,marathwada
Beed,2021-04-19,16,2021,4,1.24,41.52,21.3,33.0,0,0,marathwada
Beed,2021-04-26,17,2021,4,1.39,57.49,21.2,23.7,0,0,marathwada
Beed,2021-05-03,18,2021,5,1.61,-4.41,24.8,32.2,0,0,marathwada
Beed,2021-05-10,19,2021,5,2.03,19.08,23.0,20.1,0,0,marathwada
Beed,2021-05-17,20,2021,5,2.08,21.56,25.7,24.8,0,0,marathwada
Beed,2021-05-24,21,2021,5,1.27,-23.25,26.1,17.4,0,0,marathwada
Beed,2021-05-31,22,2021,5,2.75,59.11,26.5,33.9,0,0,marathwada
Beed,2021-06-07,23,2021,6,28.89,44.2,28.6,82.5,1,0,marathwada
Beed,2021-06-14,24,2021,6,28.89,44.19,26.5,78.2,1,0,marathwada
Beed,2021-06-21,25,2021,6,19.24,-3.8,28.8,77.2,1,0,marathwada
Beed,2021-06-28,26,2021,6,16.76,-16.16,29.4,88.9,1,0,marathwada
Beed,2021-07-05,27,2021,7,38.21,-4.82,29.0,71.8,1,0,marathwada
Beed,2021-07-12,28,2021,7,24.99,-37.66,30.6,79.5,1,0,marathwada
Beed,2021-07-19,29,2021,7,37.61,-6.3,30.5,72.3,1,0,marathwada
Beed,2021-07-26,30,2021,7,59.85,48.93,31.6,80.6,1,0,marathwada
Beed,2021-08-02,31,2021,8,49.39,34.23,31.2,81.5,1,0,marathwada
Beed,2021-08-09,32,2021,8,71.58,94.42,31.7,74.9,1,0,marathwada
Beed,2021-08-16,33,2021,8,38.51,4.72,31.5,82.2,1,0,marathwada
Beed,2021-08-23,34,2021,8,62.04,68.54,31.8,79.6,1,0,marathwada
Beed,2021-08-30,35,2021,8,41.51,12.86,31.9,77.6,1,0,marathwada
Beed,2021-09-06,36,2021,9,35.73,27.98,31.1,75.4,1,0,marathwada
Beed,2021-09-13,37,2021,9,43.17,54.58,30.3,79.3,1,0,marathwada
Beed,2021-09-20,38,2021,9,40.95,46.65,31.3,72.5,1,0,marathwada
Beed,2021-09-27,39,2021,9,22.03,-20.94,32.0,83.0,1,0,marathwada
Beed,2021-10-04,40,2021,10,13.46,53.53,34.4,55.7,0,0,marathwada
Beed,2021-10-11,41,2021,10,8.12,-6.96,30.3,52.6,0,0,marathwada
Beed,2021-10-18,42,2021,10,6.92,-20.59,30.0,48.4,0,0,marathwada
Beed,2021-10-25,43,2021,10,11.02,25.88,30.8,53.0,0,0,marathwada
Beed,2021-11-01,44,2021,11,2.82,10.71,28.1,58.1,0,0,marathwada
Beed,2021-11-08,45,2021,11,4.08,58.66,32.1,55.7,0,0,marathwada
Beed,2021-11-15,46,2021,11,3.16,23.62,29.8,57.3,0,0,marathwada
Beed,2021-11-22,47,2021,11,3.08,20.63,30.8,48.9,0,0,marathwada
Beed,2021-11-29,48,2021,11,3.51,36.86,31.0,54.3,0,0,marathwada
Beed,2021-12-06,49,2021,12,0.67,15.5,27.5,56.4,0,0,marathwada
Beed,2021-12-13,50,2021,12,0.78,32.12,27.8,56.7,0,0,marathwada
Beed,2021-12-20,51,2021,12,0.5,-9.16,26.2,60.4,0,0,marathwada
Beed,2021-12-27,52,2021,12,0.37,-29.57,29.3,56.8,0,0,marathwada
Beed,2022-01-03,1,2022,1,0.99,35.78,25.6,53.4,0,0,marathwada
Beed,2022-01-10,2,2022,1,0.69,-1.67,26.3,50.1,0,0,marathwada
Beed,2022-01-17,3,2022,1,0.37,-41.78,24.4,49.6,0,0,marathwada
Beed,2022-01-24,4,2022,1,0.92,26.93,25.4,43.1,0,0,marathwada
Beed,2022-01-31,5,2022,1,0.23,-59.27,25.5,45.2,0,0,marathwada
Beed,2022-02-07,6,2022,2,0.52,19.45,20.7,45.6,0,0,marathwada
Beed,2022-02-14,7,2022,2,0.77,66.75,21.3,56.6,0,0,marathwada
Beed,2022-02-21,8,2022,2,0.12,-57.69,22.0,46.2,0,0,marathwada
Beed,2022-02-28,9,2022,2,0.58,29.56,20.8,46.1,0,0,marathwada
Beed,2022-03-07,10,2022,3,0.37,-29.19,18.7,44.1,0,0,marathwada
Beed,2022-03-14,11,2022,3,0.44,-18.2,19.2,54.6,0,0,marathwada
Beed,2022-03-21,12,2022,3,0.85,43.02,17.7,59.6,0,0,marathwada
Beed,2022-03-28,13,2022,3,0.52,-6.84,19.0,48.9,0,0,marathwada
Beed,2022-04-04,14,2022,4,0.59,-26.87,21.3,29.1,0,0,marathwada
Beed,2022-04-11,15,2022,4,0.39,-47.7,21.9,25.2,0,0,marathwada
Beed,2022-04-18,16,2022,4,1.09,26.16,21.4,30.9,0,0,marathwada
Beed,2022-04-25,17,2022,4,1.06,22.23,21.8,27.2,0,0,marathwada
Beed,2022-05-02,18,2022,5,2.5,45.18,24.9,22.8,0,0,marathwada
Beed,2022-05-09,19,2022,5,1.08,-34.37,25.7,29.7,0,0,marathwada
Beed,2022-05-16,20,2022,5,2.59,50.02,26.8,30.2,0,0,marathwada
Beed,2022-05-23,21,2022,5,1.4,-16.21,25.7,33.3,0,0,marathwada
Beed,2022-05-30,22,2022,5,1.02,-37.58,24.6,15.0,0,0,marathwada
Beed,2022-06-06,23,2022,6,25.41,26.91,29.8,81.8,1,0,marathwada
Beed,2022-06-13,24,2022,6,9.95,-49.99,26.6,78.6,1,0,marathwada
Beed,2022-06-20,25,2022,6,26.08,30.21,29.6,79.8,1,0,marathwada
Beed,2022-06-27,26,2022,6,11.89,-40.35,27.5,76.0,1,0,marathwada
Beed,2022-07-04,27,2022,7,46.24,15.12,31.0,70.4,1,0,marathwada
Beed,2022-07-11,28,2022,7,48.88,21.7,28.3,78.5,1,0,marathwada
Beed,2022-07-18,29,2022,7,65.4,62.74,30.3,70.5,1,0,marathwada
Beed,2022-07-25,30,2022,7,55.69,38.61,28.9,84.7,1,0,marathwada
Beed,2022-08-01,31,2022,8,30.44,-17.16,30.0,86.7,1,0,marathwada
Beed,2022-08-08,32,2022,8,39.42,7.2,31.1,78.8,1,0,marathwada
Beed,2022-08-15,33,2022,8,22.55,-38.56,31.8,80.2,1,0,marathwada
Beed,2022-08-22,34,2022,8,13.41,-63.36,32.8,74.7,1,0,marathwada
Beed,2022-08-29,35,2022,8,38.37,4.34,31.0,84.0,1,0,marathwada
Beed,2022-09-05,36,2022,9,31.91,14.36,32.1,78.0,1,0,marathwada
Beed,2022-09-12,37,2022,9,33.04,18.38,33.0,81.8,1,0,marathwada
Beed,2022-09-19,38,2022,9,30.79,10.35,32.8,79.6,1,0,marathwada
Beed,2022-09-26,39,2022,9,8.9,-67.85,29.9,82.8,1,0,marathwada
Beed,2022-10-03,40,2022,10,9.73,11.26,31.3,48.2,0,0,marathwada
Beed,2022-10-10,41,2022,10,11.77,34.41,31.1,40.6,0,0,marathwada
Beed,2022-10-17,42,2022,10,2.92,-65.87,31.8,47.6,0,0,marathwada
Beed,2022-10-24,43,2022,10,5.75,-33.76,31.4,53.9,0,0,marathwada
Beed,2022-10-31,44,2022,10,13.14,49.83,31.5,55.6,0,0,marathwada
Beed,2022-11-07,45,2022,11,1.44,-41.51,31.6,41.4,0,0,marathwada
Beed,2022-11-14,46,2022,11,3.08,20.76,29.3,50.7,0,0,marathwada
Beed,2022-11-21,47,2022,11,2.33,-7.95,29.6,50.5,0,0,marathwada
Beed,2022-11-28,48,2022,11,4.22,63.85,31.4,55.0,0,0,marathwada
Beed,2022-12-05,49,2022,12,0.55,-2.49,28.3,48.6,0,0,marathwada
Beed,2022-12-12,50,2022,12,0.68,17.1,27.8,54.5,0,0,marathwada
Beed,2022-12-19,51,2022,12,0.52,-6.97,29.1,52.3,0,0,marathwada
Beed,2022-12-26,52,2022,12,0.57,1.12,28.8,60.1,0,0,marathwada
Beed,2023-01-02,1,2023,1,0.84,16.29,24.8,54.1,0,0,marathwada
Beed,2023-01-09,2,2023,1,0.72,1.52,23.7,48.7,0,0,marathwada
Beed,2023-01-16,3,2023,1,1.15,55.14,24.4,53.2,0,0,marathwada
Beed,2023-01-23,4,2023,1,0.42,-35.19,23.7,57.3,0,0,marathwada
Beed,2023-01-30,5,2023,1,0.94,29.28,25.2,45.5,0,0,marathwada
Beed,2023-02-06,6,2023,2,0.52,19.48,21.8,52.2,0,0,marathwada
Beed,2023-02-13,7,2023,2,0.38,-7.43,22.5,48.1,0,0,marathwada
Beed,2023-02-20,8,2023,2,0.46,7.46,19.2,51.7,0,0,marathwada
Beed,2023-02-27,9,2023,2,0.33,-18.45,21.8,52.2,0,0,marathwada
Beed,2023-03-06,10,2023,3,0.67,15.32,16.6,44.6,0,0,marathwada
Beed,2023-03-13,11,2023,3,0.65,13.32,15.9,58.2,0,0,marathwada
Beed,2023-03-20,12,2023,3,0.72,23.66,19.0,56.8,0,0,marathwada
Beed,2023-03-27,13,2023,3,0.73,25.06,17.9,51.4,0,0,marathwada
Beed,2023-04-03,14,2023,4,1.37,56.04,21.0,27.3,0,0,marathwada
Beed,2023-04-10,15,2023,4,0.71,-14.04,20.9,25.8,0,0,marathwada
Beed,2023-04-17,16,2023,4,0.95,10.56,21.4,28.5,0,0,marathwada
Beed,2023-04-24,17,2023,4,1.08,25.24,21.8,35.5,0,0,marathwada
Beed,2023-05-01,18,2023,5,1.96,15.29,25.1,31.4,0,0,marathwada
Beed,2023-05-08,19,2023,5,1.31,-21.36,24.7,29.8,0,0,marathwada
Beed,2023-05-15,20,2023,5,2.26,31.84,24.5,29.3,0,0,marathwada
Beed,2023-05-22,21,2023,5,1.2,-27.63,26.3,30.4,0,0,marathwada
Beed,2023-05-29,22,2023,5,1.99,16.54,25.3,24.5,0,0,marathwada
Beed,2023-06-05,23,2023,6,32.8,63.64,30.0,70.1,1,0,marathwada
Beed,2023-06-12,24,2023,6,28.16,40.54,28.8,80.3,1,0,marathwada
Beed,2023-06-19,25,2023,6,17.18,-14.04,27.2,66.9,1,0,marathwada
Beed,2023-06-26,26,2023,6,15.8,-20.93,30.1,70.9,1,0,marathwada
Beed,2023-07-03,27,2023,7,64.89,61.46,30.6,76.3,1,0,marathwada
Beed,2023-07-10,28,2023,7,46.0,14.53,31.5,72.0,1,0,marathwada
Beed,2023-07-17,29,2023,7,41.39,3.08,31.0,75.5,1,0,marathwada
Beed,2023-07-24,30,2023,7,71.02,76.69,30.8,73.8,1,0,marathwada
Beed,2023-07-31,31,2023,7,55.14,37.24,29.8,71.2,1,0,marathwada
Beed,2023-08-07,32,2023,8,59.38,61.32,29.7,83.3,1,0,marathwada
Beed,2023-08-14,33,2023,8,39.37,7.06,33.5,79.9,1,0,marathwada
Beed,2023-08-21,34,2023,8,48.96,33.06,31.6,75.3,1,0,marathwada
Beed,2023-08-28,35,2023,8,52.0,41.31,31.2,75.7,1,0,marathwada
Beed,2023-09-04,36,2023,9,29.2,4.66,31.9,82.6,1,0,marathwada
Beed,2023-09-11,37,2023,9,25.82,-7.42,30.8,79.4,1,0,marathwada
Beed,2023-09-18,38,2023,9,32.37,16.0,32.0,82.8,1,0,marathwada
Beed,2023-09-25,39,2023,9,29.18,4.6,32.6,85.5,1,0,marathwada
Beed,2023-10-02,40,2023,10,10.74,22.76,31.6,45.6,0,0,marathwada
Beed,2023-10-09,41,2023,10,13.97,59.22,30.7,54.8,0,0,marathwada
Beed,2023-10-16,42,2023,10,13.79,57.27,33.4,40.7,0,0,marathwada
Beed,2023-10-23,43,2023,10,9.98,14.05,33.3,54.2,0,0,marathwada
Beed,2023-10-30,44,2023,10,9.01,3.17,31.0,50.3,0,0,marathwada
Beed,2023-11-06,45,2023,11,4.32,67.86,27.9,50.2,0,0,marathwada
Beed,2023-11-13,46,2023,11,3.3,29.07,29.6,59.1,0,0,marathwada
Beed,2023-11-20,47,2023,11,2.38,-5.92,30.7,51.0,0,0,marathwada
Beed,2023-11-27,48,2023,11,2.33,-7.9,29.5,55.2,0,0,marathwada
Beed,2023-12-04,49,2023,12,0.7,21.23,26.7,60.4,0,0,marathwada
Beed,2023-12-11,50,2023,12,0.72,24.04,26.3,45.9,0,0,marathwada
Beed,2023-12-18,51,2023,12,0.54,-2.83,30.3,50.3,0,0,marathwada
Beed,2023-12-25,52,2023,12,0.65,12.76,27.5,45.4,0,0,marathwada
Osmanabad,2019-01-07,2,2019,1,0.45,-34.41,23.7,52.4,0,0,marathwada
Osmanabad,2019-01-14,3,2019,1,0.71,-3.57,24.6,55.0,0,0,marathwada
Osmanabad,2019-01-21,4,2019,1,1.1,43.19,23.6,46.3,0,0,marathwada
Osmanabad,2019-01-28,5,2019,1,0.51,-26.76,23.1,54.6,0,0,marathwada
Osmanabad,2019-02-04,6,2019,2,0.4,-7.63,20.2,49.8,0,0,marathwada
Osmanabad,2019-02-11,7,2019,2,0.44,-1.22,22.4,54.7,0,0,marathwada
Osmanabad,2019-02-18,8,2019,2,0.34,-18.61,21.6,48.3,0,0,marathwada
Osmanabad,2019-02-25,9,2019,2,0.41,-6.13,19.0,44.7,0,0,marathwada
Osmanabad,2019-03-04,10,2019,3,0.37,-32.56,17.5,50.2,0,0,marathwada
Osmanabad,2019-03-11,11,2019,3,0.73,20.76,18.4,53.1,0,0,marathwada
Osmanabad,2019-03-18,12,2019,3,0.94,49.84,16.7,48.7,0,0,marathwada
Osmanabad,2019-03-25,13,2019,3,0.92,48.14,17.6,51.9,0,0,marathwada
Osmanabad,2019-04-01,14,2019,4,1.03,14.88,19.9,24.1,0,0,marathwada
Osmanabad,2019-04-08,15,2019,4,0.73,-16.03,23.3,21.4,0,0,marathwada
Osmanabad,2019-04-15,16,2019,4,0.66,-22.6,21.7,22.1,0,0,marathwada
Osmanabad,2019-04-22,17,2019,4,0.96,7.9,22.7,27.2,0,0,marathwada
Osmanabad,2019-04-29,18,2019,4,1.0,11.47,21.6,22.4,0,0,marathwada
Osmanabad,2019-05-06,19,2019,5,1.74,-1.98,24.7,29.5,0,0,marathwada
Osmanabad,2019-05-13,20,2019,5,0.71,-56.53,26.8,32.5,0,0,marathwada
Osmanabad,2019-05-20,21,2019,5,2.22,23.78,24.8,20.3,0,0,marathwada
Osmanabad,2019-05-27,22,2019,5,1.92,7.9,25.5,21.4,0,0,marathwada
Osmanabad,2019-06-03,23,2019,6,29.19,38.9,25.8,87.0,1,0,marathwada
Osmanabad,2019-06-10,24,2019,6,23.92,13.92,27.8,80.3,1,0,marathwada
Osmanabad,2019-06-17,25,2019,6,14.22,-32.08,29.5,81.7,1,0,marathwada
Osmanabad,2019-06-24,26,2019,6,33.11,57.46,27.8,69.9,1,0,marathwada
Osmanabad,2019-07-01,27,2019,7,26.77,-36.37,31.4,77.2,1,0,marathwada
Osmanabad,2019-07-08,28,2019,7,58.46,38.69,31.8,83.1,1,0,marathwada
Osmanabad,2019-07-15,29,2019,7,58.79,39.48,29.5,89.0,1,0,marathwada
Osmanabad,2019-07-22,30,2019,7,33.23,-21.07,31.1,79.7,1,0,marathwada
Osmanabad,2019-07-29,31,2019,7,55.43,31.5,28.5,87.4,1,0,marathwada
Osmanabad,2019-08-05,32,2019,8,11.86,-69.08,28.5,69.0,1,0,marathwada
Osmanabad,2019-08-12,33,2019,8,57.35,48.53,29.3,73.5,1,0,marathwada
Osmanabad,2019-08-19,34,2019,8,42.9,11.16,32.1,75.8,1,0,marathwada
Osmanabad,2019-08-26,35,2019,8,64.44,66.86,31.0,82.4,1,0,marathwada
Osmanabad,2019-09-02,36,2019,9,49.43,68.66,31.8,74.0,1,0,marathwada
Osmanabad,2019-09-09,37,2019,9,19.94,-31.75,32.2,83.0,1,0,marathwada
Osmanabad,2019-09-16,38,2019,9,33.02,12.79,31.8,67.5,1,0,marathwada
Osmanabad,2019-09-23,39,2019,9,34.27,17.05,31.6,77.6,1,0,marathwada
Osmanabad,2019-09-30,40,2019,9,28.2,-3.64,33.7,78.9,1,0,marathwada
Osmanabad,2019-10-07,41,2019,10,10.58,15.29,33.0,53.3,0,0,marathwada
Osmanabad,2019-10-14,42,2019,10,13.34,45.09,32.5,54.6,0,0,marathwada
Osmanabad,2019-10-21,43,2019,10,9.33,1.78,31.9,53.5,0,0,marathwada
Osmanabad,2019-10-28,44,2019,10,16.53,79.55,31.4,54.0,0,0,marathwada
Osmanabad,2019-11-04,45,2019,11,2.65,-0.43,29.8,50.2,0,0,marathwada
Osmanabad,2019-11-11,46,2019,11,1.93,-26.33,30.6,49.4,0,0,marathwada
Osmanabad,2019-11-18,47,2019,11,3.87,43.7,31.5,51.3,0,0,marathwada
Osmanabad,2019-11-25,48,2019,11,3.62,34.91,27.2,51.5,0,0,marathwada
Osmanabad,2019-12-02,49,2019,12,0.6,0.94,29.3,49.8,0,0,marathwada
Osmanabad,2019-12-09,50,2019,12,0.86,38.3,28.9,41.3,0,0,marathwada
Osmanabad,2019-12-16,51,2019,12,0.73,19.76,29.9,55.4,0,0,marathwada
Osmanabad,2019-12-23,52,2019,12,0.64,7.77,26.5,47.4,0,0,marathwada
Osmanabad,2019-12-30,1,2019,12,0.85,36.93,24.8,54.6,0,0,marathwada
Osmanabad,2020-01-06,2,2020,1,0.69,-5.58,24.8,52.5,0,0,marathwada
Osmanabad,2020-01-13,3,2020,1,0.43,-37.13,26.1,51.8,0,0,marathwada
Osmanabad,2020-01-20,4,2020,1,0.76,2.23,23.6,48.2,0,0,marathwada
Osmanabad,2020-01-27,5,2020,1,0.73,-0.73,27.5,54.7,0,0,marathwada
Osmanabad,2020-02-03,6,2020,2,0.66,39.73,24.2,51.0,0,0,marathwada
Osmanabad,2020-02-10,7,2020,2,0.59,27.7,21.6,48.4,0,0,marathwada
Osmanabad,2020-02-17,8,2020,2,0.6,27.93,21.6,50.9,0,0,marathwada
Osmanabad,2020-02-24,9,2020,2,0.56,21.96,21.0,49.6,0,0,marathwada
Osmanabad,2020-03-02,10,2020,3,0.68,12.92,18.8,53.8,0,0,marathwada
Osmanabad,2020-03-09,11,2020,3,0.66,10.36,19.7,48.6,0,0,marathwada
Osmanabad,2020-03-16,12,2020,3,0.71,17.28,18.9,67.4,0,0,marathwada
Osmanabad,2020-03-23,13,2020,3,0.82,32.53,17.6,54.2,0,0,marathwada
Osmanabad,2020-03-30,14,2020,3,0.59,-0.31,20.9,56.6,0,0,marathwada
Osmanabad,2020-04-06,15,2020,4,0.73,-16.24,21.5,25.9,0,0,marathwada
Osmanabad,2020-04-13,16,2020,4,0.68,-21.04,23.7,27.8,0,0,marathwada
Osmanabad,2020-04-20,17,2020,4,1.25,36.7,22.1,23.1,0,0,marathwada
Osmanabad,2020-04-27,18,2020,4,0.49,-39.84,21.1,33.4,0,0,marathwada
Osmanabad,2020-05-04,19,2020,5,1.8,1.27,22.9,25.1,0,0,marathwada
Osmanabad,2020-05-11,20,2020,5,1.63,-7.76,25.2,20.5,0,0,marathwada
Osmanabad,2020-05-18,21,2020,5,1.03,-39.92,24.9,22.3,0,0,marathwada
Osmanabad,2020-05-25,22,2020,5,0.84,-49.99,24.6,32.8,0,0,marathwada
Osmanabad,2020-06-01,23,2020,6,19.75,-5.87,27.0,78.9,1,0,marathwada
Osmanabad,2020-06-08,24,2020,6,14.29,-31.75,28.5,73.7,1,0,marathwada
Osmanabad,2020-06-15,25,2020,6,13.89,-33.65,27.9,81.4,1,0,marathwada
Osmanabad,2020-06-22,26,2020,6,24.67,17.45,28.7,88.5,1,0,marathwada
Osmanabad,2020-06-29,27,2020,6,21.05,0.28,28.3,77.4,1,0,marathwada
Osmanabad,2020-07-06,28,2020,7,26.1,-37.95,30.1,78.0,1,0,marathwada
Osmanabad,2020-07-13,29,2020,7,34.73,-17.51,29.8,85.1,1,0,marathwada
Osmanabad,2020-07-20,30,2020,7,21.05,-49.91,29.4,74.4,1,0,marathwada
Osmanabad,2020-07-27,31,2020,7,53.06,25.89,31.5,77.2,1,0,marathwada
Osmanabad,2020-08-03,32,2020,8,24.76,-35.73,31.3,86.1,1,0,marathwada
Osmanabad,2020-08-10,33,2020,8,9.31,-75.66,31.6,76.7,1,0,marathwada
Osmanabad,2020-08-17,34,2020,8,23.96,-37.8,32.1,77.5,1,0,marathwada
Osmanabad,2020-08-24,35,2020,8,21.87,-43.2,33.6,72.8,1,0,marathwada
Osmanabad,2020-08-31,36,2020,8,34.93,-9.44,31.6,80.7,1,0,marathwada
Osmanabad,2020-09-07,37,2020,9,22.88,-21.75,31.2,83.6,1,0,marathwada
Osmanabad,2020-09-14,38,2020,9,18.59,-36.35,29.6,77.1,1,0,marathwada
Osmanabad,2020-09-21,39,2020,9,38.3,30.76,32.4,73.8,1,0,marathwada
Osmanabad,2020-09-28,40,2020,9,30.99,5.88,31.8,77.9,1,0,marathwada
Osmanabad,2020-10-05,41,2020,10,5.01,-44.8,32.1,53.4,0,0,marathwada
Osmanabad,2020-10-12,42,2020,10,5.46,-39.97,32.8,52.7,0,0,marathwada
Osmanabad,2020-10-19,43,2020,10,12.1,31.68,30.3,57.2,0,0,marathwada
Osmanabad,2020-10-26,44,2020,10,8.3,-9.29,31.8,60.0,0,0,marathwada
Osmanabad,2020-11-02,45,2020,11,2.54,-4.45,30.0,53.0,0,0,marathwada
Osmanabad,2020-11-09,46,2020,11,3.12,16.63,29.6,46.4,0,0,marathwada
Osmanabad,2020-11-16,47,2020,11,1.67,-35.72,30.0,49.3,0,0,marathwada
Osmanabad,2020-11-23,48,2020,11,2.03,-22.88,30.8,54.1,0,0,marathwada
Osmanabad,2020-11-30,49,2020,11,0.99,-60.63,30.4,59.1,0,0,marathwada
Osmanabad,2020-12-07,50,2020,12,0.5,-13.68,27.2,63.0,0,0,marathwada
Osmanabad,2020-12-14,51,2020,12,0.57,-2.54,27.8,55.4,0,0,marathwada
Osmanabad,2020-12-21,52,2020,12,0.42,-24.37,27.4,51.7,0,0,marathwada
Osmanabad,2020-12-28,53,2020,12,0.76,24.88,29.6,50.9,0,0,marathwada
Osmanabad,2021-01-04,1,2021,1,0.64,-11.49,24.7,50.5,0,0,marathwada
Osmanabad,2021-01-11,2,2021,1,0.73,-0.7,25.8,59.5,0,0,marathwada
Osmanabad,2021-01-18,3,2021,1,1.25,60.65,24.9,47.3,0,0,marathwada
Osmanabad,2021-01-25,4,2021,1,1.18,51.99,24.3,44.1,0,0,marathwada
Osmanabad,2021-02-01,5,2021,2,0.76,58.77,20.6,56.6,0,0,marathwada
Osmanabad,2021-02-08,6,2021,2,0.49,8.05,20.1,48.1,0,0,marathwada
Osmanabad,2021-02-15,7,2021,2,0.0,-81.29,20.1,55.4,0,0,marathwada
Osmanabad,2021-02-22,8,2021,2,0.5,10.08,21.7,55.9,0,0,marathwada
Osmanabad,2021-03-01,9,2021,3,1.01,60.06,19.3,57.1,0,0,marathwada
Osmanabad,2021-03-08,10,2021,3,0.49,-15.15,16.2,42.9,0,0,marathwada
Osmanabad,2021-03-15,11,2021,3,0.77,25.26,19.2,52.6,0,0,marathwada
Osmanabad,2021-03-22,12,2021,3,0.78,27.45,20.2,54.3,0,0,marathwada
Osmanabad,2021-03-29,13,2021,3,0.64,7.2,15.6,58.3,0,0,marathwada
Osmanabad,2021-04-05,14,2021,4,1.04,15.25,22.3,18.5,0,0,marathwada
Osmanabad,2021-04-12,15,2021,4,1.3,42.08,21.5,17.8,0,0,marathwada
Osmanabad,2021-04-19,16,2021,4,0.72,-17.04,20.5,24.0,0,0,marathwada
Osmanabad,2021-04-26,17,2021,4,0.72,-17.19,21.4,31.4,0,0,marathwada
Osmanabad,2021-05-03,18,2021,5,2.52,39.59,24.6,31.4,0,0,marathwada
Osmanabad,2021-05-10,19,2021,5,3.89,112.88,25.2,21.8,0,0,marathwada
Osmanabad,2021-05-17,20,2021,5,2.23,24.13,25.2,20.3,0,0,marathwada
Osmanabad,2021-05-24,21,2021,5,2.56,41.95,24.4,33.0,0,0,marathwada
Osmanabad,2021-05-31,22,2021,5,2.16,20.71,24.9,33.0,0,0,marathwada
Osmanabad,2021-06-07,23,2021,6,21.71,3.42,26.4,77.8,1,0,marathwada
Osmanabad,2021-06-14,24,2021,6,14.19,-32.26,26.8,83.5,1,0,marathwada
Osmanabad,2021-06-21,25,2021,6,21.85,4.09,28.2,66.1,1,0,marathwada
Osmanabad,2021-06-28,26,2021,6,31.1,47.97,26.9,75.0,1,0,marathwada
Osmanabad,2021-07-05,27,2021,7,66.23,57.08,30.3,77.3,1,0,marathwada
Osmanabad,2021-07-12,28,2021,7,54.01,28.15,30.8,77.4,1,0,marathwada
Osmanabad,2021-07-19,29,2021,7,54.73,29.85,28.5,73.5,1,0,marathwada
Osmanabad,2021-07-26,30,2021,7,40.39,-4.11,28.5,79.3,1,0,marathwada
Osmanabad,2021-08-02,31,2021,8,60.32,56.21,31.9,80.9,1,0,marathwada
Osmanabad,2021-08-09,32,2021,8,59.0,52.8,31.2,75.9,1,0,marathwada
Osmanabad,2021-08-16,33,2021,8,64.21,66.26,30.0,79.6,1,0,marathwada
Osmanabad,2021-08-23,34,2021,8,50.8,31.6,30.3,84.2,1,0,marathwada
Osmanabad,2021-08-30,35,2021,8,65.86,70.54,32.6,79.4,1,0,marathwada
Osmanabad,2021-09-06,36,2021,9,33.49,14.38,32.2,86.5,1,0,marathwada
Osmanabad,2021-09-13,37,2021,9,38.09,30.04,31.8,72.6,1,0,marathwada
Osmanabad,2021-09-20,38,2021,9,31.19,6.56,31.5,79.6,1,0,marathwada
Osmanabad,2021-09-27,39,2021,9,50.97,73.91,32.9,74.4,1,0,marathwada
Osmanabad,2021-10-04,40,2021,10,9.88,7.73,30.5,56.6,0,0,marathwada
Osmanabad,2021-10-11,41,2021,10,15.83,71.96,32.1,52.4,0,0,marathwada
Osmanabad,2021-10-18,42,2021,10,8.02,-12.32,30.8,54.1,0,0,marathwada
Osmanabad,2021-10-25,43,2021,10,10.8,17.71,31.0,49.6,0,0,marathwada
Osmanabad,2021-11-01,44,2021,11,3.84,42.9,30.5,43.7,0,0,marathwada
Osmanabad,2021-11-08,45,2021,11,2.86,7.05,30.7,47.0,0,0,marathwada
Osmanabad,2021-11-15,46,2021,11,2.41,-9.17,31.8,63.5,0,0,marathwada
Osmanabad,2021-11-22,47,2021,11,4.08,51.4,29.8,52.7,0,0,marathwada
Osmanabad,2021-11-29,48,2021,11,4.79,77.27,28.2,55.9,0,0,marathwada
Osmanabad,2021-12-06,49,2021,12,0.96,53.31,28.4,46.7,0,0,marathwada
Osmanabad,2021-12-13,50,2021,12,0.82,33.06,30.0,54.1,0,0,marathwada
Osmanabad,2021-12-20,51,2021,12,0.68,13.44,29.9,51.0,0,0,marathwada
Osmanabad,2021-12-27,52,2021,12,0.57,-2.57,28.7,49.6,0,0,marathwada
Osmanabad,2022-01-03,1,2022,1,0.29,-53.57,24.6,51.3,0,0,marathwada
Osmanabad,2022-01-10,2,2022,1,1.14,48.16,24.0,57.7,0,0,marathwada
Osmanabad,2022-01-17,3,2022,1,0.85,12.99,23.2,46.4,0,0,marathwada
Osmanabad,2022-01-24,4,2022,1,1.03,34.43,24.4,49.1,0,0,marathwada
Osmanabad,2022-01-31,5,2022,1,0.67,-8.04,26.1,50.0,0,0,marathwada
Osmanabad,2022-02-07,6,2022,2,0.48,6.53,21.8,43.8,0,0,marathwada
Osmanabad,2022-02-14,7,2022,2,0.61,30.23,21.2,60.4,0,0,marathwada
Osmanabad,2022-02-21,8,2022,2,0.52,14.26,22.0,52.4,0,0,marathwada
Osmanabad,2022-02-28,9,2022,2,0.22,-41.3,21.4,51.1,0,0,marathwada
Osmanabad,2022-03-07,10,2022,3,0.52,-10.61,18.0,48.5,0,0,marathwada
Osmanabad,2022-03-14,11,2022,3,0.59,0.48,18.1,55.0,0,0,marathwada
Osmanabad,2022-03-21,12,2022,3,0.68,12.8,18.2,58.2,0,0,marathwada
Osmanabad,2022-03-28,13,2022,3,0.77,25.15,17.2,50.2,0,0,marathwada
Osmanabad,2022-04-04,14,2022,4,0.37,-52.32,23.2,26.2,0,0,marathwada
Osmanabad,2022-04-11,15,2022,4,0.69,-20.36,21.0,31.5,0,0,marathwada
Osmanabad,2022-04-18,16,2022,4,1.01,12.01,20.0,20.7,0,0,marathwada
Osmanabad,2022-04-25,17,2022,4,1.39,50.54,20.7,26.0,0,0,marathwada
Osmanabad,2022-05-02,18,2022,5,2.24,24.93,23.5,24.3,0,0,marathwada
Osmanabad,2022-05-09,19,2022,5,1.35,-22.7,26.3,28.6,0,0,marathwada
Osmanabad,2022-05-16,20,2022,5,1.89,6.33,24.0,40.4,0,0,marathwada
Osmanabad,2022-05-23,21,2022,5,1.45,-17.03,23.4,25.3,0,0,marathwada
Osmanabad,2022-05-30,22,2022,5,1.57,-10.88,24.8,32.3,0,0,marathwada
Osmanabad,2022-06-06,23,2022,6,35.74,69.97,29.7,67.8,1,0,marathwada
Osmanabad,2022-06-13,24,2022,6,23.1,10.04,28.2,77.6,1,0,marathwada
Osmanabad,2022-06-20,25,2022,6,24.91,18.59,29.4,77.4,1,0,marathwada
Osmanabad,2022-06-27,26,2022,6,16.3,-22.23,27.9,64.2,1,0,marathwada
Osmanabad,2022-07-04,27,2022,7,61.23,45.25,29.5,82.5,1,0,marathwada
Osmanabad,2022-07-11,28,2022,7,45.83,8.77,30.0,81.3,1,0,marathwada
Osmanabad,2022-07-18,29,2022,7,56.99,35.21,29.3,76.4,1,0,marathwada
Osmanabad,2022-07-25,30,2022,7,45.85,8.81,30.9,75.8,1,0,marathwada
Osmanabad,2022-08-01,31,2022,8,30.56,-20.72,34.3,74.8,1,0,marathwada
Osmanabad,2022-08-08,32,2022,8,39.54,2.48,32.5,78.2,1,0,marathwada
Osmanabad,2022-08-15,33,2022,8,23.96,-37.78,33.2,81.6,1,0,marathwada
Osmanabad,2022-08-22,34,2022,8,62.69,62.35,29.9,75.3,1,0,marathwada
Osmanabad,2022-08-29,35,2022,8,58.07,50.4,29.4,73.1,1,0,marathwada
Osmanabad,2022-09-05,36,2022,9,52.48,79.05,32.2,78.0,1,0,marathwada
Osmanabad,2022-09-12,37,2022,9,23.54,-19.5,33.6,82.2,1,0,marathwada
Osmanabad,2022-09-19,38,2022,9,32.89,12.35,33.9,70.7,1,0,marathwada
Osmanabad,2022-09-26,39,2022,9,34.85,19.03,31.2,89.6,1,0,marathwada
Osmanabad,2022-10-03,40,2022,10,10.5,14.41,29.7,50.6,0,0,marathwada
Osmanabad,2022-10-10,41,2022,10,6.39,-29.98,32.3,54.9,0,0,marathwada
Osmanabad,2022-10-17,42,2022,10,7.13,-21.92,31.2,47.6,0,0,marathwada
Osmanabad,2022-10-24,43,2022,10,10.65,16.05,30.6,51.2,0,0,marathwada
Osmanabad,2022-10-31,44,2022,10,10.99,19.66,31.7,50.2,0,0,marathwada
Osmanabad,2022-11-07,45,2022,11,3.21,19.84,27.7,50.9,0,0,marathwada
Osmanabad,2022-11-14,46,2022,11,2.21,-16.47,29.6,55.8,0,0,marathwada
Osmanabad,2022-11-21,47,2022,11,4.04,49.81,31.1,56.9,0,0,marathwada
Osmanabad,2022-11-28,48,2022,11,2.13,-19.26,27.7,53.6,0,0,marathwada
Osmanabad,2022-12-05,49,2022,12,0.49,-15.19,26.9,47.8,0,0,marathwada
Osmanabad,2022-12-12,50,2022,12,0.35,-34.64,28.6,56.1,0,0,marathwada
Osmanabad,2022-12-19,51,2022,12,0.32,-39.45,29.2,50.3,0,0,marathwada
Osmanabad,2022-12-26,52,2022,12,0.79,28.81,26.6,60.5,0,0,marathwada
Osmanabad,2023-01-02,1,2023,1,0.64,-11.75,24.5,50.4,0,0,marathwada
Osmanabad,2023-01-09,2,2023,1,0.8,7.01,25.6,42.1,0,0,marathwada
Osmanabad,2023-01-16,3,2023,1,0.72,-2.22,25.9,49.4,0,0,marathwada
Osmanabad,2023-01-23,4,2023,1,0.44,-35.59,23.9,58.1,0,0,marathwada
Osmanabad,2023-01-30,5,2023,1,0.88,17.39,24.9,46.0,0,0,marathwada
Osmanabad,2023-02-06,6,2023,2,0.66,40.57,22.2,50.3,0,0,marathwada
Osmanabad,2023-02-13,7,2023,2,0.66,39.2,20.3,55.8,0,0,marathwada
Osmanabad,2023-02-20,8,2023,2,0.45,0.35,21.4,45.8,0,0,marathwada
Osmanabad,2023-02-27,9,2023,2,0.48,5.85,20.1,48.7,0,0,marathwada
Osmanabad,2023-03-06,10,2023,3,0.48,-16.07,19.4,51.8,0,0,marathwada
Osmanabad,2023-03-13,11,2023,3,0.74,21.41,17.9,52.6,0,0,marathwada
Osmanabad,2023-03-20,12,2023,3,0.61,2.46,19.8,45.5,0,0,marathwada
Osmanabad,2023-03-27,13,2023,3,0.74,21.0,18.5,49.0,0,0,marathwada
Osmanabad,2023-04-03,14,2023,4,1.27,39.1,21.2,19.0,0,0,marathwada
Osmanabad,2023-04-10,15,2023,4,1.03,14.98,21.1,24.5,0,0,marathwada
Osmanabad,2023-04-17,16,2023,4,1.48,59.9,20.1,31.5,0,0,marathwada
Osmanabad,2023-04-24,17,2023,4,1.65,77.09,24.7,38.4,0,0,marathwada
Osmanabad,2023-05-01,18,2023,5,1.84,3.73,25.2,24.4,0,0,marathwada
Osmanabad,2023-05-08,19,2023,5,2.84,56.94,27.1,23.9,0,0,marathwada
Osmanabad,2023-05-15,20,2023,5,2.89,59.84,26.1,34.0,0,0,marathwada
Osmanabad,2023-05-22,21,2023,5,2.06,15.54,23.5,27.7,0,0,marathwada
Osmanabad,2023-05-29,22,2023,5,2.93,61.81,25.6,28.0,0,0,marathwada
Osmanabad,2023-06-05,23,2023,6,30.69,46.0,26.7,79.6,1,0,marathwada
Osmanabad,2023-06-12,24,2023,6,25.47,21.25,26.8,78.8,1,0,marathwada
Osmanabad,2023-06-19,25,2023,6,19.1,-8.98,26.0,83.3,1,0,marathwada
Osmanabad,2023-06-26,26,2023,6,18.65,-11.07,27.8,84.5,1,0,marathwada
Osmanabad,2023-07-03,27,2023,7,23.98,-42.97,32.0,72.8,1,0,marathwada
Osmanabad,2023-07-10,28,2023,7,41.84,-0.67,31.1,76.5,1,0,marathwada
Osmanabad,2023-07-17,29,2023,7,44.21,4.94,31.8,80.5,1,0,marathwada
Osmanabad,2023-07-24,30,2023,7,56.33,33.64,30.0,78.5,1,0,marathwada
Osmanabad,2023-07-31,31,2023,7,27.05,-35.7,30.1,84.7,1,0,marathwada
Osmanabad,2023-08-07,32,2023,8,26.95,-30.06,32.4,78.4,1,0,marathwada
Osmanabad,2023-08-14,33,2023,8,32.65,-15.33,29.0,82.7,1,0,marathwada
Osmanabad,2023-08-21,34,2023,8,58.83,52.37,29.5,76.3,1,0,marathwada
Osmanabad,2023-08-28,35,2023,8,54.84,42.05,33.3,84.8,1,0,marathwada
Osmanabad,2023-09-04,36,2023,9,32.42,10.75,32.4,78.5,1,0,marathwada
Osmanabad,2023-09-11,37,2023,9,36.42,24.35,33.5,79.7,1,0,marathwada
Osmanabad,2023-09-18,38,2023,9,57.03,94.55,34.4,75.2,1,0,marathwada
Osmanabad,2023-09-25,39,2023,9,26.81,-8.37,30.9,80.0,1,0,marathwada
Osmanabad,2023-10-02,40,2023,10,6.5,-28.75,30.8,48.8,0,0,marathwada
Osmanabad,2023-10-09,41,2023,10,18.81,104.08,30.9,42.5,0,0,marathwada
Osmanabad,2023-10-16,42,2023,10,10.64,15.91,30.5,54.8,0,0,marathwada
Osmanabad,2023-10-23,43,2023,10,10.35,12.81,31.8,43.9,0,0,marathwada
Osmanabad,2023-10-30,44,2023,10,9.97,8.75,32.9,49.7,0,0,marathwada
Osmanabad,2023-11-06,45,2023,11,3.2,19.6,30.5,48.8,0,0,marathwada
Osmanabad,2023-11-13,46,2023,11,2.04,-22.44,33.2,55.2,0,0,marathwada
Osmanabad,2023-11-20,47,2023,11,3.02,13.17,31.7,53.2,0,0,marathwada
Osmanabad,2023-11-27,48,2023,11,3.84,42.63,30.9,57.0,0,0,marathwada
Osmanabad,2023-12-04,49,2023,12,0.47,-17.4,27.7,56.7,0,0,marathwada
Osmanabad,2023-12-11,50,2023,12,0.7,15.36,26.8,50.8,0,0,marathwada
Osmanabad,2023-12-18,51,2023,12,0.7,16.42,26.1,59.9,0,0,marathwada
Osmanabad,2023-12-25,52,2023,12,0.45,-20.85,29.3,60.0,0,0,marathwada
Latur,2019-01-07,2,2019,1,0.66,-14.81,25.9,55.5,0,0,marathwada
Latur,2019-01-14,3,2019,1,0.87,8.5,26.7,55.2,0,0,marathwada
Latur,2019-01-21,4,2019,1,1.01,23.81,27.0,55.9,0,0,marathwada
Latur,2019-01-28,5,2019,1,0.9,11.72,23.7,52.0,0,0,marathwada
Latur,2019-02-04,6,2019,2,0.29,-33.28,23.1,51.3,0,0,marathwada
Latur,2019-02-11,7,2019,2,0.47,-1.27,22.8,51.4,0,0,marathwada
Latur,2019-02-18,8,2019,2,0.81,56.91,20.9,50.1,0,0,marathwada
Latur,2019-02-25,9,2019,2,0.65,29.99,24.5,53.1,0,0,marathwada
Latur,2019-03-04,10,2019,3,0.47,-22.81,15.3,56.6,0,0,marathwada
Latur,2019-03-11,11,2019,3,0.56,-10.45,18.3,45.1,0,0,marathwada
Latur,2019-03-18,12,2019,3,1.14,68.45,16.1,41.5,0,0,marathwada
Latur,2019-03-25,13,2019,3,0.89,34.02,15.9,56.0,0,0,marathwada
Latur,2019-04-01,14,2019,4,1.11,14.75,19.1,34.5,0,0,marathwada
Latur,2019-04-08,15,2019,4,0.97,1.11,21.0,29.2,0,0,marathwada
Latur,2019-04-15,16,2019,4,1.06,10.08,21.1,22.4,0,0,marathwada
Latur,2019-04-22,17,2019,4,0.95,-0.97,20.3,25.4,0,0,marathwada
Latur,2019-04-29,18,2019,4,1.29,31.49,20.2,26.4,0,0,marathwada
Latur,2019-05-06,19,2019,5,2.11,9.94,24.7,24.9,0,0,marathwada
Latur,2019-05-13,20,2019,5,2.33,20.76,26.0,39.5,0,0,marathwada
Latur,2019-05-20,21,2019,5,2.64,36.02,23.2,31.2,0,0,marathwada
Latur,2019-05-27,22,2019,5,1.5,-20.48,25.2,27.0,0,0,marathwada
Latur,2019-06-03,23,2019,6,22.05,-2.52,29.0,74.5,1,0,marathwada
Latur,2019-06-10,24,2019,6,38.85,71.37,27.2,83.2,1,0,marathwada
Latur,2019-06-17,25,2019,6,28.59,26.24,29.2,77.3,1,0,marathwada
Latur,2019-06-24,26,2019,6,31.74,40.11,28.6,74.0,1,0,marathwada
Latur,2019-07-01,27,2019,7,36.61,-19.35,30.8,80.0,1,0,marathwada
Latur,2019-07-08,28,2019,7,41.06,-9.58,30.8,74.4,1,0,marathwada
Latur,2019-07-15,29,2019,7,60.42,32.97,29.3,74.2,1,0,marathwada
Latur,2019-07-22,30,2019,7,49.5,8.98,29.9,75.2,1,0,marathwada
Latur,2019-07-29,31,2019,7,60.46,33.06,31.1,73.4,1,0,marathwada
Latur,2019-08-05,32,2019,8,37.18,-10.59,33.4,75.9,1,0,marathwada
Latur,2019-08-12,33,2019,8,61.72,48.28,30.7,74.2,1,0,marathwada
Latur,2019-08-19,34,2019,8,36.24,-12.84,30.9,81.7,1,0,marathwada
Latur,2019-08-26,35,2019,8,35.82,-13.85,31.3,72.4,1,0,marathwada
Latur,2019-09-02,36,2019,9,32.39,2.66,30.7,75.7,1,0,marathwada
Latur,2019-09-09,37,2019,9,25.72,-18.41,32.2,76.5,1,0,marathwada
Latur,2019-09-16,38,2019,9,37.91,20.08,33.9,76.3,1,0,marathwada
Latur,2019-09-23,39,2019,9,33.0,4.59,32.4,84.4,1,0,marathwada
Latur,2019-09-30,40,2019,9,33.63,6.56,28.6,72.0,1,0,marathwada
Latur,2019-10-07,41,2019,10,3.3,-65.97,32.2,47.0,0,0,marathwada
Latur,2019-10-14,42,2019,10,8.04,-18.44,30.1,53.7,0,0,marathwada
Latur,2019-10-21,43,2019,10,11.04,11.63,30.0,51.0,0,0,marathwada
Latur,2019-10-28,44,2019,10,7.23,-26.59,32.3,53.7,0,0,marathwada
Latur,2019-11-04,45,2019,11,3.79,30.89,30.0,50.8,0,0,marathwada
Latur,2019-11-11,46,2019,11,3.96,36.81,29.6,53.2,0,0,marathwada
Latur,2019-11-18,47,2019,11,3.43,18.92,30.2,48.3,0,0,marathwada
Latur,2019-11-25,48,2019,11,0.48,-80.48,32.7,53.7,0,0,marathwada
Latur,2019-12-02,49,2019,12,0.66,2.41,27.7,46.9,0,0,marathwada
Latur,2019-12-09,50,2019,12,0.39,-33.54,28.6,56.8,0,0,marathwada
Latur,2019-12-16,51,2019,12,0.51,-16.74,28.6,56.6,0,0,marathwada
Latur,2019-12-23,52,2019,12,0.74,13.72,25.8,47.5,0,0,marathwada
Latur,2019-12-30,1,2019,12,0.63,-1.22,27.0,56.2,0,0,marathwada
Latur,2020-01-06,2,2020,1,1.1,33.84,26.1,59.3,0,0,marathwada
Latur,2020-01-13,3,2020,1,0.49,-33.92,26.0,55.5,0,0,marathwada
Latur,2020-01-20,4,2020,1,0.67,-14.49,26.6,45.9,0,0,marathwada
Latur,2020-01-27,5,2020,1,0.29,-56.93,22.7,49.9,0,0,marathwada
Latur,2020-02-03,6,2020,2,0.53,8.85,20.7,48.4,0,0,marathwada
Latur,2020-02-10,7,2020,2,0.36,-20.46,19.8,51.0,0,0,marathwada
Latur,2020-02-17,8,2020,2,0.82,58.48,20.2,54.5,0,0,marathwada
Latur,2020-02-24,9,2020,2,0.52,6.78,21.3,53.5,0,0,marathwada
Latur,2020-03-02,10,2020,3,0.65,1.32,17.5,52.0,0,0,marathwada
Latur,2020-03-09,11,2020,3,0.8,22.47,18.7,47.6,0,0,marathwada
Latur,2020-03-16,12,2020,3,0.64,0.74,17.1,49.4,0,0,marathwada
Latur,2020-03-23,13,2020,3,1.07,58.26,19.8,57.4,0,0,marathwada
Latur,2020-03-30,14,2020,3,0.38,-35.04,18.2,49.8,0,0,marathwada
Latur,2020-04-06,15,2020,4,1.24,26.88,21.5,28.0,0,0,marathwada
Latur,2020-04-13,16,2020,4,1.42,43.46,21.3,18.4,0,0,marathwada
Latur,2020-04-20,17,2020,4,0.99,3.06,22.5,31.9,0,0,marathwada
Latur,2020-04-27,18,2020,4,0.98,2.16,23.1,31.8,0,0,marathwada
Latur,2020-05-04,19,2020,5,2.07,7.95,24.5,15.3,0,0,marathwada
Latur,2020-05-11,20,2020,5,1.53,-18.8,27.8,26.9,0,0,marathwada
Latur,2020-05-18,21,2020,5,1.95,1.76,24.2,32.3,0,0,marathwada
Latur,2020-05-25,22,2020,5,1.65,-13.04,25.9,30.9,0,0,marathwada
Latur,2020-06-01,23,2020,6,18.16,-19.68,28.6,82.3,1,0,marathwada
Latur,2020-06-08,24,2020,6,4.08,-81.59,27.8,83.6,1,0,marathwada
Latur,2020-06-15,25,2020,6,19.27,-14.79,31.3,74.1,1,0,marathwada
Latur,2020-06-22,26,2020,6,25.14,11.06,27.8,69.7,1,0,marathwada
Latur,2020-06-29,27,2020,6,25.15,11.08,28.4,77.2,1,0,marathwada
Latur,2020-07-06,28,2020,7,59.41,30.75,28.4,75.2,1,0,marathwada
Latur,2020-07-13,29,2020,7,32.65,-28.05,30.0,83.3,1,0,marathwada
Latur,2020-07-20,30,2020,7,44.47,-2.08,31.9,70.9,1,0,marathwada
Latur,2020-07-27,31,2020,7,23.03,-49.19,28.0,83.0,1,0,marathwada
Latur,2020-08-03,32,2020,8,4.61,-88.7,29.9,77.3,1,0,marathwada
Latur,2020-08-10,33,2020,8,0.69,-98.11,31.7,84.0,1,0,marathwada
Latur,2020-08-17,34,2020,8,30.03,-27.73,32.1,86.9,1,0,marathwada
Latur,2020-08-24,35,2020,8,42.7,2.66,32.9,75.6,1,0,marathwada
Latur,2020-08-31,36,2020,8,30.93,-25.56,32.0,80.2,1,0,marathwada
Latur,2020-09-07,37,2020,9,35.35,11.99,33.2,83.4,1,0,marathwada
Latur,2020-09-14,38,2020,9,45.85,45.16,34.2,76.8,1,0,marathwada
Latur,2020-09-21,39,2020,9,30.17,-4.37,32.4,83.1,1,0,marathwada
Latur,2020-09-28,40,2020,9,28.73,-8.9,31.0,80.0,1,0,marathwada
Latur,2020-10-05,41,2020,10,16.54,66.69,30.0,52.1,0,0,marathwada
Latur,2020-10-12,42,2020,10,10.77,8.89,30.5,58.5,0,0,marathwada
Latur,2020-10-19,43,2020,10,5.76,-41.26,32.0,49.0,0,0,marathwada
Latur,2020-10-26,44,2020,10,10.72,8.38,31.3,49.3,0,0,marathwada
Latur,2020-11-02,45,2020,11,3.61,24.95,31.3,50.2,0,0,marathwada
Latur,2020-11-09,46,2020,11,4.37,50.7,30.3,57.4,0,0,marathwada
Latur,2020-11-16,47,2020,11,1.86,-33.96,29.4,48.5,0,0,marathwada
Latur,2020-11-23,48,2020,11,2.96,3.11,29.4,52.1,0,0,marathwada
Latur,2020-11-30,49,2020,11,1.27,-53.89,30.1,55.2,0,0,marathwada
Latur,2020-12-07,50,2020,12,0.26,-51.06,30.2,49.4,0,0,marathwada
Latur,2020-12-14,51,2020,12,0.68,6.26,25.3,53.2,0,0,marathwada
Latur,2020-12-21,52,2020,12,0.54,-13.82,29.3,53.7,0,0,marathwada
Latur,2020-12-28,53,2020,12,0.51,-16.82,29.4,52.8,0,0,marathwada
Latur,2021-01-04,1,2021,1,1.12,35.53,24.9,53.2,0,0,marathwada
Latur,2021-01-11,2,2021,1,1.02,24.37,25.8,44.3,0,0,marathwada
Latur,2021-01-18,3,2021,1,1.11,35.29,24.2,53.9,0,0,marathwada
Latur,2021-01-25,4,2021,1,0.37,-47.73,24.1,51.6,0,0,marathwada
Latur,2021-02-01,5,2021,2,0.54,10.16,19.5,52.3,0,0,marathwada
Latur,2021-02-08,6,2021,2,0.52,7.23,20.6,55.3,0,0,marathwada
Latur,2021-02-15,7,2021,2,0.14,-57.85,20.7,58.1,0,0,marathwada
Latur,2021-02-22,8,2021,2,0.43,-8.7,20.7,56.3,0,0,marathwada
Latur,2021-03-01,9,2021,3,0.79,20.36,18.3,53.4,0,0,marathwada
Latur,2021-03-08,10,2021,3,1.05,56.4,18.2,54.0,0,0,marathwada
Latur,2021-03-15,11,2021,3,1.03,52.8,19.7,53.9,0,0,marathwada
Latur,2021-03-22,12,2021,3,0.54,-13.41,19.9,48.6,0,0,marathwada
Latur,2021-03-29,13,2021,3,1.06,57.68,17.1,62.6,0,0,marathwada
Latur,2021-04-05,14,2021,4,1.35,37.41,23.2,26.1,0,0,marathwada
Latur,2021-04-12,15,2021,4,1.22,24.86,22.9,36.4,0,0,marathwada
Latur,2021-04-19,16,2021,4,1.06,10.28,21.9,23.3,0,0,marathwada
Latur,2021-04-26,17,2021,4,1.5,51.57,21.9,28.7,0,0,marathwada
Latur,2021-05-03,18,2021,5,1.13,-38.83,25.8,24.6,0,0,marathwada
Latur,2021-05-10,19,2021,5,1.6,-15.5,24.9,30.6,0,0,marathwada
Latur,2021-05-17,20,2021,5,1.97,2.8,24.9,23.6,0,0,marathwada
Latur,2021-05-24,21,2021,5,2.56,32.24,24.8,24.9,0,0,marathwada
Latur,2021-05-31,22,2021,5,2.03,6.09,27.3,25.2,0,0,marathwada
Latur,2021-06-07,23,2021,6,36.34,60.34,29.5,81.6,1,0,marathwada
Latur,2021-06-14,24,2021,6,30.3,33.76,26.9,75.7,1,0,marathwada
Latur,2021-06-21,25,2021,6,32.06,41.48,25.7,81.7,1,0,marathwada
Latur,2021-06-28,26,2021,6,36.74,62.09,29.1,78.9,1,0,marathwada
Latur,2021-07-05,27,2021,7,45.28,-0.3,30.9,73.5,1,0,marathwada
Latur,2021-07-12,28,2021,7,70.38,54.85,30.4,74.9,1,0,marathwada
Latur,2021-07-19,29,2021,7,77.53,70.56,30.9,80.8,1,0,marathwada
Latur,2021-07-26,30,2021,7,63.04,38.73,30.1,78.3,1,0,marathwada
Latur,2021-08-02,31,2021,8,54.64,31.3,29.9,76.0,1,0,marathwada
Latur,2021-08-09,32,2021,8,49.86,19.82,30.9,81.2,1,0,marathwada
Latur,2021-08-16,33,2021,8,73.58,76.73,31.2,79.6,1,0,marathwada
Latur,2021-08-23,34,2021,8,52.38,25.89,31.9,79.6,1,0,marathwada
Latur,2021-08-30,35,2021,8,61.01,46.59,32.5,85.2,1,0,marathwada
Latur,2021-09-06,36,2021,9,43.88,38.96,30.5,87.8,1,0,marathwada
Latur,2021-09-13,37,2021,9,67.47,113.47,33.9,77.9,1,0,marathwada
Latur,2021-09-20,38,2021,9,42.94,35.98,32.6,85.1,1,0,marathwada
Latur,2021-09-27,39,2021,9,50.38,59.48,31.9,82.8,1,0,marathwada
Latur,2021-10-04,40,2021,10,13.79,39.17,31.8,54.6,0,0,marathwada
Latur,2021-10-11,41,2021,10,13.67,37.94,31.1,48.9,0,0,marathwada
Latur,2021-10-18,42,2021,10,11.93,20.54,32.7,55.6,0,0,marathwada
Latur,2021-10-25,43,2021,10,16.12,62.52,31.2,49.5,0,0,marathwada
Latur,2021-11-01,44,2021,11,3.9,34.76,30.9,51.2,0,0,marathwada
Latur,2021-11-08,45,2021,11,3.19,10.91,30.5,44.9,0,0,marathwada
Latur,2021-11-15,46,2021,11,2.02,-28.72,30.1,55.6,0,0,marathwada
Latur,2021-11-22,47,2021,11,2.3,-19.23,30.2,47.5,0,0,marathwada
Latur,2021-11-29,48,2021,11,2.58,-9.64,29.7,57.6,0,0,marathwada
Latur,2021-12-06,49,2021,12,0.99,48.15,25.4,41.2,0,0,marathwada
Latur,2021-12-13,50,2021,12,0.97,45.65,30.4,49.8,0,0,marathwada
Latur,2021-12-20,51,2021,12,0.71,9.27,28.9,53.6,0,0,marathwada
Latur,2021-12-27,52,2021,12,0.99,47.3,28.0,55.5,0,0,marathwada
Latur,2022-01-03,1,2022,1,0.82,2.58,25.2,46.5,0,0,marathwada
Latur,2022-01-10,2,2022,1,1.25,50.13,26.0,49.2,0,0,marathwada
Latur,2022-01-17,3,2022,1,0.8,0.05,24.9,50.3,0,0,marathwada
Latur,2022-01-24,4,2022,1,0.48,-35.12,25.2,44.8,0,0,marathwada
Latur,2022-01-31,5,2022,1,1.13,37.59,26.5,51.9,0,0,marathwada
Latur,2022-02-07,6,2022,2,0.5,3.57,19.9,50.3,0,0,marathwada
Latur,2022-02-14,7,2022,2,0.26,-36.87,22.3,48.4,0,0,marathwada
Latur,2022-02-21,8,2022,2,0.48,0.62,20.4,53.9,0,0,marathwada
Latur,2022-02-28,9,2022,2,0.53,8.24,19.4,39.9,0,0,marathwada
Latur,2022-03-07,10,2022,3,0.62,-2.64,18.4,51.5,0,0,marathwada
Latur,2022-03-14,11,2022,3,0.77,18.28,19.9,50.5,0,0,marathwada
Latur,2022-03-21,12,2022,3,0.98,46.69,17.3,50.1,0,0,marathwada
Latur,2022-03-28,13,2022,3,0.6,-4.66,16.8,56.3,0,0,marathwada
Latur,2022-04-04,14,2022,4,1.36,37.87,19.1,23.3,0,0,marathwada
Latur,2022-04-11,15,2022,4,1.45,47.08,21.1,28.9,0,0,marathwada
Latur,2022-04-18,16,2022,4,0.89,-6.59,20.3,27.7,0,0,marathwada
Latur,2022-04-25,17,2022,4,0.45,-47.95,21.0,32.7,0,0,marathwada
Latur,2022-05-02,18,2022,5,1.99,3.95,24.3,23.4,0,0,marathwada
Latur,2022-05-09,19,2022,5,2.34,21.15,26.4,31.4,0,0,marathwada
Latur,2022-05-16,20,2022,5,2.05,7.0,24.9,26.5,0,0,marathwada
Latur,2022-05-23,21,2022,5,0.86,-52.47,24.2,23.9,0,0,marathwada
Latur,2022-05-30,22,2022,5,1.61,-14.98,25.7,28.7,0,0,marathwada
Latur,2022-06-06,23,2022,6,17.38,-23.09,29.0,87.0,1,0,marathwada
Latur,2022-06-13,24,2022,6,29.48,30.17,31.0,78.3,1,0,marathwada
Latur,2022-06-20,25,2022,6,37.76,66.56,28.8,86.4,1,0,marathwada
Latur,2022-06-27,26,2022,6,20.63,-8.81,27.5,81.2,1,0,marathwada
Latur,2022-07-04,27,2022,7,34.01,-25.06,28.4,68.3,1,0,marathwada
Latur,2022-07-11,28,2022,7,47.54,4.67,31.8,80.5,1,0,marathwada
Latur,2022-07-18,29,2022,7,33.47,-26.25,29.5,77.3,1,0,marathwada
Latur,2022-07-25,30,2022,7,20.58,-54.56,30.4,77.3,1,0,marathwada
Latur,2022-08-01,31,2022,8,50.02,20.21,31.1,75.6,1,0,marathwada
Latur,2022-08-08,32,2022,8,18.99,-54.21,32.6,78.3,1,0,marathwada
Latur,2022-08-15,33,2022,8,53.99,29.73,30.1,82.3,1,0,marathwada
Latur,2022-08-22,34,2022,8,53.0,27.37,30.9,84.5,1,0,marathwada
Latur,2022-08-29,35,2022,8,29.59,-28.79,32.7,80.3,1,0,marathwada
Latur,2022-09-05,36,2022,9,33.11,4.94,32.8,82.6,1,0,marathwada
Latur,2022-09-12,37,2022,9,39.35,24.65,33.3,68.9,1,0,marathwada
Latur,2022-09-19,38,2022,9,31.7,0.47,31.7,73.5,1,0,marathwada
Latur,2022-09-26,39,2022,9,41.63,31.85,31.9,75.4,1,0,marathwada
Latur,2022-10-03,40,2022,10,11.15,12.68,33.2,62.1,0,0,marathwada
Latur,2022-10-10,41,2022,10,15.33,54.64,30.5,47.9,0,0,marathwada
Latur,2022-10-17,42,2022,10,10.29,4.08,32.0,56.0,0,0,marathwada
Latur,2022-10-24,43,2022,10,11.37,14.98,31.6,55.3,0,0,marathwada
Latur,2022-10-31,44,2022,10,8.66,-12.19,32.3,51.5,0,0,marathwada
Latur,2022-11-07,45,2022,11,3.9,34.81,28.0,50.5,0,0,marathwada
Latur,2022-11-14,46,2022,11,3.2,11.26,31.8,57.1,0,0,marathwada
Latur,2022-11-21,47,2022,11,2.59,-9.46,31.3,56.1,0,0,marathwada
Latur,2022-11-28,48,2022,11,3.67,26.85,29.5,55.4,0,0,marathwada
Latur,2022-12-05,49,2022,12,0.9,35.6,28.6,48.7,0,0,marathwada
Latur,2022-12-12,50,2022,12,0.83,26.38,29.3,54.0,0,0,marathwada
Latur,2022-12-19,51,2022,12,0.87,32.17,30.0,56.5,0,0,marathwada
Latur,2022-12-26,52,2022,12,0.53,-15.09,28.1,50.3,0,0,marathwada
Latur,2023-01-02,1,2023,1,0.99,21.38,27.0,49.9,0,0,marathwada
Latur,2023-01-09,2,2023,1,0.59,-23.41,24.8,47.6,0,0,marathwada
Latur,2023-01-16,3,2023,1,0.9,11.41,24.8,55.1,0,0,marathwada
Latur,2023-01-23,4,2023,1,0.68,-13.29,26.2,46.2,0,0,marathwada
Latur,2023-01-30,5,2023,1,0.62,-19.48,24.7,56.1,0,0,marathwada
Latur,2023-02-06,6,2023,2,0.25,-39.48,21.9,51.9,0,0,marathwada
Latur,2023-02-13,7,2023,2,0.47,-2.22,20.9,50.4,0,0,marathwada
Latur,2023-02-20,8,2023,2,0.78,51.51,23.9,49.4,0,0,marathwada
Latur,2023-02-27,9,2023,2,0.54,9.95,21.4,54.3,0,0,marathwada
Latur,2023-03-06,10,2023,3,1.12,66.03,17.5,54.1,0,0,marathwada
Latur,2023-03-13,11,2023,3,0.74,14.13,16.3,57.1,0,0,marathwada
Latur,2023-03-20,12,2023,3,0.9,35.67,19.4,46.4,0,0,marathwada
Latur,2023-03-27,13,2023,3,0.85,28.23,19.1,54.3,0,0,marathwada
Latur,2023-04-03,14,2023,4,1.34,36.05,23.3,22.4,0,0,marathwada
Latur,2023-04-10,15,2023,4,1.45,46.33,21.6,20.4,0,0,marathwada
Latur,2023-04-17,16,2023,4,0.37,-55.22,20.9,33.4,0,0,marathwada
Latur,2023-04-24,17,2023,4,1.16,19.57,21.5,30.9,0,0,marathwada
Latur,2023-05-01,18,2023,5,2.36,22.15,24.1,33.0,0,0,marathwada
Latur,2023-05-08,19,2023,5,1.1,-40.53,26.6,19.9,0,0,marathwada
Latur,2023-05-15,20,2023,5,2.02,5.4,23.4,24.5,0,0,marathwada
Latur,2023-05-22,21,2023,5,1.55,-17.89,26.0,27.0,0,0,marathwada
Latur,2023-05-29,22,2023,5,2.44,26.05,23.5,25.1,0,0,marathwada
Latur,2023-06-05,23,2023,6,34.1,50.49,28.3,72.4,1,0,marathwada
Latur,2023-06-12,24,2023,6,23.75,4.93,28.1,87.5,1,0,marathwada
Latur,2023-06-19,25,2023,6,35.71,57.55,30.5,80.6,1,0,marathwada
Latur,2023-06-26,26,2023,6,24.3,7.35,28.8,87.8,1,0,marathwada
Latur,2023-07-03,27,2023,7,38.03,-16.22,28.0,67.7,1,0,marathwada
Latur,2023-07-10,28,2023,7,80.74,77.6,31.2,79.5,1,0,marathwada
Latur,2023-07-17,29,2023,7,44.5,-2.01,30.9,79.9,1,0,marathwada
Latur,2023-07-24,30,2023,7,52.02,14.5,29.1,75.1,1,0,marathwada
Latur,2023-07-31,31,2023,7,67.39,48.28,30.0,85.3,1,0,marathwada
Latur,2023-08-07,32,2023,8,63.46,52.44,30.8,75.7,1,0,marathwada
Latur,2023-08-14,33,2023,8,63.52,52.6,32.9,79.2,1,0,marathwada
Latur,2023-08-21,34,2023,8,34.58,-16.82,31.2,73.5,1,0,marathwada
Latur,2023-08-28,35,2023,8,70.95,70.42,31.7,76.8,1,0,marathwada
Latur,2023-09-04,36,2023,9,30.23,-4.18,29.5,75.9,1,0,marathwada
Latur,2023-09-11,37,2023,9,37.37,18.4,30.9,82.0,1,0,marathwada
Latur,2023-09-18,38,2023,9,24.19,-23.26,32.2,80.8,1,0,marathwada
Latur,2023-09-25,39,2023,9,34.73,10.05,30.7,77.3,1,0,marathwada
Latur,2023-10-02,40,2023,10,7.97,-19.1,31.4,53.4,0,0,marathwada
Latur,2023-10-09,41,2023,10,11.4,15.25,30.6,49.1,0,0,marathwada
Latur,2023-10-16,42,2023,10,16.99,71.28,33.4,50.6,0,0,marathwada
Latur,2023-10-23,43,2023,10,9.49,-3.87,31.4,45.8,0,0,marathwada
Latur,2023-10-30,44,2023,10,9.22,-6.61,32.5,57.4,0,0,marathwada
Latur,2023-11-06,45,2023,11,4.52,55.55,28.4,53.6,0,0,marathwada
Latur,2023-11-13,46,2023,11,3.7,27.93,29.4,57.9,0,0,marathwada
Latur,2023-11-20,47,2023,11,5.57,91.12,29.8,59.5,0,0,marathwada
Latur,2023-11-27,48,2023,11,2.25,-20.84,29.9,52.7,0,0,marathwada
Latur,2023-12-04,49,2023,12,1.12,65.78,26.2,60.5,0,0,marathwada
Latur,2023-12-11,50,2023,12,0.41,-31.42,29.0,52.7,0,0,marathwada
Latur,2023-12-18,51,2023,12,1.01,50.64,28.0,53.2,0,0,marathwada
Latur,2023-12-25,52,2023,12,0.55,-11.3,29.6,50.6,0,0,marathwada
Nanded,2019-01-07,2,2019,1,1.73,61.92,24.9,56.1,0,0,marathwada
Nanded,2019-01-14,3,2019,1,0.64,-34.59,24.6,49.6,0,0,marathwada
Nanded,2019-01-21,4,2019,1,1.15,10.68,23.2,53.0,0,0,marathwada
Nanded,2019-01-28,5,2019,1,1.51,42.76,26.3,55.4,0,0,marathwada
Nanded,2019-02-04,6,2019,2,0.52,-13.42,23.2,49.1,0,0,marathwada
Nanded,2019-02-11,7,2019,2,0.91,40.71,21.4,62.9,0,0,marathwada
Nanded,2019-02-18,8,2019,2,0.66,6.26,21.6,50.3,0,0,marathwada
Nanded,2019-02-25,9,2019,2,0.59,-3.72,21.2,51.1,0,0,marathwada
Nanded,2019-03-04,10,2019,3,0.99,18.63,16.6,65.3,0,0,marathwada
Nanded,2019-03-11,11,2019,3,1.17,38.23,18.0,45.3,0,0,marathwada
Nanded,2019-03-18,12,2019,3,0.56,-28.69,19.4,53.9,0,0,marathwada
Nanded,2019-03-25,13,2019,3,0.46,-38.76,17.4,46.3,0,0,marathwada
Nanded,2019-04-01,14,2019,4,1.86,47.23,22.9,28.5,0,0,marathwada
Nanded,2019-04-08,15,2019,4,1.36,9.62,22.9,35.2,0,0,marathwada
Nanded,2019-04-15,16,2019,4,1.25,1.53,22.3,28.8,0,0,marathwada
Nanded,2019-04-22,17,2019,4,1.07,-12.38,21.0,23.8,0,0,marathwada
Nanded,2019-04-29,18,2019,4,1.46,17.3,21.5,29.4,0,0,marathwada
Nanded,2019-05-06,19,2019,5,3.78,51.15,24.9,34.8,0,0,marathwada
Nanded,2019-05-13,20,2019,5,2.49,0.99,24.9,29.5,0,0,marathwada
Nanded,2019-05-20,21,2019,5,3.6,44.07,25.2,27.3,0,0,marathwada
Nanded,2019-05-27,22,2019,5,3.56,42.65,23.9,31.5,0,0,marathwada
Nanded,2019-06-03,23,2019,6,38.88,33.09,28.7,82.5,1,0,marathwada
Nanded,2019-06-10,24,2019,6,36.38,24.56,31.1,79.8,1,0,marathwada
Nanded,2019-06-17,25,2019,6,25.38,-12.99,27.9,75.4,1,0,marathwada
Nanded,2019-06-24,26,2019,6,27.76,-4.89,27.4,81.7,1,0,marathwada
Nanded,2019-07-01,27,2019,7,33.15,-43.33,28.3,71.7,1,0,marathwada
Nanded,2019-07-08,28,2019,7,62.64,6.92,28.3,75.3,1,0,marathwada
Nanded,2019-07-15,29,2019,7,91.96,56.89,30.4,72.6,1,0,marathwada
Nanded,2019-07-22,30,2019,7,72.21,23.22,31.7,78.1,1,0,marathwada
Nanded,2019-07-29,31,2019,7,53.34,-8.93,30.1,70.6,1,0,marathwada
Nanded,2019-08-05,32,2019,8,39.79,-25.79,30.7,74.7,1,0,marathwada
Nanded,2019-08-12,33,2019,8,53.81,0.31,30.3,81.7,1,0,marathwada
Nanded,2019-08-19,34,2019,8,64.6,20.37,31.1,78.0,1,0,marathwada
Nanded,2019-08-26,35,2019,8,52.22,-2.65,29.8,75.3,1,0,marathwada
Nanded,2019-09-02,36,2019,9,26.06,-35.88,31.4,77.0,1,0,marathwada
Nanded,2019-09-09,37,2019,9,31.12,-23.48,32.3,82.6,1,0,marathwada
Nanded,2019-09-16,38,2019,9,72.7,78.45,32.8,83.8,1,0,marathwada
Nanded,2019-09-23,39,2019,9,43.22,6.17,30.6,72.0,1,0,marathwada
Nanded,2019-09-30,40,2019,9,42.2,3.69,31.8,82.7,1,0,marathwada
Nanded,2019-10-07,41,2019,10,12.03,-5.53,31.6,52.2,0,0,marathwada
Nanded,2019-10-14,42,2019,10,8.2,-35.35,32.0,47.4,0,0,marathwada
Nanded,2019-10-21,43,2019,10,11.03,-13.34,31.5,48.6,0,0,marathwada
Nanded,2019-10-28,44,2019,10,18.67,46.16,32.6,50.2,0,0,marathwada
Nanded,2019-11-04,45,2019,11,4.47,20.39,32.2,47.1,0,0,marathwada
Nanded,2019-11-11,46,2019,11,4.18,12.52,28.7,53.3,0,0,marathwada
Nanded,2019-11-18,47,2019,11,1.41,-60.27,30.3,55.4,0,0,marathwada
Nanded,2019-11-25,48,2019,11,3.72,0.66,30.2,46.5,0,0,marathwada
Nanded,2019-12-02,49,2019,12,0.97,15.8,29.0,58.1,0,0,marathwada
Nanded,2019-12-09,50,2019,12,0.79,-3.36,26.7,44.7,0,0,marathwada
Nanded,2019-12-16,51,2019,12,1.27,48.66,27.2,49.3,0,0,marathwada
Nanded,2019-12-23,52,2019,12,0.28,-59.3,27.5,65.9,0,0,marathwada
Nanded,2019-12-30,1,2019,12,1.47,69.88,28.0,58.8,0,0,marathwada
Nanded,2020-01-06,2,2020,1,0.68,-31.23,26.8,53.1,0,0,marathwada
Nanded,2020-01-13,3,2020,1,1.16,11.89,24.4,54.6,0,0,marathwada
Nanded,2020-01-20,4,2020,1,2.02,87.64,26.2,49.2,0,0,marathwada
Nanded,2020-01-27,5,2020,1,0.14,-79.06,24.2,52.5,0,0,marathwada
Nanded,2020-02-03,6,2020,2,0.43,-26.69,21.8,51.1,0,0,marathwada
Nanded,2020-02-10,7,2020,2,0.77,21.38,19.4,51.4,0,0,marathwada
Nanded,2020-02-17,8,2020,2,0.64,2.91,18.6,46.9,0,0,marathwada
Nanded,2020-02-24,9,2020,2,0.81,26.4,21.5,54.3,0,0,marathwada
Nanded,2020-03-02,10,2020,3,0.49,-35.86,16.6,51.9,0,0,marathwada
Nanded,2020-03-09,11,2020,3,1.14,34.54,17.5,51.7,0,0,marathwada
Nanded,2020-03-16,12,2020,3,0.84,2.13,19.1,55.6,0,0,marathwada
Nanded,2020-03-23,13,2020,3,1.01,19.92,16.4,52.6,0,0,marathwada
Nanded,2020-03-30,14,2020,3,0.69,-14.1,17.3,49.0,0,0,marathwada
Nanded,2020-04-06,15,2020,4,1.62,29.31,20.4,17.9,0,0,marathwada
Nanded,2020-04-13,16,2020,4,0.8,-32.85,20.1,32.0,0,0,marathwada
Nanded,2020-04-20,17,2020,4,1.03,-15.12,22.5,24.5,0,0,marathwada
Nanded,2020-04-27,18,2020,4,0.71,-39.27,23.2,28.9,0,0,marathwada
Nanded,2020-05-04,19,2020,5,2.14,-12.84,24.6,23.0,0,0,marathwada
Nanded,2020-05-11,20,2020,5,1.81,-25.52,25.4,35.9,0,0,marathwada
Nanded,2020-05-18,21,2020,5,2.54,2.98,23.1,28.9,0,0,marathwada
Nanded,2020-05-25,22,2020,5,2.55,3.16,26.8,31.3,0,0,marathwada
Nanded,2020-06-01,23,2020,6,22.22,-23.78,28.0,75.2,1,0,marathwada
Nanded,2020-06-08,24,2020,6,27.34,-6.31,31.3,81.0,1,0,marathwada
Nanded,2020-06-15,25,2020,6,2.9,-89.76,27.9,84.2,1,0,marathwada
Nanded,2020-06-22,26,2020,6,32.32,10.69,28.4,80.9,1,0,marathwada
Nanded,2020-06-29,27,2020,6,24.2,-17.03,27.9,76.8,1,0,marathwada
Nanded,2020-07-06,28,2020,7,50.86,-13.16,29.8,79.7,1,0,marathwada
Nanded,2020-07-13,29,2020,7,82.12,40.12,28.3,79.1,1,0,marathwada
Nanded,2020-07-20,30,2020,7,63.19,7.86,30.8,73.8,1,0,marathwada
Nanded,2020-07-27,31,2020,7,41.73,-28.71,31.3,79.0,1,0,marathwada
Nanded,2020-08-03,32,2020,8,45.53,-15.09,31.1,80.5,1,0,marathwada
Nanded,2020-08-10,33,2020,8,45.84,-14.52,32.7,73.6,1,0,marathwada
Nanded,2020-08-17,34,2020,8,42.1,-21.49,33.1,78.3,1,0,marathwada
Nanded,2020-08-24,35,2020,8,21.45,-59.9,33.5,79.3,1,0,marathwada
Nanded,2020-08-31,36,2020,8,60.32,12.41,30.6,75.3,1,0,marathwada
Nanded,2020-09-07,37,2020,9,32.32,-20.53,31.0,76.0,1,0,marathwada
Nanded,2020-09-14,38,2020,9,21.82,-46.28,29.8,71.2,1,0,marathwada
Nanded,2020-09-21,39,2020,9,23.8,-41.42,31.5,75.6,1,0,marathwada
Nanded,2020-09-28,40,2020,9,40.56,-0.33,33.8,76.2,1,0,marathwada
Nanded,2020-10-05,41,2020,10,8.39,-33.86,33.0,52.1,0,0,marathwada
Nanded,2020-10-12,42,2020,10,11.05,-13.23,32.6,47.7,0,0,marathwada
Nanded,2020-10-19,43,2020,10,8.89,-30.03,31.4,60.0,0,0,marathwada
Nanded,2020-10-26,44,2020,10,2.59,-79.03,31.7,47.9,0,0,marathwada
Nanded,2020-11-02,45,2020,11,1.21,-65.52,29.3,52.0,0,0,marathwada
Nanded,2020-11-09,46,2020,11,3.33,-9.67,29.4,54.8,0,0,marathwada
Nanded,2020-11-16,47,2020,11,1.03,-70.29,29.5,56.0,0,0,marathwada
Nanded,2020-11-23,48,2020,11,4.08,9.94,32.7,55.7,0,0,marathwada
Nanded,2020-11-30,49,2020,11,1.54,-56.87,31.3,49.7,0,0,marathwada
Nanded,2020-12-07,50,2020,12,1.17,37.65,29.4,44.8,0,0,marathwada
Nanded,2020-12-14,51,2020,12,0.81,-1.23,27.6,50.4,0,0,marathwada
Nanded,2020-12-21,52,2020,12,1.24,45.37,28.0,56.7,0,0,marathwada
Nanded,2020-12-28,53,2020,12,0.92,10.41,27.6,53.1,0,0,marathwada
Nanded,2021-01-04,1,2021,1,0.69,-29.79,24.4,51.5,0,0,marathwada
Nanded,2021-01-11,2,2021,1,1.23,17.66,24.8,48.7,0,0,marathwada
Nanded,2021-01-18,3,2021,1,1.19,14.81,23.2,61.7,0,0,marathwada
Nanded,2021-01-25,4,2021,1,0.8,-19.85,24.6,55.0,0,0,marathwada
Nanded,2021-02-01,5,2021,2,1.04,59.65,23.2,52.9,0,0,marathwada
Nanded,2021-02-08,6,2021,2,0.56,-7.62,23.3,51.3,0,0,marathwada
Nanded,2021-02-15,7,2021,2,0.47,-20.75,21.6,50.4,0,0,marathwada
Nanded,2021-02-22,8,2021,2,0.59,-3.63,21.8,41.5,0,0,marathwada
Nanded,2021-03-01,9,2021,3,0.58,-25.94,18.1,48.9,0,0,marathwada
Nanded,2021-03-08,10,2021,3,0.98,16.97,20.0,52.5,0,0,marathwada
Nanded,2021-03-15,11,2021,3,0.58,-26.66,19.0,51.0,0,0,marathwada
Nanded,2021-03-22,12,2021,3,1.43,66.2,18.2,55.4,0,0,marathwada
Nanded,2021-03-29,13,2021,3,1.24,45.74,17.6,44.8,0,0,marathwada
Nanded,2021-04-05,14,2021,4,2.2,72.38,22.5,30.2,0,0,marathwada
Nanded,2021-04-12,15,2021,4,1.23,-0.41,20.3,26.6,0,0,marathwada
Nanded,2021-04-19,16,2021,4,2.04,60.35,22.7,18.9,0,0,marathwada
Nanded,2021-04-26,17,2021,4,1.87,47.91,20.1,27.6,0,0,marathwada
Nanded,2021-05-03,18,2021,5,2.82,13.8,28.5,19.9,0,0,marathwada
Nanded,2021-05-10,19,2021,5,2.22,-9.8,22.4,30.6,0,0,marathwada
Nanded,2021-05-17,20,2021,5,4.6,82.95,26.3,19.2,0,0,marathwada
Nanded,2021-05-24,21,2021,5,3.2,28.75,26.2,26.4,0,0,marathwada
Nanded,2021-05-31,22,2021,5,2.03,-17.18,26.1,29.7,0,0,marathwada
Nanded,2021-06-07,23,2021,6,50.46,72.65,28.9,94.4,1,0,marathwada
Nanded,2021-06-14,24,2021,6,46.23,58.2,27.6,70.9,1,0,marathwada
Nanded,2021-06-21,25,2021,6,29.28,0.32,27.8,80.0,1,0,marathwada
Nanded,2021-06-28,26,2021,6,47.28,61.77,25.8,85.6,1,0,marathwada
Nanded,2021-07-05,27,2021,7,62.06,5.93,29.1,87.2,1,0,marathwada
Nanded,2021-07-12,28,2021,7,43.23,-26.16,28.6,73.6,1,0,marathwada
Nanded,2021-07-19,29,2021,7,67.75,15.63,31.7,83.9,1,0,marathwada
Nanded,2021-07-26,30,2021,7,98.02,67.21,30.1,77.4,1,0,marathwada
Nanded,2021-08-02,31,2021,8,71.27,32.79,32.0,78.9,1,0,marathwada
Nanded,2021-08-09,32,2021,8,81.31,51.47,32.1,78.9,1,0,marathwada
Nanded,2021-08-16,33,2021,8,55.76,3.93,32.7,75.3,1,0,marathwada
Nanded,2021-08-23,34,2021,8,68.81,28.21,30.5,74.0,1,0,marathwada
Nanded,2021-08-30,35,2021,8,35.59,-33.6,30.6,77.2,1,0,marathwada
Nanded,2021-09-06,36,2021,9,45.39,11.51,33.2,75.4,1,0,marathwada
Nanded,2021-09-13,37,2021,9,54.27,33.26,32.3,76.9,1,0,marathwada
Nanded,2021-09-20,38,2021,9,46.71,14.73,32.4,72.5,1,0,marathwada
Nanded,2021-09-27,39,2021,9,62.43,53.26,31.3,80.2,1,0,marathwada
Nanded,2021-10-04,40,2021,10,15.67,22.76,33.2,53.4,0,0,marathwada
Nanded,2021-10-11,41,2021,10,23.21,81.46,31.8,54.3,0,0,marathwada
Nanded,2021-10-18,42,2021,10,11.58,-9.1,32.2,56.0,0,0,marathwada
Nanded,2021-10-25,43,2021,10,10.92,-14.19,30.0,61.7,0,0,marathwada
Nanded,2021-11-01,44,2021,11,4.81,29.21,30.6,58.4,0,0,marathwada
Nanded,2021-11-08,45,2021,11,4.53,21.8,29.2,49.7,0,0,marathwada
Nanded,2021-11-15,46,2021,11,5.76,54.21,28.4,52.1,0,0,marathwada
Nanded,2021-11-22,47,2021,11,3.96,6.86,30.8,55.8,0,0,marathwada
Nanded,2021-11-29,48,2021,11,6.3,68.48,30.3,55.4,0,0,marathwada
Nanded,2021-12-06,49,2021,12,0.69,-14.35,27.0,58.5,0,0,marathwada
Nanded,2021-12-13,50,2021,12,0.72,-11.39,30.7,49.7,0,0,marathwada
Nanded,2021-12-20,51,2021,12,1.03,22.63,28.5,47.2,0,0,marathwada
Nanded,2021-12-27,52,2021,12,1.15,35.72,29.1,49.1,0,0,marathwada
Nanded,2022-01-03,1,2022,1,0.84,-16.49,26.4,47.2,0,0,marathwada
Nanded,2022-01-10,2,2022,1,0.86,-14.64,26.2,55.7,0,0,marathwada
Nanded,2022-01-17,3,2022,1,1.52,43.97,23.8,47.0,0,0,marathwada
Nanded,2022-01-24,4,2022,1,1.24,18.39,25.6,53.0,0,0,marathwada
Nanded,2022-01-31,5,2022,1,1.5,41.83,25.0,52.6,0,0,marathwada
Nanded,2022-02-07,6,2022,2,0.94,44.9,20.6,53.5,0,0,marathwada
Nanded,2022-02-14,7,2022,2,0.74,17.88,20.9,52.1,0,0,marathwada
Nanded,2022-02-21,8,2022,2,0.66,6.11,20.9,45.5,0,0,marathwada
Nanded,2022-02-28,9,2022,2,0.48,-18.47,21.6,49.7,0,0,marathwada
Nanded,2022-03-07,10,2022,3,0.49,-36.12,20.0,52.3,0,0,marathwada
Nanded,2022-03-14,11,2022,3,0.87,5.12,16.2,57.0,0,0,marathwada
Nanded,2022-03-21,12,2022,3,1.34,55.78,18.4,50.3,0,0,marathwada
Nanded,2022-03-28,13,2022,3,0.88,5.76,17.6,49.1,0,0,marathwada
Nanded,2022-04-04,14,2022,4,1.2,-2.24,22.3,29.9,0,0,marathwada
Nanded,2022-04-11,15,2022,4,2.38,86.28,23.1,18.0,0,0,marathwada
Nanded,2022-04-18,16,2022,4,1.68,33.55,24.9,33.4,0,0,marathwada
Nanded,2022-04-25,17,2022,4,1.03,-15.46,22.7,26.6,0,0,marathwada
Nanded,2022-05-02,18,2022,5,1.73,-28.58,25.2,34.8,0,0,marathwada
Nanded,2022-05-09,19,2022,5,3.71,48.43,24.7,25.4,0,0,marathwada
Nanded,2022-05-16,20,2022,5,3.98,58.96,26.5,26.2,0,0,marathwada
Nanded,2022-05-23,21,2022,5,2.08,-14.87,25.1,24.4,0,0,marathwada
Nanded,2022-05-30,22,2022,5,4.0,59.59,24.7,36.8,0,0,marathwada
Nanded,2022-06-06,23,2022,6,21.3,-26.94,26.6,78.4,1,0,marathwada
Nanded,2022-06-13,24,2022,6,33.21,13.75,27.9,74.0,1,0,marathwada
Nanded,2022-06-20,25,2022,6,29.27,0.3,27.3,69.8,1,0,marathwada
Nanded,2022-06-27,26,2022,6,26.08,-10.6,27.5,70.5,1,0,marathwada
Nanded,2022-07-04,27,2022,7,81.45,38.98,32.2,78.2,1,0,marathwada
Nanded,2022-07-11,28,2022,7,35.6,-39.17,29.9,77.3,1,0,marathwada
Nanded,2022-07-18,29,2022,7,67.73,15.6,32.3,72.6,1,0,marathwada
Nanded,2022-07-25,30,2022,7,69.83,19.17,31.1,81.8,1,0,marathwada
Nanded,2022-08-01,31,2022,8,78.84,46.87,31.5,77.9,1,0,marathwada
Nanded,2022-08-08,32,2022,8,61.34,14.31,31.5,74.2,1,0,marathwada
Nanded,2022-08-15,33,2022,8,61.85,15.26,32.1,75.3,1,0,marathwada
Nanded,2022-08-22,34,2022,8,66.9,24.66,30.6,76.3,1,0,marathwada
Nanded,2022-08-29,35,2022,8,54.97,2.46,32.8,79.6,1,0,marathwada
Nanded,2022-09-05,36,2022,9,55.68,36.73,32.3,80.5,1,0,marathwada
Nanded,2022-09-12,37,2022,9,40.41,-0.69,32.0,83.1,1,0,marathwada
Nanded,2022-09-19,38,2022,9,22.61,-44.34,32.0,78.9,1,0,marathwada
Nanded,2022-09-26,39,2022,9,51.34,26.09,32.2,78.4,1,0,marathwada
Nanded,2022-10-03,40,2022,10,9.23,-27.38,30.9,58.4,0,0,marathwada
Nanded,2022-10-10,41,2022,10,21.1,65.07,32.4,48.1,0,0,marathwada
Nanded,2022-10-17,42,2022,10,17.67,38.35,32.4,48.3,0,0,marathwada
Nanded,2022-10-24,43,2022,10,13.72,7.61,35.4,55.0,0,0,marathwada
Nanded,2022-10-31,44,2022,10,12.78,0.3,30.4,52.6,0,0,marathwada
Nanded,2022-11-07,45,2022,11,4.93,32.49,33.3,56.2,0,0,marathwada
Nanded,2022-11-14,46,2022,11,4.5,20.95,31.5,43.2,0,0,marathwada
Nanded,2022-11-21,47,2022,11,2.28,-37.39,30.1,53.4,0,0,marathwada
Nanded,2022-11-28,48,2022,11,0.86,-74.86,32.7,48.0,0,0,marathwada
Nanded,2022-12-05,49,2022,12,0.5,-34.46,28.6,63.2,0,0,marathwada
Nanded,2022-12-12,50,2022,12,0.31,-55.93,28.7,41.6,0,0,marathwada
Nanded,2022-12-19,51,2022,12,0.95,13.79,25.1,47.3,0,0,marathwada
Nanded,2022-12-26,52,2022,12,0.95,14.1,29.1,56.3,0,0,marathwada
Nanded,2023-01-02,1,2023,1,1.52,43.65,24.7,50.2,0,0,marathwada
Nanded,2023-01-09,2,2023,1,1.37,29.99,24.7,52.2,0,0,marathwada
Nanded,2023-01-16,3,2023,1,1.23,18.22,26.2,51.4,0,0,marathwada
Nanded,2023-01-23,4,2023,1,1.34,27.45,24.9,41.5,0,0,marathwada
Nanded,2023-01-30,5,2023,1,1.38,31.06,23.9,52.1,0,0,marathwada
Nanded,2023-02-06,6,2023,2,0.69,10.25,22.2,45.3,0,0,marathwada
Nanded,2023-02-13,7,2023,2,1.04,58.52,22.0,50.9,0,0,marathwada
Nanded,2023-02-20,8,2023,2,0.75,18.37,23.0,52.3,0,0,marathwada
Nanded,2023-02-27,9,2023,2,0.72,14.89,21.8,56.4,0,0,marathwada
Nanded,2023-03-06,10,2023,3,0.84,1.48,18.2,53.1,0,0,marathwada
Nanded,2023-03-13,11,2023,3,1.14,34.09,19.2,52.4,0,0,marathwada
Nanded,2023-03-20,12,2023,3,0.83,1.34,18.8,44.2,0,0,marathwada
Nanded,2023-03-27,13,2023,3,0.66,-17.57,16.8,48.4,0,0,marathwada
Nanded,2023-04-03,14,2023,4,0.85,-28.38,22.8,26.3,0,0,marathwada
Nanded,2023-04-10,15,2023,4,0.71,-39.16,20.2,29.6,0,0,marathwada
Nanded,2023-04-17,16,2023,4,0.75,-36.24,21.8,27.8,0,0,marathwada
Nanded,2023-04-24,17,2023,4,1.39,11.85,21.6,22.5,0,0,marathwada
Nanded,2023-05-01,18,2023,5,2.45,-0.47,23.5,24.1,0,0,marathwada
Nanded,2023-05-08,19,2023,5,2.35,-4.71,24.3,26.2,0,0,marathwada
Nanded,2023-05-15,20,2023,5,3.15,26.6,24.8,26.0,0,0,marathwada
Nanded,2023-05-22,21,2023,5,2.14,-12.59,23.9,29.6,0,0,marathwada
Nanded,2023-05-29,22,2023,5,2.61,5.7,24.8,35.2,0,0,marathwada
Nanded,2023-06-05,23,2023,6,22.54,-22.69,27.1,84.8,1,0,marathwada
Nanded,2023-06-12,24,2023,6,32.6,11.64,27.8,87.7,1,0,marathwada
Nanded,2023-06-19,25,2023,6,59.09,102.12,29.4,75.8,1,0,marathwada
Nanded,2023-06-26,26,2023,6,37.54,28.52,26.1,78.5,1,0,marathwada
Nanded,2023-07-03,27,2023,7,75.32,28.54,29.8,78.2,1,0,marathwada
Nanded,2023-07-10,28,2023,7,104.77,78.72,29.8,78.8,1,0,marathwada
Nanded,2023-07-17,29,2023,7,72.34,23.46,30.9,77.8,1,0,marathwada
Nanded,2023-07-24,30,2023,7,65.28,11.41,31.3,76.8,1,0,marathwada
Nanded,2023-07-31,31,2023,7,60.64,3.52,30.4,77.8,1,0,marathwada
Nanded,2023-08-07,32,2023,8,61.33,14.29,32.5,74.8,1,0,marathwada
Nanded,2023-08-14,33,2023,8,46.87,-12.61,32.1,81.3,1,0,marathwada
Nanded,2023-08-21,34,2023,8,65.46,21.98,30.2,89.3,1,0,marathwada
Nanded,2023-08-28,35,2023,8,71.96,34.07,32.0,72.3,1,0,marathwada
Nanded,2023-09-04,36,2023,9,41.96,3.1,32.6,81.1,1,0,marathwada
Nanded,2023-09-11,37,2023,9,41.09,0.96,34.3,80.5,1,0,marathwada
Nanded,2023-09-18,38,2023,9,39.58,-2.74,31.2,74.0,1,0,marathwada
Nanded,2023-09-25,39,2023,9,33.06,-18.71,32.0,79.5,1,0,marathwada
Nanded,2023-10-02,40,2023,10,21.93,71.55,32.4,57.9,0,0,marathwada
Nanded,2023-10-09,41,2023,10,12.79,0.38,32.0,52.0,0,0,marathwada
Nanded,2023-10-16,42,2023,10,9.9,-22.13,32.3,57.6,0,0,marathwada
Nanded,2023-10-23,43,2023,10,12.54,-1.58,33.0,54.3,0,0,marathwada
Nanded,2023-10-30,44,2023,10,14.04,10.06,32.3,59.5,0,0,marathwada
Nanded,2023-11-06,45,2023,11,6.81,81.86,30.3,57.6,0,0,marathwada
Nanded,2023-11-13,46,2023,11,6.44,72.16,30.2,54.6,0,0,marathwada
Nanded,2023-11-20,47,2023,11,2.12,-41.59,29.3,52.1,0,0,marathwada
Nanded,2023-11-27,48,2023,11,2.36,-35.2,29.4,58.4,0,0,marathwada
Nanded,2023-12-04,49,2023,12,0.97,15.75,29.5,55.1,0,0,marathwada
Nanded,2023-12-11,50,2023,12,0.57,-27.28,27.0,52.1,0,0,marathwada
Nanded,2023-12-18,51,2023,12,1.1,30.38,28.3,50.4,0,0,marathwada
Nanded,2023-12-25,52,2023,12,0.89,7.39,28.6,44.7,0,0,marathwada
Parbhani,2019-01-07,2,2019,1,0.73,-19.37,25.5,49.3,0,0,marathwada
Parbhani,2019-01-14,3,2019,1,1.17,22.56,25.2,42.4,0,0,marathwada
Parbhani,2019-01-21,4,2019,1,0.79,-14.09,26.1,48.6,0,0,marathwada
Parbhani,2019-01-28,5,2019,1,1.49,53.68,23.9,60.7,0,0,marathwada
Parbhani,2019-02-04,6,2019,2,0.56,0.07,22.5,55.5,0,0,marathwada
Parbhani,2019-02-11,7,2019,2,0.94,56.77,21.9,55.4,0,0,marathwada
Parbhani,2019-02-18,8,2019,2,0.54,-3.12,21.4,49.2,0,0,marathwada
Parbhani,2019-02-25,9,2019,2,0.54,-3.9,18.2,51.1,0,0,marathwada
Parbhani,2019-03-04,10,2019,3,0.84,10.44,16.1,56.8,0,0,marathwada
Parbhani,2019-03-11,11,2019,3,0.63,-13.6,18.1,55.9,0,0,marathwada
Parbhani,2019-03-18,12,2019,3,0.73,-1.79,18.1,52.1,0,0,marathwada
Parbhani,2019-03-25,13,2019,3,0.9,18.05,18.2,51.4,0,0,marathwada
Parbhani,2019-04-01,14,2019,4,0.89,-19.27,23.1,28.6,0,0,marathwada
Parbhani,2019-04-08,15,2019,4,1.1,-1.55,19.9,33.1,0,0,marathwada
Parbhani,2019-04-15,16,2019,4,0.85,-22.63,22.2,27.0,0,0,marathwada
Parbhani,2019-04-22,17,2019,4,1.51,31.99,23.5,23.0,0,0,marathwada
Parbhani,2019-04-29,18,2019,4,0.82,-24.98,22.1,34.0,0,0,marathwada
Parbhani,2019-05-06,19,2019,5,2.27,1.05,25.0,21.0,0,0,marathwada
Parbhani,2019-05-13,20,2019,5,3.32,45.79,25.1,33.0,0,0,marathwada
Parbhani,2019-05-20,21,2019,5,2.74,21.29,24.8,33.1,0,0,marathwada
Parbhani,2019-05-27,22,2019,5,2.65,17.32,23.4,32.3,0,0,marathwada
Parbhani,2019-06-03,23,2019,6,42.71,60.57,27.0,77.6,1,0,marathwada
Parbhani,2019-06-10,24,2019,6,48.43,82.02,27.5,72.8,1,0,marathwada
Parbhani,2019-06-17,25,2019,6,24.26,-8.66,27.6,83.7,1,0,marathwada
Parbhani,2019-06-24,26,2019,6,25.76,-3.01,28.8,79.8,1,0,marathwada
Parbhani,2019-07-01,27,2019,7,60.9,14.2,30.1,66.7,1,0,marathwada
Parbhani,2019-07-08,28,2019,7,69.09,29.53,31.5,75.0,1,0,marathwada
Parbhani,2019-07-15,29,2019,7,81.88,53.48,29.6,77.6,1,0,marathwada
Parbhani,2019-07-22,30,2019,7,64.4,20.76,31.8,68.4,1,0,marathwada
Parbhani,2019-07-29,31,2019,7,72.56,36.04,30.5,81.0,1,0,marathwada
Parbhani,2019-08-05,32,2019,8,52.81,8.14,31.1,88.4,1,0,marathwada
Parbhani,2019-08-12,33,2019,8,44.12,-9.62,31.5,88.3,1,0,marathwada
Parbhani,2019-08-19,34,2019,8,71.08,45.48,29.5,72.3,1,0,marathwada
Parbhani,2019-08-26,35,2019,8,71.75,46.86,31.6,90.8,1,0,marathwada
Parbhani,2019-09-02,36,2019,9,44.08,18.95,32.9,80.0,1,0,marathwada
Parbhani,2019-09-09,37,2019,9,58.25,57.1,34.6,79.6,1,0,marathwada
Parbhani,2019-09-16,38,2019,9,62.02,67.25,32.9,79.5,1,0,marathwada
Parbhani,2019-09-23,39,2019,9,42.49,14.67,30.5,87.1,1,0,marathwada
Parbhani,2019-09-30,40,2019,9,43.25,16.71,30.8,75.4,1,0,marathwada
Parbhani,2019-10-07,41,2019,10,8.62,-25.49,32.2,59.6,0,0,marathwada
Parbhani,2019-10-14,42,2019,10,10.46,-9.73,30.2,41.3,0,0,marathwada
Parbhani,2019-10-21,43,2019,10,8.6,-25.67,30.1,61.3,0,0,marathwada
Parbhani,2019-10-28,44,2019,10,6.89,-40.27,32.1,54.0,0,0,marathwada
Parbhani,2019-11-04,45,2019,11,3.67,8.64,29.6,61.0,0,0,marathwada
Parbhani,2019-11-11,46,2019,11,4.22,24.66,28.5,50.4,0,0,marathwada
Parbhani,2019-11-18,47,2019,11,3.63,7.69,29.3,52.3,0,0,marathwada
Parbhani,2019-11-25,48,2019,11,4.76,40.06,30.3,55.4,0,0,marathwada
Parbhani,2019-12-02,49,2019,12,0.99,28.12,28.8,59.6,0,0,marathwada
Parbhani,2019-12-09,50,2019,12,0.64,-13.05,25.9,55.4,0,0,marathwada
Parbhani,2019-12-16,51,2019,12,1.38,73.95,28.1,46.6,0,0,marathwada
Parbhani,2019-12-23,52,2019,12,0.96,24.73,26.0,52.7,0,0,marathwada
Parbhani,2019-12-30,1,2019,12,0.34,-47.75,27.2,63.2,0,0,marathwada
Parbhani,2020-01-06,2,2020,1,0.42,-50.16,25.6,55.2,0,0,marathwada
Parbhani,2020-01-13,3,2020,1,0.51,-41.52,27.0,49.2,0,0,marathwada
Parbhani,2020-01-20,4,2020,1,0.85,-8.65,24.9,55.8,0,0,marathwada
Parbhani,2020-01-27,5,2020,1,1.66,69.93,23.9,53.8,0,0,marathwada
Parbhani,2020-02-03,6,2020,2,0.74,26.76,20.4,50.3,0,0,marathwada
Parbhani,2020-02-10,7,2020,2,0.68,17.24,20.8,49.5,0,0,marathwada
Parbhani,2020-02-17,8,2020,2,0.0,-84.88,20.7,43.3,0,0,marathwada
Parbhani,2020-02-24,9,2020,2,0.49,-10.05,19.1,49.8,0,0,marathwada
Parbhani,2020-03-02,10,2020,3,0.71,-4.8,17.8,55.2,0,0,marathwada
Parbhani,2020-03-09,11,2020,3,0.81,7.2,16.2,51.9,0,0,marathwada
Parbhani,2020-03-16,12,2020,3,0.11,-75.24,17.8,47.8,0,0,marathwada
Parbhani,2020-03-23,13,2020,3,0.57,-20.59,17.6,54.3,0,0,marathwada
Parbhani,2020-03-30,14,2020,3,0.65,-11.46,17.2,41.5,0,0,marathwada
Parbhani,2020-04-06,15,2020,4,1.25,10.43,20.1,19.9,0,0,marathwada
Parbhani,2020-04-13,16,2020,4,0.56,-46.01,22.6,27.2,0,0,marathwada
Parbhani,2020-04-20,17,2020,4,1.23,8.79,20.3,26.7,0,0,marathwada
Parbhani,2020-04-27,18,2020,4,1.74,50.53,21.2,22.7,0,0,marathwada
Parbhani,2020-05-04,19,2020,5,1.56,-29.34,25.6,35.1,0,0,marathwada
Parbhani,2020-05-11,20,2020,5,0.1,-91.49,24.7,24.9,0,0,marathwada
Parbhani,2020-05-18,21,2020,5,1.72,-22.2,23.9,23.3,0,0,marathwada
Parbhani,2020-05-25,22,2020,5,1.03,-51.8,23.9,26.9,0,0,marathwada
Parbhani,2020-06-01,23,2020,6,22.01,-17.06,28.5,78.7,1,0,marathwada
Parbhani,2020-06-08,24,2020,6,24.52,-7.65,28.9,72.1,1,0,marathwada
Parbhani,2020-06-15,25,2020,6,17.66,-33.4,27.3,77.4,1,0,marathwada
Parbhani,2020-06-22,26,2020,6,31.43,18.27,28.1,83.5,1,0,marathwada
Parbhani,2020-06-29,27,2020,6,37.92,42.6,27.4,69.3,1,0,marathwada
Parbhani,2020-07-06,28,2020,7,69.74,30.75,29.9,76.7,1,0,marathwada
Parbhani,2020-07-13,29,2020,7,59.31,11.23,30.0,77.5,1,0,marathwada
Parbhani,2020-07-20,30,2020,7,47.34,-11.19,29.0,74.0,1,0,marathwada
Parbhani,2020-07-27,31,2020,7,66.64,24.95,31.4,78.2,1,0,marathwada
Parbhani,2020-08-03,32,2020,8,39.57,-18.92,32.3,76.6,1,0,marathwada
Parbhani,2020-08-10,33,2020,8,46.05,-5.67,33.8,85.5,1,0,marathwada
Parbhani,2020-08-17,34,2020,8,22.27,-54.27,31.7,72.2,1,0,marathwada
Parbhani,2020-08-24,35,2020,8,55.64,13.93,30.3,85.9,1,0,marathwada
Parbhani,2020-08-31,36,2020,8,22.5,-53.81,30.3,71.5,1,0,marathwada
Parbhani,2020-09-07,37,2020,9,24.85,-32.81,32.5,83.2,1,0,marathwada
Parbhani,2020-09-14,38,2020,9,21.81,-41.0,32.9,76.3,1,0,marathwada
Parbhani,2020-09-21,39,2020,9,14.92,-59.56,33.2,76.3,1,0,marathwada
Parbhani,2020-09-28,40,2020,9,25.6,-30.8,34.0,81.9,1,0,marathwada
Parbhani,2020-10-05,41,2020,10,20.3,74.42,31.2,53.4,0,0,marathwada
Parbhani,2020-10-12,42,2020,10,5.89,-48.83,32.5,49.0,0,0,marathwada
Parbhani,2020-10-19,43,2020,10,5.49,-52.24,30.6,52.3,0,0,marathwada
Parbhani,2020-10-26,44,2020,10,20.63,77.23,31.7,50.8,0,0,marathwada
Parbhani,2020-11-02,45,2020,11,3.86,14.1,30.4,44.0,0,0,marathwada
Parbhani,2020-11-09,46,2020,11,3.33,-1.21,31.7,50.9,0,0,marathwada
Parbhani,2020-11-16,47,2020,11,3.3,-1.86,30.3,57.3,0,0,marathwada
Parbhani,2020-11-23,48,2020,11,2.42,-27.25,29.8,53.1,0,0,marathwada
Parbhani,2020-11-30,49,2020,11,2.35,-29.31,29.2,55.2,0,0,marathwada
Parbhani,2020-12-07,50,2020,12,0.93,21.23,27.2,49.8,0,0,marathwada
Parbhani,2020-12-14,51,2020,12,0.67,-9.68,28.6,50.3,0,0,marathwada
Parbhani,2020-12-21,52,2020,12,0.54,-24.25,28.5,46.8,0,0,marathwada
Parbhani,2020-12-28,53,2020,12,0.59,-18.43,23.8,52.4,0,0,marathwada
Parbhani,2021-01-04,1,2021,1,1.18,23.61,25.2,41.3,0,0,marathwada
Parbhani,2021-01-11,2,2021,1,0.91,-2.03,25.8,63.5,0,0,marathwada
Parbhani,2021-01-18,3,2021,1,1.35,39.75,27.4,59.0,0,0,marathwada
Parbhani,2021-01-25,4,2021,1,1.25,30.78,26.2,61.1,0,0,marathwada
Parbhani,2021-02-01,5,2021,2,0.71,22.84,20.3,54.2,0,0,marathwada
Parbhani,2021-02-08,6,2021,2,0.65,13.65,21.1,52.3,0,0,marathwada
Parbhani,2021-02-15,7,2021,2,0.55,-0.98,21.1,49.2,0,0,marathwada
Parbhani,2021-02-22,8,2021,2,0.61,6.94,21.1,58.9,0,0,marathwada
Parbhani,2021-03-01,9,2021,3,0.61,-16.06,19.3,62.9,0,0,marathwada
Parbhani,2021-03-08,10,2021,3,0.67,-9.29,17.9,51.4,0,0,marathwada
Parbhani,2021-03-15,11,2021,3,0.49,-30.89,18.6,53.6,0,0,marathwada
Parbhani,2021-03-22,12,2021,3,1.22,55.47,18.5,53.0,0,0,marathwada
Parbhani,2021-03-29,13,2021,3,0.75,0.08,15.8,55.0,0,0,marathwada
Parbhani,2021-04-05,14,2021,4,2.0,71.86,19.9,31.6,0,0,marathwada
Parbhani,2021-04-12,15,2021,4,1.36,19.84,20.5,35.6,0,0,marathwada
Parbhani,2021-04-19,16,2021,4,1.51,31.68,21.9,20.4,0,0,marathwada
Parbhani,2021-04-26,17,2021,4,2.04,75.11,20.8,29.7,0,0,marathwada
Parbhani,2021-05-03,18,2021,5,3.56,56.14,25.4,32.3,0,0,marathwada
Parbhani,2021-05-10,19,2021,5,3.6,57.77,27.8,21.6,0,0,marathwada
Parbhani,2021-05-17,20,2021,5,2.79,23.2,26.8,27.8,0,0,marathwada
Parbhani,2021-05-24,21,2021,5,1.03,-51.64,26.7,28.8,0,0,marathwada
Parbhani,2021-05-31,22,2021,5,1.99,-10.9,25.3,30.7,0,0,marathwada
Parbhani,2021-06-07,23,2021,6,25.41,-4.33,27.8,81.3,1,0,marathwada
Parbhani,2021-06-14,24,2021,6,24.19,-8.91,28.8,86.5,1,0,marathwada
Parbhani,2021-06-21,25,2021,6,15.78,-40.45,28.1,80.4,1,0,marathwada
Parbhani,2021-06-28,26,2021,6,34.36,29.23,28.9,79.7,1,0,marathwada
Parbhani,2021-07-05,27,2021,7,84.25,57.93,31.1,72.9,1,0,marathwada
Parbhani,2021-07-12,28,2021,7,38.18,-28.34,28.6,86.3,1,0,marathwada
Parbhani,2021-07-19,29,2021,7,53.77,0.86,30.3,82.8,1,0,marathwada
Parbhani,2021-07-26,30,2021,7,64.42,20.79,31.1,81.3,1,0,marathwada
Parbhani,2021-08-02,31,2021,8,49.86,2.12,30.1,82.5,1,0,marathwada
Parbhani,2021-08-09,32,2021,8,68.56,40.34,30.9,83.3,1,0,marathwada
Parbhani,2021-08-16,33,2021,8,57.95,18.66,31.9,79.5,1,0,marathwada
Parbhani,2021-08-23,34,2021,8,53.32,9.19,30.5,85.1,1,0,marathwada
Parbhani,2021-08-30,35,2021,8,87.73,79.52,30.6,77.2,1,0,marathwada
Parbhani,2021-09-06,36,2021,9,54.94,48.2,32.5,85.9,1,0,marathwada
Parbhani,2021-09-13,37,2021,9,53.02,43.03,32.3,69.1,1,0,marathwada
Parbhani,2021-09-20,38,2021,9,22.41,-39.39,31.3,75.9,1,0,marathwada
Parbhani,2021-09-27,39,2021,9,47.86,29.15,33.1,77.5,1,0,marathwada
Parbhani,2021-10-04,40,2021,10,12.3,5.96,32.3,50.4,0,0,marathwada
Parbhani,2021-10-11,41,2021,10,16.08,38.31,30.3,53.9,0,0,marathwada
Parbhani,2021-10-18,42,2021,10,12.25,5.55,32.5,50.9,0,0,marathwada
Parbhani,2021-10-25,43,2021,10,13.65,17.53,30.6,57.6,0,0,marathwada
Parbhani,2021-11-01,44,2021,11,4.52,33.21,32.1,53.1,0,0,marathwada
Parbhani,2021-11-08,45,2021,11,2.48,-25.62,31.2,57.6,0,0,marathwada
Parbhani,2021-11-15,46,2021,11,3.81,12.64,28.8,61.3,0,0,marathwada
Parbhani,2021-11-22,47,2021,11,4.42,30.34,31.4,48.9,0,0,marathwada
Parbhani,2021-11-29,48,2021,11,4.53,33.55,30.0,51.2,0,0,marathwada
Parbhani,2021-12-06,49,2021,12,1.0,29.92,24.8,56.3,0,0,marathwada
Parbhani,2021-12-13,50,2021,12,1.16,48.03,27.2,54.3,0,0,marathwada
Parbhani,2021-12-20,51,2021,12,1.31,66.03,27.3,52.8,0,0,marathwada
Parbhani,2021-12-27,52,2021,12,0.78,3.55,26.1,50.4,0,0,marathwada
Parbhani,2022-01-03,1,2022,1,0.83,-9.91,25.6,58.1,0,0,marathwada
Parbhani,2022-01-10,2,2022,1,1.11,16.94,24.6,49.0,0,0,marathwada
Parbhani,2022-01-17,3,2022,1,1.38,42.53,26.3,50.4,0,0,marathwada
Parbhani,2022-01-24,4,2022,1,1.1,16.1,25.4,48.5,0,0,marathwada
Parbhani,2022-01-31,5,2022,1,0.98,4.05,24.0,59.8,0,0,marathwada
Parbhani,2022-02-07,6,2022,2,0.41,-22.98,20.9,55.1,0,0,marathwada
Parbhani,2022-02-14,7,2022,2,0.61,7.27,21.5,58.1,0,0,marathwada
Parbhani,2022-02-21,8,2022,2,0.68,17.42,21.4,49.9,0,0,marathwada
Parbhani,2022-02-28,9,2022,2,0.45,-16.29,20.8,50.0,0,0,marathwada
Parbhani,2022-03-07,10,2022,3,0.69,-6.31,17.1,56.1,0,0,marathwada
Parbhani,2022-03-14,11,2022,3,1.03,33.05,16.9,57.3,0,0,marathwada
Parbhani,2022-03-21,12,2022,3,0.65,-11.66,16.1,46.7,0,0,marathwada
Parbhani,2022-03-28,13,2022,3,1.06,36.6,19.4,49.5,0,0,marathwada
Parbhani,2022-04-04,14,2022,4,1.46,27.85,21.3,38.8,0,0,marathwada
Parbhani,2022-04-11,15,2022,4,0.41,-57.87,22.2,30.0,0,0,marathwada
Parbhani,2022-04-18,16,2022,4,1.96,68.87,22.5,18.9,0,0,marathwada
Parbhani,2022-04-25,17,2022,4,1.08,-3.83,22.2,24.5,0,0,marathwada
Parbhani,2022-05-02,18,2022,5,2.3,2.3,24.6,25.5,0,0,marathwada
Parbhani,2022-05-09,19,2022,5,2.25,0.22,24.9,32.1,0,0,marathwada
Parbhani,2022-05-16,20,2022,5,1.91,-14.1,24.8,31.7,0,0,marathwada
Parbhani,2022-05-23,21,2022,5,2.86,26.43,23.0,23.8,0,0,marathwada
Parbhani,2022-05-30,22,2022,5,1.94,-13.15,24.3,27.0,0,0,marathwada
Parbhani,2022-06-06,23,2022,6,19.19,-27.67,24.9,73.3,1,0,marathwada
Parbhani,2022-06-13,24,2022,6,36.99,39.09,27.9,75.7,1,0,marathwada
Parbhani,2022-06-20,25,2022,6,29.91,12.53,28.0,91.0,1,0,marathwada
Parbhani,2022-06-27,26,2022,6,35.69,34.21,27.6,82.5,1,0,marathwada
Parbhani,2022-07-04,27,2022,7,73.31,37.44,29.8,82.5,1,0,marathwada
Parbhani,2022-07-11,28,2022,7,80.39,50.68,29.8,72.0,1,0,marathwada
Parbhani,2022-07-18,29,2022,7,71.98,34.95,29.9,79.2,1,0,marathwada
Parbhani,2022-07-25,30,2022,7,70.75,32.65,31.9,76.0,1,0,marathwada
Parbhani,2022-08-01,31,2022,8,46.55,-4.65,32.0,71.4,1,0,marathwada
Parbhani,2022-08-08,32,2022,8,45.57,-6.66,32.4,78.4,1,0,marathwada
Parbhani,2022-08-15,33,2022,8,70.77,44.85,30.9,84.8,1,0,marathwada
Parbhani,2022-08-22,34,2022,8,53.67,9.91,31.3,82.5,1,0,marathwada
Parbhani,2022-08-29,35,2022,8,30.24,-37.98,30.9,79.5,1,0,marathwada
Parbhani,2022-09-05,36,2022,9,46.26,24.82,29.3,74.0,1,0,marathwada
Parbhani,2022-09-12,37,2022,9,39.04,5.39,31.9,81.1,1,0,marathwada
Parbhani,2022-09-19,38,2022,9,35.52,-4.09,30.8,80.7,1,0,marathwada
Parbhani,2022-09-26,39,2022,9,25.77,-30.33,31.4,74.0,1,0,marathwada
Parbhani,2022-10-03,40,2022,10,10.56,-8.84,29.4,49.8,0,0,marathwada
Parbhani,2022-10-10,41,2022,10,16.14,38.83,31.3,40.5,0,0,marathwada
Parbhani,2022-10-17,42,2022,10,6.47,-43.85,30.2,50.8,0,0,marathwada
Parbhani,2022-10-24,43,2022,10,5.55,-51.72,32.1,59.9,0,0,marathwada
Parbhani,2022-10-31,44,2022,10,16.97,45.91,32.2,56.5,0,0,marathwada
Parbhani,2022-11-07,45,2022,11,5.22,53.34,30.8,45.8,0,0,marathwada
Parbhani,2022-11-14,46,2022,11,5.15,51.39,30.5,49.7,0,0,marathwada
Parbhani,2022-11-21,47,2022,11,4.18,23.36,29.7,49.6,0,0,marathwada
Parbhani,2022-11-28,48,2022,11,5.79,69.83,27.8,51.1,0,0,marathwada
Parbhani,2022-12-05,49,2022,12,0.57,-20.77,26.8,45.2,0,0,marathwada
Parbhani,2022-12-12,50,2022,12,0.76,1.71,28.9,54.6,0,0,marathwada
Parbhani,2022-12-19,51,2022,12,0.85,12.38,27.5,47.8,0,0,marathwada
Parbhani,2022-12-26,52,2022,12,0.81,7.47,28.7,50.3,0,0,marathwada
Parbhani,2023-01-02,1,2023,1,0.87,-6.7,26.9,47.0,0,0,marathwada
Parbhani,2023-01-09,2,2023,1,1.39,44.35,23.7,48.8,0,0,marathwada
Parbhani,2023-01-16,3,2023,1,1.41,45.9,25.3,50.2,0,0,marathwada
Parbhani,2023-01-23,4,2023,1,1.61,65.28,23.6,54.7,0,0,marathwada
Parbhani,2023-01-30,5,2023,1,1.51,55.7,25.0,52.6,0,0,marathwada
Parbhani,2023-02-06,6,2023,2,0.71,22.03,19.8,48.6,0,0,marathwada
Parbhani,2023-02-13,7,2023,2,0.88,48.97,20.7,50.0,0,0,marathwada
Parbhani,2023-02-20,8,2023,2,0.41,-22.34,20.7,55.0,0,0,marathwada
Parbhani,2023-02-27,9,2023,2,0.39,-25.72,19.5,56.9,0,0,marathwada
Parbhani,2023-03-06,10,2023,3,0.88,15.97,16.6,54.6,0,0,marathwada
Parbhani,2023-03-13,11,2023,3,0.59,-18.52,17.7,47.7,0,0,marathwada
Parbhani,2023-03-20,12,2023,3,0.4,-41.02,19.3,48.3,0,0,marathwada
Parbhani,2023-03-27,13,2023,3,1.25,59.46,18.1,49.4,0,0,marathwada
Parbhani,2023-04-03,14,2023,4,0.89,-18.69,21.7,30.5,0,0,marathwada
Parbhani,2023-04-10,15,2023,4,1.71,47.68,22.3,26.7,0,0,marathwada
Parbhani,2023-04-17,16,2023,4,1.53,33.56,21.1,35.5,0,0,marathwada
Parbhani,2023-04-24,17,2023,4,1.19,5.68,22.3,16.9,0,0,marathwada
Parbhani,2023-05-01,18,2023,5,3.03,33.67,25.5,37.7,0,0,marathwada
Parbhani,2023-05-08,19,2023,5,2.31,2.65,27.0,28.2,0,0,marathwada
Parbhani,2023-05-15,20,2023,5,3.85,68.29,25.4,25.2,0,0,marathwada
Parbhani,2023-05-22,21,2023,5,3.77,64.88,24.6,26.2,0,0,marathwada
Parbhani,2023-05-29,22,2023,5,2.86,26.16,25.0,30.8,0,0,marathwada
Parbhani,2023-06-05,23,2023,6,33.71,26.82,28.6,80.8,1,0,marathwada
Parbhani,2023-06-12,24,2023,6,19.89,-25.03,25.5,79.4,1,0,marathwada
Parbhani,2023-06-19,25,2023,6,24.92,-6.15,26.9,76.6,1,0,marathwada
Parbhani,2023-06-26,26,2023,6,33.82,27.23,27.7,81.6,1,0,marathwada
Parbhani,2023-07-03,27,2023,7,46.04,-13.63,32.3,82.7,1,0,marathwada
Parbhani,2023-07-10,28,2023,7,57.1,7.08,32.6,66.3,1,0,marathwada
Parbhani,2023-07-17,29,2023,7,82.44,54.53,30.2,84.1,1,0,marathwada
Parbhani,2023-07-24,30,2023,7,53.89,1.08,28.8,79.2,1,0,marathwada
Parbhani,2023-07-31,31,2023,7,53.65,0.63,30.4,79.8,1,0,marathwada
Parbhani,2023-08-07,32,2023,8,30.37,-37.72,32.6,63.8,1,0,marathwada
Parbhani,2023-08-14,33,2023,8,108.73,122.45,31.8,74.4,1,0,marathwada
Parbhani,2023-08-21,34,2023,8,29.66,-39.17,32.2,80.0,1,0,marathwada
Parbhani,2023-08-28,35,2023,8,56.21,15.09,31.1,81.4,1,0,marathwada
Parbhani,2023-09-04,36,2023,9,14.43,-60.88,30.4,80.9,1,0,marathwada
Parbhani,2023-09-11,37,2023,9,37.43,1.05,32.9,72.9,1,0,marathwada
Parbhani,2023-09-18,38,2023,9,42.4,14.43,31.4,86.1,1,0,marathwada
Parbhani,2023-09-25,39,2023,9,38.52,3.99,33.3,79.4,1,0,marathwada
Parbhani,2023-10-02,40,2023,10,9.94,-14.2,32.0,53.5,0,0,marathwada
Parbhani,2023-10-09,41,2023,10,8.08,-30.12,31.1,52.2,0,0,marathwada
Parbhani,2023-10-16,42,2023,10,19.69,69.17,32.5,49.8,0,0,marathwada
Parbhani,2023-10-23,43,2023,10,7.4,-35.91,33.0,54.9,0,0,marathwada
Parbhani,2023-10-30,44,2023,10,7.27,-36.96,29.8,48.5,0,0,marathwada
Parbhani,2023-11-06,45,2023,11,5.71,67.49,29.1,48.0,0,0,marathwada
Parbhani,2023-11-13,46,2023,11,0.97,-69.13,29.9,62.4,0,0,marathwada
Parbhani,2023-11-20,47,2023,11,4.96,46.03,30.6,49.0,0,0,marathwada
Parbhani,2023-11-27,48,2023,11,2.11,-36.16,31.0,50.9,0,0,marathwada
Parbhani,2023-12-04,49,2023,12,1.01,30.72,25.6,54.9,0,0,marathwada
Parbhani,2023-12-11,50,2023,12,1.4,77.3,27.0,38.7,0,0,marathwada
Parbhani,2023-12-18,51,2023,12,1.2,53.34,24.1,58.3,0,0,marathwada
Parbhani,2023-12-25,52,2023,12,0.87,13.85,30.9,45.2,0,0,marathwada
Hingoli,2019-01-07,2,2019,1,1.35,23.4,22.7,59.4,0,0,marathwada
Hingoli,2019-01-14,3,2019,1,1.45,31.96,25.5,57.0,0,0,marathwada
Hingoli,2019-01-21,4,2019,1,0.63,-37.84,25.7,61.6,0,0,marathwada
Hingoli,2019-01-28,5,2019,1,0.74,-28.46,26.3,55.6,0,0,marathwada
Hingoli,2019-02-04,6,2019,2,0.57,-10.12,21.6,65.2,0,0,marathwada
Hingoli,2019-02-11,7,2019,2,0.83,25.32,24.1,51.0,0,0,marathwada
Hingoli,2019-02-18,8,2019,2,0.85,27.84,21.3,54.2,0,0,marathwada
Hingoli,2019-02-25,9,2019,2,0.54,-14.39,19.8,49.4,0,0,marathwada
Hingoli,2019-03-04,10,2019,3,1.53,69.91,15.5,52.9,0,0,marathwada
Hingoli,2019-03-11,11,2019,3,0.93,7.04,18.2,47.3,0,0,marathwada
Hingoli,2019-03-18,12,2019,3,1.3,46.06,17.9,63.0,0,0,marathwada
Hingoli,2019-03-25,13,2019,3,0.62,-24.74,19.0,52.2,0,0,marathwada
Hingoli,2019-04-01,14,2019,4,1.26,-2.01,19.9,38.8,0,0,marathwada
Hingoli,2019-04-08,15,2019,4,1.1,-13.3,22.3,25.0,0,0,marathwada
Hingoli,2019-04-15,16,2019,4,1.97,48.83,20.5,36.3,0,0,marathwada
Hingoli,2019-04-22,17,2019,4,1.0,-20.78,21.9,28.6,0,0,marathwada
Hingoli,2019-04-29,18,2019,4,1.29,0.2,20.5,26.5,0,0,marathwada
Hingoli,2019-05-06,19,2019,5,3.1,19.49,23.7,24.0,0,0,marathwada
Hingoli,2019-05-13,20,2019,5,1.81,-28.53,25.0,38.6,0,0,marathwada
Hingoli,2019-05-20,21,2019,5,3.01,16.1,23.8,27.8,0,0,marathwada
Hingoli,2019-05-27,22,2019,5,3.53,35.45,25.5,31.5,0,0,marathwada
Hingoli,2019-06-03,23,2019,6,17.19,-43.49,28.7,80.7,1,0,marathwada
Hingoli,2019-06-10,24,2019,6,24.37,-20.03,30.6,69.1,1,0,marathwada
Hingoli,2019-06-17,25,2019,6,49.99,63.7,27.4,76.8,1,0,marathwada
Hingoli,2019-06-24,26,2019,6,38.42,25.9,25.8,91.8,1,0,marathwada
Hingoli,2019-07-01,27,2019,7,73.45,19.96,28.5,76.5,1,0,marathwada
Hingoli,2019-07-08,28,2019,7,67.25,9.85,30.3,73.8,1,0,marathwada
Hingoli,2019-07-15,29,2019,7,93.52,52.7,31.6,88.0,1,0,marathwada
Hingoli,2019-07-22,30,2019,7,76.1,24.28,31.6,86.7,1,0,marathwada
Hingoli,2019-07-29,31,2019,7,29.64,-51.49,32.8,81.9,1,0,marathwada
Hingoli,2019-08-05,32,2019,8,49.51,-11.66,31.3,75.7,1,0,marathwada
Hingoli,2019-08-12,33,2019,8,38.62,-31.06,33.2,88.2,1,0,marathwada
Hingoli,2019-08-19,34,2019,8,22.69,-59.42,33.7,77.8,1,0,marathwada
Hingoli,2019-08-26,35,2019,8,74.16,32.23,30.3,77.6,1,0,marathwada
Hingoli,2019-09-02,36,2019,9,68.68,61.36,30.5,81.3,1,0,marathwada
Hingoli,2019-09-09,37,2019,9,63.19,48.48,31.4,72.5,1,0,marathwada
Hingoli,2019-09-16,38,2019,9,44.85,5.44,34.1,81.7,1,0,marathwada
Hingoli,2019-09-23,39,2019,9,65.25,53.31,29.5,75.9,1,0,marathwada
Hingoli,2019-09-30,40,2019,9,44.52,4.68,30.6,75.4,1,0,marathwada
Hingoli,2019-10-07,41,2019,10,15.91,19.32,30.6,50.0,0,0,marathwada
Hingoli,2019-10-14,42,2019,10,19.13,43.36,30.8,56.9,0,0,marathwada
Hingoli,2019-10-21,43,2019,10,13.64,2.38,30.6,58.9,0,0,marathwada
Hingoli,2019-10-28,44,2019,10,15.53,16.53,28.2,41.6,0,0,marathwada
Hingoli,2019-11-04,45,2019,11,3.23,-16.04,29.6,53.3,0,0,marathwada
Hingoli,2019-11-11,46,2019,11,4.49,15.65,29.0,51.6,0,0,marathwada
Hingoli,2019-11-18,47,2019,11,3.8,-1.62,29.4,48.9,0,0,marathwada
Hingoli,2019-11-25,48,2019,11,8.29,111.64,28.6,46.8,0,0,marathwada
Hingoli,2019-12-02,49,2019,12,0.89,3.05,29.6,51.3,0,0,marathwada
Hingoli,2019-12-09,50,2019,12,1.03,17.31,30.3,53.6,0,0,marathwada
Hingoli,2019-12-16,51,2019,12,0.65,-21.63,29.5,52.1,0,0,marathwada
Hingoli,2019-12-23,52,2019,12,0.86,-0.01,26.6,52.3,0,0,marathwada
Hingoli,2019-12-30,1,2019,12,0.68,-18.83,27.8,50.5,0,0,marathwada
Hingoli,2020-01-06,2,2020,1,1.37,25.18,23.3,47.5,0,0,marathwada
Hingoli,2020-01-13,3,2020,1,1.18,9.0,24.3,47.7,0,0,marathwada
Hingoli,2020-01-20,4,2020,1,0.98,-8.09,24.5,44.7,0,0,marathwada
Hingoli,2020-01-27,5,2020,1,0.1,-82.96,26.7,55.1,0,0,marathwada
Hingoli,2020-02-03,6,2020,2,0.92,37.1,19.7,62.5,0,0,marathwada
Hingoli,2020-02-10,7,2020,2,0.54,-13.61,19.4,55.6,0,0,marathwada
Hingoli,2020-02-17,8,2020,2,0.41,-31.51,23.4,46.1,0,0,marathwada
Hingoli,2020-02-24,9,2020,2,0.8,20.29,19.7,50.6,0,0,marathwada
Hingoli,2020-03-02,10,2020,3,1.0,14.59,19.6,40.4,0,0,marathwada
Hingoli,2020-03-09,11,2020,3,0.87,1.57,19.1,49.1,0,0,marathwada
Hingoli,2020-03-16,12,2020,3,0.61,-26.21,15.1,53.1,0,0,marathwada
Hingoli,2020-03-23,13,2020,3,0.71,-15.86,17.2,49.4,0,0,marathwada
Hingoli,2020-03-30,14,2020,3,0.48,-39.98,18.4,52.2,0,0,marathwada
Hingoli,2020-04-06,15,2020,4,1.32,2.24,21.7,31.7,0,0,marathwada
Hingoli,2020-04-13,16,2020,4,1.76,34.06,20.4,23.0,0,0,marathwada
Hingoli,2020-04-20,17,2020,4,0.99,-21.71,20.7,34.7,0,0,marathwada
Hingoli,2020-04-27,18,2020,4,1.21,-5.42,20.7,28.4,0,0,marathwada
Hingoli,2020-05-04,19,2020,5,2.18,-14.66,25.3,27.6,0,0,marathwada
Hingoli,2020-05-11,20,2020,5,2.33,-9.39,26.1,23.8,0,0,marathwada
Hingoli,2020-05-18,21,2020,5,2.02,-21.0,25.9,30.7,0,0,marathwada
Hingoli,2020-05-25,22,2020,5,1.23,-50.36,23.9,21.3,0,0,marathwada
Hingoli,2020-06-01,23,2020,6,23.74,-22.08,28.9,80.7,1,0,marathwada
Hingoli,2020-06-08,24,2020,6,25.58,-16.06,25.9,83.5,1,0,marathwada
Hingoli,2020-06-15,25,2020,6,22.29,-26.84,27.5,76.1,1,0,marathwada
Hingoli,2020-06-22,26,2020,6,11.23,-62.97,29.7,86.5,1,0,marathwada
Hingoli,2020-06-29,27,2020,6,25.13,-17.55,26.0,83.3,1,0,marathwada
Hingoli,2020-07-06,28,2020,7,67.69,10.57,29.9,91.1,1,0,marathwada
Hingoli,2020-07-13,29,2020,7,74.66,21.93,29.0,69.5,1,0,marathwada
Hingoli,2020-07-20,30,2020,7,45.4,-25.8,32.6,76.2,1,0,marathwada
Hingoli,2020-07-27,31,2020,7,52.73,-13.84,28.7,75.5,1,0,marathwada
Hingoli,2020-08-03,32,2020,8,47.94,-14.45,31.7,77.2,1,0,marathwada
Hingoli,2020-08-10,33,2020,8,46.1,-17.73,30.6,81.6,1,0,marathwada
Hingoli,2020-08-17,34,2020,8,71.78,28.0,33.2,72.5,1,0,marathwada
Hingoli,2020-08-24,35,2020,8,21.14,-62.17,31.5,82.7,1,0,marathwada
Hingoli,2020-08-31,36,2020,8,49.7,-11.32,30.9,80.8,1,0,marathwada
Hingoli,2020-09-07,37,2020,9,75.67,77.76,30.4,84.7,1,0,marathwada
Hingoli,2020-09-14,38,2020,9,31.73,-25.33,31.2,82.1,1,0,marathwada
Hingoli,2020-09-21,39,2020,9,34.03,-19.93,30.5,77.9,1,0,marathwada
Hingoli,2020-09-28,40,2020,9,39.89,-6.17,32.0,78.4,1,0,marathwada
Hingoli,2020-10-05,41,2020,10,10.0,-24.69,32.6,53.3,0,0,marathwada
Hingoli,2020-10-12,42,2020,10,4.13,-68.49,29.4,59.8,0,0,marathwada
Hingoli,2020-10-19,43,2020,10,15.73,17.97,31.8,49.5,0,0,marathwada
Hingoli,2020-10-26,44,2020,10,13.67,2.61,32.7,53.0,0,0,marathwada
Hingoli,2020-11-02,45,2020,11,4.33,11.6,32.4,45.9,0,0,marathwada
Hingoli,2020-11-09,46,2020,11,3.13,-18.58,31.4,47.5,0,0,marathwada
Hingoli,2020-11-16,47,2020,11,3.2,-16.74,28.0,62.0,0,0,marathwada
Hingoli,2020-11-23,48,2020,11,2.87,-25.13,30.0,49.1,0,0,marathwada
Hingoli,2020-11-30,49,2020,11,3.63,-6.04,30.3,42.9,0,0,marathwada
Hingoli,2020-12-07,50,2020,12,0.25,-63.54,29.2,57.1,0,0,marathwada
Hingoli,2020-12-14,51,2020,12,0.98,12.16,25.9,57.4,0,0,marathwada
Hingoli,2020-12-21,52,2020,12,0.34,-54.05,27.4,47.8,0,0,marathwada
Hingoli,2020-12-28,53,2020,12,1.65,82.69,28.0,51.7,0,0,marathwada
Hingoli,2021-01-04,1,2021,1,1.45,32.24,25.8,47.5,0,0,marathwada
Hingoli,2021-01-11,2,2021,1,1.82,63.8,24.7,39.9,0,0,marathwada
Hingoli,2021-01-18,3,2021,1,0.98,-7.62,27.4,55.2,0,0,marathwada
Hingoli,2021-01-25,4,2021,1,1.18,9.27,26.0,44.8,0,0,marathwada
Hingoli,2021-02-01,5,2021,2,0.99,46.67,23.4,48.2,0,0,marathwada
Hingoli,2021-02-08,6,2021,2,0.94,40.2,23.0,41.6,0,0,marathwada
Hingoli,2021-02-15,7,2021,2,0.58,-9.1,21.3,55.3,0,0,marathwada
Hingoli,2021-02-22,8,2021,2,0.87,29.72,21.7,51.9,0,0,marathwada
Hingoli,2021-03-01,9,2021,3,0.84,-1.72,16.1,52.5,0,0,marathwada
Hingoli,2021-03-08,10,2021,3,1.0,14.47,18.0,50.7,0,0,marathwada
Hingoli,2021-03-15,11,2021,3,1.25,40.53,16.5,53.5,0,0,marathwada
Hingoli,2021-03-22,12,2021,3,0.63,-23.62,18.3,53.6,0,0,marathwada
Hingoli,2021-03-29,13,2021,3,0.71,-15.19,19.3,55.4,0,0,marathwada
Hingoli,2021-04-05,14,2021,4,1.38,6.43,21.0,27.5,0,0,marathwada
Hingoli,2021-04-12,15,2021,4,1.1,-13.29,21.1,33.3,0,0,marathwada
Hingoli,2021-04-19,16,2021,4,2.15,61.88,23.5,31.6,0,0,marathwada
Hingoli,2021-04-26,17,2021,4,1.63,24.43,21.0,24.2,0,0,marathwada
Hingoli,2021-05-03,18,2021,5,3.04,17.28,25.7,27.9,0,0,marathwada
Hingoli,2021-05-10,19,2021,5,2.88,11.24,27.5,20.7,0,0,marathwada
Hingoli,2021-05-17,20,2021,5,3.66,40.47,22.6,26.0,0,0,marathwada
Hingoli,2021-05-24,21,2021,5,2.35,-8.39,24.8,27.4,0,0,marathwada
Hingoli,2021-05-31,22,2021,5,2.23,-13.04,24.0,23.4,0,0,marathwada
Hingoli,2021-06-07,23,2021,6,62.74,105.36,26.3,80.1,1,0,marathwada
Hingoli,2021-06-14,24,2021,6,15.25,-49.83,27.6,84.3,1,0,marathwada
Hingoli,2021-06-21,25,2021,6,50.09,64.02,27.8,81.4,1,0,marathwada
Hingoli,2021-06-28,26,2021,6,37.13,21.68,27.9,71.3,1,0,marathwada
Hingoli,2021-07-05,27,2021,7,49.97,-18.34,29.9,83.9,1,0,marathwada
Hingoli,2021-07-12,28,2021,7,98.39,60.64,28.7,78.2,1,0,marathwada
Hingoli,2021-07-19,29,2021,7,110.33,80.11,31.1,78.6,1,0,marathwada
Hingoli,2021-07-26,30,2021,7,58.97,-3.66,30.5,82.3,1,0,marathwada
Hingoli,2021-08-02,31,2021,8,66.21,18.08,31.9,73.7,1,0,marathwada
Hingoli,2021-08-09,32,2021,8,80.43,43.39,31.4,74.5,1,0,marathwada
Hingoli,2021-08-16,33,2021,8,89.73,59.96,33.0,68.6,1,0,marathwada
Hingoli,2021-08-23,34,2021,8,61.13,9.04,30.8,77.0,1,0,marathwada
Hingoli,2021-08-30,35,2021,8,79.82,42.31,29.6,83.0,1,0,marathwada
Hingoli,2021-09-06,36,2021,9,41.66,-2.02,31.0,80.2,1,0,marathwada
Hingoli,2021-09-13,37,2021,9,72.78,70.98,32.5,78.2,1,0,marathwada
Hingoli,2021-09-20,38,2021,9,41.59,-2.21,32.0,75.4,1,0,marathwada
Hingoli,2021-09-27,39,2021,9,31.39,-26.12,32.2,83.0,1,0,marathwada
Hingoli,2021-10-04,40,2021,10,15.18,13.9,33.6,49.8,0,0,marathwada
Hingoli,2021-10-11,41,2021,10,12.31,-7.47,34.3,52.4,0,0,marathwada
Hingoli,2021-10-18,42,2021,10,15.23,14.26,31.6,52.5,0,0,marathwada
Hingoli,2021-10-25,43,2021,10,13.95,4.73,31.6,49.3,0,0,marathwada
Hingoli,2021-11-01,44,2021,11,3.05,-20.5,29.4,47.2,0,0,marathwada
Hingoli,2021-11-08,45,2021,11,4.61,18.77,29.3,60.9,0,0,marathwada
Hingoli,2021-11-15,46,2021,11,5.1,31.06,27.6,45.1,0,0,marathwada
Hingoli,2021-11-22,47,2021,11,4.84,24.45,30.8,53.7,0,0,marathwada
Hingoli,2021-11-29,48,2021,11,5.44,39.8,29.2,62.1,0,0,marathwada
Hingoli,2021-12-06,49,2021,12,0.86,0.17,28.9,44.5,0,0,marathwada
Hingoli,2021-12-13,50,2021,12,0.62,-25.35,28.4,55.5,0,0,marathwada
Hingoli,2021-12-20,51,2021,12,0.8,-6.28,29.2,54.0,0,0,marathwada
Hingoli,2021-12-27,52,2021,12,1.13,28.24,28.3,52.9,0,0,marathwada
Hingoli,2022-01-03,1,2022,1,0.77,-25.54,27.0,56.0,0,0,marathwada
Hingoli,2022-01-10,2,2022,1,1.11,3.36,26.3,59.8,0,0,marathwada
Hingoli,2022-01-17,3,2022,1,1.52,38.15,25.6,48.5,0,0,marathwada
Hingoli,2022-01-24,4,2022,1,0.91,-13.87,22.7,53.2,0,0,marathwada
Hingoli,2022-01-31,5,2022,1,1.14,5.42,22.2,40.0,0,0,marathwada
Hingoli,2022-02-07,6,2022,2,1.07,57.43,19.5,54.5,0,0,marathwada
Hingoli,2022-02-14,7,2022,2,0.35,-39.0,23.3,55.1,0,0,marathwada
Hingoli,2022-02-21,8,2022,2,0.81,22.46,20.4,54.0,0,0,marathwada
Hingoli,2022-02-28,9,2022,2,0.59,-6.69,19.8,50.2,0,0,marathwada
Hingoli,2022-03-07,10,2022,3,0.67,-19.26,16.8,53.1,0,0,marathwada
Hingoli,2022-03-14,11,2022,3,0.48,-39.77,19.7,56.1,0,0,marathwada
Hingoli,2022-03-21,12,2022,3,0.85,-1.35,19.9,47.9,0,0,marathwada
Hingoli,2022-03-28,13,2022,3,0.99,13.44,18.4,45.7,0,0,marathwada
Hingoli,2022-04-04,14,2022,4,1.79,36.02,20.6,31.4,0,0,marathwada
Hingoli,2022-04-11,15,2022,4,1.43,10.51,20.7,26.9,0,0,marathwada
Hingoli,2022-04-18,16,2022,4,1.59,21.86,22.4,19.0,0,0,marathwada
Hingoli,2022-04-25,17,2022,4,1.6,22.52,20.5,21.5,0,0,marathwada
Hingoli,2022-05-02,18,2022,5,2.7,4.63,23.8,27.6,0,0,marathwada
Hingoli,2022-05-09,19,2022,5,2.05,-19.65,25.3,32.0,0,0,marathwada
Hingoli,2022-05-16,20,2022,5,3.78,44.93,24.1,26.1,0,0,marathwada
Hingoli,2022-05-23,21,2022,5,1.82,-28.3,24.3,24.1,0,0,marathwada
Hingoli,2022-05-30,22,2022,5,3.12,20.4,24.8,27.8,0,0,marathwada
Hingoli,2022-06-06,23,2022,6,42.22,38.3,28.9,75.3,1,0,marathwada
Hingoli,2022-06-13,24,2022,6,0.0,-99.67,29.0,82.3,1,0,marathwada
Hingoli,2022-06-20,25,2022,6,25.17,-17.43,28.2,86.3,1,0,marathwada
Hingoli,2022-06-27,26,2022,6,50.95,66.84,26.5,76.1,1,0,marathwada
Hingoli,2022-07-04,27,2022,7,28.76,-52.93,29.6,74.9,1,0,marathwada
Hingoli,2022-07-11,28,2022,7,11.12,-81.69,31.4,85.1,1,0,marathwada
Hingoli,2022-07-18,29,2022,7,92.7,51.36,31.3,69.4,1,0,marathwada
Hingoli,2022-07-25,30,2022,7,106.43,73.75,30.2,80.2,1,0,marathwada
Hingoli,2022-08-01,31,2022,8,81.27,44.89,32.1,86.3,1,0,marathwada
Hingoli,2022-08-08,32,2022,8,46.12,-17.7,33.3,70.6,1,0,marathwada
Hingoli,2022-08-15,33,2022,8,68.68,22.48,30.9,79.1,1,0,marathwada
Hingoli,2022-08-22,34,2022,8,85.26,52.01,32.8,78.1,1,0,marathwada
Hingoli,2022-08-29,35,2022,8,36.62,-34.61,30.1,84.1,1,0,marathwada
Hingoli,2022-09-05,36,2022,9,47.65,12.03,31.2,73.3,1,0,marathwada
Hingoli,2022-09-12,37,2022,9,54.48,28.05,34.1,76.8,1,0,marathwada
Hingoli,2022-09-19,38,2022,9,60.61,42.42,30.7,81.8,1,0,marathwada
Hingoli,2022-09-26,39,2022,9,68.76,61.55,31.1,82.1,1,0,marathwada
Hingoli,2022-10-03,40,2022,10,15.39,15.49,31.5,44.7,0,0,marathwada
Hingoli,2022-10-10,41,2022,10,8.78,-33.85,32.0,51.3,0,0,marathwada
Hingoli,2022-10-17,42,2022,10,15.87,19.05,33.2,44.8,0,0,marathwada
Hingoli,2022-10-24,43,2022,10,20.85,56.13,30.2,51.0,0,0,marathwada
Hingoli,2022-10-31,44,2022,10,11.82,-11.14,30.4,62.0,0,0,marathwada
Hingoli,2022-11-07,45,2022,11,4.43,14.25,31.9,46.6,0,0,marathwada
Hingoli,2022-11-14,46,2022,11,4.06,4.78,28.6,44.2,0,0,marathwada
Hingoli,2022-11-21,47,2022,11,4.72,21.47,30.2,56.1,0,0,marathwada
Hingoli,2022-11-28,48,2022,11,7.53,92.28,28.6,49.7,0,0,marathwada
Hingoli,2022-12-05,49,2022,12,1.1,25.12,26.9,53.5,0,0,marathwada
Hingoli,2022-12-12,50,2022,12,0.78,-8.24,27.4,46.4,0,0,marathwada
Hingoli,2022-12-19,51,2022,12,1.04,18.76,28.2,50.8,0,0,marathwada
Hingoli,2022-12-26,52,2022,12,1.12,27.25,27.3,64.4,0,0,marathwada
Hingoli,2023-01-02,1,2023,1,1.65,48.66,26.1,44.3,0,0,marathwada
Hingoli,2023-01-09,2,2023,1,1.24,14.06,24.2,49.9,0,0,marathwada
Hingoli,2023-01-16,3,2023,1,1.37,25.13,24.7,50.9,0,0,marathwada
Hingoli,2023-01-23,4,2023,1,1.72,54.96,24.1,52.0,0,0,marathwada
Hingoli,2023-01-30,5,2023,1,0.97,-8.59,24.1,50.9,0,0,marathwada
Hingoli,2023-02-06,6,2023,2,1.03,51.63,20.1,51.1,0,0,marathwada
Hingoli,2023-02-13,7,2023,2,0.75,14.12,19.7,48.2,0,0,marathwada
Hingoli,2023-02-20,8,2023,2,0.93,38.49,22.1,53.9,0,0,marathwada
Hingoli,2023-02-27,9,2023,2,0.82,23.79,24.1,52.8,0,0,marathwada
Hingoli,2023-03-06,10,2023,3,0.68,-18.28,16.6,50.9,0,0,marathwada
Hingoli,2023-03-13,11,2023,3,0.91,5.76,17.4,55.8,0,0,marathwada
Hingoli,2023-03-20,12,2023,3,1.45,61.13,17.8,46.1,0,0,marathwada
Hingoli,2023-03-27,13,2023,3,1.16,31.59,17.7,51.1,0,0,marathwada
Hingoli,2023-04-03,14,2023,4,1.34,3.81,21.0,20.9,0,0,marathwada
Hingoli,2023-04-10,15,2023,4,1.44,10.59,21.3,24.1,0,0,marathwada
Hingoli,2023-04-17,16,2023,4,0.81,-34.21,22.5,21.3,0,0,marathwada
Hingoli,2023-04-24,17,2023,4,1.53,17.73,22.2,20.1,0,0,marathwada
Hingoli,2023-05-01,18,2023,5,2.54,-1.35,26.0,25.7,0,0,marathwada
Hingoli,2023-05-08,19,2023,5,1.06,-56.73,25.7,25.7,0,0,marathwada
Hingoli,2023-05-15,20,2023,5,2.87,10.99,24.6,31.8,0,0,marathwada
Hingoli,2023-05-22,21,2023,5,4.31,64.58,27.2,34.9,0,0,marathwada
Hingoli,2023-05-29,22,2023,5,2.86,10.7,25.2,18.2,0,0,marathwada
Hingoli,2023-06-05,23,2023,6,43.45,42.32,27.3,70.4,1,0,marathwada
Hingoli,2023-06-12,24,2023,6,50.35,64.88,28.8,85.7,1,0,marathwada
Hingoli,2023-06-19,25,2023,6,29.05,-4.73,25.9,85.2,1,0,marathwada
Hingoli,2023-06-26,26,2023,6,28.98,-4.95,27.8,85.3,1,0,marathwada
Hingoli,2023-07-03,27,2023,7,47.68,-22.07,29.6,73.1,1,0,marathwada
Hingoli,2023-07-10,28,2023,7,71.02,15.99,30.0,73.1,1,0,marathwada
Hingoli,2023-07-17,29,2023,7,67.52,10.29,30.8,81.4,1,0,marathwada
Hingoli,2023-07-24,30,2023,7,77.37,26.36,30.4,70.4,1,0,marathwada
Hingoli,2023-07-31,31,2023,7,98.21,60.35,30.5,84.6,1,0,marathwada
Hingoli,2023-08-07,32,2023,8,76.1,35.7,32.7,72.6,1,0,marathwada
Hingoli,2023-08-14,33,2023,8,123.52,120.13,31.8,82.6,1,0,marathwada
Hingoli,2023-08-21,34,2023,8,77.44,38.07,30.6,73.9,1,0,marathwada
Hingoli,2023-08-28,35,2023,8,66.77,19.07,30.3,86.8,1,0,marathwada
Hingoli,2023-09-04,36,2023,9,55.92,31.42,33.6,81.5,1,0,marathwada
Hingoli,2023-09-11,37,2023,9,35.32,-16.92,32.6,82.6,1,0,marathwada
Hingoli,2023-09-18,38,2023,9,50.91,19.66,30.9,75.7,1,0,marathwada
Hingoli,2023-09-25,39,2023,9,55.34,30.06,33.1,72.0,1,0,marathwada
Hingoli,2023-10-02,40,2023,10,12.61,-5.24,32.5,46.2,0,0,marathwada
Hingoli,2023-10-09,41,2023,10,15.24,14.31,31.4,56.4,0,0,marathwada
Hingoli,2023-10-16,42,2023,10,17.16,28.66,31.4,52.3,0,0,marathwada
Hingoli,2023-10-23,43,2023,10,16.7,25.22,31.7,57.2,0,0,marathwada
Hingoli,2023-10-30,44,2023,10,19.24,44.13,31.6,57.2,0,0,marathwada
Hingoli,2023-11-06,45,2023,11,7.63,94.83,31.2,50.4,0,0,marathwada
Hingoli,2023-11-13,46,2023,11,2.68,-29.8,29.4,52.2,0,0,marathwada
Hingoli,2023-11-20,47,2023,11,7.61,94.38,29.7,59.8,0,0,marathwada
Hingoli,2023-11-27,48,2023,11,4.95,27.28,29.5,46.7,0,0,marathwada
Hingoli,2023-12-04,49,2023,12,0.96,10.44,27.0,48.0,0,0,marathwada
Hingoli,2023-12-11,50,2023,12,0.62,-24.97,27.2,47.9,0,0,marathwada
Hingoli,2023-12-18,51,2023,12,0.97,11.11,27.9,47.6,0,0,marathwada
Hingoli,2023-12-25,52,2023,12,0.88,1.73,27.7,55.0,0,0,marathwada
Buldhana,2019-01-07,2,2019,1,1.34,39.39,24.2,51.5,0,0,vidarbha
Buldhana,2019-01-14,3,2019,1,0.72,-20.96,24.3,46.3,0,0,vidarbha
Buldhana,2019-01-21,4,2019,1,1.23,28.4,23.1,53.2,0,0,vidarbha
Buldhana,2019-01-28,5,2019,1,0.85,-8.14,27.4,55.1,0,0,vidarbha
Buldhana,2019-02-04,6,2019,2,0.74,26.75,20.7,57.9,0,0,vidarbha
Buldhana,2019-02-11,7,2019,2,0.66,15.12,20.1,55.7,0,0,vidarbha
Buldhana,2019-02-18,8,2019,2,0.62,9.45,19.1,47.2,0,0,vidarbha
Buldhana,2019-02-25,9,2019,2,0.88,47.94,20.5,55.8,0,0,vidarbha
Buldhana,2019-03-04,10,2019,3,0.5,-29.46,18.2,42.5,0,0,vidarbha
Buldhana,2019-03-11,11,2019,3,0.43,-38.04,15.2,53.3,0,0,vidarbha
Buldhana,2019-03-18,12,2019,3,0.9,18.04,15.9,42.9,0,0,vidarbha
Buldhana,2019-03-25,13,2019,3,1.14,46.71,17.4,54.4,0,0,vidarbha
Buldhana,2019-04-01,14,2019,4,1.35,18.29,19.1,26.3,0,0,vidarbha
Buldhana,2019-04-08,15,2019,4,1.02,-8.52,19.7,23.0,0,0,vidarbha
Buldhana,2019-04-15,16,2019,4,1.27,11.98,21.6,27.3,0,0,vidarbha
Buldhana,2019-04-22,17,2019,4,1.49,29.71,22.3,30.7,0,0,vidarbha
Buldhana,2019-04-29,18,2019,4,1.61,40.27,19.6,25.2,0,0,vidarbha
Buldhana,2019-05-06,19,2019,5,1.31,-39.98,24.1,16.5,0,0,vidarbha
Buldhana,2019-05-13,20,2019,5,3.02,32.99,25.3,22.4,0,0,vidarbha
Buldhana,2019-05-20,21,2019,5,2.63,16.53,25.5,29.6,0,0,vidarbha
Buldhana,2019-05-27,22,2019,5,1.5,-31.68,24.4,32.0,0,0,vidarbha
Buldhana,2019-06-03,23,2019,6,16.62,-37.31,26.6,79.7,1,0,vidarbha
Buldhana,2019-06-10,24,2019,6,33.89,27.47,27.6,78.2,1,0,vidarbha
Buldhana,2019-06-17,25,2019,6,24.15,-9.07,27.2,67.8,1,0,vidarbha
Buldhana,2019-06-24,26,2019,6,28.62,7.73,28.8,82.3,1,0,vidarbha
Buldhana,2019-07-01,27,2019,7,72.51,35.94,28.9,80.1,1,0,vidarbha
Buldhana,2019-07-08,28,2019,7,40.72,-23.58,30.3,72.2,1,0,vidarbha
Buldhana,2019-07-15,29,2019,7,22.25,-58.15,27.8,82.7,1,0,vidarbha
Buldhana,2019-07-22,30,2019,7,75.84,42.17,29.8,71.5,1,0,vidarbha
Buldhana,2019-07-29,31,2019,7,39.26,-26.3,29.2,84.9,1,0,vidarbha
Buldhana,2019-08-05,32,2019,8,46.53,-4.69,31.5,82.3,1,0,vidarbha
Buldhana,2019-08-12,33,2019,8,46.1,-5.57,31.6,81.0,1,0,vidarbha
Buldhana,2019-08-19,34,2019,8,61.05,24.99,32.1,79.7,1,0,vidarbha
Buldhana,2019-08-26,35,2019,8,43.17,-11.56,32.0,78.8,1,0,vidarbha
Buldhana,2019-09-02,36,2019,9,32.32,-12.7,30.6,75.9,1,0,vidarbha
Buldhana,2019-09-09,37,2019,9,50.51,36.27,31.9,84.3,1,0,vidarbha
Buldhana,2019-09-16,38,2019,9,40.69,9.82,30.9,77.4,1,0,vidarbha
Buldhana,2019-09-23,39,2019,9,53.38,43.99,33.4,70.9,1,0,vidarbha
Buldhana,2019-09-30,40,2019,9,42.35,14.3,32.6,67.4,1,0,vidarbha
Buldhana,2019-10-07,41,2019,10,22.18,90.43,29.5,43.3,0,0,vidarbha
Buldhana,2019-10-14,42,2019,10,8.75,-24.35,31.4,41.6,0,0,vidarbha
Buldhana,2019-10-21,43,2019,10,11.54,-0.46,28.2,48.8,0,0,vidarbha
Buldhana,2019-10-28,44,2019,10,13.98,20.39,32.6,43.4,0,0,vidarbha
Buldhana,2019-11-04,45,2019,11,2.05,-37.98,29.7,56.3,0,0,vidarbha
Buldhana,2019-11-11,46,2019,11,5.16,51.69,30.1,46.7,0,0,vidarbha
Buldhana,2019-11-18,47,2019,11,2.85,-14.85,28.2,57.1,0,0,vidarbha
Buldhana,2019-11-25,48,2019,11,3.9,15.28,31.6,47.8,0,0,vidarbha
Buldhana,2019-12-02,49,2019,12,0.53,-25.59,28.8,49.5,0,0,vidarbha
Buldhana,2019-12-09,50,2019,12,0.72,-3.13,29.3,52.9,0,0,vidarbha
Buldhana,2019-12-16,51,2019,12,1.12,43.92,28.1,55.6,0,0,vidarbha
Buldhana,2019-12-23,52,2019,12,1.17,49.8,26.4,56.0,0,0,vidarbha
Buldhana,2019-12-30,1,2019,12,1.25,59.54,26.7,48.2,0,0,vidarbha
Buldhana,2020-01-06,2,2020,1,1.47,51.93,24.0,53.3,0,0,vidarbha
Buldhana,2020-01-13,3,2020,1,0.28,-63.28,25.0,50.1,0,0,vidarbha
Buldhana,2020-01-20,4,2020,1,0.98,4.23,24.4,56.8,0,0,vidarbha
Buldhana,2020-01-27,5,2020,1,1.12,17.5,24.7,48.6,0,0,vidarbha
Buldhana,2020-02-03,6,2020,2,0.12,-67.33,20.4,55.5,0,0,vidarbha
Buldhana,2020-02-10,7,2020,2,0.47,-14.28,21.1,51.5,0,0,vidarbha
Buldhana,2020-02-17,8,2020,2,0.09,-71.81,20.8,52.2,0,0,vidarbha
Buldhana,2020-02-24,9,2020,2,0.42,-20.82,21.2,43.2,0,0,vidarbha
Buldhana,2020-03-02,10,2020,3,0.32,-50.69,17.5,51.8,0,0,vidarbha
Buldhana,2020-03-09,11,2020,3,1.02,31.7,17.8,59.7,0,0,vidarbha
Buldhana,2020-03-16,12,2020,3,1.02,32.2,17.3,58.0,0,0,vidarbha
Buldhana,2020-03-23,13,2020,3,0.39,-42.67,17.7,46.7,0,0,vidarbha
Buldhana,2020-03-30,14,2020,3,1.11,42.33,17.0,51.6,0,0,vidarbha
Buldhana,2020-04-06,15,2020,4,0.65,-38.93,17.0,27.8,0,0,vidarbha
Buldhana,2020-04-13,16,2020,4,0.52,-48.97,23.5,27.9,0,0,vidarbha
Buldhana,2020-04-20,17,2020,4,1.41,23.5,22.4,35.8,0,0,vidarbha
Buldhana,2020-04-27,18,2020,4,1.57,36.61,22.1,28.4,0,0,vidarbha
Buldhana,2020-05-04,19,2020,5,0.85,-59.36,24.1,26.8,0,0,vidarbha
Buldhana,2020-05-11,20,2020,5,2.23,-0.73,26.7,28.6,0,0,vidarbha
Buldhana,2020-05-18,21,2020,5,1.8,-18.96,24.7,20.6,0,0,vidarbha
Buldhana,2020-05-25,22,2020,5,2.44,8.33,23.3,28.8,0,0,vidarbha
Buldhana,2020-06-01,23,2020,6,15.39,-41.92,27.8,79.2,1,0,vidarbha
Buldhana,2020-06-08,24,2020,6,30.63,15.24,28.4,82.6,1,0,vidarbha
Buldhana,2020-06-15,25,2020,6,24.63,-7.26,26.6,75.6,1,0,vidarbha
Buldhana,2020-06-22,26,2020,6,26.04,-1.97,28.9,80.6,1,0,vidarbha
Buldhana,2020-06-29,27,2020,6,33.0,24.13,28.2,77.9,1,0,vidarbha
Buldhana,2020-07-06,28,2020,7,52.69,-1.17,30.3,80.0,1,0,vidarbha
Buldhana,2020-07-13,29,2020,7,59.01,10.67,29.8,79.8,1,0,vidarbha
Buldhana,2020-07-20,30,2020,7,48.57,-8.88,31.7,74.2,1,0,vidarbha
Buldhana,2020-07-27,31,2020,7,30.14,-43.39,29.2,73.8,1,0,vidarbha
Buldhana,2020-08-03,32,2020,8,36.93,-24.31,30.2,83.5,1,0,vidarbha
Buldhana,2020-08-10,33,2020,8,47.28,-3.16,31.9,73.6,1,0,vidarbha
Buldhana,2020-08-17,34,2020,8,46.67,-4.4,31.7,65.8,1,0,vidarbha
Buldhana,2020-08-24,35,2020,8,20.86,-57.17,30.6,81.5,1,0,vidarbha
Buldhana,2020-08-31,36,2020,8,36.21,-25.79,32.5,80.9,1,0,vidarbha
Buldhana,2020-09-07,37,2020,9,9.13,-75.15,32.8,74.1,1,0,vidarbha
Buldhana,2020-09-14,38,2020,9,39.73,7.26,30.1,74.3,1,0,vidarbha
Buldhana,2020-09-21,39,2020,9,17.15,-53.55,31.9,81.7,1,0,vidarbha
Buldhana,2020-09-28,40,2020,9,19.03,-48.49,32.8,77.5,1,0,vidarbha
Buldhana,2020-10-05,41,2020,10,17.93,54.15,31.6,46.9,0,0,vidarbha
Buldhana,2020-10-12,42,2020,10,13.57,16.84,30.5,47.4,0,0,vidarbha
Buldhana,2020-10-19,43,2020,10,8.48,-26.69,31.2,52.5,0,0,vidarbha
Buldhana,2020-10-26,44,2020,10,6.38,-44.62,30.9,49.0,0,0,vidarbha
Buldhana,2020-11-02,45,2020,11,3.39,0.76,28.8,44.0,0,0,vidarbha
Buldhana,2020-11-09,46,2020,11,1.71,-47.9,29.4,53.6,0,0,vidarbha
Buldhana,2020-11-16,47,2020,11,4.08,20.47,28.5,44.5,0,0,vidarbha
Buldhana,2020-11-23,48,2020,11,2.78,-16.81,29.2,49.5,0,0,vidarbha
Buldhana,2020-11-30,49,2020,11,4.68,37.89,28.4,51.0,0,0,vidarbha
Buldhana,2020-12-07,50,2020,12,0.79,4.93,26.6,57.1,0,0,vidarbha
Buldhana,2020-12-14,51,2020,12,1.06,36.61,27.4,59.7,0,0,vidarbha
Buldhana,2020-12-21,52,2020,12,0.7,-5.73,26.3,56.3,0,0,vidarbha
Buldhana,2020-12-28,53,2020,12,0.39,-41.83,26.1,55.9,0,0,vidarbha
Buldhana,2021-01-04,1,2021,1,0.91,-1.97,26.6,43.6,0,0,vidarbha
Buldhana,2021-01-11,2,2021,1,1.48,52.92,24.3,41.3,0,0,vidarbha
Buldhana,2021-01-18,3,2021,1,1.53,57.25,23.4,39.9,0,0,vidarbha
Buldhana,2021-01-25,4,2021,1,1.75,78.77,25.5,50.5,0,0,vidarbha
Buldhana,2021-02-01,5,2021,2,0.94,57.96,21.0,52.8,0,0,vidarbha
Buldhana,2021-02-08,6,2021,2,1.01,67.7,21.3,57.6,0,0,vidarbha
Buldhana,2021-02-15,7,2021,2,0.6,5.16,19.3,50.4,0,0,vidarbha
Buldhana,2021-02-22,8,2021,2,0.83,41.04,22.7,52.6,0,0,vidarbha
Buldhana,2021-03-01,9,2021,3,1.49,87.92,16.2,47.7,0,0,vidarbha
Buldhana,2021-03-08,10,2021,3,0.98,26.88,17.3,50.6,0,0,vidarbha
Buldhana,2021-03-15,11,2021,3,0.83,9.4,16.2,55.8,0,0,vidarbha
Buldhana,2021-03-22,12,2021,3,0.98,26.92,17.5,40.0,0,0,vidarbha
Buldhana,2021-03-29,13,2021,3,1.23,57.1,16.0,58.5,0,0,vidarbha
Buldhana,2021-04-05,14,2021,4,0.92,-16.6,19.4,25.8,0,0,vidarbha
Buldhana,2021-04-12,15,2021,4,1.55,34.82,22.3,27.1,0,0,vidarbha
Buldhana,2021-04-19,16,2021,4,1.14,1.22,22.4,26.7,0,0,vidarbha
Buldhana,2021-04-26,17,2021,4,1.31,15.24,22.0,31.1,0,0,vidarbha
Buldhana,2021-05-03,18,2021,5,3.33,46.43,25.7,22.6,0,0,vidarbha
Buldhana,2021-05-10,19,2021,5,2.99,31.64,23.5,24.3,0,0,vidarbha
Buldhana,2021-05-17,20,2021,5,3.52,54.58,25.8,40.2,0,0,vidarbha
Buldhana,2021-05-24,21,2021,5,2.85,25.9,22.9,32.2,0,0,vidarbha
Buldhana,2021-05-31,22,2021,5,2.18,-2.66,23.9,32.6,0,0,vidarbha
Buldhana,2021-06-07,23,2021,6,31.81,19.67,28.2,78.6,1,0,vidarbha
Buldhana,2021-06-14,24,2021,6,39.74,49.42,27.3,72.1,1,0,vidarbha
Buldhana,2021-06-21,25,2021,6,43.22,62.48,26.9,80.4,1,0,vidarbha
Buldhana,2021-06-28,26,2021,6,36.94,38.91,27.5,78.6,1,0,vidarbha
Buldhana,2021-07-05,27,2021,7,67.33,26.25,27.2,78.7,1,0,vidarbha
Buldhana,2021-07-12,28,2021,7,72.94,36.74,31.3,71.1,1,0,vidarbha
Buldhana,2021-07-19,29,2021,7,75.59,41.71,28.5,84.7,1,0,vidarbha
Buldhana,2021-07-26,30,2021,7,57.42,7.68,30.9,85.2,1,0,vidarbha
Buldhana,2021-08-02,31,2021,8,58.49,19.76,30.7,76.8,1,0,vidarbha
Buldhana,2021-08-09,32,2021,8,81.66,67.11,32.5,81.9,1,0,vidarbha
Buldhana,2021-08-16,33,2021,8,89.26,82.64,31.4,78.5,1,0,vidarbha
Buldhana,2021-08-23,34,2021,8,70.31,43.91,29.8,83.6,1,0,vidarbha
Buldhana,2021-08-30,35,2021,8,48.49,-0.68,31.8,81.6,1,0,vidarbha
Buldhana,2021-09-06,36,2021,9,38.78,4.7,30.9,77.8,1,0,vidarbha
Buldhana,2021-09-13,37,2021,9,54.12,45.98,32.8,79.0,1,0,vidarbha
Buldhana,2021-09-20,38,2021,9,32.5,-12.22,30.7,82.1,1,0,vidarbha
Buldhana,2021-09-27,39,2021,9,47.11,27.12,33.1,76.9,1,0,vidarbha
Buldhana,2021-10-04,40,2021,10,14.19,22.12,31.8,58.3,0,0,vidarbha
Buldhana,2021-10-11,41,2021,10,17.64,51.66,30.5,52.6,0,0,vidarbha
Buldhana,2021-10-18,42,2021,10,17.36,49.26,32.9,65.6,0,0,vidarbha
Buldhana,2021-10-25,43,2021,10,10.77,-7.04,32.3,56.7,0,0,vidarbha
Buldhana,2021-11-01,44,2021,11,4.85,42.69,30.2,50.9,0,0,vidarbha
Buldhana,2021-11-08,45,2021,11,4.27,25.92,30.4,53.7,0,0,vidarbha
Buldhana,2021-11-15,46,2021,11,5.51,61.85,30.2,54.5,0,0,vidarbha
Buldhana,2021-11-22,47,2021,11,5.69,66.89,30.7,57.7,0,0,vidarbha
Buldhana,2021-11-29,48,2021,11,4.14,22.3,30.0,40.9,0,0,vidarbha
Buldhana,2021-12-06,49,2021,12,1.03,33.35,26.3,48.8,0,0,vidarbha
Buldhana,2021-12-13,50,2021,12,1.28,62.58,29.0,53.4,0,0,vidarbha
Buldhana,2021-12-20,51,2021,12,1.05,35.7,28.7,56.7,0,0,vidarbha
Buldhana,2021-12-27,52,2021,12,0.8,6.28,28.3,48.1,0,0,vidarbha
Buldhana,2022-01-03,1,2022,1,1.19,24.92,24.0,52.3,0,0,vidarbha
Buldhana,2022-01-10,2,2022,1,0.79,-14.14,24.9,49.5,0,0,vidarbha
Buldhana,2022-01-17,3,2022,1,1.87,90.05,23.5,59.7,0,0,vidarbha
Buldhana,2022-01-24,4,2022,1,1.05,10.68,24.7,56.2,0,0,vidarbha
Buldhana,2022-01-31,5,2022,1,0.74,-18.7,26.0,52.9,0,0,vidarbha
Buldhana,2022-02-07,6,2022,2,0.2,-55.11,21.3,52.4,0,0,vidarbha
Buldhana,2022-02-14,7,2022,2,0.56,-0.41,20.9,60.8,0,0,vidarbha
Buldhana,2022-02-21,8,2022,2,0.77,32.2,19.4,44.6,0,0,vidarbha
Buldhana,2022-02-28,9,2022,2,0.54,-3.69,22.7,57.7,0,0,vidarbha
Buldhana,2022-03-07,10,2022,3,0.6,-17.25,16.1,53.2,0,0,vidarbha
Buldhana,2022-03-14,11,2022,3,0.8,5.7,15.2,51.2,0,0,vidarbha
Buldhana,2022-03-21,12,2022,3,0.57,-21.13,15.6,48.3,0,0,vidarbha
Buldhana,2022-03-28,13,2022,3,0.47,-32.32,16.9,46.6,0,0,vidarbha
Buldhana,2022-04-04,14,2022,4,1.12,-0.2,21.2,31.6,0,0,vidarbha
Buldhana,2022-04-11,15,2022,4,1.11,-1.2,22.8,31.4,0,0,vidarbha
Buldhana,2022-04-18,16,2022,4,1.67,44.86,21.8,27.1,0,0,vidarbha
Buldhana,2022-04-25,17,2022,4,1.1,-1.98,21.0,32.9,0,0,vidarbha
Buldhana,2022-05-02,18,2022,5,2.35,4.45,22.5,25.0,0,0,vidarbha
Buldhana,2022-05-09,19,2022,5,0.14,-89.59,23.9,25.6,0,0,vidarbha
Buldhana,2022-05-16,20,2022,5,2.18,-2.64,25.1,36.8,0,0,vidarbha
Buldhana,2022-05-23,21,2022,5,1.77,-20.06,25.0,19.9,0,0,vidarbha
Buldhana,2022-05-30,22,2022,5,2.76,22.13,24.7,40.5,0,0,vidarbha
Buldhana,2022-06-06,23,2022,6,25.32,-4.68,27.5,71.7,1,0,vidarbha
Buldhana,2022-06-13,24,2022,6,41.65,56.6,26.5,82.8,1,0,vidarbha
Buldhana,2022-06-20,25,2022,6,42.81,60.95,25.8,78.4,1,0,vidarbha
Buldhana,2022-06-27,26,2022,6,30.14,13.43,25.8,70.3,1,0,vidarbha
Buldhana,2022-07-04,27,2022,7,23.26,-56.27,28.0,82.1,1,0,vidarbha
Buldhana,2022-07-11,28,2022,7,20.87,-60.75,30.5,84.6,1,0,vidarbha
Buldhana,2022-07-18,29,2022,7,73.12,37.09,28.8,89.8,1,0,vidarbha
Buldhana,2022-07-25,30,2022,7,63.13,18.38,29.6,87.2,1,0,vidarbha
Buldhana,2022-08-01,31,2022,8,69.98,43.25,31.2,80.1,1,0,vidarbha
Buldhana,2022-08-08,32,2022,8,65.27,33.61,33.0,73.4,1,0,vidarbha
Buldhana,2022-08-15,33,2022,8,83.06,69.98,30.8,79.3,1,0,vidarbha
Buldhana,2022-08-22,34,2022,8,36.18,-25.85,29.2,73.4,1,0,vidarbha
Buldhana,2022-08-29,35,2022,8,52.58,7.68,32.8,78.3,1,0,vidarbha
Buldhana,2022-09-05,36,2022,9,57.3,54.56,32.7,75.9,1,0,vidarbha
Buldhana,2022-09-12,37,2022,9,57.82,55.94,32.3,74.8,1,0,vidarbha
Buldhana,2022-09-19,38,2022,9,42.45,14.57,31.8,78.2,1,0,vidarbha
Buldhana,2022-09-26,39,2022,9,28.64,-22.63,33.2,72.6,1,0,vidarbha
Buldhana,2022-10-03,40,2022,10,11.94,2.94,32.0,48.2,0,0,vidarbha
Buldhana,2022-10-10,41,2022,10,12.44,7.23,30.5,45.6,0,0,vidarbha
Buldhana,2022-10-17,42,2022,10,19.32,65.98,32.5,52.1,0,0,vidarbha
Buldhana,2022-10-24,43,2022,10,16.04,37.94,32.4,50.3,0,0,vidarbha
Buldhana,2022-10-31,44,2022,10,16.71,43.68,30.5,56.5,0,0,vidarbha
Buldhana,2022-11-07,45,2022,11,1.81,-44.96,29.6,45.2,0,0,vidarbha
Buldhana,2022-11-14,46,2022,11,4.14,22.22,31.6,56.3,0,0,vidarbha
Buldhana,2022-11-21,47,2022,11,3.14,-6.65,28.6,67.0,0,0,vidarbha
Buldhana,2022-11-28,48,2022,11,6.89,101.47,28.5,55.2,0,0,vidarbha
Buldhana,2022-12-05,49,2022,12,0.5,-29.36,26.0,52.3,0,0,vidarbha
Buldhana,2022-12-12,50,2022,12,0.82,8.72,28.7,41.3,0,0,vidarbha
Buldhana,2022-12-19,51,2022,12,0.8,5.55,28.0,65.9,0,0,vidarbha
Buldhana,2022-12-26,52,2022,12,0.58,-20.07,28.1,59.6,0,0,vidarbha
Buldhana,2023-01-02,1,2023,1,1.82,84.97,26.6,52.9,0,0,vidarbha
Buldhana,2023-01-09,2,2023,1,1.06,11.61,23.5,59.3,0,0,vidarbha
Buldhana,2023-01-16,3,2023,1,0.93,-0.34,24.1,53.2,0,0,vidarbha
Buldhana,2023-01-23,4,2023,1,0.72,-21.08,24.9,48.4,0,0,vidarbha
Buldhana,2023-01-30,5,2023,1,1.37,41.65,27.9,57.3,0,0,vidarbha
Buldhana,2023-02-06,6,2023,2,0.36,-30.53,21.2,49.0,0,0,vidarbha
Buldhana,2023-02-13,7,2023,2,0.72,24.5,21.7,49.4,0,0,vidarbha
Buldhana,2023-02-20,8,2023,2,0.77,31.81,22.0,50.3,0,0,vidarbha
Buldhana,2023-02-27,9,2023,2,0.8,35.86,19.1,56.3,0,0,vidarbha
Buldhana,2023-03-06,10,2023,3,1.54,92.79,18.2,57.8,0,0,vidarbha
Buldhana,2023-03-13,11,2023,3,1.37,72.8,16.9,56.2,0,0,vidarbha
Buldhana,2023-03-20,12,2023,3,0.93,21.14,17.3,61.5,0,0,vidarbha
Buldhana,2023-03-27,13,2023,3,1.11,42.88,14.9,48.3,0,0,vidarbha
Buldhana,2023-04-03,14,2023,4,1.09,-2.8,21.5,29.7,0,0,vidarbha
Buldhana,2023-04-10,15,2023,4,1.34,17.94,21.9,38.7,0,0,vidarbha
Buldhana,2023-04-17,16,2023,4,0.88,-19.75,23.3,23.3,0,0,vidarbha
Buldhana,2023-04-24,17,2023,4,0.24,-72.01,21.9,30.0,0,0,vidarbha
Buldhana,2023-05-01,18,2023,5,2.18,-2.61,26.2,15.0,0,0,vidarbha
Buldhana,2023-05-08,19,2023,5,3.36,47.59,23.0,33.9,0,0,vidarbha
Buldhana,2023-05-15,20,2023,5,1.75,-21.05,23.6,22.8,0,0,vidarbha
Buldhana,2023-05-22,21,2023,5,2.81,24.21,24.3,23.2,0,0,vidarbha
Buldhana,2023-05-29,22,2023,5,1.48,-32.47,24.7,19.4,0,0,vidarbha
Buldhana,2023-06-05,23,2023,6,40.01,50.43,27.9,76.7,1,0,vidarbha
Buldhana,2023-06-12,24,2023,6,49.15,84.72,26.4,79.3,1,0,vidarbha
Buldhana,2023-06-19,25,2023,6,38.01,42.94,28.0,69.6,1,0,vidarbha
Buldhana,2023-06-26,26,2023,6,24.03,-9.51,25.4,79.1,1,0,vidarbha
Buldhana,2023-07-03,27,2023,7,67.15,25.91,29.6,76.1,1,0,vidarbha
Buldhana,2023-07-10,28,2023,7,58.86,10.38,29.2,72.5,1,0,vidarbha
Buldhana,2023-07-17,29,2023,7,80.72,51.3,29.1,80.8,1,0,vidarbha
Buldhana,2023-07-24,30,2023,7,42.6,-20.06,29.0,82.9,1,0,vidarbha
Buldhana,2023-07-31,31,2023,7,60.66,13.76,29.0,78.8,1,0,vidarbha
Buldhana,2023-08-07,32,2023,8,79.11,61.9,32.9,80.0,1,0,vidarbha
Buldhana,2023-08-14,33,2023,8,74.02,51.49,32.0,73.6,1,0,vidarbha
Buldhana,2023-08-21,34,2023,8,38.88,-20.33,33.9,69.8,1,0,vidarbha
Buldhana,2023-08-28,35,2023,8,65.26,33.59,30.2,77.2,1,0,vidarbha
Buldhana,2023-09-04,36,2023,9,20.91,-43.42,34.5,82.0,1,0,vidarbha
Buldhana,2023-09-11,37,2023,9,57.66,55.53,33.0,75.8,1,0,vidarbha
Buldhana,2023-09-18,38,2023,9,52.59,41.88,30.6,74.1,1,0,vidarbha
Buldhana,2023-09-25,39,2023,9,21.52,-41.79,31.8,71.6,1,0,vidarbha
Buldhana,2023-10-02,40,2023,10,18.87,62.13,32.6,55.0,0,0,vidarbha
Buldhana,2023-10-09,41,2023,10,21.96,88.55,31.4,57.9,0,0,vidarbha
Buldhana,2023-10-16,42,2023,10,11.76,1.35,29.3,52.7,0,0,vidarbha
Buldhana,2023-10-23,43,2023,10,18.77,61.27,29.2,56.2,0,0,vidarbha
Buldhana,2023-10-30,44,2023,10,14.72,26.68,31.2,49.1,0,0,vidarbha
Buldhana,2023-11-06,45,2023,11,3.56,5.46,29.7,49.5,0,0,vidarbha
Buldhana,2023-11-13,46,2023,11,2.82,-15.75,31.7,55.6,0,0,vidarbha
Buldhana,2023-11-20,47,2023,11,2.93,-12.72,30.0,52.5,0,0,vidarbha
Buldhana,2023-11-27,48,2023,11,5.8,70.29,29.1,56.1,0,0,vidarbha
Buldhana,2023-12-04,49,2023,12,0.66,-10.85,26.8,51.8,0,0,vidarbha
Buldhana,2023-12-11,50,2023,12,0.51,-28.24,26.1,52.7,0,0,vidarbha
Buldhana,2023-12-18,51,2023,12,0.88,15.66,27.8,56.8,0,0,vidarbha
Buldhana,2023-12-25,52,2023,12,0.78,3.35,26.9,55.4,0,0,vidarbha
Akola,2019-01-07,2,2019,1,0.9,-4.6,25.4,41.5,0,0,vidarbha
Akola,2019-01-14,3,2019,1,1.15,19.46,24.8,59.9,0,0,vidarbha
Akola,2019-01-21,4,2019,1,1.29,33.1,25.8,51.9,0,0,vidarbha
Akola,2019-01-28,5,2019,1,1.17,21.5,23.3,49.4,0,0,vidarbha
Akola,2019-02-04,6,2019,2,0.74,25.4,23.4,56.8,0,0,vidarbha
Akola,2019-02-11,7,2019,2,0.78,31.18,22.2,54.5,0,0,vidarbha
Akola,2019-02-18,8,2019,2,0.67,15.77,20.7,48.3,0,0,vidarbha
Akola,2019-02-25,9,2019,2,0.41,-24.41,20.7,51.2,0,0,vidarbha
Akola,2019-03-04,10,2019,3,0.64,-13.5,17.5,58.0,0,0,vidarbha
Akola,2019-03-11,11,2019,3,0.72,-4.08,17.2,48.9,0,0,vidarbha
Akola,2019-03-18,12,2019,3,1.05,34.08,17.6,48.9,0,0,vidarbha
Akola,2019-03-25,13,2019,3,0.97,24.21,14.3,55.0,0,0,vidarbha
Akola,2019-04-01,14,2019,4,0.98,-12.27,19.7,23.7,0,0,vidarbha
Akola,2019-04-08,15,2019,4,0.98,-12.95,19.3,34.4,0,0,vidarbha
Akola,2019-04-15,16,2019,4,1.31,14.19,22.0,32.0,0,0,vidarbha
Akola,2019-04-22,17,2019,4,1.29,12.15,22.7,35.8,0,0,vidarbha
Akola,2019-04-29,18,2019,4,1.35,17.58,21.4,24.7,0,0,vidarbha
Akola,2019-05-06,19,2019,5,2.48,8.93,24.4,23.7,0,0,vidarbha
Akola,2019-05-13,20,2019,5,3.36,45.77,24.4,24.7,0,0,vidarbha
Akola,2019-05-20,21,2019,5,1.73,-23.07,26.3,23.5,0,0,vidarbha
Akola,2019-05-27,22,2019,5,2.24,-1.57,25.9,24.0,0,0,vidarbha
Akola,2019-06-03,23,2019,6,29.52,9.74,28.6,74.9,1,0,vidarbha
Akola,2019-06-10,24,2019,6,13.52,-49.56,27.7,65.8,1,0,vidarbha
Akola,2019-06-17,25,2019,6,15.0,-44.07,28.4,77.3,1,0,vidarbha
Akola,2019-06-24,26,2019,6,30.33,12.75,28.6,78.8,1,0,vidarbha
Akola,2019-07-01,27,2019,7,71.9,33.15,29.7,86.7,1,0,vidarbha
Akola,2019-07-08,28,2019,7,34.44,-36.12,31.9,75.9,1,0,vidarbha
Akola,2019-07-15,29,2019,7,41.61,-22.87,31.6,75.4,1,0,vidarbha
Akola,2019-07-22,30,2019,7,47.98,-11.08,27.1,79.1,1,0,vidarbha
Akola,2019-07-29,31,2019,7,90.48,67.51,30.3,78.8,1,0,vidarbha
Akola,2019-08-05,32,2019,8,77.63,56.95,31.5,75.7,1,0,vidarbha
Akola,2019-08-12,33,2019,8,37.51,-24.06,31.2,75.7,1,0,vidarbha
Akola,2019-08-19,34,2019,8,69.91,41.36,31.4,81.3,1,0,vidarbha
Akola,2019-08-26,35,2019,8,37.91,-23.25,30.7,79.8,1,0,vidarbha
Akola,2019-09-02,36,2019,9,22.89,-38.84,31.0,83.7,1,0,vidarbha
Akola,2019-09-09,37,2019,9,51.88,38.24,30.3,76.6,1,0,vidarbha
Akola,2019-09-16,38,2019,9,50.93,35.74,31.9,81.6,1,0,vidarbha
Akola,2019-09-23,39,2019,9,38.64,3.03,33.7,73.9,1,0,vidarbha
Akola,2019-09-30,40,2019,9,40.74,8.64,31.7,80.7,1,0,vidarbha
Akola,2019-10-07,41,2019,10,23.78,101.67,28.9,59.3,0,0,vidarbha
Akola,2019-10-14,42,2019,10,17.86,51.65,32.0,51.0,0,0,vidarbha
Akola,2019-10-21,43,2019,10,10.15,-13.42,32.6,55.4,0,0,vidarbha
Akola,2019-10-28,44,2019,10,7.44,-36.3,33.4,51.8,0,0,vidarbha
Akola,2019-11-04,45,2019,11,1.75,-47.29,31.6,46.2,0,0,vidarbha
Akola,2019-11-11,46,2019,11,4.12,20.33,32.2,50.7,0,0,vidarbha
Akola,2019-11-18,47,2019,11,4.07,18.81,28.9,60.2,0,0,vidarbha
Akola,2019-11-25,48,2019,11,4.75,38.24,29.9,45.9,0,0,vidarbha
Akola,2019-12-02,49,2019,12,0.88,14.15,28.4,53.8,0,0,vidarbha
Akola,2019-12-09,50,2019,12,0.8,5.48,28.5,55.0,0,0,vidarbha
Akola,2019-12-16,51,2019,12,1.06,35.65,27.9,54.3,0,0,vidarbha
Akola,2019-12-23,52,2019,12,0.78,2.22,29.0,44.7,0,0,vidarbha
Akola,2019-12-30,1,2019,12,0.83,8.27,26.6,53.6,0,0,vidarbha
Akola,2020-01-06,2,2020,1,1.16,20.54,23.3,55.6,0,0,vidarbha
Akola,2020-01-13,3,2020,1,0.88,-6.11,23.0,54.9,0,0,vidarbha
Akola,2020-01-20,4,2020,1,1.19,23.66,24.3,52.6,0,0,vidarbha
Akola,2020-01-27,5,2020,1,0.72,-22.07,20.9,51.6,0,0,vidarbha
Akola,2020-02-03,6,2020,2,0.47,-15.02,20.1,42.6,0,0,vidarbha
Akola,2020-02-10,7,2020,2,0.44,-19.16,20.1,55.1,0,0,vidarbha
Akola,2020-02-17,8,2020,2,0.56,-1.22,18.1,46.0,0,0,vidarbha
Akola,2020-02-24,9,2020,2,0.53,-5.7,21.3,47.7,0,0,vidarbha
Akola,2020-03-02,10,2020,3,0.92,18.38,17.8,50.6,0,0,vidarbha
Akola,2020-03-09,11,2020,3,0.53,-26.96,15.8,53.8,0,0,vidarbha
Akola,2020-03-16,12,2020,3,0.6,-18.62,15.4,53.5,0,0,vidarbha
Akola,2020-03-23,13,2020,3,0.44,-36.81,17.6,58.7,0,0,vidarbha
Akola,2020-03-30,14,2020,3,1.0,27.73,16.7,50.5,0,0,vidarbha
Akola,2020-04-06,15,2020,4,1.03,-8.81,20.7,36.9,0,0,vidarbha
Akola,2020-04-13,16,2020,4,1.1,-2.87,20.4,19.2,0,0,vidarbha
Akola,2020-04-20,17,2020,4,0.56,-46.66,20.2,32.5,0,0,vidarbha
Akola,2020-04-27,18,2020,4,0.65,-39.03,19.9,30.0,0,0,vidarbha
Akola,2020-05-04,19,2020,5,0.76,-63.81,24.8,27.9,0,0,vidarbha
Akola,2020-05-11,20,2020,5,1.7,-24.16,25.5,27.6,0,0,vidarbha
Akola,2020-05-18,21,2020,5,2.0,-11.54,25.6,31.8,0,0,vidarbha
Akola,2020-05-25,22,2020,5,2.54,11.18,23.9,15.0,0,0,vidarbha
Akola,2020-06-01,23,2020,6,34.94,29.8,29.7,70.3,1,0,vidarbha
Akola,2020-06-08,24,2020,6,39.92,48.28,28.1,70.1,1,0,vidarbha
Akola,2020-06-15,25,2020,6,22.6,-15.89,27.2,76.1,1,0,vidarbha
Akola,2020-06-22,26,2020,6,28.66,6.54,27.4,74.6,1,0,vidarbha
Akola,2020-06-29,27,2020,6,40.14,49.09,28.2,74.4,1,0,vidarbha
Akola,2020-07-06,28,2020,7,75.77,40.31,29.5,79.7,1,0,vidarbha
Akola,2020-07-13,29,2020,7,71.4,32.23,30.4,84.4,1,0,vidarbha
Akola,2020-07-20,30,2020,7,77.95,44.34,30.0,87.1,1,0,vidarbha
Akola,2020-07-27,31,2020,7,24.27,-54.94,30.7,77.2,1,0,vidarbha
Akola,2020-08-03,32,2020,8,56.19,13.66,32.0,83.0,1,0,vidarbha
Akola,2020-08-10,33,2020,8,45.2,-8.54,33.4,79.6,1,0,vidarbha
Akola,2020-08-17,34,2020,8,37.95,-23.18,31.7,75.0,1,0,vidarbha
Akola,2020-08-24,35,2020,8,23.23,-52.9,31.2,84.3,1,0,vidarbha
Akola,2020-08-31,36,2020,8,46.61,-5.7,32.3,81.3,1,0,vidarbha
Akola,2020-09-07,37,2020,9,13.25,-64.49,32.4,75.4,1,0,vidarbha
Akola,2020-09-14,38,2020,9,35.86,-4.36,32.7,73.9,1,0,vidarbha
Akola,2020-09-21,39,2020,9,39.72,5.91,30.9,87.8,1,0,vidarbha
Akola,2020-09-28,40,2020,9,22.72,-39.3,33.3,75.1,1,0,vidarbha
Akola,2020-10-05,41,2020,10,11.38,-3.05,32.5,43.8,0,0,vidarbha
Akola,2020-10-12,42,2020,10,18.13,53.97,33.4,63.7,0,0,vidarbha
Akola,2020-10-19,43,2020,10,7.3,-37.5,31.0,43.3,0,0,vidarbha
Akola,2020-10-26,44,2020,10,8.7,-25.71,30.3,55.9,0,0,vidarbha
Akola,2020-11-02,45,2020,11,5.31,54.23,28.0,59.3,0,0,vidarbha
Akola,2020-11-09,46,2020,11,2.29,-31.93,30.2,55.0,0,0,vidarbha
Akola,2020-11-16,47,2020,11,4.73,37.73,31.1,53.7,0,0,vidarbha
Akola,2020-11-23,48,2020,11,2.92,-13.82,31.5,45.2,0,0,vidarbha
Akola,2020-11-30,49,2020,11,2.34,-30.55,29.9,51.0,0,0,vidarbha
Akola,2020-12-07,50,2020,12,0.65,-12.07,29.2,52.1,0,0,vidarbha
Akola,2020-12-14,51,2020,12,0.51,-28.37,28.7,56.1,0,0,vidarbha
Akola,2020-12-21,52,2020,12,0.8,4.48,28.5,51.9,0,0,vidarbha
Akola,2020-12-28,53,2020,12,0.65,-12.43,27.0,42.0,0,0,vidarbha
Akola,2021-01-04,1,2021,1,0.87,-7.68,26.5,55.3,0,0,vidarbha
Akola,2021-01-11,2,2021,1,1.17,21.23,24.8,46.0,0,0,vidarbha
Akola,2021-01-18,3,2021,1,1.65,66.94,26.3,49.3,0,0,vidarbha
Akola,2021-01-25,4,2021,1,1.3,33.82,23.5,54.5,0,0,vidarbha
Akola,2021-02-01,5,2021,2,0.87,45.32,20.7,54.5,0,0,vidarbha
Akola,2021-02-08,6,2021,2,0.54,-4.19,22.5,56.2,0,0,vidarbha
Akola,2021-02-15,7,2021,2,0.42,-22.1,21.1,57.5,0,0,vidarbha
Akola,2021-02-22,8,2021,2,0.7,19.22,21.1,51.3,0,0,vidarbha
Akola,2021-03-01,9,2021,3,0.66,-11.94,18.1,51.8,0,0,vidarbha
Akola,2021-03-08,10,2021,3,1.04,32.69,17.7,47.2,0,0,vidarbha
Akola,2021-03-15,11,2021,3,0.74,-1.58,17.0,59.2,0,0,vidarbha
Akola,2021-03-22,12,2021,3,0.7,-6.39,17.7,51.1,0,0,vidarbha
Akola,2021-03-29,13,2021,3,0.76,0.78,16.3,55.3,0,0,vidarbha
Akola,2021-04-05,14,2021,4,1.51,29.85,20.0,28.3,0,0,vidarbha
Akola,2021-04-12,15,2021,4,1.05,-6.78,23.1,23.9,0,0,vidarbha
Akola,2021-04-19,16,2021,4,1.35,16.97,20.1,29.6,0,0,vidarbha
Akola,2021-04-26,17,2021,4,1.92,63.32,20.8,24.0,0,0,vidarbha
Akola,2021-05-03,18,2021,5,3.36,45.67,24.6,28.4,0,0,vidarbha
Akola,2021-05-10,19,2021,5,1.64,-26.73,25.8,36.2,0,0,vidarbha
Akola,2021-05-17,20,2021,5,2.48,8.78,24.2,29.6,0,0,vidarbha
Akola,2021-05-24,21,2021,5,3.25,41.31,23.7,30.1,0,0,vidarbha
Akola,2021-05-31,22,2021,5,3.25,41.19,24.9,25.4,0,0,vidarbha
Akola,2021-06-07,23,2021,6,52.66,95.48,26.2,77.2,1,0,vidarbha
Akola,2021-06-14,24,2021,6,33.02,22.72,26.3,81.4,1,0,vidarbha
Akola,2021-06-21,25,2021,6,37.5,39.3,29.5,74.9,1,0,vidarbha
Akola,2021-06-28,26,2021,6,38.14,41.68,27.6,75.9,1,0,vidarbha
Akola,2021-07-05,27,2021,7,95.29,76.41,29.5,83.5,1,0,vidarbha
Akola,2021-07-12,28,2021,7,55.13,2.13,31.8,77.2,1,0,vidarbha
Akola,2021-07-19,29,2021,7,48.41,-10.29,32.3,80.4,1,0,vidarbha
Akola,2021-07-26,30,2021,7,85.19,57.73,28.9,77.0,1,0,vidarbha
Akola,2021-08-02,31,2021,8,51.86,4.91,31.3,74.6,1,0,vidarbha
Akola,2021-08-09,32,2021,8,60.85,23.06,30.7,84.2,1,0,vidarbha
Akola,2021-08-16,33,2021,8,34.26,-30.63,32.5,77.9,1,0,vidarbha
Akola,2021-08-23,34,2021,8,79.2,60.12,32.4,84.1,1,0,vidarbha
Akola,2021-08-30,35,2021,8,64.01,29.44,33.8,66.6,1,0,vidarbha
Akola,2021-09-06,36,2021,9,48.31,28.76,33.5,74.4,1,0,vidarbha
Akola,2021-09-13,37,2021,9,48.93,30.4,28.9,70.2,1,0,vidarbha
Akola,2021-09-20,38,2021,9,36.03,-3.9,33.1,78.5,1,0,vidarbha
Akola,2021-09-27,39,2021,9,37.2,-0.79,31.6,84.1,1,0,vidarbha
Akola,2021-10-04,40,2021,10,14.56,23.8,32.1,60.7,0,0,vidarbha
Akola,2021-10-11,41,2021,10,5.72,-50.86,29.8,51.0,0,0,vidarbha
Akola,2021-10-18,42,2021,10,21.81,85.04,31.1,52.5,0,0,vidarbha
Akola,2021-10-25,43,2021,10,14.25,21.16,32.3,53.1,0,0,vidarbha
Akola,2021-11-01,44,2021,11,5.08,47.72,28.7,54.9,0,0,vidarbha
Akola,2021-11-08,45,2021,11,3.59,5.22,30.0,51.0,0,0,vidarbha
Akola,2021-11-15,46,2021,11,5.42,57.3,28.6,51.7,0,0,vidarbha
Akola,2021-11-22,47,2021,11,4.7,36.9,31.1,52.7,0,0,vidarbha
Akola,2021-11-29,48,2021,11,3.6,5.5,29.9,46.7,0,0,vidarbha
Akola,2021-12-06,49,2021,12,1.0,28.57,29.8,47.4,0,0,vidarbha
Akola,2021-12-13,50,2021,12,0.92,19.08,26.7,52.1,0,0,vidarbha
Akola,2021-12-20,51,2021,12,0.61,-17.24,28.4,56.4,0,0,vidarbha
Akola,2021-12-27,52,2021,12,0.12,-74.83,30.3,52.3,0,0,vidarbha
Akola,2022-01-03,1,2022,1,1.24,27.79,23.6,53.5,0,0,vidarbha
Akola,2022-01-10,2,2022,1,0.95,0.45,24.8,48.8,0,0,vidarbha
Akola,2022-01-17,3,2022,1,1.41,44.49,23.0,56.6,0,0,vidarbha
Akola,2022-01-24,4,2022,1,1.12,16.45,24.3,50.9,0,0,vidarbha
Akola,2022-01-31,5,2022,1,0.77,-17.14,23.3,52.8,0,0,vidarbha
Akola,2022-02-07,6,2022,2,0.98,61.9,18.7,53.5,0,0,vidarbha
Akola,2022-02-14,7,2022,2,0.56,-0.92,22.9,44.0,0,0,vidarbha
Akola,2022-02-21,8,2022,2,0.58,1.15,21.2,42.9,0,0,vidarbha
Akola,2022-02-28,9,2022,2,1.04,70.12,21.7,54.9,0,0,vidarbha
Akola,2022-03-07,10,2022,3,1.12,41.82,15.7,55.6,0,0,vidarbha
Akola,2022-03-14,11,2022,3,0.72,-3.84,15.2,56.8,0,0,vidarbha
Akola,2022-03-21,12,2022,3,0.16,-70.11,17.6,53.4,0,0,vidarbha
Akola,2022-03-28,13,2022,3,1.41,75.59,15.7,51.3,0,0,vidarbha
Akola,2022-04-04,14,2022,4,1.23,7.3,21.5,31.8,0,0,vidarbha
Akola,2022-04-11,15,2022,4,1.18,3.61,21.4,30.8,0,0,vidarbha
Akola,2022-04-18,16,2022,4,1.55,33.11,21.2,26.5,0,0,vidarbha
Akola,2022-04-25,17,2022,4,2.19,85.34,20.1,24.2,0,0,vidarbha
Akola,2022-05-02,18,2022,5,2.48,8.59,24.1,41.1,0,0,vidarbha
Akola,2022-05-09,19,2022,5,1.66,-25.68,23.9,28.4,0,0,vidarbha
Akola,2022-05-16,20,2022,5,3.65,58.15,23.1,33.1,0,0,vidarbha
Akola,2022-05-23,21,2022,5,3.18,38.22,25.0,24.4,0,0,vidarbha
Akola,2022-05-30,22,2022,5,1.88,-16.65,24.2,30.1,0,0,vidarbha
Akola,2022-06-06,23,2022,6,38.31,42.29,27.2,72.4,1,0,vidarbha
Akola,2022-06-13,24,2022,6,21.74,-19.08,27.2,81.0,1,0,vidarbha
Akola,2022-06-20,25,2022,6,21.65,-19.42,26.4,77.0,1,0,vidarbha
Akola,2022-06-27,26,2022,6,31.42,16.77,28.1,76.1,1,0,vidarbha
Akola,2022-07-04,27,2022,7,58.49,8.36,28.4,76.5,1,0,vidarbha
Akola,2022-07-11,28,2022,7,58.1,7.64,31.9,83.1,1,0,vidarbha
Akola,2022-07-18,29,2022,7,64.92,20.24,28.4,80.2,1,0,vidarbha
Akola,2022-07-25,30,2022,7,46.11,-14.54,27.1,82.8,1,0,vidarbha
Akola,2022-08-01,31,2022,8,64.49,30.42,30.6,80.6,1,0,vidarbha
Akola,2022-08-08,32,2022,8,53.65,8.53,30.9,80.7,1,0,vidarbha
Akola,2022-08-15,33,2022,8,73.57,48.74,30.9,73.7,1,0,vidarbha
Akola,2022-08-22,34,2022,8,74.08,49.77,33.4,86.6,1,0,vidarbha
Akola,2022-08-29,35,2022,8,68.59,38.68,30.3,71.3,1,0,vidarbha
Akola,2022-09-05,36,2022,9,56.85,51.48,32.5,81.3,1,0,vidarbha
Akola,2022-09-12,37,2022,9,21.47,-42.62,32.7,82.9,1,0,vidarbha
Akola,2022-09-19,38,2022,9,22.76,-39.21,32.8,74.1,1,0,vidarbha
Akola,2022-09-26,39,2022,9,32.89,-12.26,32.3,81.1,1,0,vidarbha
Akola,2022-10-03,40,2022,10,10.25,-12.62,33.9,56.6,0,0,vidarbha
Akola,2022-10-10,41,2022,10,14.53,23.56,30.8,57.3,0,0,vidarbha
Akola,2022-10-17,42,2022,10,5.9,-49.33,30.0,50.1,0,0,vidarbha
Akola,2022-10-24,43,2022,10,11.46,-2.34,30.3,56.9,0,0,vidarbha
Akola,2022-10-31,44,2022,10,7.79,-33.35,33.4,54.5,0,0,vidarbha
Akola,2022-11-07,45,2022,11,3.73,9.11,30.0,46.8,0,0,vidarbha
Akola,2022-11-14,46,2022,11,5.57,61.6,27.2,51.5,0,0,vidarbha
Akola,2022-11-21,47,2022,11,3.53,3.35,30.4,53.7,0,0,vidarbha
Akola,2022-11-28,48,2022,11,1.68,-49.24,29.6,49.0,0,0,vidarbha
Akola,2022-12-05,49,2022,12,1.13,43.23,27.3,52.7,0,0,vidarbha
Akola,2022-12-12,50,2022,12,1.01,29.53,25.3,41.6,0,0,vidarbha
Akola,2022-12-19,51,2022,12,0.78,2.88,28.2,53.5,0,0,vidarbha
Akola,2022-12-26,52,2022,12,0.52,-27.67,28.0,49.0,0,0,vidarbha
Akola,2023-01-02,1,2023,1,0.99,3.71,26.1,55.9,0,0,vidarbha
Akola,2023-01-09,2,2023,1,1.45,48.11,23.4,60.8,0,0,vidarbha
Akola,2023-01-16,3,2023,1,1.04,9.18,25.3,59.6,0,0,vidarbha
Akola,2023-01-23,4,2023,1,0.82,-12.39,23.5,57.6,0,0,vidarbha
Akola,2023-01-30,5,2023,1,1.29,32.89,25.1,51.8,0,0,vidarbha
Akola,2023-02-06,6,2023,2,0.55,-2.81,19.4,55.9,0,0,vidarbha
Akola,2023-02-13,7,2023,2,0.47,-15.0,21.5,52.1,0,0,vidarbha
Akola,2023-02-20,8,2023,2,0.64,10.23,20.8,48.3,0,0,vidarbha
Akola,2023-02-27,9,2023,2,0.79,33.0,20.8,52.0,0,0,vidarbha
Akola,2023-03-06,10,2023,3,0.62,-16.6,16.7,53.0,0,0,vidarbha
Akola,2023-03-13,11,2023,3,1.0,27.72,17.1,51.9,0,0,vidarbha
Akola,2023-03-20,12,2023,3,0.81,5.57,16.6,53.7,0,0,vidarbha
Akola,2023-03-27,13,2023,3,1.2,51.3,19.4,57.6,0,0,vidarbha
Akola,2023-04-03,14,2023,4,1.71,46.14,22.6,30.5,0,0,vidarbha
Akola,2023-04-10,15,2023,4,1.52,31.32,20.5,27.4,0,0,vidarbha
Akola,2023-04-17,16,2023,4,1.41,22.52,20.6,23.9,0,0,vidarbha
Akola,2023-04-24,17,2023,4,1.33,15.91,20.6,22.8,0,0,vidarbha
Akola,2023-05-01,18,2023,5,3.81,64.65,23.5,30.0,0,0,vidarbha
Akola,2023-05-08,19,2023,5,2.89,26.0,23.2,29.4,0,0,vidarbha
Akola,2023-05-15,20,2023,5,3.0,30.52,24.4,27.7,0,0,vidarbha
Akola,2023-05-22,21,2023,5,2.22,-2.32,27.6,27.7,0,0,vidarbha
Akola,2023-05-29,22,2023,5,3.05,32.57,24.1,22.9,0,0,vidarbha
Akola,2023-06-05,23,2023,6,31.36,16.57,26.8,82.0,1,0,vidarbha
Akola,2023-06-12,24,2023,6,29.58,9.96,27.7,68.5,1,0,vidarbha
Akola,2023-06-19,25,2023,6,36.97,37.32,28.7,77.6,1,0,vidarbha
Akola,2023-06-26,26,2023,6,40.17,49.21,28.5,82.0,1,0,vidarbha
Akola,2023-07-03,27,2023,7,64.27,19.04,29.3,70.2,1,0,vidarbha
Akola,2023-07-10,28,2023,7,56.12,3.97,30.2,75.3,1,0,vidarbha
Akola,2023-07-17,29,2023,7,56.95,5.5,29.9,76.8,1,0,vidarbha
Akola,2023-07-24,30,2023,7,73.75,36.58,31.2,81.1,1,0,vidarbha
Akola,2023-07-31,31,2023,7,62.63,16.01,28.5,73.6,1,0,vidarbha
Akola,2023-08-07,32,2023,8,76.45,54.56,31.6,73.5,1,0,vidarbha
Akola,2023-08-14,33,2023,8,37.44,-24.2,28.8,76.3,1,0,vidarbha
Akola,2023-08-21,34,2023,8,78.9,59.51,32.7,79.1,1,0,vidarbha
Akola,2023-08-28,35,2023,8,81.12,64.0,32.5,71.7,1,0,vidarbha
Akola,2023-09-04,36,2023,9,64.64,72.21,31.7,73.6,1,0,vidarbha
Akola,2023-09-11,37,2023,9,39.51,5.34,32.1,78.8,1,0,vidarbha
Akola,2023-09-18,38,2023,9,45.85,22.21,32.1,75.6,1,0,vidarbha
Akola,2023-09-25,39,2023,9,43.66,16.4,32.8,76.8,1,0,vidarbha
Akola,2023-10-02,40,2023,10,15.06,28.04,29.0,50.3,0,0,vidarbha
Akola,2023-10-09,41,2023,10,20.79,76.4,31.9,41.2,0,0,vidarbha
Akola,2023-10-16,42,2023,10,12.97,10.36,31.8,56.0,0,0,vidarbha
Akola,2023-10-23,43,2023,10,19.51,65.59,33.5,54.0,0,0,vidarbha
Akola,2023-10-30,44,2023,10,13.32,13.31,31.6,52.9,0,0,vidarbha
Akola,2023-11-06,45,2023,11,2.18,-35.16,29.1,51.5,0,0,vidarbha
Akola,2023-11-13,46,2023,11,4.48,30.49,30.5,51.2,0,0,vidarbha
Akola,2023-11-20,47,2023,11,2.92,-14.07,28.8,54.9,0,0,vidarbha
Akola,2023-11-27,48,2023,11,3.87,13.16,30.4,46.5,0,0,vidarbha
Akola,2023-12-04,49,2023,12,1.26,58.84,28.6,47.3,0,0,vidarbha
Akola,2023-12-11,50,2023,12,0.61,-16.92,27.5,43.8,0,0,vidarbha
Akola,2023-12-18,51,2023,12,1.43,78.15,26.5,56.4,0,0,vidarbha
Akola,2023-12-25,52,2023,12,1.05,34.43,30.2,47.7,0,0,vidarbha
Washim,2019-01-07,2,2019,1,1.33,33.54,23.3,50.7,0,0,vidarbha
Washim,2019-01-14,3,2019,1,0.3,-62.68,24.5,46.6,0,0,vidarbha
Washim,2019-01-21,4,2019,1,0.18,-74.25,23.5,51.2,0,0,vidarbha
Washim,2019-01-28,5,2019,1,1.08,9.96,24.3,50.5,0,0,vidarbha
Washim,2019-02-04,6,2019,2,0.97,57.53,19.4,53.0,0,0,vidarbha
Washim,2019-02-11,7,2019,2,0.6,2.37,19.7,51.4,0,0,vidarbha
Washim,2019-02-18,8,2019,2,0.85,39.42,21.4,55.7,0,0,vidarbha
Washim,2019-02-25,9,2019,2,0.6,3.0,20.6,46.6,0,0,vidarbha
Washim,2019-03-04,10,2019,3,1.14,41.8,16.6,51.8,0,0,vidarbha
Washim,2019-03-11,11,2019,3,0.7,-8.12,19.4,57.0,0,0,vidarbha
Washim,2019-03-18,12,2019,3,0.91,15.79,16.9,51.7,0,0,vidarbha
Washim,2019-03-25,13,2019,3,1.1,36.57,16.7,56.8,0,0,vidarbha
Washim,2019-04-01,14,2019,4,1.0,-12.77,21.9,28.0,0,0,vidarbha
Washim,2019-04-08,15,2019,4,0.63,-42.55,23.4,24.5,0,0,vidarbha
Washim,2019-04-15,16,2019,4,1.29,10.17,20.3,20.6,0,0,vidarbha
Washim,2019-04-22,17,2019,4,1.11,-4.42,19.5,34.0,0,0,vidarbha
Washim,2019-04-29,18,2019,4,0.73,-33.98,20.9,29.4,0,0,vidarbha
Washim,2019-05-06,19,2019,5,1.57,-31.03,24.6,21.5,0,0,vidarbha
Washim,2019-05-13,20,2019,5,1.85,-19.84,23.4,33.4,0,0,vidarbha
Washim,2019-05-20,21,2019,5,3.19,35.41,22.5,27.7,0,0,vidarbha
Washim,2019-05-27,22,2019,5,2.85,21.49,25.2,33.7,0,0,vidarbha
Washim,2019-06-03,23,2019,6,44.95,62.95,27.8,90.5,1,0,vidarbha
Washim,2019-06-10,24,2019,6,20.58,-25.22,27.6,78.9,1,0,vidarbha
Washim,2019-06-17,25,2019,6,18.38,-33.14,27.9,71.1,1,0,vidarbha
Washim,2019-06-24,26,2019,6,45.77,65.89,25.2,69.6,1,0,vidarbha
Washim,2019-07-01,27,2019,7,59.45,7.51,28.1,67.7,1,0,vidarbha
Washim,2019-07-08,28,2019,7,64.4,16.46,28.1,76.6,1,0,vidarbha
Washim,2019-07-15,29,2019,7,47.22,-14.56,31.3,78.2,1,0,vidarbha
Washim,2019-07-22,30,2019,7,63.15,14.19,29.4,78.5,1,0,vidarbha
Washim,2019-07-29,31,2019,7,60.82,9.99,28.2,71.1,1,0,vidarbha
Washim,2019-08-05,32,2019,8,37.49,-25.91,30.5,75.1,1,0,vidarbha
Washim,2019-08-12,33,2019,8,44.26,-12.56,31.4,76.7,1,0,vidarbha
Washim,2019-08-19,34,2019,8,59.09,16.67,30.9,75.6,1,0,vidarbha
Washim,2019-08-26,35,2019,8,63.9,26.15,32.9,76.8,1,0,vidarbha
Washim,2019-09-02,36,2019,9,32.33,-15.78,33.9,75.5,1,0,vidarbha
Washim,2019-09-09,37,2019,9,46.43,20.83,32.7,74.5,1,0,vidarbha
Washim,2019-09-16,38,2019,9,15.55,-59.35,31.7,77.0,1,0,vidarbha
Washim,2019-09-23,39,2019,9,32.8,-14.57,31.1,76.0,1,0,vidarbha
Washim,2019-09-30,40,2019,9,27.01,-29.59,32.1,80.1,1,0,vidarbha
Washim,2019-10-07,41,2019,10,13.41,11.39,28.9,45.9,0,0,vidarbha
Washim,2019-10-14,42,2019,10,13.22,9.81,32.2,50.5,0,0,vidarbha
Washim,2019-10-21,43,2019,10,19.26,59.66,32.1,53.2,0,0,vidarbha
Washim,2019-10-28,44,2019,10,14.39,19.52,31.6,51.1,0,0,vidarbha
Washim,2019-11-04,45,2019,11,4.02,14.77,31.9,54.7,0,0,vidarbha
Washim,2019-11-11,46,2019,11,2.34,-32.19,29.8,46.0,0,0,vidarbha
Washim,2019-11-18,47,2019,11,3.12,-10.29,28.1,64.2,0,0,vidarbha
Washim,2019-11-25,48,2019,11,3.44,-1.4,30.6,50.3,0,0,vidarbha
Washim,2019-12-02,49,2019,12,0.88,12.28,27.9,58.9,0,0,vidarbha
Washim,2019-12-09,50,2019,12,0.84,7.27,26.8,47.8,0,0,vidarbha
Washim,2019-12-16,51,2019,12,0.58,-22.94,27.0,66.8,0,0,vidarbha
Washim,2019-12-23,52,2019,12,1.07,33.57,27.3,58.7,0,0,vidarbha
Washim,2019-12-30,1,2019,12,0.73,-5.25,29.1,53.7,0,0,vidarbha
Washim,2020-01-06,2,2020,1,1.3,30.42,25.1,47.2,0,0,vidarbha
Washim,2020-01-13,3,2020,1,0.93,-3.49,25.3,57.0,0,0,vidarbha
Washim,2020-01-20,4,2020,1,0.78,-17.67,24.7,57.2,0,0,vidarbha
Washim,2020-01-27,5,2020,1,1.11,12.9,25.1,51.3,0,0,vidarbha
Washim,2020-02-03,6,2020,2,0.43,-21.9,21.1,50.1,0,0,vidarbha
Washim,2020-02-10,7,2020,2,0.29,-42.79,22.3,47.3,0,0,vidarbha
Washim,2020-02-17,8,2020,2,0.72,20.46,20.0,54.0,0,0,vidarbha
Washim,2020-02-24,9,2020,2,0.17,-60.56,21.6,52.9,0,0,vidarbha
Washim,2020-03-02,10,2020,3,0.86,10.06,15.8,63.9,0,0,vidarbha
Washim,2020-03-09,11,2020,3,0.16,-69.76,17.1,48.0,0,0,vidarbha
Washim,2020-03-16,12,2020,3,0.96,21.58,16.1,50.2,0,0,vidarbha
Washim,2020-03-23,13,2020,3,0.66,-13.03,16.8,50.0,0,0,vidarbha
Washim,2020-03-30,14,2020,3,1.02,27.6,15.6,56.9,0,0,vidarbha
Washim,2020-04-06,15,2020,4,0.72,-34.74,18.7,30.5,0,0,vidarbha
Washim,2020-04-13,16,2020,4,0.7,-37.05,19.5,32.0,0,0,vidarbha
Washim,2020-04-20,17,2020,4,0.35,-64.38,20.1,31.4,0,0,vidarbha
Washim,2020-04-27,18,2020,4,0.59,-45.38,19.3,28.3,0,0,vidarbha
Washim,2020-05-04,19,2020,5,1.59,-30.31,24.7,25.7,0,0,vidarbha
Washim,2020-05-11,20,2020,5,1.22,-45.83,25.1,32.3,0,0,vidarbha
Washim,2020-05-18,21,2020,5,1.5,-34.06,26.6,35.9,0,0,vidarbha
Washim,2020-05-25,22,2020,5,4.1,72.8,24.2,27.5,0,0,vidarbha
Washim,2020-06-01,23,2020,6,20.72,-24.7,28.1,72.2,1,0,vidarbha
Washim,2020-06-08,24,2020,6,22.06,-19.85,28.6,74.0,1,0,vidarbha
Washim,2020-06-15,25,2020,6,22.02,-19.99,28.2,77.1,1,0,vidarbha
Washim,2020-06-22,26,2020,6,18.97,-31.02,28.4,77.9,1,0,vidarbha
Washim,2020-06-29,27,2020,6,26.49,-3.81,26.8,75.0,1,0,vidarbha
Washim,2020-07-06,28,2020,7,63.04,14.0,31.7,75.5,1,0,vidarbha
Washim,2020-07-13,29,2020,7,63.19,14.26,30.7,81.9,1,0,vidarbha
Washim,2020-07-20,30,2020,7,47.54,-13.99,31.1,80.7,1,0,vidarbha
Washim,2020-07-27,31,2020,7,40.87,-26.03,29.5,90.0,1,0,vidarbha
Washim,2020-08-03,32,2020,8,59.41,17.31,31.8,76.6,1,0,vidarbha
Washim,2020-08-10,33,2020,8,38.97,-23.0,31.8,73.2,1,0,vidarbha
Washim,2020-08-17,34,2020,8,18.29,-63.75,32.3,85.7,1,0,vidarbha
Washim,2020-08-24,35,2020,8,72.71,43.52,32.3,76.0,1,0,vidarbha
Washim,2020-08-31,36,2020,8,70.33,38.83,33.4,79.5,1,0,vidarbha
Washim,2020-09-07,37,2020,9,51.05,32.82,29.6,80.0,1,0,vidarbha
Washim,2020-09-14,38,2020,9,39.57,3.02,31.4,76.3,1,0,vidarbha
Washim,2020-09-21,39,2020,9,48.27,25.6,32.4,81.2,1,0,vidarbha
Washim,2020-09-28,40,2020,9,48.63,26.53,32.6,79.9,1,0,vidarbha
Washim,2020-10-05,41,2020,10,12.97,7.78,29.8,56.9,0,0,vidarbha
Washim,2020-10-12,42,2020,10,12.61,4.78,32.3,51.9,0,0,vidarbha
Washim,2020-10-19,43,2020,10,11.69,-2.76,32.8,44.1,0,0,vidarbha
Washim,2020-10-26,44,2020,10,0.77,-92.82,32.8,51.7,0,0,vidarbha
Washim,2020-11-02,45,2020,11,0.68,-78.36,29.3,54.0,0,0,vidarbha
Washim,2020-11-09,46,2020,11,3.08,-11.45,30.0,54.2,0,0,vidarbha
Washim,2020-11-16,47,2020,11,2.16,-36.99,28.3,56.1,0,0,vidarbha
Washim,2020-11-23,48,2020,11,4.79,36.21,30.1,40.5,0,0,vidarbha
Washim,2020-11-30,49,2020,11,2.86,-17.57,28.6,49.9,0,0,vidarbha
Washim,2020-12-07,50,2020,12,0.66,-13.81,29.5,55.5,0,0,vidarbha
Washim,2020-12-14,51,2020,12,0.03,-84.96,26.0,57.5,0,0,vidarbha
Washim,2020-12-21,52,2020,12,0.5,-32.0,28.1,48.8,0,0,vidarbha
Washim,2020-12-28,53,2020,12,0.93,17.39,28.0,56.2,0,0,vidarbha
Washim,2021-01-04,1,2021,1,0.58,-36.71,25.1,45.0,0,0,vidarbha
Washim,2021-01-11,2,2021,1,1.49,48.95,27.0,43.9,0,0,vidarbha
Washim,2021-01-18,3,2021,1,1.4,40.3,22.8,49.0,0,0,vidarbha
Washim,2021-01-25,4,2021,1,1.05,7.72,25.2,56.9,0,0,vidarbha
Washim,2021-02-01,5,2021,2,0.92,49.85,19.8,55.0,0,0,vidarbha
Washim,2021-02-08,6,2021,2,0.56,-3.22,20.8,48.0,0,0,vidarbha
Washim,2021-02-15,7,2021,2,0.84,37.15,20.0,51.8,0,0,vidarbha
Washim,2021-02-22,8,2021,2,0.83,36.83,18.8,57.0,0,0,vidarbha
Washim,2021-03-01,9,2021,3,1.46,77.84,15.6,42.4,0,0,vidarbha
Washim,2021-03-08,10,2021,3,1.06,32.77,17.8,45.0,0,0,vidarbha
Washim,2021-03-15,11,2021,3,0.82,4.58,17.3,50.8,0,0,vidarbha
Washim,2021-03-22,12,2021,3,1.19,47.67,17.5,47.5,0,0,vidarbha
Washim,2021-03-29,13,2021,3,1.19,47.51,16.8,46.9,0,0,vidarbha
Washim,2021-04-05,14,2021,4,1.24,6.19,21.6,21.2,0,0,vidarbha
Washim,2021-04-12,15,2021,4,0.97,-15.15,22.9,23.1,0,0,vidarbha
Washim,2021-04-19,16,2021,4,1.96,63.31,19.2,29.4,0,0,vidarbha
Washim,2021-04-26,17,2021,4,1.84,53.8,19.5,23.9,0,0,vidarbha
Washim,2021-05-03,18,2021,5,3.82,61.6,26.8,31.7,0,0,vidarbha
Washim,2021-05-10,19,2021,5,2.79,19.16,24.5,22.4,0,0,vidarbha
Washim,2021-05-17,20,2021,5,1.23,-45.16,25.4,18.9,0,0,vidarbha
Washim,2021-05-24,21,2021,5,2.46,5.5,24.4,23.9,0,0,vidarbha
Washim,2021-05-31,22,2021,5,3.47,46.86,24.5,25.7,0,0,vidarbha
Washim,2021-06-07,23,2021,6,39.54,43.39,28.0,82.2,1,0,vidarbha
Washim,2021-06-14,24,2021,6,30.07,9.12,28.6,79.5,1,0,vidarbha
Washim,2021-06-21,25,2021,6,40.97,48.56,28.7,81.8,1,0,vidarbha
Washim,2021-06-28,26,2021,6,34.17,23.94,28.0,82.7,1,0,vidarbha
Washim,2021-07-05,27,2021,7,49.55,-10.37,30.3,67.7,1,0,vidarbha
Washim,2021-07-12,28,2021,7,64.96,17.45,27.2,74.3,1,0,vidarbha
Washim,2021-07-19,29,2021,7,33.93,-38.56,31.3,74.8,1,0,vidarbha
Washim,2021-07-26,30,2021,7,48.88,-11.57,30.3,74.3,1,0,vidarbha
Washim,2021-08-02,31,2021,8,40.08,-20.8,31.2,70.3,1,0,vidarbha
Washim,2021-08-09,32,2021,8,97.45,92.29,31.6,81.3,1,0,vidarbha
Washim,2021-08-16,33,2021,8,85.31,68.35,33.1,81.5,1,0,vidarbha
Washim,2021-08-23,34,2021,8,56.4,11.36,31.8,78.3,1,0,vidarbha
Washim,2021-08-30,35,2021,8,64.49,27.32,32.1,79.0,1,0,vidarbha
Washim,2021-09-06,36,2021,9,42.16,9.73,35.2,71.3,1,0,vidarbha
Washim,2021-09-13,37,2021,9,51.96,35.19,32.8,84.3,1,0,vidarbha
Washim,2021-09-20,38,2021,9,45.83,19.27,32.8,76.4,1,0,vidarbha
Washim,2021-09-27,39,2021,9,61.19,59.15,32.4,82.1,1,0,vidarbha
Washim,2021-10-04,40,2021,10,16.34,35.58,31.2,45.5,0,0,vidarbha
Washim,2021-10-11,41,2021,10,10.09,-15.96,30.7,51.1,0,0,vidarbha
Washim,2021-10-18,42,2021,10,17.54,45.48,31.5,55.1,0,0,vidarbha
Washim,2021-10-25,43,2021,10,20.48,69.71,30.9,59.4,0,0,vidarbha
Washim,2021-11-01,44,2021,11,0.93,-71.35,30.4,54.3,0,0,vidarbha
Washim,2021-11-08,45,2021,11,5.03,42.74,31.4,56.2,0,0,vidarbha
Washim,2021-11-15,46,2021,11,5.4,53.03,27.5,48.7,0,0,vidarbha
Washim,2021-11-22,47,2021,11,3.98,13.67,30.9,56.4,0,0,vidarbha
Washim,2021-11-29,48,2021,11,3.26,-6.42,30.5,47.0,0,0,vidarbha
Washim,2021-12-06,49,2021,12,1.13,40.79,28.7,58.1,0,0,vidarbha
Washim,2021-12-13,50,2021,12,0.63,-16.94,26.6,38.6,0,0,vidarbha
Washim,2021-12-20,51,2021,12,1.19,47.56,29.2,47.0,0,0,vidarbha
Washim,2021-12-27,52,2021,12,0.74,-4.18,28.8,50.6,0,0,vidarbha
Washim,2022-01-03,1,2022,1,1.45,45.13,24.5,54.8,0,0,vidarbha
Washim,2022-01-10,2,2022,1,0.82,-13.88,24.5,38.8,0,0,vidarbha
Washim,2022-01-17,3,2022,1,1.69,67.68,25.2,50.6,0,0,vidarbha
Washim,2022-01-24,4,2022,1,0.9,-6.98,22.7,46.6,0,0,vidarbha
Washim,2022-01-31,5,2022,1,1.18,19.2,24.5,55.7,0,0,vidarbha
Washim,2022-02-07,6,2022,2,0.41,-25.04,22.5,48.5,0,0,vidarbha
Washim,2022-02-14,7,2022,2,0.42,-24.18,20.3,59.6,0,0,vidarbha
Washim,2022-02-21,8,2022,2,0.79,30.6,19.7,48.2,0,0,vidarbha
Washim,2022-02-28,9,2022,2,0.15,-63.17,21.5,50.8,0,0,vidarbha
Washim,2022-03-07,10,2022,3,0.63,-16.78,18.7,63.6,0,0,vidarbha
Washim,2022-03-14,11,2022,3,0.94,18.75,17.4,53.1,0,0,vidarbha
Washim,2022-03-21,12,2022,3,0.84,7.0,15.2,48.3,0,0,vidarbha
Washim,2022-03-28,13,2022,3,0.83,5.93,18.1,50.3,0,0,vidarbha
Washim,2022-04-04,14,2022,4,1.9,58.45,22.2,27.8,0,0,vidarbha
Washim,2022-04-11,15,2022,4,1.18,1.22,21.2,30.9,0,0,vidarbha
Washim,2022-04-18,16,2022,4,1.29,10.07,21.1,32.9,0,0,vidarbha
Washim,2022-04-25,17,2022,4,1.25,6.53,22.0,26.4,0,0,vidarbha
Washim,2022-05-02,18,2022,5,1.88,-18.37,23.9,26.4,0,0,vidarbha
Washim,2022-05-09,19,2022,5,1.58,-30.88,25.1,25.1,0,0,vidarbha
Washim,2022-05-16,20,2022,5,1.76,-23.55,24.9,20.1,0,0,vidarbha
Washim,2022-05-23,21,2022,5,2.48,6.42,24.1,22.7,0,0,vidarbha
Washim,2022-05-30,22,2022,5,2.95,25.82,23.8,31.7,0,0,vidarbha
Washim,2022-06-06,23,2022,6,32.78,18.91,27.0,86.8,1,0,vidarbha
Washim,2022-06-13,24,2022,6,31.5,14.3,27.2,87.0,1,0,vidarbha
Washim,2022-06-20,25,2022,6,26.4,-4.16,30.7,81.0,1,0,vidarbha
Washim,2022-06-27,26,2022,6,47.13,70.83,29.0,75.1,1,0,vidarbha
Washim,2022-07-04,27,2022,7,70.15,26.83,31.9,89.0,1,0,vidarbha
Washim,2022-07-11,28,2022,7,64.36,16.38,28.5,80.4,1,0,vidarbha
Washim,2022-07-18,29,2022,7,50.05,-9.46,29.2,82.8,1,0,vidarbha
Washim,2022-07-25,30,2022,7,52.54,-4.96,30.4,74.3,1,0,vidarbha
Washim,2022-08-01,31,2022,8,49.65,-1.94,30.4,85.8,1,0,vidarbha
Washim,2022-08-08,32,2022,8,41.68,-17.65,31.8,82.1,1,0,vidarbha
Washim,2022-08-15,33,2022,8,50.46,-0.33,32.4,80.2,1,0,vidarbha
Washim,2022-08-22,34,2022,8,81.71,61.25,32.4,83.5,1,0,vidarbha
Washim,2022-08-29,35,2022,8,66.17,30.62,29.0,72.8,1,0,vidarbha
Washim,2022-09-05,36,2022,9,51.2,33.2,30.0,80.0,1,0,vidarbha
Washim,2022-09-12,37,2022,9,52.55,36.71,33.1,73.2,1,0,vidarbha
Washim,2022-09-19,38,2022,9,48.75,26.84,32.6,79.6,1,0,vidarbha
Washim,2022-09-26,39,2022,9,43.38,12.92,31.7,69.7,1,0,vidarbha
Washim,2022-10-03,40,2022,10,20.31,68.33,32.4,54.3,0,0,vidarbha
Washim,2022-10-10,41,2022,10,15.15,25.74,33.1,45.8,0,0,vidarbha
Washim,2022-10-17,42,2022,10,7.5,-37.32,29.2,50.0,0,0,vidarbha
Washim,2022-10-24,43,2022,10,13.53,12.41,31.5,43.8,0,0,vidarbha
Washim,2022-10-31,44,2022,10,8.18,-31.71,33.7,50.7,0,0,vidarbha
Washim,2022-11-07,45,2022,11,3.36,-3.55,31.1,57.6,0,0,vidarbha
Washim,2022-11-14,46,2022,11,4.13,17.85,30.5,46.0,0,0,vidarbha
Washim,2022-11-21,47,2022,11,4.26,21.44,30.7,56.9,0,0,vidarbha
Washim,2022-11-28,48,2022,11,3.1,-10.92,31.2,56.8,0,0,vidarbha
Washim,2022-12-05,49,2022,12,0.72,-6.39,28.6,47.9,0,0,vidarbha
Washim,2022-12-12,50,2022,12,0.44,-37.89,27.0,53.1,0,0,vidarbha
Washim,2022-12-19,51,2022,12,0.71,-7.21,25.7,54.2,0,0,vidarbha
Washim,2022-12-26,52,2022,12,0.8,2.66,26.3,51.0,0,0,vidarbha
Washim,2023-01-02,1,2023,1,0.92,-4.57,24.5,50.9,0,0,vidarbha
Washim,2023-01-09,2,2023,1,1.3,30.95,24.2,41.8,0,0,vidarbha
Washim,2023-01-16,3,2023,1,0.85,-10.81,23.4,53.0,0,0,vidarbha
Washim,2023-01-23,4,2023,1,1.15,16.58,25.7,51.4,0,0,vidarbha
Washim,2023-01-30,5,2023,1,0.79,-16.74,24.7,55.1,0,0,vidarbha
Washim,2023-02-06,6,2023,2,0.63,7.16,21.8,50.1,0,0,vidarbha
Washim,2023-02-13,7,2023,2,0.68,14.98,20.9,47.8,0,0,vidarbha
Washim,2023-02-20,8,2023,2,0.59,1.28,21.1,53.7,0,0,vidarbha
Washim,2023-02-27,9,2023,2,1.01,63.28,20.1,56.3,0,0,vidarbha
Washim,2023-03-06,10,2023,3,1.07,33.54,18.0,48.8,0,0,vidarbha
Washim,2023-03-13,11,2023,3,0.82,4.73,16.3,50.8,0,0,vidarbha
Washim,2023-03-20,12,2023,3,1.06,32.75,17.1,56.3,0,0,vidarbha
Washim,2023-03-27,13,2023,3,0.7,-8.25,14.7,51.7,0,0,vidarbha
Washim,2023-04-03,14,2023,4,1.31,11.3,21.2,29.6,0,0,vidarbha
Washim,2023-04-10,15,2023,4,0.78,-30.09,18.6,39.8,0,0,vidarbha
Washim,2023-04-17,16,2023,4,1.95,61.99,22.2,34.1,0,0,vidarbha
Washim,2023-04-24,17,2023,4,1.5,26.77,21.6,23.3,0,0,vidarbha
Washim,2023-05-01,18,2023,5,2.86,21.73,24.9,35.5,0,0,vidarbha
Washim,2023-05-08,19,2023,5,0.93,-57.48,26.9,31.8,0,0,vidarbha
Washim,2023-05-15,20,2023,5,3.08,31.17,24.6,26.7,0,0,vidarbha
Washim,2023-05-22,21,2023,5,1.64,-28.14,24.2,29.9,0,0,vidarbha
Washim,2023-05-29,22,2023,5,2.6,11.27,25.0,29.2,0,0,vidarbha
Washim,2023-06-05,23,2023,6,20.48,-25.56,26.5,78.8,1,0,vidarbha
Washim,2023-06-12,24,2023,6,16.13,-41.28,29.1,82.0,1,0,vidarbha
Washim,2023-06-19,25,2023,6,28.55,3.64,26.9,76.7,1,0,vidarbha
Washim,2023-06-26,26,2023,6,31.72,15.11,26.7,80.3,1,0,vidarbha
Washim,2023-07-03,27,2023,7,74.14,34.03,29.9,82.8,1,0,vidarbha
Washim,2023-07-10,28,2023,7,96.37,74.17,28.3,83.3,1,0,vidarbha
Washim,2023-07-17,29,2023,7,45.6,-17.49,28.5,73.1,1,0,vidarbha
Washim,2023-07-24,30,2023,7,73.19,32.31,28.6,75.6,1,0,vidarbha
Washim,2023-07-31,31,2023,7,68.14,23.21,28.4,75.6,1,0,vidarbha
Washim,2023-08-07,32,2023,8,51.19,1.09,31.1,82.5,1,0,vidarbha
Washim,2023-08-14,33,2023,8,67.25,32.75,31.7,76.7,1,0,vidarbha
Washim,2023-08-21,34,2023,8,28.07,-44.47,30.2,80.9,1,0,vidarbha
Washim,2023-08-28,35,2023,8,63.72,25.8,31.5,78.2,1,0,vidarbha
Washim,2023-09-04,36,2023,9,47.09,22.54,30.4,75.6,1,0,vidarbha
Washim,2023-09-11,37,2023,9,51.2,33.21,33.1,78.8,1,0,vidarbha
Washim,2023-09-18,38,2023,9,47.08,22.52,34.2,71.1,1,0,vidarbha
Washim,2023-09-25,39,2023,9,31.69,-17.44,34.5,74.8,1,0,vidarbha
Washim,2023-10-02,40,2023,10,10.04,-16.36,30.5,62.0,0,0,vidarbha
Washim,2023-10-09,41,2023,10,14.33,18.97,31.6,49.1,0,0,vidarbha
Washim,2023-10-16,42,2023,10,14.21,18.03,32.3,61.1,0,0,vidarbha
Washim,2023-10-23,43,2023,10,8.67,-27.68,33.4,56.1,0,0,vidarbha
Washim,2023-10-30,44,2023,10,14.4,19.54,30.7,48.8,0,0,vidarbha
Washim,2023-11-06,45,2023,11,3.52,0.66,30.8,53.1,0,0,vidarbha
Washim,2023-11-13,46,2023,11,5.57,57.73,29.7,51.0,0,0,vidarbha
Washim,2023-11-20,47,2023,11,2.81,-19.01,30.9,49.7,0,0,vidarbha
Washim,2023-11-27,48,2023,11,2.29,-33.57,29.1,46.3,0,0,vidarbha
Washim,2023-12-04,49,2023,12,1.11,38.02,27.3,52.5,0,0,vidarbha
Washim,2023-12-11,50,2023,12,1.2,47.94,26.3,58.0,0,0,vidarbha
Washim,2023-12-18,51,2023,12,0.57,-23.89,24.4,58.9,0,0,vidarbha
Washim,2023-12-25,52,2023,12,0.29,-55.47,29.9,53.0,0,0,vidarbha
Amravati,2019-01-07,2,2019,1,1.57,41.2,22.8,52.3,0,0,vidarbha
Amravati,2019-01-14,3,2019,1,1.41,27.23,25.8,54.3,0,0,vidarbha
Amravati,2019-01-21,4,2019,1,1.16,6.48,24.3,51.0,0,0,vidarbha
Amravati,2019-01-28,5,2019,1,1.17,7.22,23.8,55.4,0,0,vidarbha
Amravati,2019-02-04,6,2019,2,0.53,-16.49,21.4,50.8,0,0,vidarbha
Amravati,2019-02-11,7,2019,2,0.19,-61.62,22.4,44.5,0,0,vidarbha
Amravati,2019-02-18,8,2019,2,0.77,16.45,22.2,50.9,0,0,vidarbha
Amravati,2019-02-25,9,2019,2,1.42,101.89,20.7,47.4,0,0,vidarbha
Amravati,2019-03-04,10,2019,3,1.52,67.11,16.0,54.2,0,0,vidarbha
Amravati,2019-03-11,11,2019,3,1.25,39.21,16.8,53.0,0,0,vidarbha
Amravati,2019-03-18,12,2019,3,0.92,5.11,20.6,60.4,0,0,vidarbha
Amravati,2019-03-25,13,2019,3,1.25,39.54,17.6,49.0,0,0,vidarbha
Amravati,2019-04-01,14,2019,4,0.92,-27.06,21.4,31.3,0,0,vidarbha
Amravati,2019-04-08,15,2019,4,0.43,-62.55,19.5,28.9,0,0,vidarbha
Amravati,2019-04-15,16,2019,4,1.2,-7.51,21.3,26.4,0,0,vidarbha
Amravati,2019-04-22,17,2019,4,1.69,27.61,22.7,21.7,0,0,vidarbha
Amravati,2019-04-29,18,2019,4,1.52,15.73,23.5,26.0,0,0,vidarbha
Amravati,2019-05-06,19,2019,5,2.22,-14.31,25.5,27.8,0,0,vidarbha
Amravati,2019-05-13,20,2019,5,3.96,50.08,23.8,31.0,0,0,vidarbha
Amravati,2019-05-20,21,2019,5,2.54,-2.45,24.7,27.4,0,0,vidarbha
Amravati,2019-05-27,22,2019,5,4.12,55.86,24.6,21.4,0,0,vidarbha
Amravati,2019-06-03,23,2019,6,22.98,-25.38,28.0,73.7,1,0,vidarbha
Amravati,2019-06-10,24,2019,6,39.2,27.06,26.4,76.7,1,0,vidarbha
Amravati,2019-06-17,25,2019,6,24.88,-19.23,27.5,72.4,1,0,vidarbha
Amravati,2019-06-24,26,2019,6,32.54,5.55,28.2,75.8,1,0,vidarbha
Amravati,2019-07-01,27,2019,7,75.98,22.77,28.4,73.2,1,0,vidarbha
Amravati,2019-07-08,28,2019,7,56.44,-8.77,29.0,79.4,1,0,vidarbha
Amravati,2019-07-15,29,2019,7,100.27,61.96,29.6,86.0,1,0,vidarbha
Amravati,2019-07-22,30,2019,7,92.47,49.38,29.3,77.5,1,0,vidarbha
Amravati,2019-07-29,31,2019,7,111.66,80.34,30.6,74.0,1,0,vidarbha
Amravati,2019-08-05,32,2019,8,80.78,42.49,31.4,79.1,1,0,vidarbha
Amravati,2019-08-12,33,2019,8,90.41,59.46,31.9,78.6,1,0,vidarbha
Amravati,2019-08-19,34,2019,8,60.61,6.95,32.2,71.8,1,0,vidarbha
Amravati,2019-08-26,35,2019,8,45.34,-19.95,32.8,92.1,1,0,vidarbha
Amravati,2019-09-02,36,2019,9,54.8,27.42,33.8,75.0,1,0,vidarbha
Amravati,2019-09-09,37,2019,9,54.21,26.05,28.9,77.5,1,0,vidarbha
Amravati,2019-09-16,38,2019,9,61.49,42.94,31.2,76.6,1,0,vidarbha
Amravati,2019-09-23,39,2019,9,64.16,49.14,30.8,80.8,1,0,vidarbha
Amravati,2019-09-30,40,2019,9,18.11,-57.74,33.4,76.7,1,0,vidarbha
Amravati,2019-10-07,41,2019,10,15.33,13.76,32.1,39.9,0,0,vidarbha
Amravati,2019-10-14,42,2019,10,8.8,-34.34,31.5,47.0,0,0,vidarbha
Amravati,2019-10-21,43,2019,10,8.64,-35.56,32.4,47.9,0,0,vidarbha
Amravati,2019-10-28,44,2019,10,14.74,9.44,30.7,49.9,0,0,vidarbha
Amravati,2019-11-04,45,2019,11,4.8,22.24,28.8,53.5,0,0,vidarbha
Amravati,2019-11-11,46,2019,11,3.22,-17.24,30.1,51.4,0,0,vidarbha
Amravati,2019-11-18,47,2019,11,2.22,-42.07,30.0,50.0,0,0,vidarbha
Amravati,2019-11-25,48,2019,11,4.86,23.82,28.6,55.8,0,0,vidarbha
Amravati,2019-12-02,49,2019,12,0.8,-7.46,28.3,61.2,0,0,vidarbha
Amravati,2019-12-09,50,2019,12,0.46,-42.14,26.3,48.2,0,0,vidarbha
Amravati,2019-12-16,51,2019,12,1.01,14.19,27.8,48.6,0,0,vidarbha
Amravati,2019-12-23,52,2019,12,1.25,39.82,28.6,57.8,0,0,vidarbha
Amravati,2019-12-30,1,2019,12,1.22,36.17,29.1,48.8,0,0,vidarbha
Amravati,2020-01-06,2,2020,1,0.7,-32.54,23.2,54.5,0,0,vidarbha
Amravati,2020-01-13,3,2020,1,1.05,-3.05,25.4,50.2,0,0,vidarbha
Amravati,2020-01-20,4,2020,1,1.49,34.07,24.8,50.0,0,0,vidarbha
Amravati,2020-01-27,5,2020,1,0.97,-9.51,26.4,51.9,0,0,vidarbha
Amravati,2020-02-03,6,2020,2,0.6,-6.9,21.3,54.7,0,0,vidarbha
Amravati,2020-02-10,7,2020,2,0.64,-1.25,21.6,54.4,0,0,vidarbha
Amravati,2020-02-17,8,2020,2,0.65,0.25,23.0,48.3,0,0,vidarbha
Amravati,2020-02-24,9,2020,2,0.68,3.35,20.6,47.6,0,0,vidarbha
Amravati,2020-03-02,10,2020,3,0.7,-17.65,15.8,52.6,0,0,vidarbha
Amravati,2020-03-09,11,2020,3,0.82,-4.67,17.4,51.2,0,0,vidarbha
Amravati,2020-03-16,12,2020,3,0.78,-9.06,16.1,49.6,0,0,vidarbha
Amravati,2020-03-23,13,2020,3,0.48,-39.95,15.6,42.4,0,0,vidarbha
Amravati,2020-03-30,14,2020,3,1.11,24.54,18.5,43.4,0,0,vidarbha
Amravati,2020-04-06,15,2020,4,1.27,-2.07,19.5,25.4,0,0,vidarbha
Amravati,2020-04-13,16,2020,4,1.07,-16.23,20.2,32.8,0,0,vidarbha
Amravati,2020-04-20,17,2020,4,2.35,74.59,19.3,32.3,0,0,vidarbha
Amravati,2020-04-27,18,2020,4,1.4,6.72,20.8,23.9,0,0,vidarbha
Amravati,2020-05-04,19,2020,5,0.53,-76.82,25.0,28.7,0,0,vidarbha
Amravati,2020-05-11,20,2020,5,2.41,-7.27,25.4,30.4,0,0,vidarbha
Amravati,2020-05-18,21,2020,5,2.3,-11.12,25.4,28.5,0,0,vidarbha
Amravati,2020-05-25,22,2020,5,2.38,-8.17,26.1,28.3,0,0,vidarbha
Amravati,2020-06-01,23,2020,6,10.47,-65.83,28.7,82.5,1,0,vidarbha
Amravati,2020-06-08,24,2020,6,26.28,-14.69,29.0,75.4,1,0,vidarbha
Amravati,2020-06-15,25,2020,6,27.45,-10.92,29.2,76.4,1,0,vidarbha
Amravati,2020-06-22,26,2020,6,23.06,-25.13,27.7,82.3,1,0,vidarbha
Amravati,2020-06-29,27,2020,6,14.59,-52.51,28.9,83.3,1,0,vidarbha
Amravati,2020-07-06,28,2020,7,84.51,36.54,27.9,83.8,1,0,vidarbha
Amravati,2020-07-13,29,2020,7,57.89,-6.42,29.7,76.4,1,0,vidarbha
Amravati,2020-07-20,30,2020,7,49.35,-20.21,30.7,78.7,1,0,vidarbha
Amravati,2020-07-27,31,2020,7,57.15,-7.61,27.2,75.0,1,0,vidarbha
Amravati,2020-08-03,32,2020,8,54.4,-3.98,28.6,81.8,1,0,vidarbha
Amravati,2020-08-10,33,2020,8,43.66,-22.9,31.0,77.9,1,0,vidarbha
Amravati,2020-08-17,34,2020,8,27.13,-52.02,30.0,81.7,1,0,vidarbha
Amravati,2020-08-24,35,2020,8,63.47,11.99,30.8,82.1,1,0,vidarbha
Amravati,2020-08-31,36,2020,8,70.08,23.64,29.1,82.0,1,0,vidarbha
Amravati,2020-09-07,37,2020,9,37.64,-12.41,33.2,83.0,1,0,vidarbha
Amravati,2020-09-14,38,2020,9,39.4,-8.32,32.5,81.0,1,0,vidarbha
Amravati,2020-09-21,39,2020,9,57.25,33.1,32.5,75.8,1,0,vidarbha
Amravati,2020-09-28,40,2020,9,31.43,-26.82,31.4,77.8,1,0,vidarbha
Amravati,2020-10-05,41,2020,10,25.27,87.12,32.0,63.5,0,0,vidarbha
Amravati,2020-10-12,42,2020,10,17.57,30.34,31.0,53.3,0,0,vidarbha
Amravati,2020-10-19,43,2020,10,12.1,-10.0,31.5,53.9,0,0,vidarbha
Amravati,2020-10-26,44,2020,10,29.02,114.76,32.5,50.6,0,0,vidarbha
Amravati,2020-11-02,45,2020,11,3.16,-18.74,30.0,51.3,0,0,vidarbha
Amravati,2020-11-09,46,2020,11,2.9,-25.04,31.3,49.8,0,0,vidarbha
Amravati,2020-11-16,47,2020,11,0.91,-74.74,29.2,56.2,0,0,vidarbha
Amravati,2020-11-23,48,2020,11,3.01,-22.43,30.7,44.9,0,0,vidarbha
Amravati,2020-11-30,49,2020,11,1.3,-65.1,29.0,53.7,0,0,vidarbha
Amravati,2020-12-07,50,2020,12,0.59,-28.85,27.2,51.1,0,0,vidarbha
Amravati,2020-12-14,51,2020,12,0.44,-44.54,29.3,60.5,0,0,vidarbha
Amravati,2020-12-21,52,2020,12,1.01,14.68,29.1,53.1,0,0,vidarbha
Amravati,2020-12-28,53,2020,12,0.82,-4.62,28.2,52.4,0,0,vidarbha
Amravati,2021-01-04,1,2021,1,1.66,48.83,23.5,56.5,0,0,vidarbha
Amravati,2021-01-11,2,2021,1,1.98,75.47,24.2,47.4,0,0,vidarbha
Amravati,2021-01-18,3,2021,1,1.81,60.85,25.1,53.6,0,0,vidarbha
Amravati,2021-01-25,4,2021,1,1.18,7.62,25.0,52.4,0,0,vidarbha
Amravati,2021-02-01,5,2021,2,0.86,27.72,21.5,50.0,0,0,vidarbha
Amravati,2021-02-08,6,2021,2,0.65,-0.17,19.4,49.7,0,0,vidarbha
Amravati,2021-02-15,7,2021,2,0.75,12.71,21.7,56.5,0,0,vidarbha
Amravati,2021-02-22,8,2021,2,0.19,-62.06,20.9,54.1,0,0,vidarbha
Amravati,2021-03-01,9,2021,3,1.01,14.47,17.0,52.8,0,0,vidarbha
Amravati,2021-03-08,10,2021,3,1.0,13.72,17.3,44.5,0,0,vidarbha
Amravati,2021-03-15,11,2021,3,0.85,-2.11,16.7,49.4,0,0,vidarbha
Amravati,2021-03-22,12,2021,3,0.83,-4.14,17.7,48.1,0,0,vidarbha
Amravati,2021-03-29,13,2021,3,1.59,74.7,16.2,50.5,0,0,vidarbha
Amravati,2021-04-05,14,2021,4,1.21,-6.76,19.6,30.0,0,0,vidarbha
Amravati,2021-04-12,15,2021,4,1.16,-10.26,21.0,32.1,0,0,vidarbha
Amravati,2021-04-19,16,2021,4,1.13,-12.1,19.0,35.1,0,0,vidarbha
Amravati,2021-04-26,17,2021,4,0.98,-22.74,21.4,21.4,0,0,vidarbha
Amravati,2021-05-03,18,2021,5,3.5,33.17,25.3,25.2,0,0,vidarbha
Amravati,2021-05-10,19,2021,5,1.9,-26.18,23.6,24.6,0,0,vidarbha
Amravati,2021-05-17,20,2021,5,2.59,-0.54,20.7,21.4,0,0,vidarbha
Amravati,2021-05-24,21,2021,5,2.55,-2.02,24.4,24.0,0,0,vidarbha
Amravati,2021-05-31,22,2021,5,3.57,35.76,23.7,30.5,0,0,vidarbha
Amravati,2021-06-07,23,2021,6,50.66,64.14,28.0,81.1,1,0,vidarbha
Amravati,2021-06-14,24,2021,6,30.28,-1.76,28.6,71.9,1,0,vidarbha
Amravati,2021-06-21,25,2021,6,36.24,17.5,28.1,77.0,1,0,vidarbha
Amravati,2021-06-28,26,2021,6,40.13,30.08,26.4,81.8,1,0,vidarbha
Amravati,2021-07-05,27,2021,7,52.81,-14.61,28.6,82.7,1,0,vidarbha
Amravati,2021-07-12,28,2021,7,103.98,67.95,30.3,76.6,1,0,vidarbha
Amravati,2021-07-19,29,2021,7,52.73,-14.75,28.7,75.8,1,0,vidarbha
Amravati,2021-07-26,30,2021,7,67.19,8.58,27.2,79.9,1,0,vidarbha
Amravati,2021-08-02,31,2021,8,35.2,-37.81,29.8,75.2,1,0,vidarbha
Amravati,2021-08-09,32,2021,8,75.13,32.53,31.6,77.8,1,0,vidarbha
Amravati,2021-08-16,33,2021,8,48.52,-14.35,31.4,84.3,1,0,vidarbha
Amravati,2021-08-23,34,2021,8,70.39,24.19,32.3,67.4,1,0,vidarbha
Amravati,2021-08-30,35,2021,8,72.5,27.9,32.5,80.4,1,0,vidarbha
Amravati,2021-09-06,36,2021,9,59.97,39.42,31.0,79.0,1,0,vidarbha
Amravati,2021-09-13,37,2021,9,68.88,60.11,31.8,86.7,1,0,vidarbha
Amravati,2021-09-20,38,2021,9,36.22,-15.71,32.4,76.8,1,0,vidarbha
Amravati,2021-09-27,39,2021,9,29.48,-31.34,32.2,77.4,1,0,vidarbha
Amravati,2021-10-04,40,2021,10,11.31,-15.85,29.5,53.0,0,0,vidarbha
Amravati,2021-10-11,41,2021,10,16.74,24.2,31.6,57.1,0,0,vidarbha
Amravati,2021-10-18,42,2021,10,17.61,30.62,30.6,64.8,0,0,vidarbha
Amravati,2021-10-25,43,2021,10,25.27,87.11,31.2,52.8,0,0,vidarbha
Amravati,2021-11-01,44,2021,11,1.86,-51.07,30.8,50.4,0,0,vidarbha
Amravati,2021-11-08,45,2021,11,5.33,35.41,28.4,54.8,0,0,vidarbha
Amravati,2021-11-15,46,2021,11,2.24,-41.51,26.7,59.8,0,0,vidarbha
Amravati,2021-11-22,47,2021,11,1.94,-48.98,27.9,46.6,0,0,vidarbha
Amravati,2021-11-29,48,2021,11,4.48,14.31,27.2,44.1,0,0,vidarbha
Amravati,2021-12-06,49,2021,12,0.66,-21.13,27.0,60.7,0,0,vidarbha
Amravati,2021-12-13,50,2021,12,1.24,38.29,27.6,47.5,0,0,vidarbha
Amravati,2021-12-20,51,2021,12,0.98,11.69,27.2,53.6,0,0,vidarbha
Amravati,2021-12-27,52,2021,12,1.13,27.23,27.3,54.5,0,0,vidarbha
Amravati,2022-01-03,1,2022,1,1.19,9.07,22.5,45.6,0,0,vidarbha
Amravati,2022-01-10,2,2022,1,0.83,-21.26,25.8,56.4,0,0,vidarbha
Amravati,2022-01-17,3,2022,1,1.11,2.48,24.6,50.2,0,0,vidarbha
Amravati,2022-01-24,4,2022,1,1.23,12.2,25.2,53.4,0,0,vidarbha
Amravati,2022-01-31,5,2022,1,0.89,-16.09,24.1,52.9,0,0,vidarbha
Amravati,2022-02-07,6,2022,2,0.51,-18.45,21.2,55.0,0,0,vidarbha
Amravati,2022-02-14,7,2022,2,0.7,6.15,22.1,53.8,0,0,vidarbha
Amravati,2022-02-21,8,2022,2,0.85,26.81,20.0,58.2,0,0,vidarbha
Amravati,2022-02-28,9,2022,2,0.83,24.28,20.7,54.2,0,0,vidarbha
Amravati,2022-03-07,10,2022,3,0.94,7.55,18.0,51.3,0,0,vidarbha
Amravati,2022-03-14,11,2022,3,0.82,-4.51,16.5,55.7,0,0,vidarbha
Amravati,2022-03-21,12,2022,3,1.06,19.56,19.6,51.7,0,0,vidarbha
Amravati,2022-03-28,13,2022,3,0.46,-41.93,17.6,52.7,0,0,vidarbha
Amravati,2022-04-04,14,2022,4,1.48,12.31,20.7,27.8,0,0,vidarbha
Amravati,2022-04-11,15,2022,4,1.68,26.91,21.5,24.3,0,0,vidarbha
Amravati,2022-04-18,16,2022,4,1.3,-0.38,22.6,34.0,0,0,vidarbha
Amravati,2022-04-25,17,2022,4,1.51,14.98,20.9,15.4,0,0,vidarbha
Amravati,2022-05-02,18,2022,5,2.75,5.42,23.8,22.0,0,0,vidarbha
Amravati,2022-05-09,19,2022,5,1.52,-39.99,25.2,20.5,0,0,vidarbha
Amravati,2022-05-16,20,2022,5,2.28,-12.18,24.7,38.1,0,0,vidarbha
Amravati,2022-05-23,21,2022,5,2.78,6.29,23.7,34.4,0,0,vidarbha
Amravati,2022-05-30,22,2022,5,3.2,22.02,24.5,25.5,0,0,vidarbha
Amravati,2022-06-06,23,2022,6,45.07,46.07,29.5,85.9,1,0,vidarbha
Amravati,2022-06-13,24,2022,6,22.27,-27.67,27.8,77.0,1,0,vidarbha
Amravati,2022-06-20,25,2022,6,21.9,-28.87,25.7,74.0,1,0,vidarbha
Amravati,2022-06-27,26,2022,6,47.77,54.77,29.9,73.8,1,0,vidarbha
Amravati,2022-07-04,27,2022,7,0.0,-99.84,30.5,88.0,1,0,vidarbha
Amravati,2022-07-11,28,2022,7,71.42,15.42,28.6,76.3,1,0,vidarbha
Amravati,2022-07-18,29,2022,7,27.91,-54.8,31.3,79.9,1,0,vidarbha
Amravati,2022-07-25,30,2022,7,66.69,7.78,30.5,71.0,1,0,vidarbha
Amravati,2022-08-01,31,2022,8,52.71,-6.97,32.9,71.3,1,0,vidarbha
Amravati,2022-08-08,32,2022,8,81.69,44.09,31.2,71.0,1,0,vidarbha
Amravati,2022-08-15,33,2022,8,67.79,19.61,33.3,75.5,1,0,vidarbha
Amravati,2022-08-22,34,2022,8,77.63,36.94,32.3,77.0,1,0,vidarbha
Amravati,2022-08-29,35,2022,8,79.79,40.75,32.2,70.4,1,0,vidarbha
Amravati,2022-09-05,36,2022,9,28.35,-33.96,31.8,83.2,1,0,vidarbha
Amravati,2022-09-12,37,2022,9,42.46,-1.21,34.4,82.8,1,0,vidarbha
Amravati,2022-09-19,38,2022,9,38.62,-10.12,29.9,77.6,1,0,vidarbha
Amravati,2022-09-26,39,2022,9,49.7,15.59,32.4,80.3,1,0,vidarbha
Amravati,2022-10-03,40,2022,10,11.57,-13.9,32.9,47.0,0,0,vidarbha
Amravati,2022-10-10,41,2022,10,20.2,49.68,30.3,52.6,0,0,vidarbha
Amravati,2022-10-17,42,2022,10,17.73,31.47,32.1,47.3,0,0,vidarbha
Amravati,2022-10-24,43,2022,10,9.9,-26.23,29.7,45.5,0,0,vidarbha
Amravati,2022-10-31,44,2022,10,7.87,-41.26,33.0,61.1,0,0,vidarbha
Amravati,2022-11-07,45,2022,11,4.85,23.57,30.7,55.6,0,0,vidarbha
Amravati,2022-11-14,46,2022,11,3.92,0.2,29.3,51.1,0,0,vidarbha
Amravati,2022-11-21,47,2022,11,1.85,-51.25,30.1,62.0,0,0,vidarbha
Amravati,2022-11-28,48,2022,11,3.99,2.01,29.5,55.0,0,0,vidarbha
Amravati,2022-12-05,49,2022,12,0.76,-10.89,26.3,47.7,0,0,vidarbha
Amravati,2022-12-12,50,2022,12,1.37,51.73,27.0,45.1,0,0,vidarbha
Amravati,2022-12-19,51,2022,12,1.15,28.76,28.0,48.5,0,0,vidarbha
Amravati,2022-12-26,52,2022,12,1.1,23.42,28.5,46.1,0,0,vidarbha
Amravati,2023-01-02,1,2023,1,1.65,47.85,24.1,43.7,0,0,vidarbha
Amravati,2023-01-09,2,2023,1,0.68,-34.53,23.7,53.3,0,0,vidarbha
Amravati,2023-01-16,3,2023,1,1.56,40.4,24.2,43.5,0,0,vidarbha
Amravati,2023-01-23,4,2023,1,1.75,55.8,26.0,53.2,0,0,vidarbha
Amravati,2023-01-30,5,2023,1,1.1,1.45,24.0,42.6,0,0,vidarbha
Amravati,2023-02-06,6,2023,2,0.67,2.94,19.2,53.3,0,0,vidarbha
Amravati,2023-02-13,7,2023,2,0.61,-5.76,22.9,58.9,0,0,vidarbha
Amravati,2023-02-20,8,2023,2,0.53,-16.54,20.2,53.5,0,0,vidarbha
Amravati,2023-02-27,9,2023,2,0.85,26.05,21.8,51.7,0,0,vidarbha
Amravati,2023-03-06,10,2023,3,0.38,-50.13,16.5,50.2,0,0,vidarbha
Amravati,2023-03-13,11,2023,3,1.07,21.27,18.1,56.9,0,0,vidarbha
Amravati,2023-03-20,12,2023,3,1.18,31.83,16.7,52.9,0,0,vidarbha
Amravati,2023-03-27,13,2023,3,0.82,-5.2,18.4,50.0,0,0,vidarbha
Amravati,2023-04-03,14,2023,4,1.52,15.42,18.6,26.9,0,0,vidarbha
Amravati,2023-04-10,15,2023,4,2.03,51.55,20.8,25.7,0,0,vidarbha
Amravati,2023-04-17,16,2023,4,2.24,66.51,19.6,23.6,0,0,vidarbha
Amravati,2023-04-24,17,2023,4,0.86,-31.29,22.4,18.8,0,0,vidarbha
Amravati,2023-05-01,18,2023,5,2.94,12.3,24.0,28.2,0,0,vidarbha
Amravati,2023-05-08,19,2023,5,4.17,57.85,24.0,26.2,0,0,vidarbha
Amravati,2023-05-15,20,2023,5,1.84,-28.37,25.1,27.8,0,0,vidarbha
Amravati,2023-05-22,21,2023,5,3.13,19.56,26.0,29.3,0,0,vidarbha
Amravati,2023-05-29,22,2023,5,1.81,-29.48,23.6,40.1,0,0,vidarbha
Amravati,2023-06-05,23,2023,6,46.14,49.52,26.9,72.8,1,0,vidarbha
Amravati,2023-06-12,24,2023,6,18.33,-40.4,28.4,76.7,1,0,vidarbha
Amravati,2023-06-19,25,2023,6,30.1,-2.36,27.8,81.9,1,0,vidarbha
Amravati,2023-06-26,26,2023,6,25.52,-17.16,31.4,72.1,1,0,vidarbha
Amravati,2023-07-03,27,2023,7,81.21,31.2,29.6,78.1,1,0,vidarbha
Amravati,2023-07-10,28,2023,7,109.27,76.48,31.3,69.2,1,0,vidarbha
Amravati,2023-07-17,29,2023,7,70.82,14.45,28.8,74.5,1,0,vidarbha
Amravati,2023-07-24,30,2023,7,42.36,-31.49,28.2,80.3,1,0,vidarbha
Amravati,2023-07-31,31,2023,7,85.96,38.88,29.6,75.8,1,0,vidarbha
Amravati,2023-08-07,32,2023,8,76.38,34.74,30.5,66.0,1,0,vidarbha
Amravati,2023-08-14,33,2023,8,90.21,59.11,32.5,78.3,1,0,vidarbha
Amravati,2023-08-21,34,2023,8,82.44,45.42,32.3,80.1,1,0,vidarbha
Amravati,2023-08-28,35,2023,8,89.5,57.85,29.9,72.7,1,0,vidarbha
Amravati,2023-09-04,36,2023,9,61.87,43.84,32.2,80.1,1,0,vidarbha
Amravati,2023-09-11,37,2023,9,56.52,31.43,34.2,74.3,1,0,vidarbha
Amravati,2023-09-18,38,2023,9,67.06,55.88,30.9,74.3,1,0,vidarbha
Amravati,2023-09-25,39,2023,9,29.85,-30.49,33.0,72.9,1,0,vidarbha
Amravati,2023-10-02,40,2023,10,12.95,-3.76,34.8,43.1,0,0,vidarbha
Amravati,2023-10-09,41,2023,10,15.84,17.54,32.0,52.6,0,0,vidarbha
Amravati,2023-10-16,42,2023,10,24.83,83.84,31.1,55.5,0,0,vidarbha
Amravati,2023-10-23,43,2023,10,10.62,-20.97,32.8,49.1,0,0,vidarbha
Amravati,2023-10-30,44,2023,10,20.18,49.58,31.8,55.7,0,0,vidarbha
Amravati,2023-11-06,45,2023,11,3.54,-9.21,28.7,48.4,0,0,vidarbha
Amravati,2023-11-13,46,2023,11,5.22,32.65,29.2,53.3,0,0,vidarbha
Amravati,2023-11-20,47,2023,11,5.4,37.26,27.7,50.7,0,0,vidarbha
Amravati,2023-11-27,48,2023,11,3.77,-3.51,31.0,61.9,0,0,vidarbha
Amravati,2023-12-04,49,2023,12,0.91,3.84,29.6,54.1,0,0,vidarbha
Amravati,2023-12-11,50,2023,12,0.87,0.11,27.7,51.6,0,0,vidarbha
Amravati,2023-12-18,51,2023,12,1.31,45.16,25.3,53.1,0,0,vidarbha
Amravati,2023-12-25,52,2023,12,1.44,59.54,28.4,52.1,0,0,vidarbha
Yavatmal,2019-01-07,2,2019,1,1.45,22.35,24.1,52.3,0,0,vidarbha
Yavatmal,2019-01-14,3,2019,1,1.54,29.77,24.2,45.2,0,0,vidarbha
Yavatmal,2019-01-21,4,2019,1,0.67,-39.13,25.1,52.6,0,0,vidarbha
Yavatmal,2019-01-28,5,2019,1,1.65,38.07,23.6,46.5,0,0,vidarbha
Yavatmal,2019-02-04,6,2019,2,0.98,35.32,21.2,50.0,0,0,vidarbha
Yavatmal,2019-02-11,7,2019,2,0.75,6.38,19.9,56.1,0,0,vidarbha
Yavatmal,2019-02-18,8,2019,2,0.83,16.69,21.0,55.5,0,0,vidarbha
Yavatmal,2019-02-25,9,2019,2,0.64,-7.64,22.8,45.7,0,0,vidarbha
Yavatmal,2019-03-04,10,2019,3,0.97,3.65,18.9,52.0,0,0,vidarbha
Yavatmal,2019-03-11,11,2019,3,0.96,2.31,17.0,57.8,0,0,vidarbha
Yavatmal,2019-03-18,12,2019,3,0.84,-9.13,16.5,55.6,0,0,vidarbha
Yavatmal,2019-03-25,13,2019,3,0.94,0.99,15.7,51.8,0,0,vidarbha
Yavatmal,2019-04-01,14,2019,4,1.11,-19.31,21.0,26.2,0,0,vidarbha
Yavatmal,2019-04-08,15,2019,4,1.51,7.37,20.1,32.0,0,0,vidarbha
Yavatmal,2019-04-15,16,2019,4,1.7,20.36,20.7,24.9,0,0,vidarbha
Yavatmal,2019-04-22,17,2019,4,1.36,-2.85,20.4,26.5,0,0,vidarbha
Yavatmal,2019-04-29,18,2019,4,1.9,33.36,19.9,27.3,0,0,vidarbha
Yavatmal,2019-05-06,19,2019,5,3.02,7.75,25.5,33.0,0,0,vidarbha
Yavatmal,2019-05-13,20,2019,5,3.6,27.49,25.8,30.9,0,0,vidarbha
Yavatmal,2019-05-20,21,2019,5,3.2,13.81,26.4,25.4,0,0,vidarbha
Yavatmal,2019-05-27,22,2019,5,3.69,30.72,23.8,23.2,0,0,vidarbha
Yavatmal,2019-06-03,23,2019,6,50.48,52.24,27.6,85.6,1,0,vidarbha
Yavatmal,2019-06-10,24,2019,6,50.77,53.13,27.9,78.6,1,0,vidarbha
Yavatmal,2019-06-17,25,2019,6,65.32,96.92,27.7,67.7,1,0,vidarbha
Yavatmal,2019-06-24,26,2019,6,51.92,56.57,28.7,80.5,1,0,vidarbha
Yavatmal,2019-07-01,27,2019,7,73.95,11.22,30.0,79.4,1,0,vidarbha
Yavatmal,2019-07-08,28,2019,7,75.51,13.57,31.3,84.8,1,0,vidarbha
Yavatmal,2019-07-15,29,2019,7,53.08,-20.13,30.5,71.4,1,0,vidarbha
Yavatmal,2019-07-22,30,2019,7,106.92,60.74,29.5,78.4,1,0,vidarbha
Yavatmal,2019-07-29,31,2019,7,99.8,50.05,29.1,78.9,1,0,vidarbha
Yavatmal,2019-08-05,32,2019,8,43.57,-28.38,31.6,79.4,1,0,vidarbha
Yavatmal,2019-08-12,33,2019,8,22.66,-62.67,32.3,72.5,1,0,vidarbha
Yavatmal,2019-08-19,34,2019,8,60.52,-0.58,31.2,71.5,1,0,vidarbha
Yavatmal,2019-08-26,35,2019,8,75.73,24.36,31.6,71.4,1,0,vidarbha
Yavatmal,2019-09-02,36,2019,9,75.33,62.97,35.2,76.0,1,0,vidarbha
Yavatmal,2019-09-09,37,2019,9,40.3,-12.72,31.1,77.3,1,0,vidarbha
Yavatmal,2019-09-16,38,2019,9,60.33,30.57,31.0,81.6,1,0,vidarbha
Yavatmal,2019-09-23,39,2019,9,50.47,9.27,32.4,77.5,1,0,vidarbha
Yavatmal,2019-09-30,40,2019,9,26.96,-41.54,32.6,83.1,1,0,vidarbha
Yavatmal,2019-10-07,41,2019,10,23.82,64.26,31.5,42.4,0,0,vidarbha
Yavatmal,2019-10-14,42,2019,10,16.28,12.46,31.3,55.5,0,0,vidarbha
Yavatmal,2019-10-21,43,2019,10,9.37,-34.95,30.6,47.5,0,0,vidarbha
Yavatmal,2019-10-28,44,2019,10,14.39,-0.51,31.3,47.9,0,0,vidarbha
Yavatmal,2019-11-04,45,2019,11,6.17,45.82,31.8,40.2,0,0,vidarbha
Yavatmal,2019-11-11,46,2019,11,4.98,18.24,32.7,52.7,0,0,vidarbha
Yavatmal,2019-11-18,47,2019,11,3.32,-20.42,29.2,58.1,0,0,vidarbha
Yavatmal,2019-11-25,48,2019,11,3.92,-6.56,31.2,51.1,0,0,vidarbha
Yavatmal,2019-12-02,49,2019,12,0.87,-6.49,29.0,63.8,0,0,vidarbha
Yavatmal,2019-12-09,50,2019,12,1.19,25.18,28.6,59.6,0,0,vidarbha
Yavatmal,2019-12-16,51,2019,12,0.93,-0.52,27.6,45.8,0,0,vidarbha
Yavatmal,2019-12-23,52,2019,12,1.25,30.21,26.4,57.3,0,0,vidarbha
Yavatmal,2019-12-30,1,2019,12,0.84,-9.43,28.0,51.0,0,0,vidarbha
Yavatmal,2020-01-06,2,2020,1,1.69,41.55,26.8,55.0,0,0,vidarbha
Yavatmal,2020-01-13,3,2020,1,0.85,-24.6,25.9,58.5,0,0,vidarbha
Yavatmal,2020-01-20,4,2020,1,0.42,-58.68,25.1,55.0,0,0,vidarbha
Yavatmal,2020-01-27,5,2020,1,0.89,-22.02,24.2,46.5,0,0,vidarbha
Yavatmal,2020-02-03,6,2020,2,0.74,5.21,19.8,55.5,0,0,vidarbha
Yavatmal,2020-02-10,7,2020,2,0.69,-0.63,19.2,49.2,0,0,vidarbha
Yavatmal,2020-02-17,8,2020,2,0.97,33.64,19.7,48.4,0,0,vidarbha
Yavatmal,2020-02-24,9,2020,2,0.62,-10.5,22.0,51.2,0,0,vidarbha
Yavatmal,2020-03-02,10,2020,3,0.36,-55.16,18.4,64.2,0,0,vidarbha
Yavatmal,2020-03-09,11,2020,3,0.73,-19.39,18.0,47.9,0,0,vidarbha
Yavatmal,2020-03-16,12,2020,3,1.24,29.41,18.6,55.9,0,0,vidarbha
Yavatmal,2020-03-23,13,2020,3,1.12,17.68,18.4,52.4,0,0,vidarbha
Yavatmal,2020-03-30,14,2020,3,0.15,-76.17,16.9,48.7,0,0,vidarbha
Yavatmal,2020-04-06,15,2020,4,1.06,-22.34,21.4,29.7,0,0,vidarbha
Yavatmal,2020-04-13,16,2020,4,0.58,-54.81,21.7,28.0,0,0,vidarbha
Yavatmal,2020-04-20,17,2020,4,1.71,20.39,21.3,29.9,0,0,vidarbha
Yavatmal,2020-04-27,18,2020,4,1.05,-23.18,21.8,31.5,0,0,vidarbha
Yavatmal,2020-05-04,19,2020,5,2.74,-1.89,25.0,30.1,0,0,vidarbha
Yavatmal,2020-05-11,20,2020,5,2.55,-8.73,23.4,22.7,0,0,vidarbha
Yavatmal,2020-05-18,21,2020,5,1.98,-28.41,26.3,33.8,0,0,vidarbha
Yavatmal,2020-05-25,22,2020,5,3.38,20.0,22.4,31.0,0,0,vidarbha
Yavatmal,2020-06-01,23,2020,6,39.73,19.88,28.0,80.4,1,0,vidarbha
Yavatmal,2020-06-08,24,2020,6,36.02,8.71,28.1,78.9,1,0,vidarbha
Yavatmal,2020-06-15,25,2020,6,19.11,-42.18,27.4,68.3,1,0,vidarbha
Yavatmal,2020-06-22,26,2020,6,25.07,-24.25,28.5,72.5,1,0,vidarbha
Yavatmal,2020-06-29,27,2020,6,19.82,-40.03,26.0,89.0,1,0,vidarbha
Yavatmal,2020-07-06,28,2020,7,86.59,30.21,29.5,90.3,1,0,vidarbha
Yavatmal,2020-07-13,29,2020,7,88.01,32.34,31.2,77.7,1,0,vidarbha
Yavatmal,2020-07-20,30,2020,7,76.28,14.72,31.0,71.3,1,0,vidarbha
Yavatmal,2020-07-27,31,2020,7,66.56,0.12,29.9,78.1,1,0,vidarbha
Yavatmal,2020-08-03,32,2020,8,72.82,19.58,33.1,72.0,1,0,vidarbha
Yavatmal,2020-08-10,33,2020,8,36.37,-40.19,31.3,83.0,1,0,vidarbha
Yavatmal,2020-08-17,34,2020,8,43.78,-28.03,30.4,79.6,1,0,vidarbha
Yavatmal,2020-08-24,35,2020,8,8.99,-85.09,31.6,89.5,1,0,vidarbha
Yavatmal,2020-08-31,36,2020,8,63.88,4.92,30.5,78.5,1,0,vidarbha
Yavatmal,2020-09-07,37,2020,9,29.14,-36.83,30.5,76.1,1,0,vidarbha
Yavatmal,2020-09-14,38,2020,9,28.13,-39.0,33.7,87.5,1,0,vidarbha
Yavatmal,2020-09-21,39,2020,9,39.22,-15.04,31.6,79.8,1,0,vidarbha
Yavatmal,2020-09-28,40,2020,9,29.36,-36.36,31.8,78.3,1,0,vidarbha
Yavatmal,2020-10-05,41,2020,10,9.13,-36.62,30.1,53.6,0,0,vidarbha
Yavatmal,2020-10-12,42,2020,10,15.02,3.85,30.4,54.3,0,0,vidarbha
Yavatmal,2020-10-19,43,2020,10,11.65,-19.34,30.9,43.1,0,0,vidarbha
Yavatmal,2020-10-26,44,2020,10,16.37,13.07,31.2,50.9,0,0,vidarbha
Yavatmal,2020-11-02,45,2020,11,4.6,9.38,31.6,49.5,0,0,vidarbha
Yavatmal,2020-11-09,46,2020,11,4.01,-4.5,32.0,53.5,0,0,vidarbha
Yavatmal,2020-11-16,47,2020,11,3.34,-20.02,32.2,45.5,0,0,vidarbha
Yavatmal,2020-11-23,48,2020,11,4.17,-0.56,29.4,55.1,0,0,vidarbha
Yavatmal,2020-11-30,49,2020,11,4.46,6.11,25.7,57.2,0,0,vidarbha
Yavatmal,2020-12-07,50,2020,12,0.94,0.6,29.4,47.0,0,0,vidarbha
Yavatmal,2020-12-14,51,2020,12,0.75,-17.78,28.6,51.4,0,0,vidarbha
Yavatmal,2020-12-21,52,2020,12,0.81,-11.55,24.5,50.9,0,0,vidarbha
Yavatmal,2020-12-28,53,2020,12,1.28,33.33,28.5,52.2,0,0,vidarbha
Yavatmal,2021-01-04,1,2021,1,1.04,-10.11,24.3,43.4,0,0,vidarbha
Yavatmal,2021-01-11,2,2021,1,1.83,52.15,25.3,50.7,0,0,vidarbha
Yavatmal,2021-01-18,3,2021,1,1.95,61.52,25.6,56.2,0,0,vidarbha
Yavatmal,2021-01-25,4,2021,1,2.03,68.51,26.9,49.8,0,0,vidarbha
Yavatmal,2021-02-01,5,2021,2,0.76,7.66,20.2,47.2,0,0,vidarbha
Yavatmal,2021-02-08,6,2021,2,0.5,-24.44,20.3,51.2,0,0,vidarbha
Yavatmal,2021-02-15,7,2021,2,0.59,-14.13,20.3,50.9,0,0,vidarbha
Yavatmal,2021-02-22,8,2021,2,0.77,9.15,20.3,50.0,0,0,vidarbha
Yavatmal,2021-03-01,9,2021,3,1.29,34.3,16.2,45.7,0,0,vidarbha
Yavatmal,2021-03-08,10,2021,3,1.16,22.14,16.1,53.7,0,0,vidarbha
Yavatmal,2021-03-15,11,2021,3,0.68,-24.27,17.5,52.0,0,0,vidarbha
Yavatmal,2021-03-22,12,2021,3,1.36,40.86,14.8,42.8,0,0,vidarbha
Yavatmal,2021-03-29,13,2021,3,1.13,19.42,15.6,49.3,0,0,vidarbha
Yavatmal,2021-04-05,14,2021,4,2.44,69.65,21.1,23.1,0,0,vidarbha
Yavatmal,2021-04-12,15,2021,4,1.84,29.31,20.7,28.2,0,0,vidarbha
Yavatmal,2021-04-19,16,2021,4,2.97,104.55,21.8,19.3,0,0,vidarbha
Yavatmal,2021-04-26,17,2021,4,3.02,107.97,20.2,28.4,0,0,vidarbha
Yavatmal,2021-05-03,18,2021,5,2.01,-27.12,24.3,23.8,0,0,vidarbha
Yavatmal,2021-05-10,19,2021,5,3.04,8.31,23.9,33.9,0,0,vidarbha
Yavatmal,2021-05-17,20,2021,5,3.61,27.96,26.7,26.9,0,0,vidarbha
Yavatmal,2021-05-24,21,2021,5,3.59,27.32,24.6,33.6,0,0,vidarbha
Yavatmal,2021-05-31,22,2021,5,4.63,63.22,23.8,24.3,0,0,vidarbha
Yavatmal,2021-06-07,23,2021,6,37.62,13.52,27.0,69.8,1,0,vidarbha
Yavatmal,2021-06-14,24,2021,6,42.0,26.71,28.2,79.3,1,0,vidarbha
Yavatmal,2021-06-21,25,2021,6,39.1,18.01,28.1,86.7,1,0,vidarbha
Yavatmal,2021-06-28,26,2021,6,45.01,35.79,27.1,80.8,1,0,vidarbha
Yavatmal,2021-07-05,27,2021,7,110.81,66.58,30.7,83.1,1,0,vidarbha
Yavatmal,2021-07-12,28,2021,7,72.06,8.39,30.3,89.0,1,0,vidarbha
Yavatmal,2021-07-19,29,2021,7,93.19,40.12,29.0,75.5,1,0,vidarbha
Yavatmal,2021-07-26,30,2021,7,124.68,87.41,30.0,81.7,1,0,vidarbha
Yavatmal,2021-08-02,31,2021,8,64.74,6.33,30.4,72.6,1,0,vidarbha
Yavatmal,2021-08-09,32,2021,8,83.82,37.61,34.0,79.7,1,0,vidarbha
Yavatmal,2021-08-16,33,2021,8,86.99,42.81,31.3,74.1,1,0,vidarbha
Yavatmal,2021-08-23,34,2021,8,61.55,1.11,30.2,76.4,1,0,vidarbha
Yavatmal,2021-08-30,35,2021,8,61.44,0.91,31.6,86.7,1,0,vidarbha
Yavatmal,2021-09-06,36,2021,9,79.02,70.95,31.8,74.3,1,0,vidarbha
Yavatmal,2021-09-13,37,2021,9,65.49,41.72,29.5,79.6,1,0,vidarbha
Yavatmal,2021-09-20,38,2021,9,32.04,-30.56,32.2,83.2,1,0,vidarbha
Yavatmal,2021-09-27,39,2021,9,70.03,51.51,33.5,76.9,1,0,vidarbha
Yavatmal,2021-10-04,40,2021,10,18.99,31.06,31.5,54.5,0,0,vidarbha
Yavatmal,2021-10-11,41,2021,10,11.23,-22.17,31.4,52.6,0,0,vidarbha
Yavatmal,2021-10-18,42,2021,10,19.46,34.29,30.5,58.0,0,0,vidarbha
Yavatmal,2021-10-25,43,2021,10,17.87,23.41,32.0,46.2,0,0,vidarbha
Yavatmal,2021-11-01,44,2021,11,4.14,-1.39,29.7,60.2,0,0,vidarbha
Yavatmal,2021-11-08,45,2021,11,6.24,47.43,31.9,47.3,0,0,vidarbha
Yavatmal,2021-11-15,46,2021,11,8.13,91.5,30.8,57.1,0,0,vidarbha
Yavatmal,2021-11-22,47,2021,11,3.06,-26.6,28.3,48.8,0,0,vidarbha
Yavatmal,2021-11-29,48,2021,11,5.87,38.94,30.9,52.5,0,0,vidarbha
Yavatmal,2021-12-06,49,2021,12,0.85,-8.23,29.0,54.4,0,0,vidarbha
Yavatmal,2021-12-13,50,2021,12,0.78,-14.67,25.6,49.4,0,0,vidarbha
Yavatmal,2021-12-20,51,2021,12,0.87,-5.99,27.7,53.6,0,0,vidarbha
Yavatmal,2021-12-27,52,2021,12,1.03,9.19,28.2,52.0,0,0,vidarbha
Yavatmal,2022-01-03,1,2022,1,0.76,-31.9,24.0,52.4,0,0,vidarbha
Yavatmal,2022-01-10,2,2022,1,0.85,-25.3,24.8,64.3,0,0,vidarbha
Yavatmal,2022-01-17,3,2022,1,1.87,55.96,25.3,59.4,0,0,vidarbha
Yavatmal,2022-01-24,4,2022,1,1.47,24.08,24.9,52.3,0,0,vidarbha
Yavatmal,2022-01-31,5,2022,1,1.72,43.7,25.4,46.0,0,0,vidarbha
Yavatmal,2022-02-07,6,2022,2,0.59,-13.29,23.2,51.5,0,0,vidarbha
Yavatmal,2022-02-14,7,2022,2,0.83,15.67,20.1,58.1,0,0,vidarbha
Yavatmal,2022-02-21,8,2022,2,0.88,22.24,20.8,54.7,0,0,vidarbha
Yavatmal,2022-02-28,9,2022,2,0.7,-0.08,20.4,46.0,0,0,vidarbha
Yavatmal,2022-03-07,10,2022,3,1.18,24.18,18.5,54.1,0,0,vidarbha
Yavatmal,2022-03-14,11,2022,3,0.81,-12.1,17.1,60.9,0,0,vidarbha
Yavatmal,2022-03-21,12,2022,3,1.22,27.56,14.8,49.7,0,0,vidarbha
Yavatmal,2022-03-28,13,2022,3,0.43,-49.1,18.7,52.0,0,0,vidarbha
Yavatmal,2022-04-04,14,2022,4,1.85,30.21,21.2,24.9,0,0,vidarbha
Yavatmal,2022-04-11,15,2022,4,2.23,55.23,19.6,19.8,0,0,vidarbha
Yavatmal,2022-04-18,16,2022,4,1.94,36.05,22.0,29.2,0,0,vidarbha
Yavatmal,2022-04-25,17,2022,4,1.97,38.15,19.8,24.4,0,0,vidarbha
Yavatmal,2022-05-02,18,2022,5,2.68,-3.99,22.8,35.1,0,0,vidarbha
Yavatmal,2022-05-09,19,2022,5,3.01,7.35,23.3,20.1,0,0,vidarbha
Yavatmal,2022-05-16,20,2022,5,2.44,-12.55,24.8,23.3,0,0,vidarbha
Yavatmal,2022-05-23,21,2022,5,3.25,15.6,24.2,31.2,0,0,vidarbha
Yavatmal,2022-05-30,22,2022,5,1.64,-39.84,22.6,32.7,0,0,vidarbha
Yavatmal,2022-06-06,23,2022,6,27.62,-16.55,30.5,72.2,1,0,vidarbha
Yavatmal,2022-06-13,24,2022,6,49.87,50.42,29.4,75.0,1,0,vidarbha
Yavatmal,2022-06-20,25,2022,6,42.81,29.17,27.4,83.0,1,0,vidarbha
Yavatmal,2022-06-27,26,2022,6,28.61,-13.58,28.1,75.0,1,0,vidarbha
Yavatmal,2022-07-04,27,2022,7,121.87,83.2,31.1,77.3,1,0,vidarbha
Yavatmal,2022-07-11,28,2022,7,101.06,51.95,29.4,79.4,1,0,vidarbha
Yavatmal,2022-07-18,29,2022,7,72.07,8.4,30.6,80.0,1,0,vidarbha
Yavatmal,2022-07-25,30,2022,7,50.46,-24.06,31.3,74.1,1,0,vidarbha
Yavatmal,2022-08-01,31,2022,8,79.99,31.33,32.7,86.0,1,0,vidarbha
Yavatmal,2022-08-08,32,2022,8,95.9,57.42,30.0,85.3,1,0,vidarbha
Yavatmal,2022-08-15,33,2022,8,75.25,23.57,30.3,71.8,1,0,vidarbha
Yavatmal,2022-08-22,34,2022,8,22.01,-63.74,28.9,72.4,1,0,vidarbha
Yavatmal,2022-08-29,35,2022,8,21.7,-64.25,31.4,74.4,1,0,vidarbha
Yavatmal,2022-09-05,36,2022,9,61.83,33.81,33.8,76.6,1,0,vidarbha
Yavatmal,2022-09-12,37,2022,9,22.82,-50.49,31.0,76.6,1,0,vidarbha
Yavatmal,2022-09-19,38,2022,9,80.41,73.94,29.8,82.4,1,0,vidarbha
Yavatmal,2022-09-26,39,2022,9,73.13,58.22,33.4,71.6,1,0,vidarbha
Yavatmal,2022-10-03,40,2022,10,14.42,-0.27,30.4,45.8,0,0,vidarbha
Yavatmal,2022-10-10,41,2022,10,19.47,34.4,31.4,50.9,0,0,vidarbha
Yavatmal,2022-10-17,42,2022,10,8.63,-40.05,30.2,47.5,0,0,vidarbha
Yavatmal,2022-10-24,43,2022,10,13.9,-3.89,34.0,44.4,0,0,vidarbha
Yavatmal,2022-10-31,44,2022,10,23.58,62.59,32.1,47.8,0,0,vidarbha
Yavatmal,2022-11-07,45,2022,11,5.93,40.38,27.4,43.4,0,0,vidarbha
Yavatmal,2022-11-14,46,2022,11,2.76,-33.58,30.0,53.6,0,0,vidarbha
Yavatmal,2022-11-21,47,2022,11,4.25,1.19,30.3,47.0,0,0,vidarbha
Yavatmal,2022-11-28,48,2022,11,8.87,108.6,29.8,39.7,0,0,vidarbha
Yavatmal,2022-12-05,49,2022,12,1.25,30.79,26.8,47.4,0,0,vidarbha
Yavatmal,2022-12-12,50,2022,12,1.09,15.5,28.4,51.9,0,0,vidarbha
Yavatmal,2022-12-19,51,2022,12,1.22,27.72,26.9,59.1,0,0,vidarbha
Yavatmal,2022-12-26,52,2022,12,1.17,22.48,26.1,55.5,0,0,vidarbha
Yavatmal,2023-01-02,1,2023,1,1.37,15.75,23.4,45.2,0,0,vidarbha
Yavatmal,2023-01-09,2,2023,1,0.65,-40.66,26.3,54.2,0,0,vidarbha
Yavatmal,2023-01-16,3,2023,1,1.3,10.82,26.6,64.3,0,0,vidarbha
Yavatmal,2023-01-23,4,2023,1,1.76,47.03,25.1,53.6,0,0,vidarbha
Yavatmal,2023-01-30,5,2023,1,1.83,52.78,24.6,41.9,0,0,vidarbha
Yavatmal,2023-02-06,6,2023,2,0.73,3.34,20.4,48.7,0,0,vidarbha
Yavatmal,2023-02-13,7,2023,2,0.97,33.35,17.8,41.7,0,0,vidarbha
Yavatmal,2023-02-20,8,2023,2,0.87,20.78,21.0,52.4,0,0,vidarbha
Yavatmal,2023-02-27,9,2023,2,0.71,1.84,21.3,50.0,0,0,vidarbha
Yavatmal,2023-03-06,10,2023,3,1.34,39.6,13.4,51.9,0,0,vidarbha
Yavatmal,2023-03-13,11,2023,3,1.15,21.06,15.0,41.0,0,0,vidarbha
Yavatmal,2023-03-20,12,2023,3,1.08,13.95,15.5,47.6,0,0,vidarbha
Yavatmal,2023-03-27,13,2023,3,1.29,34.67,17.4,56.5,0,0,vidarbha
Yavatmal,2023-04-03,14,2023,4,2.79,92.89,21.5,35.8,0,0,vidarbha
Yavatmal,2023-04-10,15,2023,4,1.35,-3.39,18.7,20.1,0,0,vidarbha
Yavatmal,2023-04-17,16,2023,4,0.79,-40.53,21.8,39.8,0,0,vidarbha
Yavatmal,2023-04-24,17,2023,4,1.32,-5.28,18.1,27.7,0,0,vidarbha
Yavatmal,2023-05-01,18,2023,5,3.02,7.56,23.1,32.2,0,0,vidarbha
Yavatmal,2023-05-08,19,2023,5,2.66,-4.73,24.8,30.2,0,0,vidarbha
Yavatmal,2023-05-15,20,2023,5,3.34,18.5,24.0,27.9,0,0,vidarbha
Yavatmal,2023-05-22,21,2023,5,2.47,-11.42,24.7,30.3,0,0,vidarbha
Yavatmal,2023-05-29,22,2023,5,2.0,-27.43,23.4,26.6,0,0,vidarbha
Yavatmal,2023-06-05,23,2023,6,31.65,-4.43,26.4,78.1,1,0,vidarbha
Yavatmal,2023-06-12,24,2023,6,45.2,36.35,24.7,79.2,1,0,vidarbha
Yavatmal,2023-06-19,25,2023,6,50.89,53.49,26.0,84.2,1,0,vidarbha
Yavatmal,2023-06-26,26,2023,6,46.03,38.86,26.3,72.1,1,0,vidarbha
Yavatmal,2023-07-03,27,2023,7,78.88,18.63,29.4,74.4,1,0,vidarbha
Yavatmal,2023-07-10,28,2023,7,126.54,90.22,31.2,74.8,1,0,vidarbha
Yavatmal,2023-07-17,29,2023,7,85.83,29.06,30.1,81.6,1,0,vidarbha
Yavatmal,2023-07-24,30,2023,7,74.02,11.33,31.7,86.2,1,0,vidarbha
Yavatmal,2023-07-31,31,2023,7,77.08,15.93,30.6,81.9,1,0,vidarbha
Yavatmal,2023-08-07,32,2023,8,71.04,16.66,31.2,80.7,1,0,vidarbha
Yavatmal,2023-08-14,33,2023,8,76.08,24.93,33.3,79.8,1,0,vidarbha
Yavatmal,2023-08-21,34,2023,8,110.94,82.09,30.1,75.6,1,0,vidarbha
Yavatmal,2023-08-28,35,2023,8,59.54,-2.19,31.2,76.3,1,0,vidarbha
Yavatmal,2023-09-04,36,2023,9,27.2,-41.02,33.5,77.9,1,0,vidarbha
Yavatmal,2023-09-11,37,2023,9,51.43,11.34,31.9,77.9,1,0,vidarbha
Yavatmal,2023-09-18,38,2023,9,48.37,4.72,30.1,79.7,1,0,vidarbha
Yavatmal,2023-09-25,39,2023,9,56.45,22.17,32.3,72.8,1,0,vidarbha
Yavatmal,2023-10-02,40,2023,10,18.8,29.78,28.1,62.9,0,0,vidarbha
Yavatmal,2023-10-09,41,2023,10,21.25,46.62,30.6,63.7,0,0,vidarbha
Yavatmal,2023-10-16,42,2023,10,15.8,9.17,29.5,43.4,0,0,vidarbha
Yavatmal,2023-10-23,43,2023,10,10.97,-23.96,32.5,53.2,0,0,vidarbha
Yavatmal,2023-10-30,44,2023,10,24.32,67.7,33.1,59.9,0,0,vidarbha
Yavatmal,2023-11-06,45,2023,11,4.03,-3.96,29.8,47.0,0,0,vidarbha
Yavatmal,2023-11-13,46,2023,11,6.01,42.18,28.4,54.7,0,0,vidarbha
Yavatmal,2023-11-20,47,2023,11,3.5,-16.25,30.5,42.5,0,0,vidarbha
Yavatmal,2023-11-27,48,2023,11,4.41,4.96,28.5,47.1,0,0,vidarbha
Yavatmal,2023-12-04,49,2023,12,1.09,14.77,25.5,45.7,0,0,vidarbha
Yavatmal,2023-12-11,50,2023,12,0.85,-7.7,28.4,48.6,0,0,vidarbha
Yavatmal,2023-12-18,51,2023,12,1.01,7.89,26.6,48.5,0,0,vidarbha
Yavatmal,2023-12-25,52,2023,12,1.29,34.37,28.5,55.4,0,0,vidarbha
Wardha,2019-01-07,2,2019,1,2.2,76.88,25.5,55.2,0,0,vidarbha
Wardha,2019-01-14,3,2019,1,0.88,-24.39,24.0,54.1,0,0,vidarbha
Wardha,2019-01-21,4,2019,1,1.66,35.65,26.0,49.5,0,0,vidarbha
Wardha,2019-01-28,5,2019,1,1.78,44.5,24.2,55.5,0,0,vidarbha
Wardha,2019-02-04,6,2019,2,0.34,-46.49,22.9,56.3,0,0,vidarbha
Wardha,2019-02-11,7,2019,2,0.69,-3.83,21.7,55.8,0,0,vidarbha
Wardha,2019-02-18,8,2019,2,1.21,60.17,20.5,47.5,0,0,vidarbha
Wardha,2019-02-25,9,2019,2,0.94,26.92,20.5,60.1,0,0,vidarbha
Wardha,2019-03-04,10,2019,3,0.98,1.41,17.3,49.2,0,0,vidarbha
Wardha,2019-03-11,11,2019,3,1.15,17.43,17.1,46.0,0,0,vidarbha
Wardha,2019-03-18,12,2019,3,1.14,16.52,15.2,56.7,0,0,vidarbha
Wardha,2019-03-25,13,2019,3,1.53,53.35,16.2,56.3,0,0,vidarbha
Wardha,2019-04-01,14,2019,4,1.56,7.8,21.6,29.3,0,0,vidarbha
Wardha,2019-04-08,15,2019,4,1.38,-3.72,19.4,35.0,0,0,vidarbha
Wardha,2019-04-15,16,2019,4,2.32,56.83,20.8,25.3,0,0,vidarbha
Wardha,2019-04-22,17,2019,4,1.78,22.15,20.5,21.8,0,0,vidarbha
Wardha,2019-04-29,18,2019,4,1.95,33.26,20.9,26.4,0,0,vidarbha
Wardha,2019-05-06,19,2019,5,2.61,-9.15,24.6,28.0,0,0,vidarbha
Wardha,2019-05-13,20,2019,5,3.76,29.53,24.9,31.8,0,0,vidarbha
Wardha,2019-05-20,21,2019,5,1.21,-55.94,24.7,32.2,0,0,vidarbha
Wardha,2019-05-27,22,2019,5,3.74,28.85,26.1,24.3,0,0,vidarbha
Wardha,2019-06-03,23,2019,6,43.14,26.4,26.5,88.0,1,0,vidarbha
Wardha,2019-06-10,24,2019,6,32.65,-4.27,27.2,81.3,1,0,vidarbha
Wardha,2019-06-17,25,2019,6,29.2,-14.34,26.0,86.0,1,0,vidarbha
Wardha,2019-06-24,26,2019,6,52.68,54.31,28.2,76.1,1,0,vidarbha
Wardha,2019-07-01,27,2019,7,97.6,42.51,28.1,70.4,1,0,vidarbha
Wardha,2019-07-08,28,2019,7,48.2,-29.54,29.6,80.0,1,0,vidarbha
Wardha,2019-07-15,29,2019,7,62.28,-9.0,29.5,75.8,1,0,vidarbha
Wardha,2019-07-22,30,2019,7,91.96,34.3,29.8,76.1,1,0,vidarbha
Wardha,2019-07-29,31,2019,7,40.82,-40.32,29.4,76.3,1,0,vidarbha
Wardha,2019-08-05,32,2019,8,29.91,-52.2,31.1,77.1,1,0,vidarbha
Wardha,2019-08-12,33,2019,8,51.54,-17.75,31.7,83.7,1,0,vidarbha
Wardha,2019-08-19,34,2019,8,117.59,87.44,31.2,74.2,1,0,vidarbha
Wardha,2019-08-26,35,2019,8,51.3,-18.13,32.0,68.7,1,0,vidarbha
Wardha,2019-09-02,36,2019,9,75.37,58.37,30.9,82.1,1,0,vidarbha
Wardha,2019-09-09,37,2019,9,30.66,-35.46,33.3,80.3,1,0,vidarbha
Wardha,2019-09-16,38,2019,9,51.55,8.39,32.1,76.6,1,0,vidarbha
Wardha,2019-09-23,39,2019,9,58.43,22.82,29.9,79.5,1,0,vidarbha
Wardha,2019-09-30,40,2019,9,55.97,17.66,30.6,77.3,1,0,vidarbha
Wardha,2019-10-07,41,2019,10,21.59,44.66,30.8,56.5,0,0,vidarbha
Wardha,2019-10-14,42,2019,10,17.89,19.98,32.0,48.1,0,0,vidarbha
Wardha,2019-10-21,43,2019,10,23.38,56.66,31.2,49.7,0,0,vidarbha
Wardha,2019-10-28,44,2019,10,21.1,41.43,31.6,51.1,0,0,vidarbha
Wardha,2019-11-04,45,2019,11,6.5,49.31,30.2,54.4,0,0,vidarbha
Wardha,2019-11-11,46,2019,11,4.74,9.35,29.0,51.1,0,0,vidarbha
Wardha,2019-11-18,47,2019,11,3.19,-25.65,31.2,48.1,0,0,vidarbha
Wardha,2019-11-25,48,2019,11,6.77,55.33,29.8,49.9,0,0,vidarbha
Wardha,2019-12-02,49,2019,12,1.41,42.35,29.7,54.0,0,0,vidarbha
Wardha,2019-12-09,50,2019,12,1.25,27.52,28.0,50.1,0,0,vidarbha
Wardha,2019-12-16,51,2019,12,1.28,29.91,27.1,54.0,0,0,vidarbha
Wardha,2019-12-23,52,2019,12,0.59,-34.67,29.0,48.8,0,0,vidarbha
Wardha,2019-12-30,1,2019,12,0.75,-20.15,28.0,52.5,0,0,vidarbha
Wardha,2020-01-06,2,2020,1,0.91,-22.6,23.8,47.2,0,0,vidarbha
Wardha,2020-01-13,3,2020,1,1.32,9.4,24.7,56.2,0,0,vidarbha
Wardha,2020-01-20,4,2020,1,1.3,7.28,24.6,48.8,0,0,vidarbha
Wardha,2020-01-27,5,2020,1,1.75,42.15,23.6,53.5,0,0,vidarbha
Wardha,2020-02-03,6,2020,2,0.97,30.91,22.0,54.7,0,0,vidarbha
Wardha,2020-02-10,7,2020,2,0.45,-32.89,23.1,50.7,0,0,vidarbha
Wardha,2020-02-17,8,2020,2,0.34,-45.93,21.4,51.5,0,0,vidarbha
Wardha,2020-02-24,9,2020,2,0.5,-26.49,19.4,58.4,0,0,vidarbha
Wardha,2020-03-02,10,2020,3,1.22,24.32,15.1,56.9,0,0,vidarbha
Wardha,2020-03-09,11,2020,3,0.85,-10.23,15.5,50.5,0,0,vidarbha
Wardha,2020-03-16,12,2020,3,1.06,9.45,15.4,50.9,0,0,vidarbha
Wardha,2020-03-23,13,2020,3,0.34,-58.91,16.8,50.1,0,0,vidarbha
Wardha,2020-03-30,14,2020,3,1.2,22.58,17.4,49.5,0,0,vidarbha
Wardha,2020-04-06,15,2020,4,1.02,-27.01,22.8,28.3,0,0,vidarbha
Wardha,2020-04-13,16,2020,4,0.96,-31.39,20.8,35.2,0,0,vidarbha
Wardha,2020-04-20,17,2020,4,1.48,2.38,22.2,23.7,0,0,vidarbha
Wardha,2020-04-27,18,2020,4,1.37,-4.55,20.2,35.3,0,0,vidarbha
Wardha,2020-05-04,19,2020,5,3.59,23.74,25.5,27.2,0,0,vidarbha
Wardha,2020-05-11,20,2020,5,4.11,41.22,24.2,32.7,0,0,vidarbha
Wardha,2020-05-18,21,2020,5,4.36,49.7,25.7,29.8,0,0,vidarbha
Wardha,2020-05-25,22,2020,5,1.05,-61.43,25.9,20.7,0,0,vidarbha
Wardha,2020-06-01,23,2020,6,24.09,-29.29,27.8,77.6,1,0,vidarbha
Wardha,2020-06-08,24,2020,6,43.85,28.49,25.5,77.7,1,0,vidarbha
Wardha,2020-06-15,25,2020,6,26.25,-22.97,27.3,92.7,1,0,vidarbha
Wardha,2020-06-22,26,2020,6,29.69,-12.92,27.0,87.8,1,0,vidarbha
Wardha,2020-06-29,27,2020,6,18.32,-46.15,29.0,79.8,1,0,vidarbha
Wardha,2020-07-06,28,2020,7,79.84,16.61,29.3,78.2,1,0,vidarbha
Wardha,2020-07-13,29,2020,7,76.3,11.45,30.4,79.0,1,0,vidarbha
Wardha,2020-07-20,30,2020,7,104.98,53.28,26.8,79.2,1,0,vidarbha
Wardha,2020-07-27,31,2020,7,102.89,50.24,30.5,73.7,1,0,vidarbha
Wardha,2020-08-03,32,2020,8,63.73,1.66,34.0,70.8,1,0,vidarbha
Wardha,2020-08-10,33,2020,8,42.03,-32.9,31.7,83.8,1,0,vidarbha
Wardha,2020-08-17,34,2020,8,65.33,4.21,33.4,78.3,1,0,vidarbha
Wardha,2020-08-24,35,2020,8,61.85,-1.34,31.4,75.8,1,0,vidarbha
Wardha,2020-08-31,36,2020,8,68.75,9.66,32.0,80.9,1,0,vidarbha
Wardha,2020-09-07,37,2020,9,62.45,31.26,31.8,77.5,1,0,vidarbha
Wardha,2020-09-14,38,2020,9,55.15,15.94,29.7,70.5,1,0,vidarbha
Wardha,2020-09-21,39,2020,9,65.69,38.04,30.8,78.5,1,0,vidarbha
Wardha,2020-09-28,40,2020,9,47.46,-0.2,33.3,75.2,1,0,vidarbha
Wardha,2020-10-05,41,2020,10,16.71,12.13,30.5,49.0,0,0,vidarbha
Wardha,2020-10-12,42,2020,10,10.82,-27.14,31.1,48.4,0,0,vidarbha
Wardha,2020-10-19,43,2020,10,12.38,-16.76,31.8,56.9,0,0,vidarbha
Wardha,2020-10-26,44,2020,10,7.26,-50.92,30.0,47.2,0,0,vidarbha
Wardha,2020-11-02,45,2020,11,3.99,-7.52,30.6,49.7,0,0,vidarbha
Wardha,2020-11-09,46,2020,11,5.9,35.59,30.5,53.8,0,0,vidarbha
Wardha,2020-11-16,47,2020,11,5.26,21.25,31.2,54.6,0,0,vidarbha
Wardha,2020-11-23,48,2020,11,1.82,-56.6,32.9,48.2,0,0,vidarbha
Wardha,2020-11-30,49,2020,11,6.18,41.89,27.4,49.7,0,0,vidarbha
Wardha,2020-12-07,50,2020,12,0.79,-16.07,28.9,55.1,0,0,vidarbha
Wardha,2020-12-14,51,2020,12,1.08,11.11,30.0,61.4,0,0,vidarbha
Wardha,2020-12-21,52,2020,12,1.19,21.59,27.0,51.7,0,0,vidarbha
Wardha,2020-12-28,53,2020,12,0.49,-44.57,28.6,48.1,0,0,vidarbha
Wardha,2021-01-04,1,2021,1,1.35,11.12,24.2,53.3,0,0,vidarbha
Wardha,2021-01-11,2,2021,1,1.4,15.31,24.1,51.7,0,0,vidarbha
Wardha,2021-01-18,3,2021,1,1.8,46.4,25.9,52.6,0,0,vidarbha
Wardha,2021-01-25,4,2021,1,1.49,21.93,24.4,41.5,0,0,vidarbha
Wardha,2021-02-01,5,2021,2,0.99,32.37,18.4,53.7,0,0,vidarbha
Wardha,2021-02-08,6,2021,2,1.33,73.98,19.8,46.2,0,0,vidarbha
Wardha,2021-02-15,7,2021,2,0.93,25.03,19.3,47.3,0,0,vidarbha
Wardha,2021-02-22,8,2021,2,1.28,67.87,20.9,44.1,0,0,vidarbha
Wardha,2021-03-01,9,2021,3,1.57,57.65,16.2,58.8,0,0,vidarbha
Wardha,2021-03-08,10,2021,3,0.9,-5.4,18.2,62.1,0,0,vidarbha
Wardha,2021-03-15,11,2021,3,1.3,31.96,18.0,51.8,0,0,vidarbha
Wardha,2021-03-22,12,2021,3,1.43,43.84,18.8,44.7,0,0,vidarbha
Wardha,2021-03-29,13,2021,3,0.76,-19.35,14.0,58.6,0,0,vidarbha
Wardha,2021-04-05,14,2021,4,1.33,-7.24,21.9,38.6,0,0,vidarbha
Wardha,2021-04-12,15,2021,4,2.81,88.95,20.0,29.2,0,0,vidarbha
Wardha,2021-04-19,16,2021,4,1.98,34.66,21.9,21.8,0,0,vidarbha
Wardha,2021-04-26,17,2021,4,2.76,85.42,21.4,42.0,0,0,vidarbha
Wardha,2021-05-03,18,2021,5,3.37,16.46,25.2,29.9,0,0,vidarbha
Wardha,2021-05-10,19,2021,5,3.0,4.04,23.4,28.4,0,0,vidarbha
Wardha,2021-05-17,20,2021,5,1.79,-36.7,24.1,33.8,0,0,vidarbha
Wardha,2021-05-24,21,2021,5,2.85,-1.09,23.3,24.5,0,0,vidarbha
Wardha,2021-05-31,22,2021,5,3.09,7.12,23.7,15.4,0,0,vidarbha
Wardha,2021-06-07,23,2021,6,56.69,66.02,29.7,71.8,1,0,vidarbha
Wardha,2021-06-14,24,2021,6,36.74,7.69,28.3,85.1,1,0,vidarbha
Wardha,2021-06-21,25,2021,6,27.08,-20.54,26.9,83.4,1,0,vidarbha
Wardha,2021-06-28,26,2021,6,56.55,65.62,25.3,74.9,1,0,vidarbha
Wardha,2021-07-05,27,2021,7,89.57,30.81,30.5,75.1,1,0,vidarbha
Wardha,2021-07-12,28,2021,7,63.98,-6.52,29.7,80.1,1,0,vidarbha
Wardha,2021-07-19,29,2021,7,43.39,-36.56,28.1,79.6,1,0,vidarbha
Wardha,2021-07-26,30,2021,7,88.53,29.28,29.7,80.7,1,0,vidarbha
Wardha,2021-08-02,31,2021,8,89.72,43.06,31.3,77.0,1,0,vidarbha
Wardha,2021-08-09,32,2021,8,63.27,0.92,31.1,78.5,1,0,vidarbha
Wardha,2021-08-16,33,2021,8,83.8,33.63,28.9,76.6,1,0,vidarbha
Wardha,2021-08-23,34,2021,8,86.84,38.46,31.2,85.6,1,0,vidarbha
Wardha,2021-08-30,35,2021,8,71.88,14.63,31.5,81.3,1,0,vidarbha
Wardha,2021-09-06,36,2021,9,53.46,12.39,34.8,76.5,1,0,vidarbha
Wardha,2021-09-13,37,2021,9,32.6,-31.38,30.4,76.8,1,0,vidarbha
Wardha,2021-09-20,38,2021,9,63.81,34.11,31.1,84.3,1,0,vidarbha
Wardha,2021-09-27,39,2021,9,72.57,52.48,32.3,81.6,1,0,vidarbha
Wardha,2021-10-04,40,2021,10,24.5,64.08,30.9,52.2,0,0,vidarbha
Wardha,2021-10-11,41,2021,10,12.29,-17.37,34.2,49.4,0,0,vidarbha
Wardha,2021-10-18,42,2021,10,8.03,-45.76,31.0,49.7,0,0,vidarbha
Wardha,2021-10-25,43,2021,10,22.19,48.67,32.3,56.2,0,0,vidarbha
Wardha,2021-11-01,44,2021,11,5.18,19.42,30.5,40.9,0,0,vidarbha
Wardha,2021-11-08,45,2021,11,4.89,12.76,31.9,60.2,0,0,vidarbha
Wardha,2021-11-15,46,2021,11,4.2,-2.9,29.9,50.7,0,0,vidarbha
Wardha,2021-11-22,47,2021,11,3.15,-26.47,30.2,49.6,0,0,vidarbha
Wardha,2021-11-29,48,2021,11,3.61,-16.07,28.1,56.6,0,0,vidarbha
Wardha,2021-12-06,49,2021,12,0.63,-31.02,28.2,56.4,0,0,vidarbha
Wardha,2021-12-13,50,2021,12,1.01,4.51,28.2,44.0,0,0,vidarbha
Wardha,2021-12-20,51,2021,12,1.43,44.36,28.4,52.7,0,0,vidarbha
Wardha,2021-12-27,52,2021,12,1.34,35.61,27.7,45.9,0,0,vidarbha
Wardha,2022-01-03,1,2022,1,1.43,17.74,24.8,54.5,0,0,vidarbha
Wardha,2022-01-10,2,2022,1,1.27,5.58,24.3,55.2,0,0,vidarbha
Wardha,2022-01-17,3,2022,1,0.0,-92.31,25.5,49.7,0,0,vidarbha
Wardha,2022-01-24,4,2022,1,1.3,7.98,23.3,57.2,0,0,vidarbha
Wardha,2022-01-31,5,2022,1,1.67,36.42,24.7,46.7,0,0,vidarbha
Wardha,2022-02-07,6,2022,2,0.51,-25.25,20.7,44.9,0,0,vidarbha
Wardha,2022-02-14,7,2022,2,0.99,32.52,21.0,50.1,0,0,vidarbha
Wardha,2022-02-21,8,2022,2,0.62,-12.22,21.2,51.3,0,0,vidarbha
Wardha,2022-02-28,9,2022,2,0.83,13.0,19.4,46.5,0,0,vidarbha
Wardha,2022-03-07,10,2022,3,1.68,67.97,18.2,49.8,0,0,vidarbha
Wardha,2022-03-14,11,2022,3,0.74,-20.67,16.0,49.0,0,0,vidarbha
Wardha,2022-03-21,12,2022,3,0.86,-9.55,17.5,62.0,0,0,vidarbha
Wardha,2022-03-28,13,2022,3,1.75,74.63,19.4,47.6,0,0,vidarbha
Wardha,2022-04-04,14,2022,4,2.03,38.18,21.3,27.7,0,0,vidarbha
Wardha,2022-04-11,15,2022,4,1.66,13.9,21.7,30.2,0,0,vidarbha
Wardha,2022-04-18,16,2022,4,1.7,16.93,21.4,28.3,0,0,vidarbha
Wardha,2022-04-25,17,2022,4,1.18,-17.23,20.2,15.2,0,0,vidarbha
Wardha,2022-05-02,18,2022,5,4.03,38.62,23.4,27.7,0,0,vidarbha
Wardha,2022-05-09,19,2022,5,3.17,9.65,25.1,30.2,0,0,vidarbha
Wardha,2022-05-16,20,2022,5,3.98,36.73,24.1,21.8,0,0,vidarbha
Wardha,2022-05-23,21,2022,5,3.11,7.63,23.8,31.1,0,0,vidarbha
Wardha,2022-05-30,22,2022,5,3.49,20.22,23.2,30.2,0,0,vidarbha
Wardha,2022-06-06,23,2022,6,25.05,-26.47,27.1,77.3,1,0,vidarbha
Wardha,2022-06-13,24,2022,6,14.39,-57.65,29.1,74.6,1,0,vidarbha
Wardha,2022-06-20,25,2022,6,25.09,-26.37,27.4,73.3,1,0,vidarbha
Wardha,2022-06-27,26,2022,6,66.99,96.14,28.3,70.8,1,0,vidarbha
Wardha,2022-07-04,27,2022,7,94.72,38.31,28.4,79.3,1,0,vidarbha
Wardha,2022-07-11,28,2022,7,104.78,53.0,29.6,72.3,1,0,vidarbha
Wardha,2022-07-18,29,2022,7,70.26,2.64,28.6,66.6,1,0,vidarbha
Wardha,2022-07-25,30,2022,7,96.94,41.55,30.6,72.9,1,0,vidarbha
Wardha,2022-08-01,31,2022,8,82.91,32.2,31.5,74.4,1,0,vidarbha
Wardha,2022-08-08,32,2022,8,76.56,22.1,31.0,69.2,1,0,vidarbha
Wardha,2022-08-15,33,2022,8,111.08,77.06,33.6,83.2,1,0,vidarbha
Wardha,2022-08-22,34,2022,8,64.85,3.44,33.1,75.3,1,0,vidarbha
Wardha,2022-08-29,35,2022,8,38.78,-38.07,30.4,84.6,1,0,vidarbha
Wardha,2022-09-05,36,2022,9,32.33,-31.95,30.5,75.7,1,0,vidarbha
Wardha,2022-09-12,37,2022,9,32.24,-32.14,32.3,85.4,1,0,vidarbha
Wardha,2022-09-19,38,2022,9,85.2,78.99,32.2,78.9,1,0,vidarbha
Wardha,2022-09-26,39,2022,9,50.06,5.26,31.9,75.2,1,0,vidarbha
Wardha,2022-10-03,40,2022,10,9.83,-33.76,33.9,47.5,0,0,vidarbha
Wardha,2022-10-10,41,2022,10,23.62,58.24,32.2,53.6,0,0,vidarbha
Wardha,2022-10-17,42,2022,10,24.09,61.38,31.4,53.0,0,0,vidarbha
Wardha,2022-10-24,43,2022,10,9.83,-33.78,29.8,45.1,0,0,vidarbha
Wardha,2022-10-31,44,2022,10,22.35,49.75,30.4,49.2,0,0,vidarbha
Wardha,2022-11-07,45,2022,11,6.65,52.66,28.8,57.7,0,0,vidarbha
Wardha,2022-11-14,46,2022,11,3.28,-23.7,32.0,48.9,0,0,vidarbha
Wardha,2022-11-21,47,2022,11,2.75,-35.51,28.2,53.0,0,0,vidarbha
Wardha,2022-11-28,48,2022,11,8.84,102.18,30.2,55.9,0,0,vidarbha
Wardha,2022-12-05,49,2022,12,0.65,-29.53,29.2,55.8,0,0,vidarbha
Wardha,2022-12-12,50,2022,12,0.68,-26.87,27.4,53.0,0,0,vidarbha
Wardha,2022-12-19,51,2022,12,0.41,-51.89,27.6,47.8,0,0,vidarbha
Wardha,2022-12-26,52,2022,12,1.13,16.23,27.6,58.5,0,0,vidarbha
Wardha,2023-01-02,1,2023,1,1.1,-7.57,24.5,54.1,0,0,vidarbha
Wardha,2023-01-09,2,2023,1,1.62,31.92,23.9,55.2,0,0,vidarbha
Wardha,2023-01-16,3,2023,1,1.95,57.54,24.8,55.6,0,0,vidarbha
Wardha,2023-01-23,4,2023,1,1.25,3.59,23.3,61.8,0,0,vidarbha
Wardha,2023-01-30,5,2023,1,1.96,58.12,23.9,52.0,0,0,vidarbha
Wardha,2023-02-06,6,2023,2,0.64,-9.93,22.2,52.8,0,0,vidarbha
Wardha,2023-02-13,7,2023,2,1.08,43.29,22.3,51.2,0,0,vidarbha
Wardha,2023-02-20,8,2023,2,0.49,-27.52,20.7,54.4,0,0,vidarbha
Wardha,2023-02-27,9,2023,2,0.6,-15.29,20.5,45.2,0,0,vidarbha
Wardha,2023-03-06,10,2023,3,1.23,25.79,17.7,53.6,0,0,vidarbha
Wardha,2023-03-13,11,2023,3,1.17,19.36,17.6,55.0,0,0,vidarbha
Wardha,2023-03-20,12,2023,3,0.93,-3.0,17.2,49.8,0,0,vidarbha
Wardha,2023-03-27,13,2023,3,0.66,-28.56,18.1,50.4,0,0,vidarbha
Wardha,2023-04-03,14,2023,4,1.87,27.55,22.3,27.7,0,0,vidarbha
Wardha,2023-04-10,15,2023,4,1.84,26.13,20.8,15.9,0,0,vidarbha
Wardha,2023-04-17,16,2023,4,1.83,25.12,19.9,27.2,0,0,vidarbha
Wardha,2023-04-24,17,2023,4,1.08,-23.64,19.9,22.0,0,0,vidarbha
Wardha,2023-05-01,18,2023,5,2.63,-8.41,24.2,28.9,0,0,vidarbha
Wardha,2023-05-08,19,2023,5,3.81,31.2,24.8,33.1,0,0,vidarbha
Wardha,2023-05-15,20,2023,5,2.04,-28.32,24.8,18.1,0,0,vidarbha
Wardha,2023-05-22,21,2023,5,2.75,-4.52,22.5,33.3,0,0,vidarbha
Wardha,2023-05-29,22,2023,5,5.1,74.22,24.4,24.8,0,0,vidarbha
Wardha,2023-06-05,23,2023,6,36.35,6.55,26.6,80.1,1,0,vidarbha
Wardha,2023-06-12,24,2023,6,20.21,-40.62,28.7,69.9,1,0,vidarbha
Wardha,2023-06-19,25,2023,6,9.03,-73.32,26.2,75.1,1,0,vidarbha
Wardha,2023-06-26,26,2023,6,45.98,34.71,28.9,84.4,1,0,vidarbha
Wardha,2023-07-03,27,2023,7,69.99,2.24,31.1,83.6,1,0,vidarbha
Wardha,2023-07-10,28,2023,7,106.59,55.64,26.8,73.0,1,0,vidarbha
Wardha,2023-07-17,29,2023,7,74.01,8.11,32.2,80.2,1,0,vidarbha
Wardha,2023-07-24,30,2023,7,69.83,2.01,29.3,75.4,1,0,vidarbha
Wardha,2023-07-31,31,2023,7,60.07,-12.22,30.9,81.7,1,0,vidarbha
Wardha,2023-08-07,32,2023,8,49.5,-21.01,29.4,75.5,1,0,vidarbha
Wardha,2023-08-14,33,2023,8,58.77,-6.25,31.8,86.3,1,0,vidarbha
Wardha,2023-08-21,34,2023,8,55.33,-11.71,32.3,81.5,1,0,vidarbha
Wardha,2023-08-28,35,2023,8,34.33,-45.17,30.7,72.4,1,0,vidarbha
Wardha,2023-09-04,36,2023,9,69.21,45.44,31.6,77.4,1,0,vidarbha
Wardha,2023-09-11,37,2023,9,49.83,4.77,32.4,74.2,1,0,vidarbha
Wardha,2023-09-18,38,2023,9,47.64,0.17,31.0,73.5,1,0,vidarbha
Wardha,2023-09-25,39,2023,9,50.44,6.05,32.3,70.4,1,0,vidarbha
Wardha,2023-10-02,40,2023,10,21.01,40.79,29.3,51.3,0,0,vidarbha
Wardha,2023-10-09,41,2023,10,23.19,55.38,33.1,54.9,0,0,vidarbha
Wardha,2023-10-16,42,2023,10,9.1,-38.6,31.3,61.5,0,0,vidarbha
Wardha,2023-10-23,43,2023,10,24.51,64.15,31.4,58.3,0,0,vidarbha
Wardha,2023-10-30,44,2023,10,16.64,11.65,32.2,45.6,0,0,vidarbha
Wardha,2023-11-06,45,2023,11,2.07,-50.91,29.0,53.0,0,0,vidarbha
Wardha,2023-11-13,46,2023,11,3.52,-18.13,29.4,42.7,0,0,vidarbha
Wardha,2023-11-20,47,2023,11,3.37,-21.49,28.1,47.4,0,0,vidarbha
Wardha,2023-11-27,48,2023,11,1.8,-57.1,29.4,52.2,0,0,vidarbha
Wardha,2023-12-04,49,2023,12,1.23,25.47,29.0,46.9,0,0,vidarbha
Wardha,2023-12-11,50,2023,12,0.79,-16.15,26.6,54.4,0,0,vidarbha
Wardha,2023-12-18,51,2023,12,1.22,24.75,27.1,59.9,0,0,vidarbha
Wardha,2023-12-25,52,2023,12,1.1,12.7,27.0,50.0,0,0,vidarbha
Nagpur,2019-01-07,2,2019,1,1.31,6.17,23.7,36.2,0,0,vidarbha
Nagpur,2019-01-14,3,2019,1,1.55,24.62,25.3,58.5,0,0,vidarbha
Nagpur,2019-01-21,4,2019,1,1.35,9.72,22.0,54.5,0,0,vidarbha
Nagpur,2019-01-28,5,2019,1,0.7,-39.72,25.7,57.2,0,0,vidarbha
Nagpur,2019-02-04,6,2019,2,0.39,-40.88,21.8,51.1,0,0,vidarbha
Nagpur,2019-02-11,7,2019,2,0.51,-27.49,21.2,47.9,0,0,vidarbha
Nagpur,2019-02-18,8,2019,2,0.18,-66.59,22.4,53.9,0,0,vidarbha
Nagpur,2019-02-25,9,2019,2,1.01,32.58,22.9,53.4,0,0,vidarbha
Nagpur,2019-03-04,10,2019,3,1.41,39.53,18.1,49.7,0,0,vidarbha
Nagpur,2019-03-11,11,2019,3,0.98,-0.11,17.0,57.2,0,0,vidarbha
Nagpur,2019-03-18,12,2019,3,0.99,0.83,15.5,54.6,0,0,vidarbha
Nagpur,2019-03-25,13,2019,3,1.61,58.68,17.4,46.3,0,0,vidarbha
Nagpur,2019-04-01,14,2019,4,2.68,76.99,21.6,26.5,0,0,vidarbha
Nagpur,2019-04-08,15,2019,4,1.92,28.67,20.5,17.8,0,0,vidarbha
Nagpur,2019-04-15,16,2019,4,2.03,35.9,22.0,34.8,0,0,vidarbha
Nagpur,2019-04-22,17,2019,4,1.6,8.44,21.6,28.8,0,0,vidarbha
Nagpur,2019-04-29,18,2019,4,2.48,64.23,20.6,27.1,0,0,vidarbha
Nagpur,2019-05-06,19,2019,5,2.82,-3.96,24.5,32.3,0,0,vidarbha
Nagpur,2019-05-13,20,2019,5,5.1,71.04,24.2,25.9,0,0,vidarbha
Nagpur,2019-05-20,21,2019,5,1.23,-56.17,24.2,21.9,0,0,vidarbha
Nagpur,2019-05-27,22,2019,5,5.89,97.14,24.7,20.7,0,0,vidarbha
Nagpur,2019-06-03,23,2019,6,36.6,5.27,28.2,83.7,1,0,vidarbha
Nagpur,2019-06-10,24,2019,6,42.54,22.3,29.0,79.3,1,0,vidarbha
Nagpur,2019-06-17,25,2019,6,32.62,-6.13,26.0,72.0,1,0,vidarbha
Nagpur,2019-06-24,26,2019,6,38.4,10.43,27.6,66.7,1,0,vidarbha
Nagpur,2019-07-01,27,2019,7,40.52,-41.86,30.3,74.7,1,0,vidarbha
Nagpur,2019-07-08,28,2019,7,73.01,4.65,29.8,71.5,1,0,vidarbha
Nagpur,2019-07-15,29,2019,7,65.58,-5.99,30.3,80.1,1,0,vidarbha
Nagpur,2019-07-22,30,2019,7,84.07,20.47,31.9,86.0,1,0,vidarbha
Nagpur,2019-07-29,31,2019,7,78.36,12.3,29.0,83.6,1,0,vidarbha
Nagpur,2019-08-05,32,2019,8,51.0,-20.15,30.5,75.9,1,0,vidarbha
Nagpur,2019-08-12,33,2019,8,95.62,49.58,30.8,85.8,1,0,vidarbha
Nagpur,2019-08-19,34,2019,8,110.32,72.54,29.4,73.2,1,0,vidarbha
Nagpur,2019-08-26,35,2019,8,93.41,46.13,31.2,83.4,1,0,vidarbha
Nagpur,2019-09-02,36,2019,9,32.27,-33.36,31.1,83.2,1,0,vidarbha
Nagpur,2019-09-09,37,2019,9,43.12,-11.02,30.7,75.9,1,0,vidarbha
Nagpur,2019-09-16,38,2019,9,78.67,62.17,32.6,75.9,1,0,vidarbha
Nagpur,2019-09-23,39,2019,9,37.35,-22.9,31.3,75.9,1,0,vidarbha
Nagpur,2019-09-30,40,2019,9,71.46,47.34,30.9,72.8,1,0,vidarbha
Nagpur,2019-10-07,41,2019,10,18.85,24.03,33.6,54.8,0,0,vidarbha
Nagpur,2019-10-14,42,2019,10,20.18,32.74,31.9,57.1,0,0,vidarbha
Nagpur,2019-10-21,43,2019,10,10.09,-33.3,29.4,56.7,0,0,vidarbha
Nagpur,2019-10-28,44,2019,10,15.58,2.64,30.9,51.2,0,0,vidarbha
Nagpur,2019-11-04,45,2019,11,5.49,24.01,31.5,55.3,0,0,vidarbha
Nagpur,2019-11-11,46,2019,11,4.45,0.96,30.4,51.7,0,0,vidarbha
Nagpur,2019-11-18,47,2019,11,3.37,-22.93,28.2,59.6,0,0,vidarbha
Nagpur,2019-11-25,48,2019,11,5.67,28.01,29.3,59.1,0,0,vidarbha
Nagpur,2019-12-02,49,2019,12,1.26,25.88,28.3,55.6,0,0,vidarbha
Nagpur,2019-12-09,50,2019,12,1.13,14.2,27.5,57.1,0,0,vidarbha
Nagpur,2019-12-16,51,2019,12,1.12,13.41,29.8,56.2,0,0,vidarbha
Nagpur,2019-12-23,52,2019,12,1.34,33.13,27.9,47.5,0,0,vidarbha
Nagpur,2019-12-30,1,2019,12,0.64,-31.31,27.7,48.0,0,0,vidarbha
Nagpur,2020-01-06,2,2020,1,1.68,34.66,22.3,46.3,0,0,vidarbha
Nagpur,2020-01-13,3,2020,1,1.23,0.6,25.3,43.9,0,0,vidarbha
Nagpur,2020-01-20,4,2020,1,0.42,-60.41,23.1,57.1,0,0,vidarbha
Nagpur,2020-01-27,5,2020,1,1.15,-5.4,26.1,51.8,0,0,vidarbha
Nagpur,2020-02-03,6,2020,2,0.61,-14.46,21.7,59.9,0,0,vidarbha
Nagpur,2020-02-10,7,2020,2,0.48,-30.88,20.8,51.2,0,0,vidarbha
Nagpur,2020-02-17,8,2020,2,0.45,-33.99,22.3,50.0,0,0,vidarbha
Nagpur,2020-02-24,9,2020,2,0.64,-11.77,21.4,57.9,0,0,vidarbha
Nagpur,2020-03-02,10,2020,3,1.35,34.56,15.8,56.0,0,0,vidarbha
Nagpur,2020-03-09,11,2020,3,0.94,-3.47,17.4,46.5,0,0,vidarbha
Nagpur,2020-03-16,12,2020,3,1.28,27.48,17.6,48.2,0,0,vidarbha
Nagpur,2020-03-23,13,2020,3,0.28,-65.06,16.7,54.7,0,0,vidarbha
Nagpur,2020-03-30,14,2020,3,0.4,-53.27,14.0,51.6,0,0,vidarbha
Nagpur,2020-04-06,15,2020,4,0.97,-31.91,19.3,24.9,0,0,vidarbha
Nagpur,2020-04-13,16,2020,4,1.36,-6.65,19.5,38.0,0,0,vidarbha
Nagpur,2020-04-20,17,2020,4,1.56,5.54,22.3,29.7,0,0,vidarbha
Nagpur,2020-04-27,18,2020,4,0.5,-61.87,21.5,27.5,0,0,vidarbha
Nagpur,2020-05-04,19,2020,5,2.75,-6.21,23.7,25.9,0,0,vidarbha
Nagpur,2020-05-11,20,2020,5,4.11,38.64,24.2,23.2,0,0,vidarbha
Nagpur,2020-05-18,21,2020,5,1.81,-36.99,25.9,34.5,0,0,vidarbha
Nagpur,2020-05-25,22,2020,5,3.07,4.2,24.9,33.8,0,0,vidarbha
Nagpur,2020-06-01,23,2020,6,30.99,-10.82,26.9,66.6,1,0,vidarbha
Nagpur,2020-06-08,24,2020,6,26.97,-22.34,27.5,84.1,1,0,vidarbha
Nagpur,2020-06-15,25,2020,6,26.05,-24.99,27.2,69.0,1,0,vidarbha
Nagpur,2020-06-22,26,2020,6,37.61,8.17,28.4,77.1,1,0,vidarbha
Nagpur,2020-06-29,27,2020,6,30.79,-11.39,30.3,92.2,1,0,vidarbha
Nagpur,2020-07-06,28,2020,7,67.78,-2.84,28.6,70.3,1,0,vidarbha
Nagpur,2020-07-13,29,2020,7,80.57,15.46,32.1,85.5,1,0,vidarbha
Nagpur,2020-07-20,30,2020,7,86.12,23.41,30.0,72.0,1,0,vidarbha
Nagpur,2020-07-27,31,2020,7,94.19,34.96,28.6,75.7,1,0,vidarbha
Nagpur,2020-08-03,32,2020,8,29.46,-53.81,29.3,71.1,1,0,vidarbha
Nagpur,2020-08-10,33,2020,8,27.19,-57.36,31.5,74.6,1,0,vidarbha
Nagpur,2020-08-17,34,2020,8,100.69,57.51,30.2,71.0,1,0,vidarbha
Nagpur,2020-08-24,35,2020,8,94.47,47.78,33.4,74.6,1,0,vidarbha
Nagpur,2020-08-31,36,2020,8,78.41,22.68,33.1,71.2,1,0,vidarbha
Nagpur,2020-09-07,37,2020,9,45.09,-6.96,30.0,76.6,1,0,vidarbha
Nagpur,2020-09-14,38,2020,9,45.18,-6.78,32.4,77.1,1,0,vidarbha
Nagpur,2020-09-21,39,2020,9,36.04,-25.59,31.3,70.8,1,0,vidarbha
Nagpur,2020-09-28,40,2020,9,63.98,31.94,34.3,84.4,1,0,vidarbha
Nagpur,2020-10-05,41,2020,10,19.19,26.27,32.0,54.2,0,0,vidarbha
Nagpur,2020-10-12,42,2020,10,20.69,36.08,30.1,56.0,0,0,vidarbha
Nagpur,2020-10-19,43,2020,10,13.92,-8.22,30.8,49.0,0,0,vidarbha
Nagpur,2020-10-26,44,2020,10,14.14,-6.79,31.6,55.1,0,0,vidarbha
Nagpur,2020-11-02,45,2020,11,3.55,-19.02,30.0,55.7,0,0,vidarbha
Nagpur,2020-11-09,46,2020,11,2.98,-31.59,30.6,57.1,0,0,vidarbha
Nagpur,2020-11-16,47,2020,11,5.11,15.63,30.6,43.8,0,0,vidarbha
Nagpur,2020-11-23,48,2020,11,3.53,-19.43,30.2,54.7,0,0,vidarbha
Nagpur,2020-11-30,49,2020,11,1.47,-65.12,29.8,56.3,0,0,vidarbha
Nagpur,2020-12-07,50,2020,12,1.41,39.86,26.6,47.1,0,0,vidarbha
Nagpur,2020-12-14,51,2020,12,0.8,-16.74,31.5,58.6,0,0,vidarbha
Nagpur,2020-12-21,52,2020,12,1.33,32.62,26.8,53.5,0,0,vidarbha
Nagpur,2020-12-28,53,2020,12,1.05,6.2,28.2,45.2,0,0,vidarbha
Nagpur,2021-01-04,1,2021,1,0.76,-34.98,25.8,45.8,0,0,vidarbha
Nagpur,2021-01-11,2,2021,1,1.45,16.89,23.4,47.4,0,0,vidarbha
Nagpur,2021-01-18,3,2021,1,1.3,5.47,23.6,57.7,0,0,vidarbha
Nagpur,2021-01-25,4,2021,1,1.77,41.14,24.5,50.3,0,0,vidarbha
Nagpur,2021-02-01,5,2021,2,0.94,24.94,21.4,44.4,0,0,vidarbha
Nagpur,2021-02-08,6,2021,2,0.95,25.4,21.2,50.6,0,0,vidarbha
Nagpur,2021-02-15,7,2021,2,0.55,-21.96,19.7,55.7,0,0,vidarbha
Nagpur,2021-02-22,8,2021,2,0.93,23.18,21.1,48.6,0,0,vidarbha
Nagpur,2021-03-01,9,2021,3,1.59,56.14,16.6,46.6,0,0,vidarbha
Nagpur,2021-03-08,10,2021,3,1.31,30.89,15.4,52.9,0,0,vidarbha
Nagpur,2021-03-15,11,2021,3,1.45,43.58,14.8,56.9,0,0,vidarbha
Nagpur,2021-03-22,12,2021,3,0.53,-41.55,18.0,52.8,0,0,vidarbha
Nagpur,2021-03-29,13,2021,3,1.46,44.42,15.7,43.2,0,0,vidarbha
Nagpur,2021-04-05,14,2021,4,2.15,43.45,19.1,29.5,0,0,vidarbha
Nagpur,2021-04-12,15,2021,4,2.48,64.33,20.7,27.7,0,0,vidarbha
Nagpur,2021-04-19,16,2021,4,1.51,2.84,22.2,27.1,0,0,vidarbha
Nagpur,2021-04-26,17,2021,4,2.07,38.11,18.7,25.4,0,0,vidarbha
Nagpur,2021-05-03,18,2021,5,3.35,13.6,23.7,26.3,0,0,vidarbha
Nagpur,2021-05-10,19,2021,5,3.57,20.98,24.5,22.8,0,0,vidarbha
Nagpur,2021-05-17,20,2021,5,4.56,53.28,23.8,40.1,0,0,vidarbha
Nagpur,2021-05-24,21,2021,5,5.61,88.1,24.7,26.9,0,0,vidarbha
Nagpur,2021-05-31,22,2021,5,3.97,33.84,24.1,27.3,0,0,vidarbha
Nagpur,2021-06-07,23,2021,6,54.88,57.7,26.4,76.1,1,0,vidarbha
Nagpur,2021-06-14,24,2021,6,47.22,35.75,26.7,78.4,1,0,vidarbha
Nagpur,2021-06-21,25,2021,6,36.46,4.87,28.5,76.2,1,0,vidarbha
Nagpur,2021-06-28,26,2021,6,51.71,48.63,26.6,74.0,1,0,vidarbha
Nagpur,2021-07-05,27,2021,7,124.02,77.65,28.1,75.1,1,0,vidarbha
Nagpur,2021-07-12,28,2021,7,81.46,16.74,27.6,76.6,1,0,vidarbha
Nagpur,2021-07-19,29,2021,7,36.04,-48.28,30.2,78.4,1,0,vidarbha
Nagpur,2021-07-26,30,2021,7,29.17,-58.11,29.6,76.4,1,0,vidarbha
Nagpur,2021-08-02,31,2021,8,69.18,8.26,30.4,80.5,1,0,vidarbha
Nagpur,2021-08-09,32,2021,8,52.45,-17.88,32.2,83.3,1,0,vidarbha
Nagpur,2021-08-16,33,2021,8,66.61,4.24,30.6,78.3,1,0,vidarbha
Nagpur,2021-08-23,34,2021,8,103.03,61.16,29.4,76.1,1,0,vidarbha
Nagpur,2021-08-30,35,2021,8,76.02,18.94,32.1,77.8,1,0,vidarbha
Nagpur,2021-09-06,36,2021,9,65.75,35.57,32.2,77.4,1,0,vidarbha
Nagpur,2021-09-13,37,2021,9,69.19,42.65,32.0,79.0,1,0,vidarbha
Nagpur,2021-09-20,38,2021,9,59.8,23.33,31.5,82.5,1,0,vidarbha
Nagpur,2021-09-27,39,2021,9,81.75,68.52,31.7,72.3,1,0,vidarbha
Nagpur,2021-10-04,40,2021,10,23.73,55.96,30.4,58.9,0,0,vidarbha
Nagpur,2021-10-11,41,2021,10,25.19,65.51,31.6,47.7,0,0,vidarbha
Nagpur,2021-10-18,42,2021,10,19.44,27.88,31.3,50.0,0,0,vidarbha
Nagpur,2021-10-25,43,2021,10,26.97,77.18,32.0,55.6,0,0,vidarbha
Nagpur,2021-11-01,44,2021,11,3.49,-20.27,31.7,47.4,0,0,vidarbha
Nagpur,2021-11-08,45,2021,11,5.16,16.83,30.0,55.5,0,0,vidarbha
Nagpur,2021-11-15,46,2021,11,7.28,63.74,30.5,55.3,0,0,vidarbha
Nagpur,2021-11-22,47,2021,11,1.95,-54.41,31.3,53.2,0,0,vidarbha
Nagpur,2021-11-29,48,2021,11,5.26,18.89,30.3,52.8,0,0,vidarbha
Nagpur,2021-12-06,49,2021,12,1.4,39.19,26.4,51.1,0,0,vidarbha
Nagpur,2021-12-13,50,2021,12,0.87,-10.06,28.4,54.7,0,0,vidarbha
Nagpur,2021-12-20,51,2021,12,1.06,7.38,25.7,42.2,0,0,vidarbha
Nagpur,2021-12-27,52,2021,12,1.38,37.03,28.4,49.9,0,0,vidarbha
Nagpur,2022-01-03,1,2022,1,1.02,-15.65,22.2,39.5,0,0,vidarbha
Nagpur,2022-01-10,2,2022,1,1.89,50.57,24.1,54.3,0,0,vidarbha
Nagpur,2022-01-17,3,2022,1,1.54,24.12,23.4,50.2,0,0,vidarbha
Nagpur,2022-01-24,4,2022,1,1.92,52.68,23.8,52.2,0,0,vidarbha
Nagpur,2022-01-31,5,2022,1,1.49,20.11,25.8,56.1,0,0,vidarbha
Nagpur,2022-02-07,6,2022,2,0.5,-28.31,21.7,48.0,0,0,vidarbha
Nagpur,2022-02-14,7,2022,2,0.63,-12.28,19.6,52.7,0,0,vidarbha
Nagpur,2022-02-21,8,2022,2,0.73,-0.2,23.3,59.4,0,0,vidarbha
Nagpur,2022-02-28,9,2022,2,0.64,-11.71,19.5,50.3,0,0,vidarbha
Nagpur,2022-03-07,10,2022,3,1.2,20.71,16.9,55.1,0,0,vidarbha
Nagpur,2022-03-14,11,2022,3,0.43,-50.62,18.6,62.2,0,0,vidarbha
Nagpur,2022-03-21,12,2022,3,0.45,-48.99,17.7,52.7,0,0,vidarbha
Nagpur,2022-03-28,13,2022,3,1.23,22.98,14.4,42.0,0,0,vidarbha
Nagpur,2022-04-04,14,2022,4,1.58,6.83,20.1,25.0,0,0,vidarbha
Nagpur,2022-04-11,15,2022,4,1.77,18.92,22.3,22.3,0,0,vidarbha
Nagpur,2022-04-18,16,2022,4,1.61,8.8,19.9,28.8,0,0,vidarbha
Nagpur,2022-04-25,17,2022,4,1.45,-1.36,21.6,20.6,0,0,vidarbha
Nagpur,2022-05-02,18,2022,5,3.85,30.07,23.5,23.0,0,0,vidarbha
Nagpur,2022-05-09,19,2022,5,2.7,-7.89,26.1,28.8,0,0,vidarbha
Nagpur,2022-05-16,20,2022,5,3.33,13.0,25.6,15.0,0,0,vidarbha
Nagpur,2022-05-23,21,2022,5,1.84,-36.04,24.3,31.7,0,0,vidarbha
Nagpur,2022-05-30,22,2022,5,3.55,20.3,24.9,28.7,0,0,vidarbha
Nagpur,2022-06-06,23,2022,6,60.05,72.54,29.0,78.4,1,0,vidarbha
Nagpur,2022-06-13,24,2022,6,41.66,19.79,27.9,60.2,1,0,vidarbha
Nagpur,2022-06-20,25,2022,6,25.75,-25.85,27.4,82.8,1,0,vidarbha
Nagpur,2022-06-27,26,2022,6,41.34,18.87,28.3,73.4,1,0,vidarbha
Nagpur,2022-07-04,27,2022,7,64.82,-7.08,27.8,81.3,1,0,vidarbha
Nagpur,2022-07-11,28,2022,7,61.9,-11.26,28.8,79.6,1,0,vidarbha
Nagpur,2022-07-18,29,2022,7,103.78,48.68,30.8,78.5,1,0,vidarbha
Nagpur,2022-07-25,30,2022,7,49.55,-28.94,30.0,79.6,1,0,vidarbha
Nagpur,2022-08-01,31,2022,8,57.79,-9.53,32.3,73.1,1,0,vidarbha
Nagpur,2022-08-08,32,2022,8,41.07,-35.66,30.5,74.7,1,0,vidarbha
Nagpur,2022-08-15,33,2022,8,77.95,21.97,33.1,82.6,1,0,vidarbha
Nagpur,2022-08-22,34,2022,8,53.71,-15.91,30.5,74.5,1,0,vidarbha
Nagpur,2022-08-29,35,2022,8,57.4,-10.15,32.6,84.3,1,0,vidarbha
Nagpur,2022-09-05,36,2022,9,73.56,51.66,32.7,80.0,1,0,vidarbha
Nagpur,2022-09-12,37,2022,9,69.61,43.52,32.0,77.6,1,0,vidarbha
Nagpur,2022-09-19,38,2022,9,55.36,14.18,31.2,81.2,1,0,vidarbha
Nagpur,2022-09-26,39,2022,9,36.77,-24.09,31.7,86.2,1,0,vidarbha
Nagpur,2022-10-03,40,2022,10,23.24,52.74,31.9,45.2,0,0,vidarbha
Nagpur,2022-10-10,41,2022,10,14.55,-4.11,32.6,54.8,0,0,vidarbha
Nagpur,2022-10-17,42,2022,10,15.45,1.8,33.0,51.9,0,0,vidarbha
Nagpur,2022-10-24,43,2022,10,16.37,7.78,32.6,52.9,0,0,vidarbha
Nagpur,2022-10-31,44,2022,10,17.54,15.44,30.4,49.0,0,0,vidarbha
Nagpur,2022-11-07,45,2022,11,4.73,7.21,33.1,47.7,0,0,vidarbha
Nagpur,2022-11-14,46,2022,11,3.36,-23.17,30.1,61.5,0,0,vidarbha
Nagpur,2022-11-21,47,2022,11,6.77,52.5,29.2,49.2,0,0,vidarbha
Nagpur,2022-11-28,48,2022,11,5.21,17.82,29.4,60.9,0,0,vidarbha
Nagpur,2022-12-05,49,2022,12,1.23,23.31,26.3,50.4,0,0,vidarbha
Nagpur,2022-12-12,50,2022,12,1.21,21.59,28.3,52.6,0,0,vidarbha
Nagpur,2022-12-19,51,2022,12,0.96,-1.72,28.6,59.2,0,0,vidarbha
Nagpur,2022-12-26,52,2022,12,1.33,32.39,27.6,46.6,0,0,vidarbha
Nagpur,2023-01-02,1,2023,1,1.39,12.41,22.7,53.7,0,0,vidarbha
Nagpur,2023-01-09,2,2023,1,1.7,35.95,25.5,57.8,0,0,vidarbha
Nagpur,2023-01-16,3,2023,1,1.51,21.8,25.8,49.7,0,0,vidarbha
Nagpur,2023-01-23,4,2023,1,1.44,16.07,26.4,53.7,0,0,vidarbha
Nagpur,2023-01-30,5,2023,1,1.79,42.45,26.1,50.5,0,0,vidarbha
Nagpur,2023-02-06,6,2023,2,0.98,29.01,22.9,62.7,0,0,vidarbha
Nagpur,2023-02-13,7,2023,2,0.81,9.32,19.7,57.2,0,0,vidarbha
Nagpur,2023-02-20,8,2023,2,0.58,-18.53,21.8,50.1,0,0,vidarbha
Nagpur,2023-02-27,9,2023,2,0.86,15.24,21.0,56.4,0,0,vidarbha
Nagpur,2023-03-06,10,2023,3,1.86,81.23,19.8,50.3,0,0,vidarbha
Nagpur,2023-03-13,11,2023,3,1.14,14.69,16.6,50.3,0,0,vidarbha
Nagpur,2023-03-20,12,2023,3,1.15,15.89,17.2,46.3,0,0,vidarbha
Nagpur,2023-03-27,13,2023,3,1.25,25.46,17.2,51.2,0,0,vidarbha
Nagpur,2023-04-03,14,2023,4,1.32,-9.6,22.1,32.3,0,0,vidarbha
Nagpur,2023-04-10,15,2023,4,1.62,9.48,20.1,29.0,0,0,vidarbha
Nagpur,2023-04-17,16,2023,4,1.26,-13.59,20.7,28.1,0,0,vidarbha
Nagpur,2023-04-24,17,2023,4,0.98,-31.06,20.0,21.1,0,0,vidarbha
Nagpur,2023-05-01,18,2023,5,2.84,-3.15,24.1,27.3,0,0,vidarbha
Nagpur,2023-05-08,19,2023,5,4.44,49.36,25.6,31.6,0,0,vidarbha
Nagpur,2023-05-15,20,2023,5,1.52,-46.82,24.8,25.1,0,0,vidarbha
Nagpur,2023-05-22,21,2023,5,2.52,-13.87,25.3,29.4,0,0,vidarbha
Nagpur,2023-05-29,22,2023,5,3.72,25.67,23.4,34.1,0,0,vidarbha
Nagpur,2023-06-05,23,2023,6,59.63,71.33,26.2,75.3,1,0,vidarbha
Nagpur,2023-06-12,24,2023,6,34.22,-1.57,27.3,79.2,1,0,vidarbha
Nagpur,2023-06-19,25,2023,6,29.54,-14.97,29.4,84.1,1,0,vidarbha
Nagpur,2023-06-26,26,2023,6,32.03,-7.84,26.5,84.8,1,0,vidarbha
Nagpur,2023-07-03,27,2023,7,73.6,5.49,28.9,79.7,1,0,vidarbha
Nagpur,2023-07-10,28,2023,7,103.22,47.87,29.0,77.6,1,0,vidarbha
Nagpur,2023-07-17,29,2023,7,64.95,-6.89,31.8,73.1,1,0,vidarbha
Nagpur,2023-07-24,30,2023,7,52.5,-24.71,30.0,75.7,1,0,vidarbha
Nagpur,2023-07-31,31,2023,7,98.69,41.39,30.6,65.8,1,0,vidarbha
Nagpur,2023-08-07,32,2023,8,106.37,66.38,32.8,83.3,1,0,vidarbha
Nagpur,2023-08-14,33,2023,8,90.68,41.85,31.9,70.6,1,0,vidarbha
Nagpur,2023-08-21,34,2023,8,86.63,35.52,32.2,84.7,1,0,vidarbha
Nagpur,2023-08-28,35,2023,8,88.68,38.73,33.8,72.7,1,0,vidarbha
Nagpur,2023-09-04,36,2023,9,102.15,110.51,30.7,74.6,1,0,vidarbha
Nagpur,2023-09-11,37,2023,9,71.4,47.2,31.7,90.1,1,0,vidarbha
Nagpur,2023-09-18,38,2023,9,58.34,20.33,32.3,80.7,1,0,vidarbha
Nagpur,2023-09-25,39,2023,9,58.58,20.81,32.7,71.3,1,0,vidarbha
Nagpur,2023-10-02,40,2023,10,26.54,74.37,30.6,45.3,0,0,vidarbha
Nagpur,2023-10-09,41,2023,10,14.41,-5.0,33.6,49.0,0,0,vidarbha
Nagpur,2023-10-16,42,2023,10,12.97,-14.46,29.9,47.2,0,0,vidarbha
Nagpur,2023-10-23,43,2023,10,16.32,7.45,30.8,55.8,0,0,vidarbha
Nagpur,2023-10-30,44,2023,10,16.5,8.63,30.4,58.3,0,0,vidarbha
Nagpur,2023-11-06,45,2023,11,4.57,3.52,30.7,55.4,0,0,vidarbha
Nagpur,2023-11-13,46,2023,11,4.68,5.96,29.8,52.0,0,0,vidarbha
Nagpur,2023-11-20,47,2023,11,6.56,47.85,28.9,50.1,0,0,vidarbha
Nagpur,2023-11-27,48,2023,11,7.44,67.38,30.3,58.2,0,0,vidarbha
Nagpur,2023-12-04,49,2023,12,0.75,-21.48,29.6,55.6,0,0,vidarbha
Nagpur,2023-12-11,50,2023,12,1.44,42.89,26.5,57.5,0,0,vidarbha
Nagpur,2023-12-18,51,2023,12,0.68,-27.53,28.0,51.7,0,0,vidarbha
Nagpur,2023-12-25,52,2023,12,1.45,43.23,27.9,57.8,0,0,vidarbha
Bhandara,2019-01-07,2,2019,1,2.15,41.35,26.4,52.9,0,0,vidarbha
Bhandara,2019-01-14,3,2019,1,1.29,-12.72,25.1,47.0,0,0,vidarbha
Bhandara,2019-01-21,4,2019,1,2.03,33.69,26.2,46.3,0,0,vidarbha
Bhandara,2019-01-28,5,2019,1,2.42,58.72,23.7,43.9,0,0,vidarbha
Bhandara,2019-02-04,6,2019,2,0.75,-14.82,23.2,48.5,0,0,vidarbha
Bhandara,2019-02-11,7,2019,2,0.29,-61.11,19.5,56.8,0,0,vidarbha
Bhandara,2019-02-18,8,2019,2,1.28,38.41,20.3,55.0,0,0,vidarbha
Bhandara,2019-02-25,9,2019,2,1.17,27.8,20.4,58.1,0,0,vidarbha
Bhandara,2019-03-04,10,2019,3,1.15,-3.54,17.0,46.1,0,0,vidarbha
Bhandara,2019-03-11,11,2019,3,1.45,20.01,18.1,50.3,0,0,vidarbha
Bhandara,2019-03-18,12,2019,3,1.21,1.43,14.3,56.9,0,0,vidarbha
Bhandara,2019-03-25,13,2019,3,1.1,-6.92,16.1,48.9,0,0,vidarbha
Bhandara,2019-04-01,14,2019,4,1.0,-41.93,20.6,22.1,0,0,vidarbha
Bhandara,2019-04-08,15,2019,4,1.76,-1.69,21.4,25.5,0,0,vidarbha
Bhandara,2019-04-15,16,2019,4,1.66,-6.69,23.2,21.6,0,0,vidarbha
Bhandara,2019-04-22,17,2019,4,1.8,0.58,21.5,32.4,0,0,vidarbha
Bhandara,2019-04-29,18,2019,4,1.22,-30.1,21.4,26.0,0,0,vidarbha
Bhandara,2019-05-06,19,2019,5,5.82,61.0,24.9,29.2,0,0,vidarbha
Bhandara,2019-05-13,20,2019,5,6.09,68.42,24.5,24.0,0,0,vidarbha
Bhandara,2019-05-20,21,2019,5,2.34,-33.5,23.7,33.8,0,0,vidarbha
Bhandara,2019-05-27,22,2019,5,2.94,-17.27,24.6,25.3,0,0,vidarbha
Bhandara,2019-06-03,23,2019,6,51.49,21.67,27.2,74.1,1,0,vidarbha
Bhandara,2019-06-10,24,2019,6,35.4,-16.29,28.6,77.3,1,0,vidarbha
Bhandara,2019-06-17,25,2019,6,59.03,39.43,26.7,81.0,1,0,vidarbha
Bhandara,2019-06-24,26,2019,6,34.7,-17.93,25.5,76.9,1,0,vidarbha
Bhandara,2019-07-01,27,2019,7,122.11,43.76,30.8,74.3,1,0,vidarbha
Bhandara,2019-07-08,28,2019,7,106.16,25.0,30.2,75.9,1,0,vidarbha
Bhandara,2019-07-15,29,2019,7,92.46,8.88,31.2,76.2,1,0,vidarbha
Bhandara,2019-07-22,30,2019,7,71.93,-15.26,30.3,72.2,1,0,vidarbha
Bhandara,2019-07-29,31,2019,7,89.4,5.29,30.5,78.7,1,0,vidarbha
Bhandara,2019-08-05,32,2019,8,79.56,2.31,31.7,81.6,1,0,vidarbha
Bhandara,2019-08-12,33,2019,8,118.54,52.38,29.2,72.1,1,0,vidarbha
Bhandara,2019-08-19,34,2019,8,67.5,-13.18,33.1,78.3,1,0,vidarbha
Bhandara,2019-08-26,35,2019,8,74.38,-4.33,30.8,76.2,1,0,vidarbha
Bhandara,2019-09-02,36,2019,9,60.97,3.35,31.8,76.6,1,0,vidarbha
Bhandara,2019-09-09,37,2019,9,72.95,23.62,32.4,70.8,1,0,vidarbha
Bhandara,2019-09-16,38,2019,9,84.97,43.97,32.7,76.1,1,0,vidarbha
Bhandara,2019-09-23,39,2019,9,60.56,2.66,31.9,84.7,1,0,vidarbha
Bhandara,2019-09-30,40,2019,9,71.26,20.77,34.2,75.5,1,0,vidarbha
Bhandara,2019-10-07,41,2019,10,17.52,-5.1,31.5,47.8,0,0,vidarbha
Bhandara,2019-10-14,42,2019,10,19.08,3.3,30.7,58.7,0,0,vidarbha
Bhandara,2019-10-21,43,2019,10,22.56,22.02,29.9,47.6,0,0,vidarbha
Bhandara,2019-10-28,44,2019,10,21.49,16.28,30.7,54.2,0,0,vidarbha
Bhandara,2019-11-04,45,2019,11,6.58,22.22,28.3,51.6,0,0,vidarbha
Bhandara,2019-11-11,46,2019,11,7.03,30.53,31.0,50.1,0,0,vidarbha
Bhandara,2019-11-18,47,2019,11,6.48,20.53,29.6,51.9,0,0,vidarbha
Bhandara,2019-11-25,48,2019,11,5.96,10.93,30.9,53.3,0,0,vidarbha
Bhandara,2019-12-02,49,2019,12,0.94,-19.73,27.0,54.7,0,0,vidarbha
Bhandara,2019-12-09,50,2019,12,1.03,-12.34,28.0,58.5,0,0,vidarbha
Bhandara,2019-12-16,51,2019,12,1.76,43.72,28.4,52.8,0,0,vidarbha
Bhandara,2019-12-23,52,2019,12,0.94,-19.42,24.1,50.7,0,0,vidarbha
Bhandara,2019-12-30,1,2019,12,0.89,-23.07,26.7,45.7,0,0,vidarbha
Bhandara,2020-01-06,2,2020,1,2.38,56.32,24.7,50.9,0,0,vidarbha
Bhandara,2020-01-13,3,2020,1,1.3,-11.89,23.6,50.8,0,0,vidarbha
Bhandara,2020-01-20,4,2020,1,1.22,-17.17,24.2,52.9,0,0,vidarbha
Bhandara,2020-01-27,5,2020,1,1.54,3.29,23.6,55.1,0,0,vidarbha
Bhandara,2020-02-03,6,2020,2,0.78,-11.56,22.7,50.2,0,0,vidarbha
Bhandara,2020-02-10,7,2020,2,1.09,19.74,21.3,55.4,0,0,vidarbha
Bhandara,2020-02-17,8,2020,2,1.26,37.34,19.1,47.3,0,0,vidarbha
Bhandara,2020-02-24,9,2020,2,0.87,-2.8,23.0,53.6,0,0,vidarbha
Bhandara,2020-03-02,10,2020,3,1.18,-0.89,15.7,52.1,0,0,vidarbha
Bhandara,2020-03-09,11,2020,3,0.94,-19.39,15.3,53.9,0,0,vidarbha
Bhandara,2020-03-16,12,2020,3,1.83,49.8,17.9,47.2,0,0,vidarbha
Bhandara,2020-03-23,13,2020,3,1.06,-10.14,16.2,59.0,0,0,vidarbha
Bhandara,2020-03-30,14,2020,3,1.39,15.59,18.7,53.7,0,0,vidarbha
Bhandara,2020-04-06,15,2020,4,1.51,-14.86,19.4,30.3,0,0,vidarbha
Bhandara,2020-04-13,16,2020,4,1.11,-35.99,19.9,30.6,0,0,vidarbha
Bhandara,2020-04-20,17,2020,4,2.17,20.5,20.8,23.3,0,0,vidarbha
Bhandara,2020-04-27,18,2020,4,1.7,-4.75,23.3,26.5,0,0,vidarbha
Bhandara,2020-05-04,19,2020,5,2.84,-19.92,24.4,25.3,0,0,vidarbha
Bhandara,2020-05-11,20,2020,5,3.73,4.16,25.6,25.7,0,0,vidarbha
Bhandara,2020-05-18,21,2020,5,1.42,-58.64,26.6,34.8,0,0,vidarbha
Bhandara,2020-05-25,22,2020,5,4.74,31.66,25.8,25.0,0,0,vidarbha
Bhandara,2020-06-01,23,2020,6,26.04,-38.36,29.2,74.1,1,0,vidarbha
Bhandara,2020-06-08,24,2020,6,8.53,-79.66,28.2,80.0,1,0,vidarbha
Bhandara,2020-06-15,25,2020,6,68.64,62.1,26.5,76.1,1,0,vidarbha
Bhandara,2020-06-22,26,2020,6,31.74,-24.92,26.6,81.9,1,0,vidarbha
Bhandara,2020-06-29,27,2020,6,35.19,-16.78,25.7,68.6,1,0,vidarbha
Bhandara,2020-07-06,28,2020,7,18.66,-77.93,32.3,84.0,1,0,vidarbha
Bhandara,2020-07-13,29,2020,7,64.79,-23.67,31.8,85.4,1,0,vidarbha
Bhandara,2020-07-20,30,2020,7,37.67,-55.56,27.9,75.8,1,0,vidarbha
Bhandara,2020-07-27,31,2020,7,77.63,-8.56,27.5,70.7,1,0,vidarbha
Bhandara,2020-08-03,32,2020,8,87.21,12.14,32.4,83.7,1,0,vidarbha
Bhandara,2020-08-10,33,2020,8,24.59,-68.29,30.0,81.5,1,0,vidarbha
Bhandara,2020-08-17,34,2020,8,56.29,-27.57,31.6,79.7,1,0,vidarbha
Bhandara,2020-08-24,35,2020,8,81.17,4.39,32.2,70.2,1,0,vidarbha
Bhandara,2020-08-31,36,2020,8,42.28,-45.57,32.4,75.6,1,0,vidarbha
Bhandara,2020-09-07,37,2020,9,102.5,73.63,32.9,79.6,1,0,vidarbha
Bhandara,2020-09-14,38,2020,9,35.53,-39.7,31.8,78.4,1,0,vidarbha
Bhandara,2020-09-21,39,2020,9,54.6,-7.42,33.5,78.9,1,0,vidarbha
Bhandara,2020-09-28,40,2020,9,57.87,-1.9,33.4,77.7,1,0,vidarbha
Bhandara,2020-10-05,41,2020,10,15.17,-17.77,31.5,47.2,0,0,vidarbha
Bhandara,2020-10-12,42,2020,10,8.39,-54.27,31.1,53.4,0,0,vidarbha
Bhandara,2020-10-19,43,2020,10,25.14,35.9,30.7,58.4,0,0,vidarbha
Bhandara,2020-10-26,44,2020,10,5.86,-67.91,31.4,55.1,0,0,vidarbha
Bhandara,2020-11-02,45,2020,11,3.13,-40.96,31.1,46.2,0,0,vidarbha
Bhandara,2020-11-09,46,2020,11,3.03,-42.75,29.1,57.7,0,0,vidarbha
Bhandara,2020-11-16,47,2020,11,6.4,19.06,30.1,55.7,0,0,vidarbha
Bhandara,2020-11-23,48,2020,11,5.85,8.89,30.3,49.0,0,0,vidarbha
Bhandara,2020-11-30,49,2020,11,3.06,-42.07,29.6,53.3,0,0,vidarbha
Bhandara,2020-12-07,50,2020,12,1.1,-7.19,26.7,62.6,0,0,vidarbha
Bhandara,2020-12-14,51,2020,12,1.43,18.45,27.3,52.9,0,0,vidarbha
Bhandara,2020-12-21,52,2020,12,0.85,-26.76,30.7,48.2,0,0,vidarbha
Bhandara,2020-12-28,53,2020,12,0.96,-18.21,27.0,52.2,0,0,vidarbha
Bhandara,2021-01-04,1,2021,1,1.69,12.36,25.2,49.1,0,0,vidarbha
Bhandara,2021-01-11,2,2021,1,1.81,20.4,24.5,60.1,0,0,vidarbha
Bhandara,2021-01-18,3,2021,1,2.38,56.32,25.7,60.5,0,0,vidarbha
Bhandara,2021-01-25,4,2021,1,1.89,25.16,24.9,50.9,0,0,vidarbha
Bhandara,2021-02-01,5,2021,2,1.29,40.22,23.0,40.8,0,0,vidarbha
Bhandara,2021-02-08,6,2021,2,1.43,54.37,22.9,58.5,0,0,vidarbha
Bhandara,2021-02-15,7,2021,2,0.69,-20.51,19.1,54.0,0,0,vidarbha
Bhandara,2021-02-22,8,2021,2,0.65,-24.54,17.2,55.5,0,0,vidarbha
Bhandara,2021-03-01,9,2021,3,2.14,73.54,18.4,58.5,0,0,vidarbha
Bhandara,2021-03-08,10,2021,3,1.3,8.08,16.8,48.3,0,0,vidarbha
Bhandara,2021-03-15,11,2021,3,1.02,-12.96,17.4,54.9,0,0,vidarbha
Bhandara,2021-03-22,12,2021,3,0.93,-20.21,15.3,53.0,0,0,vidarbha
Bhandara,2021-03-29,13,2021,3,2.04,65.46,16.6,59.4,0,0,vidarbha
Bhandara,2021-04-05,14,2021,4,2.37,30.71,20.4,26.8,0,0,vidarbha
Bhandara,2021-04-12,15,2021,4,1.96,9.14,20.6,33.8,0,0,vidarbha
Bhandara,2021-04-19,16,2021,4,1.28,-26.99,19.7,25.2,0,0,vidarbha
Bhandara,2021-04-26,17,2021,4,2.11,17.01,20.1,28.4,0,0,vidarbha
Bhandara,2021-05-03,18,2021,5,4.74,31.67,25.2,33.7,0,0,vidarbha
Bhandara,2021-05-10,19,2021,5,5.33,47.77,26.6,34.2,0,0,vidarbha
Bhandara,2021-05-17,20,2021,5,7.54,107.95,26.3,20.8,0,0,vidarbha
Bhandara,2021-05-24,21,2021,5,5.09,41.26,25.9,24.8,0,0,vidarbha
Bhandara,2021-05-31,22,2021,5,3.33,-6.78,23.9,29.3,0,0,vidarbha
Bhandara,2021-06-07,23,2021,6,74.54,76.03,29.5,76.2,1,0,vidarbha
Bhandara,2021-06-14,24,2021,6,42.07,-0.55,28.4,74.1,1,0,vidarbha
Bhandara,2021-06-21,25,2021,6,29.58,-30.01,27.4,69.6,1,0,vidarbha
Bhandara,2021-06-28,26,2021,6,68.17,61.01,27.5,75.0,1,0,vidarbha
Bhandara,2021-07-05,27,2021,7,127.97,50.65,30.0,69.9,1,0,vidarbha
Bhandara,2021-07-12,28,2021,7,93.67,10.31,28.3,78.7,1,0,vidarbha
Bhandara,2021-07-19,29,2021,7,116.07,36.66,31.9,78.6,1,0,vidarbha
Bhandara,2021-07-26,30,2021,7,77.1,-9.19,28.9,74.9,1,0,vidarbha
Bhandara,2021-08-02,31,2021,8,110.71,42.32,32.1,74.4,1,0,vidarbha
Bhandara,2021-08-09,32,2021,8,139.37,79.13,33.0,81.8,1,0,vidarbha
Bhandara,2021-08-16,33,2021,8,82.42,5.98,29.3,73.4,1,0,vidarbha
Bhandara,2021-08-23,34,2021,8,99.58,28.03,30.6,77.9,1,0,vidarbha
Bhandara,2021-08-30,35,2021,8,90.73,16.66,31.6,73.8,1,0,vidarbha
Bhandara,2021-09-06,36,2021,9,102.2,73.13,33.8,82.2,1,0,vidarbha
Bhandara,2021-09-13,37,2021,9,90.67,53.62,33.8,69.8,1,0,vidarbha
Bhandara,2021-09-20,38,2021,9,27.24,-53.73,32.9,86.9,1,0,vidarbha
Bhandara,2021-09-27,39,2021,9,66.91,13.41,32.2,75.7,1,0,vidarbha
Bhandara,2021-10-04,40,2021,10,23.91,29.26,32.0,58.8,0,0,vidarbha
Bhandara,2021-10-11,41,2021,10,31.55,70.43,31.6,48.5,0,0,vidarbha
Bhandara,2021-10-18,42,2021,10,21.27,15.09,31.3,59.0,0,0,vidarbha
Bhandara,2021-10-25,43,2021,10,22.4,21.16,32.6,60.4,0,0,vidarbha
Bhandara,2021-11-01,44,2021,11,7.05,30.84,30.6,50.3,0,0,vidarbha
Bhandara,2021-11-08,45,2021,11,7.78,44.33,30.9,54.1,0,0,vidarbha
Bhandara,2021-11-15,46,2021,11,4.17,-21.8,31.0,60.2,0,0,vidarbha
Bhandara,2021-11-22,47,2021,11,6.6,22.67,28.2,56.9,0,0,vidarbha
Bhandara,2021-11-29,48,2021,11,11.18,106.58,30.6,40.8,0,0,vidarbha
Bhandara,2021-12-06,49,2021,12,2.2,77.74,26.8,52.7,0,0,vidarbha
Bhandara,2021-12-13,50,2021,12,1.92,56.23,29.1,54.9,0,0,vidarbha
Bhandara,2021-12-20,51,2021,12,1.73,41.44,28.2,47.4,0,0,vidarbha
Bhandara,2021-12-27,52,2021,12,1.17,-1.95,28.4,56.0,0,0,vidarbha
Bhandara,2022-01-03,1,2022,1,1.44,-3.42,24.1,50.5,0,0,vidarbha
Bhandara,2022-01-10,2,2022,1,1.33,-9.73,25.4,54.0,0,0,vidarbha
Bhandara,2022-01-17,3,2022,1,0.99,-31.73,23.9,49.0,0,0,vidarbha
Bhandara,2022-01-24,4,2022,1,1.44,-3.25,23.3,51.0,0,0,vidarbha
Bhandara,2022-01-31,5,2022,1,0.74,-47.27,24.1,55.4,0,0,vidarbha
Bhandara,2022-02-07,6,2022,2,1.05,16.21,20.0,51.7,0,0,vidarbha
Bhandara,2022-02-14,7,2022,2,1.09,19.78,19.8,50.6,0,0,vidarbha
Bhandara,2022-02-21,8,2022,2,1.44,54.81,21.7,53.2,0,0,vidarbha
Bhandara,2022-02-28,9,2022,2,1.05,16.04,20.9,57.1,0,0,vidarbha
Bhandara,2022-03-07,10,2022,3,0.75,-33.95,17.3,47.9,0,0,vidarbha
Bhandara,2022-03-14,11,2022,3,0.85,-26.47,16.9,47.6,0,0,vidarbha
Bhandara,2022-03-21,12,2022,3,1.96,59.67,17.2,46.1,0,0,vidarbha
Bhandara,2022-03-28,13,2022,3,0.99,-15.86,18.2,55.2,0,0,vidarbha
Bhandara,2022-04-04,14,2022,4,2.35,29.98,22.6,30.0,0,0,vidarbha
Bhandara,2022-04-11,15,2022,4,2.48,36.94,22.3,33.9,0,0,vidarbha
Bhandara,2022-04-18,16,2022,4,2.41,32.73,20.1,23.8,0,0,vidarbha
Bhandara,2022-04-25,17,2022,4,1.7,-4.4,20.5,28.5,0,0,vidarbha
Bhandara,2022-05-02,18,2022,5,3.48,-2.69,23.0,29.0,0,0,vidarbha
Bhandara,2022-05-09,19,2022,5,3.07,-13.88,24.1,32.9,0,0,vidarbha
Bhandara,2022-05-16,20,2022,5,4.3,19.74,23.8,30.7,0,0,vidarbha
Bhandara,2022-05-23,21,2022,5,3.88,8.33,23.9,20.9,0,0,vidarbha
Bhandara,2022-05-30,22,2022,5,4.33,20.58,24.6,18.4,0,0,vidarbha
Bhandara,2022-06-06,23,2022,6,55.33,30.72,27.6,81.9,1,0,vidarbha
Bhandara,2022-06-13,24,2022,6,42.68,0.88,28.4,76.7,1,0,vidarbha
Bhandara,2022-06-20,25,2022,6,60.33,42.51,27.2,75.5,1,0,vidarbha
Bhandara,2022-06-27,26,2022,6,57.78,36.49,31.3,80.2,1,0,vidarbha
Bhandara,2022-07-04,27,2022,7,91.86,8.18,30.7,84.6,1,0,vidarbha
Bhandara,2022-07-11,28,2022,7,125.86,48.18,32.1,84.0,1,0,vidarbha
Bhandara,2022-07-18,29,2022,7,86.15,1.46,31.1,72.1,1,0,vidarbha
Bhandara,2022-07-25,30,2022,7,115.11,35.53,28.6,86.5,1,0,vidarbha
Bhandara,2022-08-01,31,2022,8,41.73,-46.27,29.6,76.4,1,0,vidarbha
Bhandara,2022-08-08,32,2022,8,87.67,12.73,30.6,77.1,1,0,vidarbha
Bhandara,2022-08-15,33,2022,8,73.97,-4.87,30.4,80.1,1,0,vidarbha
Bhandara,2022-08-22,34,2022,8,146.31,88.05,31.0,78.0,1,0,vidarbha
Bhandara,2022-08-29,35,2022,8,51.64,-33.54,33.3,74.9,1,0,vidarbha
Bhandara,2022-09-05,36,2022,9,98.28,66.49,31.5,80.5,1,0,vidarbha
Bhandara,2022-09-12,37,2022,9,76.31,29.32,32.3,68.6,1,0,vidarbha
Bhandara,2022-09-19,38,2022,9,31.66,-46.26,33.1,79.9,1,0,vidarbha
Bhandara,2022-09-26,39,2022,9,55.8,-5.4,34.2,83.9,1,0,vidarbha
Bhandara,2022-10-03,40,2022,10,19.1,3.37,30.1,51.6,0,0,vidarbha
Bhandara,2022-10-10,41,2022,10,26.99,45.9,30.9,52.0,0,0,vidarbha
Bhandara,2022-10-17,42,2022,10,16.96,-8.13,30.2,43.9,0,0,vidarbha
Bhandara,2022-10-24,43,2022,10,26.06,40.89,30.4,51.2,0,0,vidarbha
Bhandara,2022-10-31,44,2022,10,23.08,24.81,33.7,50.0,0,0,vidarbha
Bhandara,2022-11-07,45,2022,11,10.27,89.91,27.8,62.0,0,0,vidarbha
Bhandara,2022-11-14,46,2022,11,7.39,37.12,28.6,50.8,0,0,vidarbha
Bhandara,2022-11-21,47,2022,11,7.69,42.56,29.6,55.0,0,0,vidarbha
Bhandara,2022-11-28,48,2022,11,2.55,-51.42,30.3,49.6,0,0,vidarbha
Bhandara,2022-12-05,49,2022,12,0.79,-30.97,27.1,49.4,0,0,vidarbha
Bhandara,2022-12-12,50,2022,12,1.17,-1.52,28.4,48.2,0,0,vidarbha
Bhandara,2022-12-19,51,2022,12,0.96,-17.73,26.9,49.1,0,0,vidarbha
Bhandara,2022-12-26,52,2022,12,1.82,48.93,28.2,51.8,0,0,vidarbha
Bhandara,2023-01-02,1,2023,1,1.0,-30.75,25.4,51.8,0,0,vidarbha
Bhandara,2023-01-09,2,2023,1,1.01,-30.02,23.9,54.2,0,0,vidarbha
Bhandara,2023-01-16,3,2023,1,2.82,83.39,24.9,53.5,0,0,vidarbha
Bhandara,2023-01-23,4,2023,1,1.49,0.25,25.0,56.0,0,0,vidarbha
Bhandara,2023-01-30,5,2023,1,1.54,3.46,23.8,52.7,0,0,vidarbha
Bhandara,2023-02-06,6,2023,2,1.02,12.58,21.3,62.7,0,0,vidarbha
Bhandara,2023-02-13,7,2023,2,1.55,66.02,21.0,44.7,0,0,vidarbha
Bhandara,2023-02-20,8,2023,2,0.91,1.7,22.0,53.7,0,0,vidarbha
Bhandara,2023-02-27,9,2023,2,0.37,-53.08,20.3,56.3,0,0,vidarbha
Bhandara,2023-03-06,10,2023,3,1.26,5.48,16.3,52.2,0,0,vidarbha
Bhandara,2023-03-13,11,2023,3,0.88,-24.07,16.1,44.4,0,0,vidarbha
Bhandara,2023-03-20,12,2023,3,0.7,-38.23,18.7,59.0,0,0,vidarbha
Bhandara,2023-03-27,13,2023,3,1.67,36.72,17.4,43.3,0,0,vidarbha
Bhandara,2023-04-03,14,2023,4,2.35,29.76,19.1,18.6,0,0,vidarbha
Bhandara,2023-04-10,15,2023,4,0.76,-54.19,19.5,23.4,0,0,vidarbha
Bhandara,2023-04-17,16,2023,4,2.42,33.29,20.1,26.8,0,0,vidarbha
Bhandara,2023-04-24,17,2023,4,2.43,33.94,17.9,23.2,0,0,vidarbha
Bhandara,2023-05-01,18,2023,5,4.09,14.0,23.2,32.7,0,0,vidarbha
Bhandara,2023-05-08,19,2023,5,2.96,-16.81,25.1,30.0,0,0,vidarbha
Bhandara,2023-05-15,20,2023,5,4.01,11.85,26.0,27.7,0,0,vidarbha
Bhandara,2023-05-22,21,2023,5,4.66,29.57,25.4,28.4,0,0,vidarbha
Bhandara,2023-05-29,22,2023,5,4.19,16.71,24.3,30.8,0,0,vidarbha
Bhandara,2023-06-05,23,2023,6,58.09,37.22,26.9,83.5,1,0,vidarbha
Bhandara,2023-06-12,24,2023,6,70.71,67.0,26.9,81.1,1,0,vidarbha
Bhandara,2023-06-19,25,2023,6,78.87,86.22,27.3,78.0,1,0,vidarbha
Bhandara,2023-06-26,26,2023,6,22.58,-46.51,28.3,71.1,1,0,vidarbha
Bhandara,2023-07-03,27,2023,7,94.11,10.83,29.8,73.6,1,0,vidarbha
Bhandara,2023-07-10,28,2023,7,148.83,75.2,29.5,82.5,1,0,vidarbha
Bhandara,2023-07-17,29,2023,7,63.86,-24.76,29.3,72.8,1,0,vidarbha
Bhandara,2023-07-24,30,2023,7,42.46,-49.94,29.3,83.9,1,0,vidarbha
Bhandara,2023-07-31,31,2023,7,113.55,33.7,30.3,83.2,1,0,vidarbha
Bhandara,2023-08-07,32,2023,8,139.18,78.89,30.0,67.8,1,0,vidarbha
Bhandara,2023-08-14,33,2023,8,75.47,-2.94,34.1,77.9,1,0,vidarbha
Bhandara,2023-08-21,34,2023,8,99.76,28.27,31.1,80.4,1,0,vidarbha
Bhandara,2023-08-28,35,2023,8,96.06,23.51,31.6,77.8,1,0,vidarbha
Bhandara,2023-09-04,36,2023,9,72.64,23.11,30.8,76.0,1,0,vidarbha
Bhandara,2023-09-11,37,2023,9,65.38,10.82,31.6,89.3,1,0,vidarbha
Bhandara,2023-09-18,38,2023,9,75.07,27.21,32.3,74.4,1,0,vidarbha
Bhandara,2023-09-25,39,2023,9,53.24,-9.72,31.7,73.1,1,0,vidarbha
Bhandara,2023-10-02,40,2023,10,13.6,-26.22,30.1,60.7,0,0,vidarbha
Bhandara,2023-10-09,41,2023,10,12.45,-32.43,32.4,54.2,0,0,vidarbha
Bhandara,2023-10-16,42,2023,10,27.92,50.9,33.9,55.7,0,0,vidarbha
Bhandara,2023-10-23,43,2023,10,21.98,18.91,30.4,52.9,0,0,vidarbha
Bhandara,2023-10-30,44,2023,10,28.26,52.71,32.6,43.6,0,0,vidarbha
Bhandara,2023-11-06,45,2023,11,8.56,58.47,29.9,59.9,0,0,vidarbha
Bhandara,2023-11-13,46,2023,11,8.01,48.47,32.5,50.9,0,0,vidarbha
Bhandara,2023-11-20,47,2023,11,8.12,50.5,30.0,53.9,0,0,vidarbha
Bhandara,2023-11-27,48,2023,11,3.4,-35.93,31.1,40.8,0,0,vidarbha
Bhandara,2023-12-04,49,2023,12,1.22,2.11,27.7,56.5,0,0,vidarbha
Bhandara,2023-12-11,50,2023,12,1.63,33.94,28.1,46.7,0,0,vidarbha
Bhandara,2023-12-18,51,2023,12,1.48,22.14,28.5,48.8,0,0,vidarbha
Bhandara,2023-12-25,52,2023,12,1.0,-14.62,27.9,41.1,0,0,vidarbha
Gondia,2019-01-07,2,2019,1,1.26,-21.52,25.1,62.3,0,0,vidarbha
Gondia,2019-01-14,3,2019,1,2.24,35.12,23.9,39.8,0,0,vidarbha
Gondia,2019-01-21,4,2019,1,2.25,35.79,25.2,44.1,0,0,vidarbha
Gondia,2019-01-28,5,2019,1,1.49,-8.17,23.9,68.9,0,0,vidarbha
Gondia,2019-02-04,6,2019,2,0.5,-43.83,22.3,53.4,0,0,vidarbha
Gondia,2019-02-11,7,2019,2,1.54,51.85,19.0,53.9,0,0,vidarbha
Gondia,2019-02-18,8,2019,2,1.4,39.61,20.9,47.1,0,0,vidarbha
Gondia,2019-02-25,9,2019,2,1.14,15.2,19.2,52.5,0,0,vidarbha
Gondia,2019-03-04,10,2019,3,1.49,13.2,18.0,51.4,0,0,vidarbha
Gondia,2019-03-11,11,2019,3,1.49,13.19,19.0,44.0,0,0,vidarbha
Gondia,2019-03-18,12,2019,3,1.77,33.22,17.0,46.1,0,0,vidarbha
Gondia,2019-03-25,13,2019,3,1.45,10.79,19.8,53.2,0,0,vidarbha
Gondia,2019-04-01,14,2019,4,3.18,59.5,21.7,25.0,0,0,vidarbha
Gondia,2019-04-08,15,2019,4,2.3,17.04,21.4,28.1,0,0,vidarbha
Gondia,2019-04-15,16,2019,4,3.24,62.69,20.5,30.5,0,0,vidarbha
Gondia,2019-04-22,17,2019,4,2.1,7.34,22.3,25.8,0,0,vidarbha
Gondia,2019-04-29,18,2019,4,1.85,-5.12,21.4,30.4,0,0,vidarbha
Gondia,2019-05-06,19,2019,5,5.46,38.81,23.9,24.6,0,0,vidarbha
Gondia,2019-05-13,20,2019,5,6.7,69.72,25.6,20.8,0,0,vidarbha
Gondia,2019-05-20,21,2019,5,2.86,-26.18,23.5,33.7,0,0,vidarbha
Gondia,2019-05-27,22,2019,5,4.51,15.06,23.4,30.2,0,0,vidarbha
Gondia,2019-06-03,23,2019,6,73.29,58.37,28.8,81.6,1,0,vidarbha
Gondia,2019-06-10,24,2019,6,23.49,-49.09,27.0,81.0,1,0,vidarbha
Gondia,2019-06-17,25,2019,6,33.38,-27.75,29.1,75.7,1,0,vidarbha
Gondia,2019-06-24,26,2019,6,48.25,4.33,29.5,73.9,1,0,vidarbha
Gondia,2019-07-01,27,2019,7,96.64,4.12,28.1,82.8,1,0,vidarbha
Gondia,2019-07-08,28,2019,7,204.38,120.09,28.1,66.6,1,0,vidarbha
Gondia,2019-07-15,29,2019,7,127.92,37.8,29.0,76.8,1,0,vidarbha
Gondia,2019-07-22,30,2019,7,144.57,55.71,29.3,75.2,1,0,vidarbha
Gondia,2019-07-29,31,2019,7,41.02,-55.74,31.9,76.6,1,0,vidarbha
Gondia,2019-08-05,32,2019,8,62.95,-25.91,31.0,67.4,1,0,vidarbha
Gondia,2019-08-12,33,2019,8,41.66,-50.92,31.0,77.3,1,0,vidarbha
Gondia,2019-08-19,34,2019,8,120.21,41.39,32.4,77.5,1,0,vidarbha
Gondia,2019-08-26,35,2019,8,114.73,34.95,31.1,72.5,1,0,vidarbha
Gondia,2019-09-02,36,2019,9,91.41,41.71,29.3,75.6,1,0,vidarbha
Gondia,2019-09-09,37,2019,9,47.42,-26.41,33.3,79.1,1,0,vidarbha
Gondia,2019-09-16,38,2019,9,28.04,-56.42,32.7,78.3,1,0,vidarbha
Gondia,2019-09-23,39,2019,9,51.84,-19.57,31.2,81.1,1,0,vidarbha
Gondia,2019-09-30,40,2019,9,92.28,43.06,31.6,80.7,1,0,vidarbha
Gondia,2019-10-07,41,2019,10,16.47,-18.34,33.5,62.4,0,0,vidarbha
Gondia,2019-10-14,42,2019,10,12.53,-37.76,33.2,58.7,0,0,vidarbha
Gondia,2019-10-21,43,2019,10,27.38,35.43,28.3,58.0,0,0,vidarbha
Gondia,2019-10-28,44,2019,10,23.57,16.68,31.9,50.5,0,0,vidarbha
Gondia,2019-11-04,45,2019,11,5.61,-4.24,29.1,52.0,0,0,vidarbha
Gondia,2019-11-11,46,2019,11,5.81,-0.84,31.5,57.7,0,0,vidarbha
Gondia,2019-11-18,47,2019,11,6.16,5.02,29.2,55.0,0,0,vidarbha
Gondia,2019-11-25,48,2019,11,9.54,61.75,27.8,48.2,0,0,vidarbha
Gondia,2019-12-02,49,2019,12,1.06,-16.96,30.6,54.2,0,0,vidarbha
Gondia,2019-12-09,50,2019,12,1.65,24.55,27.5,49.7,0,0,vidarbha
Gondia,2019-12-16,51,2019,12,1.02,-20.1,28.3,58.6,0,0,vidarbha
Gondia,2019-12-23,52,2019,12,1.31,0.26,26.9,36.9,0,0,vidarbha
Gondia,2019-12-30,1,2019,12,1.25,-3.93,26.7,48.9,0,0,vidarbha
Gondia,2020-01-06,2,2020,1,1.39,-13.77,24.0,52.8,0,0,vidarbha
Gondia,2020-01-13,3,2020,1,1.79,9.11,22.5,52.0,0,0,vidarbha
Gondia,2020-01-20,4,2020,1,0.97,-37.95,23.1,53.1,0,0,vidarbha
Gondia,2020-01-27,5,2020,1,1.16,-27.2,24.9,51.1,0,0,vidarbha
Gondia,2020-02-03,6,2020,2,1.23,23.06,20.3,54.3,0,0,vidarbha
Gondia,2020-02-10,7,2020,2,0.82,-14.63,20.3,54.7,0,0,vidarbha
Gondia,2020-02-17,8,2020,2,0.94,-2.99,19.3,50.7,0,0,vidarbha
Gondia,2020-02-24,9,2020,2,1.2,20.66,21.8,57.9,0,0,vidarbha
Gondia,2020-03-02,10,2020,3,0.58,-51.57,17.1,54.5,0,0,vidarbha
Gondia,2020-03-09,11,2020,3,0.61,-49.72,17.1,57.3,0,0,vidarbha
Gondia,2020-03-16,12,2020,3,0.81,-34.94,16.9,37.5,0,0,vidarbha
Gondia,2020-03-23,13,2020,3,0.57,-51.94,18.5,47.8,0,0,vidarbha
Gondia,2020-03-30,14,2020,3,1.48,13.01,18.6,49.6,0,0,vidarbha
Gondia,2020-04-06,15,2020,4,1.16,-38.87,22.8,27.7,0,0,vidarbha
Gondia,2020-04-13,16,2020,4,2.09,6.47,20.3,30.4,0,0,vidarbha
Gondia,2020-04-20,17,2020,4,2.58,30.31,19.6,31.3,0,0,vidarbha
Gondia,2020-04-27,18,2020,4,2.39,21.4,19.6,27.8,0,0,vidarbha
Gondia,2020-05-04,19,2020,5,2.52,-34.53,22.1,27.1,0,0,vidarbha
Gondia,2020-05-11,20,2020,5,4.38,11.88,24.4,26.5,0,0,vidarbha
Gondia,2020-05-18,21,2020,5,4.05,3.51,24.6,30.6,0,0,vidarbha
Gondia,2020-05-25,22,2020,5,3.38,-13.06,23.5,30.5,0,0,vidarbha
Gondia,2020-06-01,23,2020,6,39.36,-14.85,28.8,81.5,1,0,vidarbha
Gondia,2020-06-08,24,2020,6,25.27,-45.25,29.5,77.5,1,0,vidarbha
Gondia,2020-06-15,25,2020,6,22.73,-50.73,26.9,77.1,1,0,vidarbha
Gondia,2020-06-22,26,2020,6,56.52,22.18,25.0,70.4,1,0,vidarbha
Gondia,2020-06-29,27,2020,6,26.08,-43.51,29.5,82.9,1,0,vidarbha
Gondia,2020-07-06,28,2020,7,55.9,-39.72,29.2,82.5,1,0,vidarbha
Gondia,2020-07-13,29,2020,7,90.11,-2.91,29.7,75.0,1,0,vidarbha
Gondia,2020-07-20,30,2020,7,67.06,-27.71,29.7,86.6,1,0,vidarbha
Gondia,2020-07-27,31,2020,7,138.87,49.58,31.1,77.6,1,0,vidarbha
Gondia,2020-08-03,32,2020,8,146.24,71.98,33.5,78.4,1,0,vidarbha
Gondia,2020-08-10,33,2020,8,36.15,-57.4,33.4,82.5,1,0,vidarbha
Gondia,2020-08-17,34,2020,8,40.9,-51.82,32.6,91.0,1,0,vidarbha
Gondia,2020-08-24,35,2020,8,100.87,18.66,30.9,82.3,1,0,vidarbha
Gondia,2020-08-31,36,2020,8,88.94,4.64,30.4,86.5,1,0,vidarbha
Gondia,2020-09-07,37,2020,9,51.91,-19.46,30.7,78.1,1,0,vidarbha
Gondia,2020-09-14,38,2020,9,62.19,-3.54,32.9,77.7,1,0,vidarbha
Gondia,2020-09-21,39,2020,9,46.59,-27.7,32.5,76.6,1,0,vidarbha
Gondia,2020-09-28,40,2020,9,0.0,-99.85,29.9,76.7,1,0,vidarbha
Gondia,2020-10-05,41,2020,10,17.24,-14.51,32.0,43.4,0,0,vidarbha
Gondia,2020-10-12,42,2020,10,15.13,-24.91,31.3,53.5,0,0,vidarbha
Gondia,2020-10-19,43,2020,10,28.22,39.6,31.8,45.3,0,0,vidarbha
Gondia,2020-10-26,44,2020,10,25.47,26.03,33.0,47.0,0,0,vidarbha
Gondia,2020-11-02,45,2020,11,6.07,3.55,32.8,58.6,0,0,vidarbha
Gondia,2020-11-09,46,2020,11,4.09,-29.8,32.3,51.5,0,0,vidarbha
Gondia,2020-11-16,47,2020,11,6.43,9.47,33.3,53.9,0,0,vidarbha
Gondia,2020-11-23,48,2020,11,8.1,37.52,30.2,47.3,0,0,vidarbha
Gondia,2020-11-30,49,2020,11,2.52,-56.12,27.4,51.9,0,0,vidarbha
Gondia,2020-12-07,50,2020,12,1.36,4.11,26.3,51.4,0,0,vidarbha
Gondia,2020-12-14,51,2020,12,1.4,6.77,26.6,51.8,0,0,vidarbha
Gondia,2020-12-21,52,2020,12,1.17,-9.23,24.8,43.3,0,0,vidarbha
Gondia,2020-12-28,53,2020,12,1.75,31.57,27.2,51.4,0,0,vidarbha
Gondia,2021-01-04,1,2021,1,1.96,19.13,22.8,53.9,0,0,vidarbha
Gondia,2021-01-11,2,2021,1,2.27,36.98,22.5,54.3,0,0,vidarbha
Gondia,2021-01-18,3,2021,1,1.91,16.05,24.4,54.4,0,0,vidarbha
Gondia,2021-01-25,4,2021,1,2.21,33.78,24.9,50.1,0,0,vidarbha
Gondia,2021-02-01,5,2021,2,1.33,32.99,21.1,55.9,0,0,vidarbha
Gondia,2021-02-08,6,2021,2,0.92,-5.07,21.4,52.4,0,0,vidarbha
Gondia,2021-02-15,7,2021,2,1.14,14.9,23.2,55.0,0,0,vidarbha
Gondia,2021-02-22,8,2021,2,1.02,3.95,20.6,48.4,0,0,vidarbha
Gondia,2021-03-01,9,2021,3,1.62,22.56,17.5,60.7,0,0,vidarbha
Gondia,2021-03-08,10,2021,3,1.72,29.92,16.9,51.7,0,0,vidarbha
Gondia,2021-03-15,11,2021,3,1.91,42.98,16.2,47.5,0,0,vidarbha
Gondia,2021-03-22,12,2021,3,1.47,11.82,17.4,63.3,0,0,vidarbha
Gondia,2021-03-29,13,2021,3,0.92,-27.25,16.6,53.9,0,0,vidarbha
Gondia,2021-04-05,14,2021,4,3.52,76.12,21.1,20.1,0,0,vidarbha
Gondia,2021-04-12,15,2021,4,1.62,-16.18,21.0,25.3,0,0,vidarbha
Gondia,2021-04-19,16,2021,4,3.14,57.66,20.4,25.1,0,0,vidarbha
Gondia,2021-04-26,17,2021,4,2.46,24.77,21.4,28.1,0,0,vidarbha
Gondia,2021-05-03,18,2021,5,4.29,9.63,22.8,19.8,0,0,vidarbha
Gondia,2021-05-10,19,2021,5,4.52,15.24,23.1,29.6,0,0,vidarbha
Gondia,2021-05-17,20,2021,5,3.95,1.03,24.3,31.6,0,0,vidarbha
Gondia,2021-05-24,21,2021,5,4.91,25.09,25.0,29.5,0,0,vidarbha
Gondia,2021-05-31,22,2021,5,4.04,3.3,23.7,35.6,0,0,vidarbha
Gondia,2021-06-07,23,2021,6,68.15,47.28,27.1,76.1,1,0,vidarbha
Gondia,2021-06-14,24,2021,6,78.19,68.95,27.9,77.7,1,0,vidarbha
Gondia,2021-06-21,25,2021,6,30.43,-34.13,26.7,82.8,1,0,vidarbha
Gondia,2021-06-28,26,2021,6,61.76,33.49,28.6,79.4,1,0,vidarbha
Gondia,2021-07-05,27,2021,7,121.18,30.55,30.2,80.5,1,0,vidarbha
Gondia,2021-07-12,28,2021,7,159.22,71.49,29.8,75.4,1,0,vidarbha
Gondia,2021-07-19,29,2021,7,151.61,63.29,30.5,70.1,1,0,vidarbha
Gondia,2021-07-26,30,2021,7,157.37,69.49,32.3,87.0,1,0,vidarbha
Gondia,2021-08-02,31,2021,8,110.75,30.27,30.3,72.3,1,0,vidarbha
Gondia,2021-08-09,32,2021,8,126.64,48.95,31.5,75.6,1,0,vidarbha
Gondia,2021-08-16,33,2021,8,99.3,16.81,31.1,74.8,1,0,vidarbha
Gondia,2021-08-23,34,2021,8,104.86,23.36,31.2,81.5,1,0,vidarbha
Gondia,2021-08-30,35,2021,8,171.99,102.25,29.5,70.5,1,0,vidarbha
Gondia,2021-09-06,36,2021,9,81.39,26.2,31.7,76.4,1,0,vidarbha
Gondia,2021-09-13,37,2021,9,112.15,73.82,31.0,83.3,1,0,vidarbha
Gondia,2021-09-20,38,2021,9,116.51,80.57,32.6,75.3,1,0,vidarbha
Gondia,2021-09-27,39,2021,9,94.69,46.79,33.3,83.2,1,0,vidarbha
Gondia,2021-10-04,40,2021,10,28.43,40.61,28.4,55.0,0,0,vidarbha
Gondia,2021-10-11,41,2021,10,33.23,64.29,32.7,53.1,0,0,vidarbha
Gondia,2021-10-18,42,2021,10,25.63,26.8,31.6,53.7,0,0,vidarbha
Gondia,2021-10-25,43,2021,10,30.34,50.03,30.4,57.2,0,0,vidarbha
Gondia,2021-11-01,44,2021,11,6.0,2.38,28.8,48.2,0,0,vidarbha
Gondia,2021-11-08,45,2021,11,6.71,14.25,30.1,70.5,0,0,vidarbha
Gondia,2021-11-15,46,2021,11,7.17,21.94,31.0,57.5,0,0,vidarbha
Gondia,2021-11-22,47,2021,11,4.42,-24.24,31.0,61.9,0,0,vidarbha
Gondia,2021-11-29,48,2021,11,4.46,-23.58,31.1,50.7,0,0,vidarbha
Gondia,2021-12-06,49,2021,12,1.62,22.92,28.7,50.4,0,0,vidarbha
Gondia,2021-12-13,50,2021,12,1.4,7.11,26.6,59.2,0,0,vidarbha
Gondia,2021-12-20,51,2021,12,1.97,47.77,25.2,62.1,0,0,vidarbha
Gondia,2021-12-27,52,2021,12,2.19,63.04,25.5,55.6,0,0,vidarbha
Gondia,2022-01-03,1,2022,1,0.55,-62.49,24.5,50.8,0,0,vidarbha
Gondia,2022-01-10,2,2022,1,2.11,27.91,26.2,52.7,0,0,vidarbha
Gondia,2022-01-17,3,2022,1,2.01,22.31,24.8,46.0,0,0,vidarbha
Gondia,2022-01-24,4,2022,1,1.45,-10.19,26.7,48.7,0,0,vidarbha
Gondia,2022-01-31,5,2022,1,2.25,36.03,23.1,48.0,0,0,vidarbha
Gondia,2022-02-07,6,2022,2,1.09,10.16,21.2,47.2,0,0,vidarbha
Gondia,2022-02-14,7,2022,2,0.33,-60.15,22.5,47.8,0,0,vidarbha
Gondia,2022-02-21,8,2022,2,1.13,14.2,20.4,48.6,0,0,vidarbha
Gondia,2022-02-28,9,2022,2,0.87,-9.8,21.7,54.6,0,0,vidarbha
Gondia,2022-03-07,10,2022,3,2.13,58.79,16.0,50.2,0,0,vidarbha
Gondia,2022-03-14,11,2022,3,1.19,-7.95,19.0,46.6,0,0,vidarbha
Gondia,2022-03-21,12,2022,3,2.38,76.62,16.6,52.7,0,0,vidarbha
Gondia,2022-03-28,13,2022,3,1.26,-3.26,18.6,44.8,0,0,vidarbha
Gondia,2022-04-04,14,2022,4,2.56,29.7,19.9,21.8,0,0,vidarbha
Gondia,2022-04-11,15,2022,4,2.37,20.46,21.4,28.9,0,0,vidarbha
Gondia,2022-04-18,16,2022,4,3.29,64.92,22.5,24.2,0,0,vidarbha
Gondia,2022-04-25,17,2022,4,2.88,45.3,20.1,29.9,0,0,vidarbha
Gondia,2022-05-02,18,2022,5,2.81,-27.4,24.7,23.5,0,0,vidarbha
Gondia,2022-05-09,19,2022,5,6.56,66.07,23.0,30.8,0,0,vidarbha
Gondia,2022-05-16,20,2022,5,1.44,-61.67,23.4,34.4,0,0,vidarbha
Gondia,2022-05-23,21,2022,5,5.15,30.9,23.3,28.8,0,0,vidarbha
Gondia,2022-05-30,22,2022,5,3.98,1.79,23.1,28.9,0,0,vidarbha
Gondia,2022-06-06,23,2022,6,15.12,-67.15,27.0,88.1,1,0,vidarbha
Gondia,2022-06-13,24,2022,6,38.61,-16.47,27.2,81.8,1,0,vidarbha
Gondia,2022-06-20,25,2022,6,54.58,17.99,25.3,72.5,1,0,vidarbha
Gondia,2022-06-27,26,2022,6,53.33,15.3,25.8,85.8,1,0,vidarbha
Gondia,2022-07-04,27,2022,7,104.28,12.35,29.8,83.3,1,0,vidarbha
Gondia,2022-07-11,28,2022,7,114.0,22.81,30.7,69.1,1,0,vidarbha
Gondia,2022-07-18,29,2022,7,115.44,24.36,30.3,76.1,1,0,vidarbha
Gondia,2022-07-25,30,2022,7,59.49,-35.86,30.9,70.4,1,0,vidarbha
Gondia,2022-08-01,31,2022,8,123.18,44.88,31.4,77.5,1,0,vidarbha
Gondia,2022-08-08,32,2022,8,76.73,-9.7,30.5,73.6,1,0,vidarbha
Gondia,2022-08-15,33,2022,8,44.42,-47.68,31.7,72.4,1,0,vidarbha
Gondia,2022-08-22,34,2022,8,93.82,10.38,30.0,77.9,1,0,vidarbha
Gondia,2022-08-29,35,2022,8,96.5,13.53,31.0,89.8,1,0,vidarbha
Gondia,2022-09-05,36,2022,9,41.18,-36.08,31.7,72.5,1,0,vidarbha
Gondia,2022-09-12,37,2022,9,69.85,8.32,30.7,79.2,1,0,vidarbha
Gondia,2022-09-19,38,2022,9,68.6,6.39,33.9,85.1,1,0,vidarbha
Gondia,2022-09-26,39,2022,9,94.9,47.12,32.2,78.6,1,0,vidarbha
Gondia,2022-10-03,40,2022,10,22.28,10.3,30.1,56.3,0,0,vidarbha
Gondia,2022-10-10,41,2022,10,32.53,60.85,32.0,44.4,0,0,vidarbha
Gondia,2022-10-17,42,2022,10,19.61,-2.88,30.4,50.4,0,0,vidarbha
Gondia,2022-10-24,43,2022,10,22.18,9.8,33.0,43.1,0,0,vidarbha
Gondia,2022-10-31,44,2022,10,13.24,-34.23,30.1,46.5,0,0,vidarbha
Gondia,2022-11-07,45,2022,11,6.21,5.91,30.8,51.6,0,0,vidarbha
Gondia,2022-11-14,46,2022,11,4.55,-21.98,30.7,60.1,0,0,vidarbha
Gondia,2022-11-21,47,2022,11,5.52,-5.77,31.3,53.7,0,0,vidarbha
Gondia,2022-11-28,48,2022,11,7.87,33.75,31.9,53.6,0,0,vidarbha
Gondia,2022-12-05,49,2022,12,1.33,1.7,27.2,59.0,0,0,vidarbha
Gondia,2022-12-12,50,2022,12,0.7,-42.82,27.5,55.2,0,0,vidarbha
Gondia,2022-12-19,51,2022,12,1.73,30.78,25.0,52.1,0,0,vidarbha
Gondia,2022-12-26,52,2022,12,1.14,-11.74,29.1,52.2,0,0,vidarbha
Gondia,2023-01-02,1,2023,1,2.02,22.62,23.7,50.4,0,0,vidarbha
Gondia,2023-01-09,2,2023,1,2.61,56.99,26.9,55.7,0,0,vidarbha
Gondia,2023-01-16,3,2023,1,1.88,14.52,23.6,52.9,0,0,vidarbha
Gondia,2023-01-23,4,2023,1,1.85,12.97,23.6,48.5,0,0,vidarbha
Gondia,2023-01-30,5,2023,1,3.13,86.64,26.2,57.8,0,0,vidarbha
Gondia,2023-02-06,6,2023,2,1.16,16.6,21.1,59.6,0,0,vidarbha
Gondia,2023-02-13,7,2023,2,1.09,10.18,19.5,47.1,0,0,vidarbha
Gondia,2023-02-20,8,2023,2,1.31,31.05,23.2,62.9,0,0,vidarbha
Gondia,2023-02-27,9,2023,2,1.55,52.81,21.4,60.1,0,0,vidarbha
Gondia,2023-03-06,10,2023,3,1.64,24.09,18.0,67.7,0,0,vidarbha
Gondia,2023-03-13,11,2023,3,1.22,-5.97,16.3,46.7,0,0,vidarbha
Gondia,2023-03-20,12,2023,3,1.79,34.78,18.0,49.8,0,0,vidarbha
Gondia,2023-03-27,13,2023,3,1.77,33.58,17.6,56.7,0,0,vidarbha
Gondia,2023-04-03,14,2023,4,1.94,-0.85,20.9,29.8,0,0,vidarbha
Gondia,2023-04-10,15,2023,4,1.94,-0.57,20.0,32.8,0,0,vidarbha
Gondia,2023-04-17,16,2023,4,1.98,1.22,21.4,19.5,0,0,vidarbha
Gondia,2023-04-24,17,2023,4,2.63,33.01,21.0,25.2,0,0,vidarbha
Gondia,2023-05-01,18,2023,5,6.64,68.21,24.8,25.4,0,0,vidarbha
Gondia,2023-05-08,19,2023,5,4.06,3.86,23.6,26.1,0,0,vidarbha
Gondia,2023-05-15,20,2023,5,4.02,2.9,23.4,26.9,0,0,vidarbha
Gondia,2023-05-22,21,2023,5,4.48,14.27,23.5,35.3,0,0,vidarbha
Gondia,2023-05-29,22,2023,5,3.79,-2.93,24.6,36.0,0,0,vidarbha
Gondia,2023-06-05,23,2023,6,52.48,13.46,26.4,78.2,1,0,vidarbha
Gondia,2023-06-12,24,2023,6,65.67,41.92,26.1,75.7,1,0,vidarbha
Gondia,2023-06-19,25,2023,6,53.88,16.49,27.8,74.2,1,0,vidarbha
Gondia,2023-06-26,26,2023,6,31.28,-32.28,26.9,78.8,1,0,vidarbha
Gondia,2023-07-03,27,2023,7,142.46,53.44,27.6,77.3,1,0,vidarbha
Gondia,2023-07-10,28,2023,7,163.03,75.58,33.3,67.0,1,0,vidarbha
Gondia,2023-07-17,29,2023,7,126.18,35.92,29.4,74.9,1,0,vidarbha
Gondia,2023-07-24,30,2023,7,134.8,45.2,29.5,86.5,1,0,vidarbha
Gondia,2023-07-31,31,2023,7,110.62,19.18,30.6,77.0,1,0,vidarbha
Gondia,2023-08-07,32,2023,8,159.9,88.03,29.8,78.4,1,0,vidarbha
Gondia,2023-08-14,33,2023,8,75.63,-11.0,30.0,74.9,1,0,vidarbha
Gondia,2023-08-21,34,2023,8,92.01,8.24,31.0,79.0,1,0,vidarbha
Gondia,2023-08-28,35,2023,8,34.54,-59.29,32.9,87.9,1,0,vidarbha
Gondia,2023-09-04,36,2023,9,71.6,11.03,32.9,78.9,1,0,vidarbha
Gondia,2023-09-11,37,2023,9,30.15,-53.15,30.9,71.1,1,0,vidarbha
Gondia,2023-09-18,38,2023,9,68.25,5.85,34.5,73.6,1,0,vidarbha
Gondia,2023-09-25,39,2023,9,64.08,-0.61,32.3,75.8,1,0,vidarbha
Gondia,2023-10-02,40,2023,10,28.86,42.75,32.6,55.2,0,0,vidarbha
Gondia,2023-10-09,41,2023,10,12.85,-36.18,30.9,50.4,0,0,vidarbha
Gondia,2023-10-16,42,2023,10,17.04,-15.54,31.9,56.9,0,0,vidarbha
Gondia,2023-10-23,43,2023,10,26.0,28.66,30.3,54.9,0,0,vidarbha
Gondia,2023-10-30,44,2023,10,28.98,43.31,32.0,56.0,0,0,vidarbha
Gondia,2023-11-06,45,2023,11,7.2,22.53,32.2,50.4,0,0,vidarbha
Gondia,2023-11-13,46,2023,11,3.94,-32.24,28.7,60.4,0,0,vidarbha
Gondia,2023-11-20,47,2023,11,8.93,51.5,29.4,54.9,0,0,vidarbha
Gondia,2023-11-27,48,2023,11,5.77,-1.56,28.4,55.2,0,0,vidarbha
Gondia,2023-12-04,49,2023,12,1.88,41.06,28.1,47.4,0,0,vidarbha
Gondia,2023-12-11,50,2023,12,1.09,-15.38,27.9,49.9,0,0,vidarbha
Gondia,2023-12-18,51,2023,12,1.6,21.44,30.6,60.1,0,0,vidarbha
Gondia,2023-12-25,52,2023,12,1.83,37.3,28.5,52.8,0,0,vidarbha
Chandrapur,2019-01-07,2,2019,1,2.04,31.47,22.9,53.8,0,0,vidarbha
Chandrapur,2019-01-14,3,2019,1,1.58,3.39,24.9,54.3,0,0,vidarbha
Chandrapur,2019-01-21,4,2019,1,1.09,-26.9,23.0,50.1,0,0,vidarbha
Chandrapur,2019-01-28,5,2019,1,1.71,11.16,23.7,66.4,0,0,vidarbha
Chandrapur,2019-02-04,6,2019,2,1.39,46.76,19.4,51.8,0,0,vidarbha
Chandrapur,2019-02-11,7,2019,2,0.98,6.9,21.5,47.0,0,0,vidarbha
Chandrapur,2019-02-18,8,2019,2,0.98,6.61,18.9,49.6,0,0,vidarbha
Chandrapur,2019-02-25,9,2019,2,0.78,-13.28,20.7,59.7,0,0,vidarbha
Chandrapur,2019-03-04,10,2019,3,1.69,35.66,16.4,50.8,0,0,vidarbha
Chandrapur,2019-03-11,11,2019,3,1.03,-14.34,17.8,46.1,0,0,vidarbha
Chandrapur,2019-03-18,12,2019,3,1.77,41.7,18.6,49.2,0,0,vidarbha
Chandrapur,2019-03-25,13,2019,3,1.23,0.63,17.5,45.7,0,0,vidarbha
Chandrapur,2019-04-01,14,2019,4,1.84,0.38,21.2,21.5,0,0,vidarbha
Chandrapur,2019-04-08,15,2019,4,1.56,-14.12,20.9,21.4,0,0,vidarbha
Chandrapur,2019-04-15,16,2019,4,3.22,72.02,19.9,31.9,0,0,vidarbha
Chandrapur,2019-04-22,17,2019,4,2.05,11.34,20.3,32.1,0,0,vidarbha
Chandrapur,2019-04-29,18,2019,4,2.89,54.75,22.5,35.6,0,0,vidarbha
Chandrapur,2019-05-06,19,2019,5,6.24,68.63,22.2,35.4,0,0,vidarbha
Chandrapur,2019-05-13,20,2019,5,3.35,-8.14,25.4,27.4,0,0,vidarbha
Chandrapur,2019-05-20,21,2019,5,3.72,1.66,25.4,28.8,0,0,vidarbha
Chandrapur,2019-05-27,22,2019,5,3.13,-13.98,26.1,28.3,0,0,vidarbha
Chandrapur,2019-06-03,23,2019,6,48.33,11.62,28.9,76.8,1,0,vidarbha
Chandrapur,2019-06-10,24,2019,6,36.37,-15.94,26.1,82.7,1,0,vidarbha
Chandrapur,2019-06-17,25,2019,6,34.57,-20.09,30.4,85.1,1,0,vidarbha
Chandrapur,2019-06-24,26,2019,6,59.08,36.39,25.3,75.7,1,0,vidarbha
Chandrapur,2019-07-01,27,2019,7,91.4,5.2,28.5,80.4,1,0,vidarbha
Chandrapur,2019-07-08,28,2019,7,82.29,-5.28,32.3,73.3,1,0,vidarbha
Chandrapur,2019-07-15,29,2019,7,157.27,80.92,28.7,73.7,1,0,vidarbha
Chandrapur,2019-07-22,30,2019,7,129.75,49.28,31.2,76.7,1,0,vidarbha
Chandrapur,2019-07-29,31,2019,7,90.36,4.0,29.2,75.5,1,0,vidarbha
Chandrapur,2019-08-05,32,2019,8,118.24,48.54,33.0,84.1,1,0,vidarbha
Chandrapur,2019-08-12,33,2019,8,115.11,44.62,32.5,81.6,1,0,vidarbha
Chandrapur,2019-08-19,34,2019,8,41.6,-47.66,30.0,74.1,1,0,vidarbha
Chandrapur,2019-08-26,35,2019,8,68.85,-13.45,34.7,90.8,1,0,vidarbha
Chandrapur,2019-09-02,36,2019,9,65.1,7.84,30.2,67.5,1,0,vidarbha
Chandrapur,2019-09-09,37,2019,9,80.87,33.92,32.9,81.5,1,0,vidarbha
Chandrapur,2019-09-16,38,2019,9,76.8,27.19,30.7,79.2,1,0,vidarbha
Chandrapur,2019-09-23,39,2019,9,100.85,66.96,29.4,71.6,1,0,vidarbha
Chandrapur,2019-09-30,40,2019,9,57.53,-4.68,33.3,73.0,1,0,vidarbha
Chandrapur,2019-10-07,41,2019,10,31.92,68.55,32.0,47.9,0,0,vidarbha
Chandrapur,2019-10-14,42,2019,10,21.54,13.9,31.9,52.5,0,0,vidarbha
Chandrapur,2019-10-21,43,2019,10,27.23,43.84,32.1,39.8,0,0,vidarbha
Chandrapur,2019-10-28,44,2019,10,24.6,29.99,30.9,53.4,0,0,vidarbha
Chandrapur,2019-11-04,45,2019,11,6.83,24.01,28.9,48.4,0,0,vidarbha
Chandrapur,2019-11-11,46,2019,11,6.44,17.13,29.6,56.1,0,0,vidarbha
Chandrapur,2019-11-18,47,2019,11,9.15,65.6,31.0,56.6,0,0,vidarbha
Chandrapur,2019-11-25,48,2019,11,4.67,-14.62,30.7,61.7,0,0,vidarbha
Chandrapur,2019-12-02,49,2019,12,0.94,-21.11,26.0,54.5,0,0,vidarbha
Chandrapur,2019-12-09,50,2019,12,2.51,97.65,25.8,47.9,0,0,vidarbha
Chandrapur,2019-12-16,51,2019,12,0.89,-25.16,27.4,63.8,0,0,vidarbha
Chandrapur,2019-12-23,52,2019,12,1.61,29.89,27.1,52.6,0,0,vidarbha
Chandrapur,2019-12-30,1,2019,12,1.37,11.77,29.6,41.4,0,0,vidarbha
Chandrapur,2020-01-06,2,2020,1,1.19,-20.29,23.7,53.3,0,0,vidarbha
Chandrapur,2020-01-13,3,2020,1,1.64,7.28,24.7,50.4,0,0,vidarbha
Chandrapur,2020-01-20,4,2020,1,2.04,31.74,24.3,52.5,0,0,vidarbha
Chandrapur,2020-01-27,5,2020,1,1.37,-9.79,25.9,47.4,0,0,vidarbha
Chandrapur,2020-02-03,6,2020,2,0.78,-12.84,18.4,52.5,0,0,vidarbha
Chandrapur,2020-02-10,7,2020,2,1.17,25.43,22.4,54.9,0,0,vidarbha
Chandrapur,2020-02-17,8,2020,2,1.04,11.91,21.5,58.5,0,0,vidarbha
Chandrapur,2020-02-24,9,2020,2,1.53,60.93,20.7,46.7,0,0,vidarbha
Chandrapur,2020-03-02,10,2020,3,0.68,-40.77,15.6,55.9,0,0,vidarbha
Chandrapur,2020-03-09,11,2020,3,2.11,67.34,17.9,48.6,0,0,vidarbha
Chandrapur,2020-03-16,12,2020,3,1.44,16.46,16.7,59.1,0,0,vidarbha
Chandrapur,2020-03-23,13,2020,3,1.05,-12.94,17.4,44.0,0,0,vidarbha
Chandrapur,2020-03-30,14,2020,3,1.03,-14.65,14.5,51.4,0,0,vidarbha
Chandrapur,2020-04-06,15,2020,4,1.16,-34.68,23.1,32.5,0,0,vidarbha
Chandrapur,2020-04-13,16,2020,4,1.43,-20.6,20.9,34.9,0,0,vidarbha
Chandrapur,2020-04-20,17,2020,4,0.34,-77.1,21.2,22.9,0,0,vidarbha
Chandrapur,2020-04-27,18,2020,4,2.47,33.12,20.3,28.5,0,0,vidarbha
Chandrapur,2020-05-04,19,2020,5,4.13,12.51,26.2,30.9,0,0,vidarbha
Chandrapur,2020-05-11,20,2020,5,5.96,61.37,23.7,28.9,0,0,vidarbha
Chandrapur,2020-05-18,21,2020,5,3.29,-9.67,22.4,25.2,0,0,vidarbha
Chandrapur,2020-05-25,22,2020,5,3.46,-5.3,20.8,22.1,0,0,vidarbha
Chandrapur,2020-06-01,23,2020,6,39.06,-9.74,26.7,77.9,1,0,vidarbha
Chandrapur,2020-06-08,24,2020,6,68.93,59.1,27.0,76.7,1,0,vidarbha
Chandrapur,2020-06-15,25,2020,6,24.44,-43.43,29.8,75.9,1,0,vidarbha
Chandrapur,2020-06-22,26,2020,6,51.24,18.32,27.2,78.7,1,0,vidarbha
Chandrapur,2020-06-29,27,2020,6,51.66,19.3,26.5,78.3,1,0,vidarbha
Chandrapur,2020-07-06,28,2020,7,76.91,-11.47,29.1,78.4,1,0,vidarbha
Chandrapur,2020-07-13,29,2020,7,139.53,60.52,31.1,74.4,1,0,vidarbha
Chandrapur,2020-07-20,30,2020,7,100.65,15.82,30.8,73.2,1,0,vidarbha
Chandrapur,2020-07-27,31,2020,7,77.64,-10.62,29.9,76.0,1,0,vidarbha
Chandrapur,2020-08-03,32,2020,8,104.8,31.67,29.8,68.7,1,0,vidarbha
Chandrapur,2020-08-10,33,2020,8,105.83,32.97,30.5,84.8,1,0,vidarbha
Chandrapur,2020-08-17,34,2020,8,57.66,-27.49,30.8,82.7,1,0,vidarbha
Chandrapur,2020-08-24,35,2020,8,94.94,19.3,31.1,83.5,1,0,vidarbha
Chandrapur,2020-08-31,36,2020,8,62.21,-21.79,32.6,78.2,1,0,vidarbha
Chandrapur,2020-09-07,37,2020,9,61.26,1.48,32.3,71.2,1,0,vidarbha
Chandrapur,2020-09-14,38,2020,9,47.15,-21.84,31.3,85.1,1,0,vidarbha
Chandrapur,2020-09-21,39,2020,9,29.68,-50.74,32.4,72.9,1,0,vidarbha
Chandrapur,2020-09-28,40,2020,9,26.07,-56.71,33.1,79.2,1,0,vidarbha
Chandrapur,2020-10-05,41,2020,10,14.24,-24.53,31.1,52.4,0,0,vidarbha
Chandrapur,2020-10-12,42,2020,10,22.92,21.14,29.8,55.3,0,0,vidarbha
Chandrapur,2020-10-19,43,2020,10,22.68,19.87,33.0,50.9,0,0,vidarbha
Chandrapur,2020-10-26,44,2020,10,11.72,-37.81,32.9,58.4,0,0,vidarbha
Chandrapur,2020-11-02,45,2020,11,2.54,-52.81,31.9,47.7,0,0,vidarbha
Chandrapur,2020-11-09,46,2020,11,7.19,30.54,30.4,52.8,0,0,vidarbha
Chandrapur,2020-11-16,47,2020,11,3.05,-43.67,30.8,56.2,0,0,vidarbha
Chandrapur,2020-11-23,48,2020,11,4.44,-18.81,28.6,42.8,0,0,vidarbha
Chandrapur,2020-11-30,49,2020,11,6.6,19.94,28.5,45.2,0,0,vidarbha
Chandrapur,2020-12-07,50,2020,12,0.72,-38.05,28.1,61.5,0,0,vidarbha
Chandrapur,2020-12-14,51,2020,12,0.96,-19.61,26.6,54.9,0,0,vidarbha
Chandrapur,2020-12-21,52,2020,12,0.5,-54.63,26.4,52.6,0,0,vidarbha
Chandrapur,2020-12-28,53,2020,12,1.78,42.14,28.7,63.9,0,0,vidarbha
Chandrapur,2021-01-04,1,2021,1,1.58,3.24,24.8,40.6,0,0,vidarbha
Chandrapur,2021-01-11,2,2021,1,1.88,21.9,24.2,57.7,0,0,vidarbha
Chandrapur,2021-01-18,3,2021,1,1.81,17.82,25.0,48.9,0,0,vidarbha
Chandrapur,2021-01-25,4,2021,1,2.54,62.37,25.1,55.5,0,0,vidarbha
Chandrapur,2021-02-01,5,2021,2,1.14,22.38,20.2,54.0,0,0,vidarbha
Chandrapur,2021-02-08,6,2021,2,0.99,7.27,20.6,54.5,0,0,vidarbha
Chandrapur,2021-02-15,7,2021,2,1.78,85.55,21.1,51.2,0,0,vidarbha
Chandrapur,2021-02-22,8,2021,2,1.47,55.16,20.3,54.0,0,0,vidarbha
Chandrapur,2021-03-01,9,2021,3,2.28,80.62,17.5,58.1,0,0,vidarbha
Chandrapur,2021-03-08,10,2021,3,1.42,15.31,16.5,52.6,0,0,vidarbha
Chandrapur,2021-03-15,11,2021,3,1.46,18.11,16.9,48.5,0,0,vidarbha
Chandrapur,2021-03-22,12,2021,3,1.3,6.35,16.5,55.7,0,0,vidarbha
Chandrapur,2021-03-29,13,2021,3,1.79,43.2,16.6,45.1,0,0,vidarbha
Chandrapur,2021-04-05,14,2021,4,2.5,34.81,20.2,26.6,0,0,vidarbha
Chandrapur,2021-04-12,15,2021,4,1.61,-11.19,21.5,37.5,0,0,vidarbha
Chandrapur,2021-04-19,16,2021,4,1.73,-5.25,18.7,17.4,0,0,vidarbha
Chandrapur,2021-04-26,17,2021,4,3.11,66.42,18.9,37.4,0,0,vidarbha
Chandrapur,2021-05-03,18,2021,5,3.21,-12.03,24.7,32.3,0,0,vidarbha
Chandrapur,2021-05-10,19,2021,5,4.72,28.19,24.3,24.1,0,0,vidarbha
Chandrapur,2021-05-17,20,2021,5,5.25,42.43,25.4,29.1,0,0,vidarbha
Chandrapur,2021-05-24,21,2021,5,4.4,19.81,24.3,16.6,0,0,vidarbha
Chandrapur,2021-05-31,22,2021,5,5.11,38.62,25.7,25.3,0,0,vidarbha
Chandrapur,2021-06-07,23,2021,6,68.06,57.09,26.6,83.0,1,0,vidarbha
Chandrapur,2021-06-14,24,2021,6,30.82,-28.73,27.0,81.0,1,0,vidarbha
Chandrapur,2021-06-21,25,2021,6,44.75,3.38,24.3,83.0,1,0,vidarbha
Chandrapur,2021-06-28,26,2021,6,48.44,11.87,27.3,81.5,1,0,vidarbha
Chandrapur,2021-07-05,27,2021,7,114.31,31.54,30.4,74.1,1,0,vidarbha
Chandrapur,2021-07-12,28,2021,7,168.29,93.59,30.7,85.0,1,0,vidarbha
Chandrapur,2021-07-19,29,2021,7,89.83,3.39,29.6,75.7,1,0,vidarbha
Chandrapur,2021-07-26,30,2021,7,85.89,-1.14,29.1,83.4,1,0,vidarbha
Chandrapur,2021-08-02,31,2021,8,87.16,9.53,32.1,72.3,1,0,vidarbha
Chandrapur,2021-08-09,32,2021,8,76.62,-3.7,33.2,81.2,1,0,vidarbha
Chandrapur,2021-08-16,33,2021,8,96.9,21.76,30.9,73.5,1,0,vidarbha
Chandrapur,2021-08-23,34,2021,8,110.23,38.49,29.6,84.1,1,0,vidarbha
Chandrapur,2021-08-30,35,2021,8,137.96,73.3,31.3,77.7,1,0,vidarbha
Chandrapur,2021-09-06,36,2021,9,85.88,42.21,32.3,81.4,1,0,vidarbha
Chandrapur,2021-09-13,37,2021,9,59.4,-1.58,33.4,83.2,1,0,vidarbha
Chandrapur,2021-09-20,38,2021,9,93.05,54.08,30.8,71.7,1,0,vidarbha
Chandrapur,2021-09-27,39,2021,9,77.8,28.84,32.9,75.9,1,0,vidarbha
Chandrapur,2021-10-04,40,2021,10,20.3,7.38,33.9,51.6,0,0,vidarbha
Chandrapur,2021-10-11,41,2021,10,19.64,3.91,28.9,57.8,0,0,vidarbha
Chandrapur,2021-10-18,42,2021,10,33.63,77.52,29.7,45.8,0,0,vidarbha
Chandrapur,2021-10-25,43,2021,10,37.55,98.13,32.9,45.7,0,0,vidarbha
Chandrapur,2021-11-01,44,2021,11,7.44,35.02,30.4,46.7,0,0,vidarbha
Chandrapur,2021-11-08,45,2021,11,9.11,64.92,31.4,45.4,0,0,vidarbha
Chandrapur,2021-11-15,46,2021,11,7.81,41.51,29.2,50.6,0,0,vidarbha
Chandrapur,2021-11-22,47,2021,11,6.14,11.72,29.6,58.1,0,0,vidarbha
Chandrapur,2021-11-29,48,2021,11,8.56,55.01,31.3,54.1,0,0,vidarbha
Chandrapur,2021-12-06,49,2021,12,1.39,13.0,29.1,57.4,0,0,vidarbha
Chandrapur,2021-12-13,50,2021,12,0.78,-33.67,28.9,51.9,0,0,vidarbha
Chandrapur,2021-12-20,51,2021,12,1.55,25.0,26.7,48.1,0,0,vidarbha
Chandrapur,2021-12-27,52,2021,12,2.06,63.51,26.0,54.2,0,0,vidarbha
Chandrapur,2022-01-03,1,2022,1,1.26,-16.49,25.6,44.8,0,0,vidarbha
Chandrapur,2022-01-10,2,2022,1,1.12,-24.59,24.1,55.9,0,0,vidarbha
Chandrapur,2022-01-17,3,2022,1,1.19,-20.79,25.0,57.5,0,0,vidarbha
Chandrapur,2022-01-24,4,2022,1,1.73,12.55,24.3,55.3,0,0,vidarbha
Chandrapur,2022-01-31,5,2022,1,1.22,-18.79,23.6,45.6,0,0,vidarbha
Chandrapur,2022-02-07,6,2022,2,1.5,57.36,21.6,45.3,0,0,vidarbha
Chandrapur,2022-02-14,7,2022,2,0.79,-12.72,21.1,51.8,0,0,vidarbha
Chandrapur,2022-02-21,8,2022,2,1.12,20.2,20.2,57.4,0,0,vidarbha
Chandrapur,2022-02-28,9,2022,2,0.66,-25.57,22.4,52.2,0,0,vidarbha
Chandrapur,2022-03-07,10,2022,3,0.71,-38.42,17.1,47.8,0,0,vidarbha
Chandrapur,2022-03-14,11,2022,3,1.56,25.51,18.7,43.3,0,0,vidarbha
Chandrapur,2022-03-21,12,2022,3,1.58,27.26,16.9,47.8,0,0,vidarbha
Chandrapur,2022-03-28,13,2022,3,1.75,40.57,17.3,53.5,0,0,vidarbha
Chandrapur,2022-04-04,14,2022,4,2.44,31.74,21.4,40.3,0,0,vidarbha
Chandrapur,2022-04-11,15,2022,4,2.88,54.39,18.8,34.2,0,0,vidarbha
Chandrapur,2022-04-18,16,2022,4,1.83,-0.17,20.1,22.1,0,0,vidarbha
Chandrapur,2022-04-25,17,2022,4,2.91,56.18,19.4,28.2,0,0,vidarbha
Chandrapur,2022-05-02,18,2022,5,5.38,45.86,24.8,23.8,0,0,vidarbha
Chandrapur,2022-05-09,19,2022,5,3.63,-0.63,24.0,24.8,0,0,vidarbha
Chandrapur,2022-05-16,20,2022,5,5.26,42.67,23.3,29.1,0,0,vidarbha
Chandrapur,2022-05-23,21,2022,5,5.15,39.67,23.2,27.4,0,0,vidarbha
Chandrapur,2022-05-30,22,2022,5,3.57,-2.44,25.3,21.0,0,0,vidarbha
Chandrapur,2022-06-06,23,2022,6,70.68,63.14,28.4,70.9,1,0,vidarbha
Chandrapur,2022-06-13,24,2022,6,37.23,-13.97,28.3,83.5,1,0,vidarbha
Chandrapur,2022-06-20,25,2022,6,35.26,-18.52,26.9,80.9,1,0,vidarbha
Chandrapur,2022-06-27,26,2022,6,39.23,-9.35,26.7,81.6,1,0,vidarbha
Chandrapur,2022-07-04,27,2022,7,100.7,15.89,33.1,72.1,1,0,vidarbha
Chandrapur,2022-07-11,28,2022,7,44.88,-48.28,29.1,85.8,1,0,vidarbha
Chandrapur,2022-07-18,29,2022,7,105.56,21.48,30.5,80.8,1,0,vidarbha
Chandrapur,2022-07-25,30,2022,7,69.05,-20.5,30.4,80.1,1,0,vidarbha
Chandrapur,2022-08-01,31,2022,8,115.32,44.88,31.5,74.5,1,0,vidarbha
Chandrapur,2022-08-08,32,2022,8,73.88,-7.14,32.4,69.8,1,0,vidarbha
Chandrapur,2022-08-15,33,2022,8,78.11,-1.83,33.3,77.3,1,0,vidarbha
Chandrapur,2022-08-22,34,2022,8,134.39,68.82,33.0,80.7,1,0,vidarbha
Chandrapur,2022-08-29,35,2022,8,88.61,11.35,33.0,77.6,1,0,vidarbha
Chandrapur,2022-09-05,36,2022,9,38.17,-36.71,32.6,78.9,1,0,vidarbha
Chandrapur,2022-09-12,37,2022,9,77.94,29.08,33.0,81.1,1,0,vidarbha
Chandrapur,2022-09-19,38,2022,9,58.99,-2.26,30.9,77.9,1,0,vidarbha
Chandrapur,2022-09-26,39,2022,9,36.82,-38.94,30.0,72.9,1,0,vidarbha
Chandrapur,2022-10-03,40,2022,10,18.2,-3.71,33.5,57.7,0,0,vidarbha
Chandrapur,2022-10-10,41,2022,10,18.68,-1.15,32.0,47.0,0,0,vidarbha
Chandrapur,2022-10-17,42,2022,10,22.92,21.14,32.2,43.7,0,0,vidarbha
Chandrapur,2022-10-24,43,2022,10,23.77,25.63,31.9,46.6,0,0,vidarbha
Chandrapur,2022-10-31,44,2022,10,31.53,66.48,32.2,49.6,0,0,vidarbha
Chandrapur,2022-11-07,45,2022,11,5.96,8.38,29.2,47.6,0,0,vidarbha
Chandrapur,2022-11-14,46,2022,11,4.96,-9.4,32.3,45.4,0,0,vidarbha
Chandrapur,2022-11-21,47,2022,11,5.6,2.1,29.0,51.0,0,0,vidarbha
Chandrapur,2022-11-28,48,2022,11,7.66,38.97,30.4,53.3,0,0,vidarbha
Chandrapur,2022-12-05,49,2022,12,1.22,0.08,27.5,54.6,0,0,vidarbha
Chandrapur,2022-12-12,50,2022,12,1.46,18.56,28.7,53.5,0,0,vidarbha
Chandrapur,2022-12-19,51,2022,12,1.14,-6.31,29.1,40.3,0,0,vidarbha
Chandrapur,2022-12-26,52,2022,12,1.35,10.07,30.2,53.4,0,0,vidarbha
Chandrapur,2023-01-02,1,2023,1,2.28,46.74,22.5,59.2,0,0,vidarbha
Chandrapur,2023-01-09,2,2023,1,2.78,77.58,25.1,52.6,0,0,vidarbha
Chandrapur,2023-01-16,3,2023,1,1.38,-9.14,24.6,53.2,0,0,vidarbha
Chandrapur,2023-01-23,4,2023,1,1.55,1.77,24.9,56.1,0,0,vidarbha
Chandrapur,2023-01-30,5,2023,1,2.11,36.24,24.1,53.6,0,0,vidarbha
Chandrapur,2023-02-06,6,2023,2,0.91,-0.5,22.5,50.6,0,0,vidarbha
Chandrapur,2023-02-13,7,2023,2,1.28,35.82,19.1,49.6,0,0,vidarbha
Chandrapur,2023-02-20,8,2023,2,0.69,-22.53,21.2,49.0,0,0,vidarbha
Chandrapur,2023-02-27,9,2023,2,1.37,44.45,22.4,55.5,0,0,vidarbha
Chandrapur,2023-03-06,10,2023,3,1.06,-11.91,17.3,47.2,0,0,vidarbha
Chandrapur,2023-03-13,11,2023,3,0.97,-19.07,15.8,50.8,0,0,vidarbha
Chandrapur,2023-03-20,12,2023,3,1.25,1.97,16.4,51.4,0,0,vidarbha
Chandrapur,2023-03-27,13,2023,3,2.15,70.52,18.6,57.5,0,0,vidarbha
Chandrapur,2023-04-03,14,2023,4,1.83,-0.14,19.8,33.9,0,0,vidarbha
Chandrapur,2023-04-10,15,2023,4,1.42,-21.04,20.3,31.5,0,0,vidarbha
Chandrapur,2023-04-17,16,2023,4,1.94,5.53,22.1,24.3,0,0,vidarbha
Chandrapur,2023-04-24,17,2023,4,1.88,2.54,18.9,29.6,0,0,vidarbha
Chandrapur,2023-05-01,18,2023,5,1.04,-69.63,23.1,31.3,0,0,vidarbha
Chandrapur,2023-05-08,19,2023,5,5.14,39.55,24.1,24.8,0,0,vidarbha
Chandrapur,2023-05-15,20,2023,5,3.2,-12.19,23.5,31.4,0,0,vidarbha
Chandrapur,2023-05-22,21,2023,5,2.04,-42.97,25.0,34.0,0,0,vidarbha
Chandrapur,2023-05-29,22,2023,5,3.86,5.33,25.4,29.3,0,0,vidarbha
Chandrapur,2023-06-05,23,2023,6,68.59,58.31,30.2,83.0,1,0,vidarbha
Chandrapur,2023-06-12,24,2023,6,16.07,-62.73,25.4,78.0,1,0,vidarbha
Chandrapur,2023-06-19,25,2023,6,28.95,-33.05,28.0,77.3,1,0,vidarbha
Chandrapur,2023-06-26,26,2023,6,73.61,69.88,28.4,73.8,1,0,vidarbha
Chandrapur,2023-07-03,27,2023,7,122.56,41.02,30.5,77.9,1,0,vidarbha
Chandrapur,2023-07-10,28,2023,7,86.33,-0.64,30.9,77.4,1,0,vidarbha
Chandrapur,2023-07-17,29,2023,7,126.89,45.99,29.8,76.6,1,0,vidarbha
Chandrapur,2023-07-24,30,2023,7,152.29,75.2,31.2,80.2,1,0,vidarbha
Chandrapur,2023-07-31,31,2023,7,141.93,63.29,29.6,87.9,1,0,vidarbha
Chandrapur,2023-08-07,32,2023,8,125.61,57.8,29.5,75.7,1,0,vidarbha
Chandrapur,2023-08-14,33,2023,8,73.36,-7.79,31.3,83.8,1,0,vidarbha
Chandrapur,2023-08-21,34,2023,8,70.55,-11.32,31.6,85.8,1,0,vidarbha
Chandrapur,2023-08-28,35,2023,8,72.97,-8.28,30.3,76.3,1,0,vidarbha
Chandrapur,2023-09-04,36,2023,9,24.18,-59.84,30.7,73.2,1,0,vidarbha
Chandrapur,2023-09-11,37,2023,9,24.08,-60.0,31.6,78.4,1,0,vidarbha
Chandrapur,2023-09-18,38,2023,9,60.41,0.08,31.9,70.4,1,0,vidarbha
Chandrapur,2023-09-25,39,2023,9,113.78,88.36,31.7,82.0,1,0,vidarbha
Chandrapur,2023-10-02,40,2023,10,29.11,53.71,31.0,51.3,0,0,vidarbha
Chandrapur,2023-10-09,41,2023,10,28.15,48.68,30.8,60.9,0,0,vidarbha
Chandrapur,2023-10-16,42,2023,10,18.45,-2.37,33.3,57.1,0,0,vidarbha
Chandrapur,2023-10-23,43,2023,10,26.04,37.55,32.0,56.5,0,0,vidarbha
Chandrapur,2023-10-30,44,2023,10,22.53,19.12,30.7,43.8,0,0,vidarbha
Chandrapur,2023-11-06,45,2023,11,5.46,-0.43,30.9,49.5,0,0,vidarbha
Chandrapur,2023-11-13,46,2023,11,2.59,-51.85,29.6,55.7,0,0,vidarbha
Chandrapur,2023-11-20,47,2023,11,4.0,-26.6,30.3,49.5,0,0,vidarbha
Chandrapur,2023-11-27,48,2023,11,7.04,27.77,31.1,58.7,0,0,vidarbha
Chandrapur,2023-12-04,49,2023,12,2.16,71.15,28.6,55.1,0,0,vidarbha
Chandrapur,2023-12-11,50,2023,12,0.8,-31.41,26.5,62.3,0,0,vidarbha
Chandrapur,2023-12-18,51,2023,12,1.46,18.56,27.2,46.8,0,0,vidarbha
Chandrapur,2023-12-25,52,2023,12,1.74,39.64,27.7,47.2,0,0,vidarbha
Gadchiroli,2019-01-07,2,2019,1,1.71,-5.85,24.7,56.7,0,0,vidarbha
Gadchiroli,2019-01-14,3,2019,1,1.63,-10.21,26.1,54.1,0,0,vidarbha
Gadchiroli,2019-01-21,4,2019,1,1.98,8.04,23.6,56.9,0,0,vidarbha
Gadchiroli,2019-01-28,5,2019,1,2.69,44.99,25.3,53.6,0,0,vidarbha
Gadchiroli,2019-02-04,6,2019,2,0.94,-12.99,20.3,49.8,0,0,vidarbha
Gadchiroli,2019-02-11,7,2019,2,0.72,-31.48,21.4,51.6,0,0,vidarbha
Gadchiroli,2019-02-18,8,2019,2,1.3,17.45,22.4,43.1,0,0,vidarbha
Gadchiroli,2019-02-25,9,2019,2,1.17,5.93,20.5,56.9,0,0,vidarbha
Gadchiroli,2019-03-04,10,2019,3,1.0,-29.56,17.0,51.2,0,0,vidarbha
Gadchiroli,2019-03-11,11,2019,3,1.31,-9.43,17.4,51.5,0,0,vidarbha
Gadchiroli,2019-03-18,12,2019,3,1.17,-18.81,15.8,45.6,0,0,vidarbha
Gadchiroli,2019-03-25,13,2019,3,1.66,13.11,17.2,46.2,0,0,vidarbha
Gadchiroli,2019-04-01,14,2019,4,3.2,43.97,19.4,24.5,0,0,vidarbha
Gadchiroli,2019-04-08,15,2019,4,2.78,25.92,22.3,33.9,0,0,vidarbha
Gadchiroli,2019-04-15,16,2019,4,2.95,33.08,18.5,27.3,0,0,vidarbha
Gadchiroli,2019-04-22,17,2019,4,1.56,-27.63,21.2,17.5,0,0,vidarbha
Gadchiroli,2019-04-29,18,2019,4,2.01,-7.85,19.8,29.2,0,0,vidarbha
Gadchiroli,2019-05-06,19,2019,5,4.95,12.82,22.1,24.7,0,0,vidarbha
Gadchiroli,2019-05-13,20,2019,5,5.71,29.76,23.3,35.3,0,0,vidarbha
Gadchiroli,2019-05-20,21,2019,5,7.7,74.17,23.7,28.4,0,0,vidarbha
Gadchiroli,2019-05-27,22,2019,5,7.85,77.49,25.1,30.6,0,0,vidarbha
Gadchiroli,2019-06-03,23,2019,6,39.71,-23.32,28.3,74.9,1,0,vidarbha
Gadchiroli,2019-06-10,24,2019,6,72.5,39.85,27.1,77.2,1,0,vidarbha
Gadchiroli,2019-06-17,25,2019,6,44.75,-13.6,25.7,79.3,1,0,vidarbha
Gadchiroli,2019-06-24,26,2019,6,47.34,-8.63,27.3,82.9,1,0,vidarbha
Gadchiroli,2019-07-01,27,2019,7,73.65,-29.15,30.1,88.9,1,0,vidarbha
Gadchiroli,2019-07-08,28,2019,7,80.01,-23.04,26.8,87.6,1,0,vidarbha
Gadchiroli,2019-07-15,29,2019,7,129.83,24.82,30.7,79.7,1,0,vidarbha
Gadchiroli,2019-07-22,30,2019,7,73.94,-28.87,29.4,77.8,1,0,vidarbha
Gadchiroli,2019-07-29,31,2019,7,32.9,-68.3,31.5,78.9,1,0,vidarbha
Gadchiroli,2019-08-05,32,2019,8,122.45,28.55,30.6,69.4,1,0,vidarbha
Gadchiroli,2019-08-12,33,2019,8,182.48,91.51,31.6,83.1,1,0,vidarbha
Gadchiroli,2019-08-19,34,2019,8,123.87,30.04,32.2,83.7,1,0,vidarbha
Gadchiroli,2019-08-26,35,2019,8,60.44,-36.5,29.9,69.3,1,0,vidarbha
Gadchiroli,2019-09-02,36,2019,9,72.86,0.84,32.9,74.4,1,0,vidarbha
Gadchiroli,2019-09-09,37,2019,9,86.11,19.16,33.1,62.4,1,0,vidarbha
Gadchiroli,2019-09-16,38,2019,9,87.83,21.54,34.8,75.8,1,0,vidarbha
Gadchiroli,2019-09-23,39,2019,9,71.8,-0.62,30.7,79.9,1,0,vidarbha
Gadchiroli,2019-09-30,40,2019,9,113.64,57.21,31.6,71.6,1,0,vidarbha
Gadchiroli,2019-10-07,41,2019,10,33.5,47.87,30.7,52.2,0,0,vidarbha
Gadchiroli,2019-10-14,42,2019,10,38.7,70.74,31.7,57.2,0,0,vidarbha
Gadchiroli,2019-10-21,43,2019,10,32.21,42.2,30.7,40.7,0,0,vidarbha
Gadchiroli,2019-10-28,44,2019,10,38.17,68.4,30.7,57.1,0,0,vidarbha
Gadchiroli,2019-11-04,45,2019,11,8.43,27.96,30.7,47.7,0,0,vidarbha
Gadchiroli,2019-11-11,46,2019,11,4.74,-27.42,28.6,54.6,0,0,vidarbha
Gadchiroli,2019-11-18,47,2019,11,5.14,-21.49,32.0,63.5,0,0,vidarbha
Gadchiroli,2019-11-25,48,2019,11,6.54,-0.35,29.3,61.0,0,0,vidarbha
Gadchiroli,2019-12-02,49,2019,12,1.01,-28.57,28.2,65.8,0,0,vidarbha
Gadchiroli,2019-12-09,50,2019,12,1.82,22.94,27.8,52.6,0,0,vidarbha
Gadchiroli,2019-12-16,51,2019,12,2.05,37.94,25.9,56.7,0,0,vidarbha
Gadchiroli,2019-12-23,52,2019,12,1.01,-28.53,26.3,47.8,0,0,vidarbha
Gadchiroli,2019-12-30,1,2019,12,1.53,4.57,26.3,51.1,0,0,vidarbha
Gadchiroli,2020-01-06,2,2020,1,1.73,-5.11,26.0,48.0,0,0,vidarbha
Gadchiroli,2020-01-13,3,2020,1,2.07,13.0,23.8,50.9,0,0,vidarbha
Gadchiroli,2020-01-20,4,2020,1,1.84,0.88,25.6,53.5,0,0,vidarbha
Gadchiroli,2020-01-27,5,2020,1,1.59,-12.41,23.8,46.8,0,0,vidarbha
Gadchiroli,2020-02-03,6,2020,2,1.75,54.93,21.1,58.2,0,0,vidarbha
Gadchiroli,2020-02-10,7,2020,2,1.05,-3.76,19.0,60.2,0,0,vidarbha
Gadchiroli,2020-02-17,8,2020,2,0.56,-44.47,21.3,35.2,0,0,vidarbha
Gadchiroli,2020-02-24,9,2020,2,1.31,18.01,21.1,49.0,0,0,vidarbha
Gadchiroli,2020-03-02,10,2020,3,1.81,22.68,16.9,50.4,0,0,vidarbha
Gadchiroli,2020-03-09,11,2020,3,1.57,7.38,16.2,48.5,0,0,vidarbha
Gadchiroli,2020-03-16,12,2020,3,1.38,-4.84,16.5,56.3,0,0,vidarbha
Gadchiroli,2020-03-23,13,2020,3,1.79,20.95,19.0,52.9,0,0,vidarbha
Gadchiroli,2020-03-30,14,2020,3,1.33,-8.02,15.4,51.7,0,0,vidarbha
Gadchiroli,2020-04-06,15,2020,4,0.28,-83.48,21.4,22.2,0,0,vidarbha
Gadchiroli,2020-04-13,16,2020,4,0.29,-83.18,20.5,27.8,0,0,vidarbha
Gadchiroli,2020-04-20,17,2020,4,0.98,-52.91,21.8,15.0,0,0,vidarbha
Gadchiroli,2020-04-27,18,2020,4,3.71,66.49,21.4,22.2,0,0,vidarbha
Gadchiroli,2020-05-04,19,2020,5,2.48,-42.48,24.4,26.1,0,0,vidarbha
Gadchiroli,2020-05-11,20,2020,5,2.97,-31.36,25.2,34.6,0,0,vidarbha
Gadchiroli,2020-05-18,21,2020,5,2.21,-48.53,23.6,26.3,0,0,vidarbha
Gadchiroli,2020-05-25,22,2020,5,5.16,17.52,24.7,29.4,0,0,vidarbha
Gadchiroli,2020-06-01,23,2020,6,52.35,1.04,27.1,87.5,1,0,vidarbha
Gadchiroli,2020-06-08,24,2020,6,61.76,19.16,25.6,87.7,1,0,vidarbha
Gadchiroli,2020-06-15,25,2020,6,24.6,-52.41,28.2,75.5,1,0,vidarbha
Gadchiroli,2020-06-22,26,2020,6,92.56,78.48,27.9,74.8,1,0,vidarbha
Gadchiroli,2020-06-29,27,2020,6,59.84,15.46,26.5,76.3,1,0,vidarbha
Gadchiroli,2020-07-06,28,2020,7,164.89,58.49,29.2,86.4,1,0,vidarbha
Gadchiroli,2020-07-13,29,2020,7,72.45,-30.3,30.6,78.4,1,0,vidarbha
Gadchiroli,2020-07-20,30,2020,7,84.45,-18.77,32.3,71.2,1,0,vidarbha
Gadchiroli,2020-07-27,31,2020,7,84.32,-18.9,28.7,72.1,1,0,vidarbha
Gadchiroli,2020-08-03,32,2020,8,57.49,-39.59,32.4,69.7,1,0,vidarbha
Gadchiroli,2020-08-10,33,2020,8,99.13,4.09,30.7,84.4,1,0,vidarbha
Gadchiroli,2020-08-17,34,2020,8,74.4,-21.85,31.4,78.8,1,0,vidarbha
Gadchiroli,2020-08-24,35,2020,8,74.76,-21.48,30.1,79.3,1,0,vidarbha
Gadchiroli,2020-08-31,36,2020,8,85.82,-9.88,32.2,76.2,1,0,vidarbha
Gadchiroli,2020-09-07,37,2020,9,34.42,-52.29,30.7,78.1,1,0,vidarbha
Gadchiroli,2020-09-14,38,2020,9,42.42,-41.23,32.0,84.5,1,0,vidarbha
Gadchiroli,2020-09-21,39,2020,9,30.67,-57.48,31.1,82.7,1,0,vidarbha
Gadchiroli,2020-09-28,40,2020,9,11.03,-84.61,32.5,85.1,1,0,vidarbha
Gadchiroli,2020-10-05,41,2020,10,25.84,14.18,30.7,56.3,0,0,vidarbha
Gadchiroli,2020-10-12,42,2020,10,19.82,-12.34,32.0,62.3,0,0,vidarbha
Gadchiroli,2020-10-19,43,2020,10,29.42,29.92,28.5,53.5,0,0,vidarbha
Gadchiroli,2020-10-26,44,2020,10,15.52,-31.26,30.0,48.8,0,0,vidarbha
Gadchiroli,2020-11-02,45,2020,11,7.58,15.22,30.3,52.9,0,0,vidarbha
Gadchiroli,2020-11-09,46,2020,11,11.65,76.27,29.8,52.2,0,0,vidarbha
Gadchiroli,2020-11-16,47,2020,11,1.7,-73.08,30.6,54.7,0,0,vidarbha
Gadchiroli,2020-11-23,48,2020,11,8.39,27.36,28.7,50.1,0,0,vidarbha
Gadchiroli,2020-11-30,49,2020,11,4.72,-27.73,30.5,53.2,0,0,vidarbha
Gadchiroli,2020-12-07,50,2020,12,1.25,-13.29,27.4,50.4,0,0,vidarbha
Gadchiroli,2020-12-14,51,2020,12,1.33,-8.25,26.6,47.4,0,0,vidarbha
Gadchiroli,2020-12-21,52,2020,12,1.36,-6.24,27.4,53.9,0,0,vidarbha
Gadchiroli,2020-12-28,53,2020,12,0.56,-57.57,27.8,49.0,0,0,vidarbha
Gadchiroli,2021-01-04,1,2021,1,2.97,59.63,23.0,52.4,0,0,vidarbha
Gadchiroli,2021-01-11,2,2021,1,2.59,39.81,23.2,55.6,0,0,vidarbha
Gadchiroli,2021-01-18,3,2021,1,2.17,17.81,25.7,55.8,0,0,vidarbha
Gadchiroli,2021-01-25,4,2021,1,1.27,-28.96,24.1,57.7,0,0,vidarbha
Gadchiroli,2021-02-01,5,2021,2,1.59,41.16,21.2,50.0,0,0,vidarbha
Gadchiroli,2021-02-08,6,2021,2,1.74,53.61,19.5,54.0,0,0,vidarbha
Gadchiroli,2021-02-15,7,2021,2,1.25,13.13,21.7,66.1,0,0,vidarbha
Gadchiroli,2021-02-22,8,2021,2,2.11,85.17,20.3,57.6,0,0,vidarbha
Gadchiroli,2021-03-01,9,2021,3,1.7,15.29,14.9,47.7,0,0,vidarbha
Gadchiroli,2021-03-08,10,2021,3,1.67,13.28,17.3,49.1,0,0,vidarbha
Gadchiroli,2021-03-15,11,2021,3,2.26,51.2,15.7,56.1,0,0,vidarbha
Gadchiroli,2021-03-22,12,2021,3,1.45,-0.82,16.0,45.8,0,0,vidarbha
Gadchiroli,2021-03-29,13,2021,3,1.71,15.97,16.7,61.0,0,0,vidarbha
Gadchiroli,2021-04-05,14,2021,4,2.59,17.59,23.4,26.4,0,0,vidarbha
Gadchiroli,2021-04-12,15,2021,4,2.81,27.24,19.7,26.9,0,0,vidarbha
Gadchiroli,2021-04-19,16,2021,4,0.98,-53.02,19.3,31.7,0,0,vidarbha
Gadchiroli,2021-04-26,17,2021,4,4.67,108.45,20.1,32.2,0,0,vidarbha
Gadchiroli,2021-05-03,18,2021,5,4.37,-0.3,23.9,29.7,0,0,vidarbha
Gadchiroli,2021-05-10,19,2021,5,3.51,-19.46,25.5,35.0,0,0,vidarbha
Gadchiroli,2021-05-17,20,2021,5,5.32,21.0,24.5,15.0,0,0,vidarbha
Gadchiroli,2021-05-24,21,2021,5,5.32,21.03,24.1,21.5,0,0,vidarbha
Gadchiroli,2021-05-31,22,2021,5,6.92,56.63,22.5,32.0,0,0,vidarbha
Gadchiroli,2021-06-07,23,2021,6,59.26,14.33,29.7,87.0,1,0,vidarbha
Gadchiroli,2021-06-14,24,2021,6,81.35,56.89,29.4,79.8,1,0,vidarbha
Gadchiroli,2021-06-21,25,2021,6,98.72,90.34,27.2,81.8,1,0,vidarbha
Gadchiroli,2021-06-28,26,2021,6,69.9,34.84,28.3,74.3,1,0,vidarbha
Gadchiroli,2021-07-05,27,2021,7,111.24,6.96,30.0,78.4,1,0,vidarbha
Gadchiroli,2021-07-12,28,2021,7,151.0,45.16,30.4,74.3,1,0,vidarbha
Gadchiroli,2021-07-19,29,2021,7,99.55,-4.27,30.1,77.6,1,0,vidarbha
Gadchiroli,2021-07-26,30,2021,7,33.27,-67.94,30.1,80.1,1,0,vidarbha
Gadchiroli,2021-08-02,31,2021,8,142.47,49.54,31.8,77.7,1,0,vidarbha
Gadchiroli,2021-08-09,32,2021,8,109.16,14.61,34.1,75.3,1,0,vidarbha
Gadchiroli,2021-08-16,33,2021,8,114.02,19.7,30.9,72.5,1,0,vidarbha
Gadchiroli,2021-08-23,34,2021,8,137.93,44.78,30.2,79.0,1,0,vidarbha
Gadchiroli,2021-08-30,35,2021,8,147.7,55.02,30.4,73.9,1,0,vidarbha
Gadchiroli,2021-09-06,36,2021,9,126.99,75.66,33.7,76.8,1,0,vidarbha
Gadchiroli,2021-09-13,37,2021,9,109.97,52.13,32.1,63.1,1,0,vidarbha
Gadchiroli,2021-09-20,38,2021,9,144.38,99.7,31.8,82.8,1,0,vidarbha
Gadchiroli,2021-09-27,39,2021,9,138.3,91.29,32.2,82.9,1,0,vidarbha
Gadchiroli,2021-10-04,40,2021,10,22.94,1.37,32.2,54.5,0,0,vidarbha
Gadchiroli,2021-10-11,41,2021,10,19.11,-15.48,32.3,45.6,0,0,vidarbha
Gadchiroli,2021-10-18,42,2021,10,29.45,30.03,32.9,55.1,0,0,vidarbha
Gadchiroli,2021-10-25,43,2021,10,31.49,39.0,29.8,51.9,0,0,vidarbha
Gadchiroli,2021-11-01,44,2021,11,4.06,-37.61,29.9,46.4,0,0,vidarbha
Gadchiroli,2021-11-08,45,2021,11,12.36,86.78,28.8,58.8,0,0,vidarbha
Gadchiroli,2021-11-15,46,2021,11,11.31,71.11,27.1,58.5,0,0,vidarbha
Gadchiroli,2021-11-22,47,2021,11,8.8,33.54,28.5,51.1,0,0,vidarbha
Gadchiroli,2021-11-29,48,2021,11,6.71,2.11,28.8,55.9,0,0,vidarbha
Gadchiroli,2021-12-06,49,2021,12,1.51,3.17,28.4,51.7,0,0,vidarbha
Gadchiroli,2021-12-13,50,2021,12,1.73,17.6,25.8,49.2,0,0,vidarbha
Gadchiroli,2021-12-20,51,2021,12,0.69,-49.51,30.2,48.1,0,0,vidarbha
Gadchiroli,2021-12-27,52,2021,12,0.92,-34.72,27.8,52.4,0,0,vidarbha
Gadchiroli,2022-01-03,1,2022,1,1.86,1.88,25.7,53.2,0,0,vidarbha
Gadchiroli,2022-01-10,2,2022,1,2.08,13.31,25.1,50.5,0,0,vidarbha
Gadchiroli,2022-01-17,3,2022,1,0.97,-44.59,24.8,52.0,0,0,vidarbha
Gadchiroli,2022-01-24,4,2022,1,2.49,34.35,24.8,49.4,0,0,vidarbha
Gadchiroli,2022-01-31,5,2022,1,2.16,17.4,25.0,56.4,0,0,vidarbha
Gadchiroli,2022-02-07,6,2022,2,1.91,68.12,19.3,56.1,0,0,vidarbha
Gadchiroli,2022-02-14,7,2022,2,0.67,-35.5,20.5,48.9,0,0,vidarbha
Gadchiroli,2022-02-21,8,2022,2,0.94,-12.97,20.7,59.0,0,0,vidarbha
Gadchiroli,2022-02-28,9,2022,2,0.32,-64.66,19.9,51.7,0,0,vidarbha
Gadchiroli,2022-03-07,10,2022,3,1.47,0.67,13.7,52.7,0,0,vidarbha
Gadchiroli,2022-03-14,11,2022,3,1.01,-28.52,17.6,52.6,0,0,vidarbha
Gadchiroli,2022-03-21,12,2022,3,1.93,30.04,17.5,48.7,0,0,vidarbha
Gadchiroli,2022-03-28,13,2022,3,1.87,26.21,18.6,54.8,0,0,vidarbha
Gadchiroli,2022-04-04,14,2022,4,1.93,-11.47,19.2,17.2,0,0,vidarbha
Gadchiroli,2022-04-11,15,2022,4,1.41,-34.08,23.0,24.0,0,0,vidarbha
Gadchiroli,2022-04-18,16,2022,4,2.84,28.4,19.8,26.2,0,0,vidarbha
Gadchiroli,2022-04-25,17,2022,4,1.46,-31.79,20.8,29.7,0,0,vidarbha
Gadchiroli,2022-05-02,18,2022,5,3.25,-25.31,24.4,33.6,0,0,vidarbha
Gadchiroli,2022-05-09,19,2022,5,6.72,52.32,26.0,30.5,0,0,vidarbha
Gadchiroli,2022-05-16,20,2022,5,7.99,80.55,24.7,30.1,0,0,vidarbha
Gadchiroli,2022-05-23,21,2022,5,3.09,-28.68,25.7,32.2,0,0,vidarbha
Gadchiroli,2022-05-30,22,2022,5,6.13,39.18,21.7,24.7,0,0,vidarbha
Gadchiroli,2022-06-06,23,2022,6,73.98,42.7,26.6,80.6,1,0,vidarbha
Gadchiroli,2022-06-13,24,2022,6,53.26,2.79,28.5,87.0,1,0,vidarbha
Gadchiroli,2022-06-20,25,2022,6,37.25,-28.06,28.4,79.1,1,0,vidarbha
Gadchiroli,2022-06-27,26,2022,6,46.97,-9.33,28.6,79.9,1,0,vidarbha
Gadchiroli,2022-07-04,27,2022,7,97.29,-6.45,30.2,73.3,1,0,vidarbha
Gadchiroli,2022-07-11,28,2022,7,152.63,46.72,29.3,73.2,1,0,vidarbha
Gadchiroli,2022-07-18,29,2022,7,160.1,53.9,28.0,80.0,1,0,vidarbha
Gadchiroli,2022-07-25,30,2022,7,136.37,31.11,29.2,76.4,1,0,vidarbha
Gadchiroli,2022-08-01,31,2022,8,92.97,-2.38,31.6,77.7,1,0,vidarbha
Gadchiroli,2022-08-08,32,2022,8,85.47,-10.24,30.5,84.5,1,0,vidarbha
Gadchiroli,2022-08-15,33,2022,8,129.76,36.21,30.9,71.6,1,0,vidarbha
Gadchiroli,2022-08-22,34,2022,8,169.04,77.42,33.1,75.6,1,0,vidarbha
Gadchiroli,2022-08-29,35,2022,8,165.75,73.96,30.2,71.8,1,0,vidarbha
Gadchiroli,2022-09-05,36,2022,9,118.4,63.78,31.6,80.2,1,0,vidarbha
Gadchiroli,2022-09-12,37,2022,9,65.26,-9.66,32.4,76.7,1,0,vidarbha
Gadchiroli,2022-09-19,38,2022,9,101.29,40.13,32.5,77.3,1,0,vidarbha
Gadchiroli,2022-09-26,39,2022,9,87.97,21.73,33.6,82.6,1,0,vidarbha
Gadchiroli,2022-10-03,40,2022,10,35.84,58.16,31.7,61.1,0,0,vidarbha
Gadchiroli,2022-10-10,41,2022,10,19.75,-12.64,34.5,50.4,0,0,vidarbha
Gadchiroli,2022-10-17,42,2022,10,23.75,4.94,33.3,51.5,0,0,vidarbha
Gadchiroli,2022-10-24,43,2022,10,16.44,-27.2,32.3,54.3,0,0,vidarbha
Gadchiroli,2022-10-31,44,2022,10,26.94,19.0,33.3,45.0,0,0,vidarbha
Gadchiroli,2022-11-07,45,2022,11,8.9,34.93,30.1,47.3,0,0,vidarbha
Gadchiroli,2022-11-14,46,2022,11,11.98,81.21,29.7,47.0,0,0,vidarbha
Gadchiroli,2022-11-21,47,2022,11,8.34,26.5,29.7,40.6,0,0,vidarbha
Gadchiroli,2022-11-28,48,2022,11,6.48,-1.35,32.9,50.2,0,0,vidarbha
Gadchiroli,2022-12-05,49,2022,12,1.19,-17.18,28.7,54.0,0,0,vidarbha
Gadchiroli,2022-12-12,50,2022,12,1.47,0.47,25.3,43.2,0,0,vidarbha
Gadchiroli,2022-12-19,51,2022,12,1.21,-15.85,28.5,54.3,0,0,vidarbha
Gadchiroli,2022-12-26,52,2022,12,1.35,-7.3,29.7,43.6,0,0,vidarbha
Gadchiroli,2023-01-02,1,2023,1,2.14,16.4,23.5,51.2,0,0,vidarbha
Gadchiroli,2023-01-09,2,2023,1,0.87,-49.83,23.2,54.6,0,0,vidarbha
Gadchiroli,2023-01-16,3,2023,1,2.96,58.75,24.3,47.6,0,0,vidarbha
Gadchiroli,2023-01-23,4,2023,1,1.88,3.04,23.6,51.8,0,0,vidarbha
Gadchiroli,2023-01-30,5,2023,1,1.97,7.76,24.1,53.3,0,0,vidarbha
Gadchiroli,2023-02-06,6,2023,2,1.54,37.36,20.6,50.2,0,0,vidarbha
Gadchiroli,2023-02-13,7,2023,2,1.19,7.8,23.1,48.7,0,0,vidarbha
Gadchiroli,2023-02-20,8,2023,2,0.99,-8.69,18.7,49.6,0,0,vidarbha
Gadchiroli,2023-02-27,9,2023,2,1.19,8.3,22.1,61.5,0,0,vidarbha
Gadchiroli,2023-03-06,10,2023,3,1.64,11.64,14.9,48.8,0,0,vidarbha
Gadchiroli,2023-03-13,11,2023,3,2.19,46.77,16.6,56.2,0,0,vidarbha
Gadchiroli,2023-03-20,12,2023,3,1.57,7.05,17.9,61.3,0,0,vidarbha
Gadchiroli,2023-03-27,13,2023,3,1.68,14.13,16.7,51.6,0,0,vidarbha
Gadchiroli,2023-04-03,14,2023,4,2.21,1.08,20.5,26.6,0,0,vidarbha
Gadchiroli,2023-04-10,15,2023,4,2.14,-2.33,22.1,30.9,0,0,vidarbha
Gadchiroli,2023-04-17,16,2023,4,2.5,13.69,21.1,21.3,0,0,vidarbha
Gadchiroli,2023-04-24,17,2023,4,3.09,39.24,20.2,21.4,0,0,vidarbha
Gadchiroli,2023-05-01,18,2023,5,7.29,65.11,24.0,23.1,0,0,vidarbha
Gadchiroli,2023-05-08,19,2023,5,2.48,-42.48,25.6,27.1,0,0,vidarbha
Gadchiroli,2023-05-15,20,2023,5,7.56,71.13,25.0,26.8,0,0,vidarbha
Gadchiroli,2023-05-22,21,2023,5,4.63,5.64,24.8,36.4,0,0,vidarbha
Gadchiroli,2023-05-29,22,2023,5,3.63,-16.81,24.7,28.9,0,0,vidarbha
Gadchiroli,2023-06-05,23,2023,6,52.7,1.71,27.3,79.1,1,0,vidarbha
Gadchiroli,2023-06-12,24,2023,6,64.35,24.15,28.6,69.0,1,0,vidarbha
Gadchiroli,2023-06-19,25,2023,6,74.82,44.31,28.6,76.9,1,0,vidarbha
Gadchiroli,2023-06-26,26,2023,6,39.04,-24.6,27.7,76.9,1,0,vidarbha
Gadchiroli,2023-07-03,27,2023,7,113.42,9.05,27.8,78.5,1,0,vidarbha
Gadchiroli,2023-07-10,28,2023,7,61.31,-41.01,31.3,70.2,1,0,vidarbha
Gadchiroli,2023-07-17,29,2023,7,127.06,22.16,30.2,73.1,1,0,vidarbha
Gadchiroli,2023-07-24,30,2023,7,106.69,2.59,29.2,78.6,1,0,vidarbha
Gadchiroli,2023-07-31,31,2023,7,91.19,-12.31,32.8,72.7,1,0,vidarbha
Gadchiroli,2023-08-07,32,2023,8,98.38,3.3,31.0,72.6,1,0,vidarbha
Gadchiroli,2023-08-14,33,2023,8,93.02,-2.32,31.1,71.9,1,0,vidarbha
Gadchiroli,2023-08-21,34,2023,8,171.37,79.85,31.2,80.6,1,0,vidarbha
Gadchiroli,2023-08-28,35,2023,8,165.15,73.33,31.3,76.0,1,0,vidarbha
Gadchiroli,2023-09-04,36,2023,9,80.0,10.71,35.9,82.3,1,0,vidarbha
Gadchiroli,2023-09-11,37,2023,9,98.74,36.62,33.9,79.5,1,0,vidarbha
Gadchiroli,2023-09-18,38,2023,9,90.15,24.75,33.0,81.0,1,0,vidarbha
Gadchiroli,2023-09-25,39,2023,9,72.84,0.81,31.4,73.2,1,0,vidarbha
Gadchiroli,2023-10-02,40,2023,10,24.47,8.12,34.4,55.5,0,0,vidarbha
Gadchiroli,2023-10-09,41,2023,10,32.15,41.93,32.4,45.8,0,0,vidarbha
Gadchiroli,2023-10-16,42,2023,10,31.87,40.7,30.9,49.9,0,0,vidarbha
Gadchiroli,2023-10-23,43,2023,10,21.91,-3.15,32.9,52.8,0,0,vidarbha
Gadchiroli,2023-10-30,44,2023,10,25.77,13.86,30.8,43.7,0,0,vidarbha
Gadchiroli,2023-11-06,45,2023,11,7.35,11.7,28.2,58.3,0,0,vidarbha
Gadchiroli,2023-11-13,46,2023,11,14.14,113.55,31.4,51.8,0,0,vidarbha
Gadchiroli,2023-11-20,47,2023,11,8.48,28.64,30.5,47.5,0,0,vidarbha
Gadchiroli,2023-11-27,48,2023,11,9.89,49.79,29.7,50.0,0,0,vidarbha
Gadchiroli,2023-12-04,49,2023,12,1.6,9.18,28.3,57.7,0,0,vidarbha
Gadchiroli,2023-12-11,50,2023,12,2.9,92.15,27.1,51.3,0,0,vidarbha
Gadchiroli,2023-12-18,51,2023,12,1.56,6.54,25.9,49.9,0,0,vidarbha
Gadchiroli,2023-12-25,52,2023,12,2.23,49.2,28.1,63.7,0,0,vidarbha
