district,date,cholera_cases,typhoid_cases,add_cases,rainfall_mm,rainfall_anomaly_pct,temperature_c,humidity_pct,monsoon_flag,sanitation_coverage_pct,od_index,water_access_pct,population_density,urban_pct,wash_index,week_of_year,month
Ahmednagar,2022-01-03,3,5,19,41.63983565744372,-3.0657422270058783,8.726545522320585,42.92810992949465,0,0.4527777777777778,0.5931485322071279,0.5160727327662687,210.457035206951,0.38333333333333336,0.468910497776193,1,1
Ahmednagar,2022-01-10,2,6,5,22.653870668626485,5.068080189166481,8.687086385461676,47.03477788890905,0,0.4527777777777778,0.5931485322071279,0.5160727327662687,210.457035206951,0.38333333333333336,0.468910497776193,2,1
Ahmednagar,2022-01-17,4,7,7,18.842338126294248,-14.177684830656132,10.352701334334402,50.771588701036386,0,0.4527777777777778,0.5931485322071279,0.5160727327662687,210.457035206951,0.38333333333333336,0.468910497776193,3,1
Ahmednagar,2022-01-24,1,5,9,15.266741905870092,-7.256184877506775,9.600473939611412,37.3735765859428,0,0.4527777777777778,0.5931485322071279,0.5160727327662687,210.457035206951,0.38333333333333336,0.468910497776193,4,1
Ahmednagar,2022-01-31,1,3,12,27.700219908959703,-3.970110122958146,7.2797037459267155,42.68017595613286,0,0.4527777777777778,0.5931485322071279,0.5160727327662687,210.457035206951,0.38333333333333336,0.468910497776193,5,1
Ahmednagar,2022-02-07,2,2,7,29.467521020073676,2.692328900921232,15.191594406710198,40.493222907390006,0,0.4527777777777778,0.5931485322071279,0.5160727327662687,210.457035206951,0.38333333333333336,0.468910497776193,6,2
Ahmednagar,2022-02-14,3,2,12,18.448994606993164,-5.36042818952227,16.811383245612554,39.905467315631824,0,0.4527777777777778,0.5931485322071279,0.5160727327662687,210.457035206951,0.38333333333333336,0.468910497776193,7,2
Ahmednagar,2022-02-21,2,3,20,31.09187575735034,3.5959645428368785,15.360592152159612,33.19875489546739,0,0.4527777777777778,0.5931485322071279,0.5160727327662687,210.457035206951,0.38333333333333336,0.468910497776193,8,2
Ahmednagar,2022-02-28,3,1,13,31.849839904909203,-4.851653116962199,12.257579904333232,39.64568995418675,0,0.4527777777777778,0.5931485322071279,0.5160727327662687,210.457035206951,0.38333333333333336,0.468910497776193,9,2
Ahmednagar,2022-03-07,3,3,8,23.48838763569242,4.430848113194526,20.147902607357768,36.07707881908901,0,0.4527777777777778,0.5931485322071279,0.5160727327662687,210.457035206951,0.38333333333333336,0.468910497776193,10,3
Ahmednagar,2022-03-14,0,5,12,17.419526734290937,10.975824547543823,21.292232909893343,40.1476279349102,0,0.4527777777777778,0.5931485322071279,0.5160727327662687,210.457035206951,0.38333333333333336,0.468910497776193,11,3
Ahmednagar,2022-03-21,0,3,9,13.119485048057626,9.651520033405559,19.485527148343735,39.82788944477008,0,0.4527777777777778,0.5931485322071279,0.5160727327662687,210.457035206951,0.38333333333333336,0.468910497776193,12,3
Ahmednagar,2022-03-28,1,4,12,34.99220744561298,2.0102689621612733,21.234574644992136,41.85592965308713,0,0.4527777777777778,0.5931485322071279,0.5160727327662687,210.457035206951,0.38333333333333336,0.468910497776193,13,3
Ahmednagar,2022-04-04,2,6,9,30.17903815182521,-9.453806240931128,29.56145674623582,45.73886700298709,0,0.4527777777777778,0.5931485322071279,0.5160727327662687,210.457035206951,0.38333333333333336,0.468910497776193,14,4
Ahmednagar,2022-04-11,0,9,8,23.292635844098587,-14.197710467742473,27.321348644235893,35.84807237978161,0,0.4527777777777778,0.5931485322071279,0.5160727327662687,210.457035206951,0.38333333333333336,0.468910497776193,15,4
Ahmednagar,2022-04-18,1,13,7,18.92200864646357,7.717204779815932,28.779518430215635,40.117551080172376,0,0.4527777777777778,0.5931485322071279,0.5160727327662687,210.457035206951,0.38333333333333336,0.468910497776193,16,4
Ahmednagar,2022-04-25,6,6,11,20.016024602480375,-4.882116645955765,25.769119360239173,35.06533748343187,0,0.4527777777777778,0.5931485322071279,0.5160727327662687,210.457035206951,0.38333333333333336,0.468910497776193,17,4
Ahmednagar,2022-05-02,2,6,10,17.48504375391552,-8.406610322876336,29.77103563706997,41.686177392620735,0,0.4527777777777778,0.5931485322071279,0.5160727327662687,210.457035206951,0.38333333333333336,0.468910497776193,18,5
Ahmednagar,2022-05-09,2,5,16,21.24705068837588,-15.965215234614911,33.993316812298104,45.24460640271318,0,0.4527777777777778,0.5931485322071279,0.5160727327662687,210.457035206951,0.38333333333333336,0.468910497776193,19,5
Ahmednagar,2022-05-16,1,8,11,32.860846842143104,-15.392106175145166,27.69675288215208,47.433100196371775,0,0.4527777777777778,0.5931485322071279,0.5160727327662687,210.457035206951,0.38333333333333336,0.468910497776193,20,5
Ahmednagar,2022-05-23,0,4,10,10.073373427717597,0.5401544115475644,31.704561344028505,35.82358534369709,0,0.4527777777777778,0.5931485322071279,0.5160727327662687,210.457035206951,0.38333333333333336,0.468910497776193,21,5
Ahmednagar,2022-05-30,4,9,13,28.05791596308854,-7.871029985946293,32.21758616462522,50.27446460556564,0,0.4527777777777778,0.5931485322071279,0.5160727327662687,210.457035206951,0.38333333333333336,0.468910497776193,22,5
Ahmednagar,2022-06-06,9,13,41,92.04273797291157,6.961278142297212,30.442385518441938,79.01330233211348,1,0.4527777777777778,0.5931485322071279,0.5160727327662687,210.457035206951,0.38333333333333336,0.468910497776193,23,6
Ahmednagar,2022-06-13,9,9,35,81.74227818166665,-11.840651513125367,28.50319813547335,90.20769392158472,1,0.4527777777777778,0.5931485322071279,0.5160727327662687,210.457035206951,0.38333333333333336,0.468910497776193,24,6
Ahmednagar,2022-06-20,6,9,44,107.28836922116797,-2.2714519733486815,35.85174540113689,85.02587778183569,1,0.4527777777777778,0.5931485322071279,0.5160727327662687,210.457035206951,0.38333333333333336,0.468910497776193,25,6
Ahmednagar,2022-06-27,6,14,29,76.87674507025213,-45.457815237542015,31.229377469141156,75.7853559932613,1,0.4527777777777778,0.5931485322071279,0.5160727327662687,210.457035206951,0.38333333333333336,0.468910497776193,26,6
Ahmednagar,2022-07-04,8,12,38,100.2554020839024,-17.100331668280784,29.667042757673777,76.80142546406464,1,0.4527777777777778,0.5931485322071279,0.5160727327662687,210.457035206951,0.38333333333333336,0.468910497776193,27,7
Ahmednagar,2022-07-11,5,15,43,104.53866554339838,25.12158265262437,26.20064293282754,75.38806603707667,1,0.4527777777777778,0.5931485322071279,0.5160727327662687,210.457035206951,0.38333333333333336,0.468910497776193,28,7
Ahmednagar,2022-07-18,6,10,36,96.15372383572965,21.22587923990182,31.897749252387502,81.32309503364246,1,0.4527777777777778,0.5931485322071279,0.5160727327662687,210.457035206951,0.38333333333333336,0.468910497776193,29,7
Ahmednagar,2022-07-25,8,15,37,109.10707951300097,24.37882840409333,32.07110563737316,83.49846914218253,1,0.4527777777777778,0.5931485322071279,0.5160727327662687,210.457035206951,0.38333333333333336,0.468910497776193,30,7
Ahmednagar,2022-08-01,8,14,33,90.80237569844729,13.348264261970941,28.582405221298885,85.32838560582789,1,0.4527777777777778,0.5931485322071279,0.5160727327662687,210.457035206951,0.38333333333333336,0.468910497776193,31,8
Ahmednagar,2022-08-08,5,15,41,126.37367541069992,3.932656415617199,23.9995827531964,85.72881144195445,1,0.4527777777777778,0.5931485322071279,0.5160727327662687,210.457035206951,0.38333333333333336,0.468910497776193,32,8
Ahmednagar,2022-08-15,9,15,45,110.72823687330134,-59.27690655374817,26.509299794707697,92.3110937252123,1,0.4527777777777778,0.5931485322071279,0.5160727327662687,210.457035206951,0.38333333333333336,0.468910497776193,33,8
Ahmednagar,2022-08-22,15,12,39,111.18615292863178,14.295439896815399,25.644246810647257,75.80039271254485,1,0.4527777777777778,0.5931485322071279,0.5160727327662687,210.457035206951,0.38333333333333336,0.468910497776193,34,8
Ahmednagar,2022-08-29,10,9,49,103.17398882480312,-5.568636028154284,22.049530647131633,83.29103989025832,1,0.4527777777777778,0.5931485322071279,0.5160727327662687,210.457035206951,0.38333333333333336,0.468910497776193,35,8
Ahmednagar,2022-09-05,14,15,41,98.47712076037573,-14.370363355396771,19.914070876091607,83.56342123745188,1,0.4527777777777778,0.5931485322071279,0.5160727327662687,210.457035206951,0.38333333333333336,0.468910497776193,36,9
Ahmednagar,2022-09-12,7,12,39,113.7567835171567,38.85467309480767,24.47266802804728,85.05775719539328,1,0.4527777777777778,0.5931485322071279,0.5160727327662687,210.457035206951,0.38333333333333336,0.468910497776193,37,9
Ahmednagar,2022-09-19,10,6,29,113.68399342050404,36.01385080450574,20.706585537056483,79.5470112555551,1,0.4527777777777778,0.5931485322071279,0.5160727327662687,210.457035206951,0.38333333333333336,0.468910497776193,38,9
Ahmednagar,2022-09-26,6,12,26,99.93938770791749,-45.18419304698195,20.044521205830538,75.02130944436496,1,0.4527777777777778,0.5931485322071279,0.5160727327662687,210.457035206951,0.38333333333333336,0.468910497776193,39,9
Ahmednagar,2022-10-03,4,2,14,31.94715224990788,18.867033904376026,15.354650027843542,42.24793512316654,0,0.4527777777777778,0.5931485322071279,0.5160727327662687,210.457035206951,0.38333333333333336,0.468910497776193,40,10
Ahmednagar,2022-10-10,2,1,12,39.30225744957812,-13.384452777496652,14.990224358341743,42.13708083073764,0,0.4527777777777778,0.5931485322071279,0.5160727327662687,210.457035206951,0.38333333333333336,0.468910497776193,41,10
Ahmednagar,2022-10-17,1,6,7,9.241485113354546,6.490851030934533,13.507840528346975,49.80547442759867,0,0.4527777777777778,0.5931485322071279,0.5160727327662687,210.457035206951,0.38333333333333336,0.468910497776193,42,10
Ahmednagar,2022-10-24,0,8,10,20.28733032446418,-0.45466889189501625,14.834508943731965,37.01534465599435,0,0.4527777777777778,0.5931485322071279,0.5160727327662687,210.457035206951,0.38333333333333336,0.468910497776193,43,10
Ahmednagar,2022-10-31,3,3,15,34.670921431418144,-2.8390914045267652,12.864063085363863,42.623190600824934,0,0.4527777777777778,0.5931485322071279,0.5160727327662687,210.457035206951,0.38333333333333336,0.468910497776193,44,10
Ahmednagar,2022-11-07,1,6,12,15.69729939492985,7.868502461181258,10.419292662229596,42.67583227250671,0,0.4527777777777778,0.5931485322071279,0.5160727327662687,210.457035206951,0.38333333333333336,0.468910497776193,45,11
Ahmednagar,2022-11-14,2,2,11,46.77653222925173,10.70822215083761,10.639460698839553,42.87779466654813,0,0.4527777777777778,0.5931485322071279,0.5160727327662687,210.457035206951,0.38333333333333336,0.468910497776193,46,11
Ahmednagar,2022-11-21,0,3,14,10.04399947765166,14.350800180007035,8.169935169337165,38.28765945491718,0,0.4527777777777778,0.5931485322071279,0.5160727327662687,210.457035206951,0.38333333333333336,0.468910497776193,47,11
Ahmednagar,2022-11-28,4,5,7,25.198571735005324,0.051998050473807546,8.910496177769941,40.59815749552933,0,0.4527777777777778,0.5931485322071279,0.5160727327662687,210.457035206951,0.38333333333333336,0.468910497776193,48,11
Ahmednagar,2022-12-05,0,5,10,0.19386840761028878,21.03679888730786,8.548760287555135,50.922279470628766,0,0.4527777777777778,0.5931485322071279,0.5160727327662687,210.457035206951,0.38333333333333336,0.468910497776193,49,12
Ahmednagar,2022-12-12,7,1,13,45.057903148560925,-13.228556138923926,7.17353936721151,38.32410115208794,0,0.4527777777777778,0.5931485322071279,0.5160727327662687,210.457035206951,0.38333333333333336,0.468910497776193,50,12
Ahmednagar,2022-12-19,4,2,7,25.310427995074825,11.749808943372717,4.683598702801843,44.45603496273091,0,0.4527777777777778,0.5931485322071279,0.5160727327662687,210.457035206951,0.38333333333333336,0.468910497776193,51,12
Ahmednagar,2022-12-26,3,5,6,9.389647281336714,-12.273016561724443,9.591644074076102,38.58824005552571,0,0.4527777777777778,0.5931485322071279,0.5160727327662687,210.457035206951,0.38333333333333336,0.468910497776193,52,12
Ahmednagar,2023-01-02,2,3,4,31.26931916660077,-12.32161706298422,7.9283001597279394,38.881504583916794,0,0.4527777777777778,0.5931485322071279,0.5160727327662687,210.457035206951,0.38333333333333336,0.468910497776193,1,1
Ahmednagar,2023-01-09,4,4,12,20.436754154181735,-2.626102209464174,12.397845880163468,47.35926289341256,0,0.4527777777777778,0.5931485322071279,0.5160727327662687,210.457035206951,0.38333333333333336,0.468910497776193,2,1
Ahmednagar,2023-01-16,1,5,6,5.437870113306772,-14.648418124505458,10.52782037588459,49.27428844710137,0,0.4527777777777778,0.5931485322071279,0.5160727327662687,210.457035206951,0.38333333333333336,0.468910497776193,3,1
Ahmednagar,2023-01-23,1,1,11,20.07294406644998,-1.5682874325924896,8.309464216514797,40.96080916964362,0,0.4527777777777778,0.5931485322071279,0.5160727327662687,210.457035206951,0.38333333333333336,0.468910497776193,4,1
Ahmednagar,2023-01-30,4,4,11,11.691428573346377,6.902555612776734,15.54583953553554,37.14993783836435,0,0.4527777777777778,0.5931485322071279,0.5160727327662687,210.457035206951,0.38333333333333336,0.468910497776193,5,1
Ahmednagar,2023-02-06,1,4,10,2.894475038149661,19.30633377668805,14.92602969591936,40.0982286153589,0,0.4527777777777778,0.5931485322071279,0.5160727327662687,210.457035206951,0.38333333333333336,0.468910497776193,6,2
Ahmednagar,2023-02-13,3,3,11,17.5903767162088,-4.909367476378719,12.482417113888719,33.502014739108894,0,0.4527777777777778,0.5931485322071279,0.5160727327662687,210.457035206951,0.38333333333333336,0.468910497776193,7,2
Ahmednagar,2023-02-20,4,2,11,27.454202827142048,16.450252236564495,15.09192619105824,46.16724076968075,0,0.4527777777777778,0.5931485322071279,0.5160727327662687,210.457035206951,0.38333333333333336,0.468910497776193,8,2
Ahmednagar,2023-02-27,4,6,12,21.595363403210747,2.1244742776954078,10.782916147166565,37.792033537094625,0,0.4527777777777778,0.5931485322071279,0.5160727327662687,210.457035206951,0.38333333333333336,0.468910497776193,9,2
Ahmednagar,2023-03-06,7,7,9,22.597563869374586,-2.3356027201029734,21.747321019398825,44.53238050088337,0,0.4527777777777778,0.5931485322071279,0.5160727327662687,210.457035206951,0.38333333333333336,0.468910497776193,10,3
Ahmednagar,2023-03-13,1,7,10,44.69566796727186,-2.392789590343433,20.373460819401256,31.69479870981189,0,0.4527777777777778,0.5931485322071279,0.5160727327662687,210.457035206951,0.38333333333333336,0.468910497776193,11,3
Ahmednagar,2023-03-20,2,3,7,26.573599777724382,11.840305496790888,19.19184947199612,45.05924620631475,0,0.4527777777777778,0.5931485322071279,0.5160727327662687,210.457035206951,0.38333333333333336,0.468910497776193,12,3
Ahmednagar,2023-03-27,3,3,15,18.90507697567093,5.9771799281482805,17.091653451186946,39.09012864855097,0,0.4527777777777778,0.5931485322071279,0.5160727327662687,210.457035206951,0.38333333333333336,0.468910497776193,13,3
Ahmednagar,2023-04-03,0,3,19,15.528095645929861,21.713830601352306,29.648685570200122,45.16405866838382,0,0.4527777777777778,0.5931485322071279,0.5160727327662687,210.457035206951,0.38333333333333336,0.468910497776193,14,4
Ahmednagar,2023-04-10,1,6,13,17.32363668920738,-0.8083100561848665,24.51010212299388,48.623238547952496,0,0.4527777777777778,0.5931485322071279,0.5160727327662687,210.457035206951,0.38333333333333336,0.468910497776193,15,4
Ahmednagar,2023-04-17,2,6,10,19.66443059625845,1.2531384148877067,21.535503739297408,44.73891829261921,0,0.4527777777777778,0.5931485322071279,0.5160727327662687,210.457035206951,0.38333333333333336,0.468910497776193,16,4
Ahmednagar,2023-04-24,2,6,9,27.37578532833207,-6.30096707424706,24.99228240903137,40.48500287727138,0,0.4527777777777778,0.5931485322071279,0.5160727327662687,210.457035206951,0.38333333333333336,0.468910497776193,17,4
Ahmednagar,2023-05-01,1,2,6,16.519519630884577,4.879728561131691,30.51194914033972,36.85720183020539,0,0.4527777777777778,0.5931485322071279,0.5160727327662687,210.457035206951,0.38333333333333336,0.468910497776193,18,5
Ahmednagar,2023-05-08,1,7,8,18.177679527921104,-3.766433530549067,28.222012732433193,33.27095151138754,0,0.4527777777777778,0.5931485322071279,0.5160727327662687,210.457035206951,0.38333333333333336,0.468910497776193,19,5
Ahmednagar,2023-05-15,2,5,10,20.87550645690212,-2.9356151296573025,32.997356027913625,50.49932961737438,0,0.4527777777777778,0.5931485322071279,0.5160727327662687,210.457035206951,0.38333333333333336,0.468910497776193,20,5
Ahmednagar,2023-05-22,0,5,12,19.916381441616434,3.0003861905916778,30.192685579026023,39.80947021075594,0,0.4527777777777778,0.5931485322071279,0.5160727327662687,210.457035206951,0.38333333333333336,0.468910497776193,21,5
Ahmednagar,2023-05-29,2,3,14,11.742225700232252,-18.761051244360555,31.257726649111046,39.13136353199842,0,0.4527777777777778,0.5931485322071279,0.5160727327662687,210.457035206951,0.38333333333333336,0.468910497776193,22,5
Ahmednagar,2023-06-05,12,7,38,125.11424016875004,30.606061243682554,32.335764569650784,86.82992137564842,1,0.4527777777777778,0.5931485322071279,0.5160727327662687,210.457035206951,0.38333333333333336,0.468910497776193,23,6
Ahmednagar,2023-06-12,11,7,39,102.50432856394211,-13.576333266701983,33.25377544290305,74.02969759987677,1,0.4527777777777778,0.5931485322071279,0.5160727327662687,210.457035206951,0.38333333333333336,0.468910497776193,24,6
Ahmednagar,2023-06-19,8,16,42,106.46633456198428,-35.671402938515634,28.391247779327472,79.79125146249322,1,0.4527777777777778,0.5931485322071279,0.5160727327662687,210.457035206951,0.38333333333333336,0.468910497776193,25,6
Ahmednagar,2023-06-26,15,17,35,101.44511091415501,10.340232610841214,31.913047248800993,70.01489055022847,1,0.4527777777777778,0.5931485322071279,0.5160727327662687,210.457035206951,0.38333333333333336,0.468910497776193,26,6
Ahmednagar,2023-07-03,11,9,37,78.16764518046044,30.68738046076673,31.092981293558328,81.55097272025475,1,0.4527777777777778,0.5931485322071279,0.5160727327662687,210.457035206951,0.38333333333333336,0.468910497776193,27,7
Ahmednagar,2023-07-10,8,11,34,100.11208859479515,20.225932816981903,30.581701139512457,78.44068730167878,1,0.4527777777777778,0.5931485322071279,0.5160727327662687,210.457035206951,0.38333333333333336,0.468910497776193,28,7
Ahmednagar,2023-07-17,5,6,44,88.73224953010657,-11.639023991819426,29.00188611208663,87.19036593380277,1,0.4527777777777778,0.5931485322071279,0.5160727327662687,210.457035206951,0.38333333333333336,0.468910497776193,29,7
Ahmednagar,2023-07-24,15,12,42,102.69205798523187,-53.96144732129289,29.497984659542798,79.13462570834112,1,0.4527777777777778,0.5931485322071279,0.5160727327662687,210.457035206951,0.38333333333333336,0.468910497776193,30,7
Ahmednagar,2023-07-31,5,14,40,93.02415136243796,41.81529008018893,31.764058178920543,85.28993340364754,1,0.4527777777777778,0.5931485322071279,0.5160727327662687,210.457035206951,0.38333333333333336,0.468910497776193,31,7
Ahmednagar,2023-08-07,9,11,42,108.75083551458677,-45.28994570183858,27.258104936687854,76.45890620626926,1,0.4527777777777778,0.5931485322071279,0.5160727327662687,210.457035206951,0.38333333333333336,0.468910497776193,32,8
Ahmednagar,2023-08-14,10,17,39,97.2060917242979,-17.573646504219056,27.823112239895394,66.33240198475941,1,0.4527777777777778,0.5931485322071279,0.5160727327662687,210.457035206951,0.38333333333333336,0.468910497776193,33,8
Ahmednagar,2023-08-21,6,12,45,98.38565341498018,23.123818294254374,22.41983960508538,73.25428807218312,1,0.4527777777777778,0.5931485322071279,0.5160727327662687,210.457035206951,0.38333333333333336,0.468910497776193,34,8
Ahmednagar,2023-08-28,4,15,39,99.45577489718086,-12.465221335205577,27.329617252593618,78.99755416455612,1,0.4527777777777778,0.5931485322071279,0.5160727327662687,210.457035206951,0.38333333333333336,0.468910497776193,35,8
Ahmednagar,2023-09-04,10,12,43,101.09640194157333,-40.94198950192079,22.14487443444558,79.54013788482905,1,0.4527777777777778,0.5931485322071279,0.5160727327662687,210.457035206951,0.38333333333333336,0.468910497776193,36,9
Ahmednagar,2023-09-11,7,9,27,95.95451808548431,-17.182127487239242,21.887158713477323,79.70369963840199,1,0.4527777777777778,0.5931485322071279,0.5160727327662687,210.457035206951,0.38333333333333336,0.468910497776193,37,9
Ahmednagar,2023-09-18,9,13,37,102.76199286192409,12.73933186322042,23.305196181580886,79.85926184329192,1,0.4527777777777778,0.5931485322071279,0.5160727327662687,210.457035206951,0.38333333333333336,0.468910497776193,38,9
Ahmednagar,2023-09-25,7,10,36,98.74142109152972,11.43112101166385,22.218471600081557,78.97988972948792,1,0.4527777777777778,0.5931485322071279,0.5160727327662687,210.457035206951,0.38333333333333336,0.468910497776193,39,9
Ahmednagar,2023-10-02,2,6,11,9.19458366442804,22.422020885964304,13.23534407345152,36.16549343263277,0,0.4527777777777778,0.5931485322071279,0.5160727327662687,210.457035206951,0.38333333333333336,0.468910497776193,40,10
Ahmednagar,2023-10-09,0,5,13,15.825193362272351,0.46179163240046645,10.83556847294825,39.62075877597461,0,0.4527777777777778,0.5931485322071279,0.5160727327662687,210.457035206951,0.38333333333333336,0.468910497776193,41,10
Ahmednagar,2023-10-16,5,7,12,42.058831255474274,12.19623074205644,16.9372506593397,31.239480271851427,0,0.4527777777777778,0.5931485322071279,0.5160727327662687,210.457035206951,0.38333333333333336,0.468910497776193,42,10
Ahmednagar,2023-10-23,4,3,7,12.069718506682516,5.439562748031107,12.574262227210877,44.06966933956512,0,0.4527777777777778,0.5931485322071279,0.5160727327662687,210.457035206951,0.38333333333333336,0.468910497776193,43,10
Ahmednagar,2023-10-30,3,6,11,9.392830868708748,-3.9732918874249816,15.31250634979102,35.670319208628996,0,0.4527777777777778,0.5931485322071279,0.5160727327662687,210.457035206951,0.38333333333333336,0.468910497776193,44,10
Ahmednagar,2023-11-06,2,2,5,28.940565258823383,11.290581695243006,8.618788786453516,42.93079785537419,0,0.4527777777777778,0.5931485322071279,0.5160727327662687,210.457035206951,0.38333333333333336,0.468910497776193,45,11
Ahmednagar,2023-11-13,2,3,10,19.982008729534243,-17.68692805220901,10.774891249649164,46.11558788132135,0,0.4527777777777778,0.5931485322071279,0.5160727327662687,210.457035206951,0.38333333333333336,0.468910497776193,46,11
Ahmednagar,2023-11-20,5,4,6,31.438951705726343,-4.41012315343429,10.877785085450505,36.47396357345853,0,0.4527777777777778,0.5931485322071279,0.5160727327662687,210.457035206951,0.38333333333333336,0.468910497776193,47,11
Ahmednagar,2023-11-27,2,1,13,22.721580298254317,-10.845426453859684,6.2271293305791655,39.790633399474146,0,0.4527777777777778,0.5931485322071279,0.5160727327662687,210.457035206951,0.38333333333333336,0.468910497776193,48,11
Ahmednagar,2023-12-04,2,7,11,41.46544792323574,-3.1329848598180217,5.356236934840492,38.82708450693092,0,0.4527777777777778,0.5931485322071279,0.5160727327662687,210.457035206951,0.38333333333333336,0.468910497776193,49,12
Ahmednagar,2023-12-11,2,4,15,41.860528665936144,-14.141978093849739,8.993613138381146,27.427453879659062,0,0.4527777777777778,0.5931485322071279,0.5160727327662687,210.457035206951,0.38333333333333336,0.468910497776193,50,12
Ahmednagar,2023-12-18,4,5,8,25.81248015410128,-2.0067369012537317,8.231985366624842,40.19063407743721,0,0.4527777777777778,0.5931485322071279,0.5160727327662687,210.457035206951,0.38333333333333336,0.468910497776193,51,12
Ahmednagar,2023-12-25,4,7,12,36.400612383692945,11.641596759081715,8.398237000332067,38.79641688321001,0,0.4527777777777778,0.5931485322071279,0.5160727327662687,210.457035206951,0.38333333333333336,0.468910497776193,52,12
Akola,2022-01-03,3,3,14,30.21544476035166,-22.89144984073433,10.32184131007905,43.921743933119096,0,0.6611111111111111,0.36009596820160017,0.7815181923888512,921.7103407777927,0.6333333333333333,0.705032527759665,1,1
Akola,2022-01-10,4,5,5,15.831939713652083,2.218841618157734,6.917317974210681,37.66160668711614,0,0.6611111111111111,0.36009596820160017,0.7815181923888512,921.7103407777927,0.6333333333333333,0.705032527759665,2,1
Akola,2022-01-17,2,3,9,23.083785608986112,-1.221588714292269,14.095806948793921,50.28947828842316,0,0.6611111111111111,0.36009596820160017,0.7815181923888512,921.7103407777927,0.6333333333333333,0.705032527759665,3,1
Akola,2022-01-24,0,3,5,9.862048534819694,-3.7271169978502257,11.919967837207029,44.04311743012223,0,0.6611111111111111,0.36009596820160017,0.7815181923888512,921.7103407777927,0.6333333333333333,0.705032527759665,4,1
Akola,2022-01-31,2,6,9,27.554750854988722,2.0243455919261297,10.770709929966378,38.68262647972128,0,0.6611111111111111,0.36009596820160017,0.7815181923888512,921.7103407777927,0.6333333333333333,0.705032527759665,5,1
Akola,2022-02-07,0,7,7,11.599145601488619,2.2347804830158893,15.024408476842154,35.33740684829422,0,0.6611111111111111,0.36009596820160017,0.7815181923888512,921.7103407777927,0.6333333333333333,0.705032527759665,6,2
Akola,2022-02-14,1,3,8,17.11958430799648,-10.294248854260932,14.3867181130595,40.835689344842116,0,0.6611111111111111,0.36009596820160017,0.7815181923888512,921.7103407777927,0.6333333333333333,0.705032527759665,7,2
Akola,2022-02-21,3,2,7,16.066775539809857,0.7886753561900426,10.67843092634844,55.72820713119515,0,0.6611111111111111,0.36009596820160017,0.7815181923888512,921.7103407777927,0.6333333333333333,0.705032527759665,8,2
Akola,2022-02-28,2,5,6,15.312013046621106,-27.159710089362893,11.279085252913406,50.28495839946013,0,0.6611111111111111,0.36009596820160017,0.7815181923888512,921.7103407777927,0.6333333333333333,0.705032527759665,9,2
Akola,2022-03-07,2,4,6,18.199270968335995,-3.5280642076633346,21.295169675846736,42.80182290080459,0,0.6611111111111111,0.36009596820160017,0.7815181923888512,921.7103407777927,0.6333333333333333,0.705032527759665,10,3
Akola,2022-03-14,2,3,5,15.428861828804447,12.705511560380573,16.652534520571944,42.97256181485167,0,0.6611111111111111,0.36009596820160017,0.7815181923888512,921.7103407777927,0.6333333333333333,0.705032527759665,11,3
Akola,2022-03-21,1,2,5,22.992868213745343,1.190516540536414,18.933954979330284,41.37290234299883,0,0.6611111111111111,0.36009596820160017,0.7815181923888512,921.7103407777927,0.6333333333333333,0.705032527759665,12,3
Akola,2022-03-28,2,4,10,21.167090035449714,9.01784204788109,18.183977791070614,43.21288850313904,0,0.6611111111111111,0.36009596820160017,0.7815181923888512,921.7103407777927,0.6333333333333333,0.705032527759665,13,3
Akola,2022-04-04,0,1,10,14.631812897754305,-8.468019619699305,23.9340690324314,42.17478599299227,0,0.6611111111111111,0.36009596820160017,0.7815181923888512,921.7103407777927,0.6333333333333333,0.705032527759665,14,4
Akola,2022-04-11,5,4,7,17.761877296103794,-3.7373727560360432,25.638675521122455,40.98482709440739,0,0.6611111111111111,0.36009596820160017,0.7815181923888512,921.7103407777927,0.6333333333333333,0.705032527759665,15,4
Akola,2022-04-18,1,8,8,31.946647661117076,10.908184053504364,27.657849756049025,50.10066251376665,0,0.6611111111111111,0.36009596820160017,0.7815181923888512,921.7103407777927,0.6333333333333333,0.705032527759665,16,4
Akola,2022-04-25,3,2,5,32.750952399431156,-0.6826418099813568,27.973093772050376,35.239156082852816,0,0.6611111111111111,0.36009596820160017,0.7815181923888512,921.7103407777927,0.6333333333333333,0.705032527759665,17,4
Akola,2022-05-02,2,7,7,19.60171860415593,0.42892191250281686,29.977246046746508,34.83712025938244,0,0.6611111111111111,0.36009596820160017,0.7815181923888512,921.7103407777927,0.6333333333333333,0.705032527759665,18,5
Akola,2022-05-09,1,4,7,8.028432777090018,-2.9015576062419193,31.633887400081136,36.64703471586438,0,0.6611111111111111,0.36009596820160017,0.7815181923888512,921.7103407777927,0.6333333333333333,0.705032527759665,19,5
Akola,2022-05-16,0,4,9,29.328052563460375,-0.9070917830008384,28.645898008925805,35.28437546131299,0,0.6611111111111111,0.36009596820160017,0.7815181923888512,921.7103407777927,0.6333333333333333,0.705032527759665,20,5
Akola,2022-05-23,3,2,6,39.128837143358666,2.016250167059231,32.61036039245486,37.143973204095836,0,0.6611111111111111,0.36009596820160017,0.7815181923888512,921.7103407777927,0.6333333333333333,0.705032527759665,21,5
Akola,2022-05-30,1,2,6,37.51681431425475,-3.822486455637723,31.980639293840905,41.3940923261698,0,0.6611111111111111,0.36009596820160017,0.7815181923888512,921.7103407777927,0.6333333333333333,0.705032527759665,22,5
Akola,2022-06-06,3,12,21,99.12213774401572,14.615312211204806,35.08266990771624,82.33329284224801,1,0.6611111111111111,0.36009596820160017,0.7815181923888512,921.7103407777927,0.6333333333333333,0.705032527759665,23,6
Akola,2022-06-13,7,9,29,112.80081993202012,-64.73343766865622,29.203255958172576,80.20308076927556,1,0.6611111111111111,0.36009596820160017,0.7815181923888512,921.7103407777927,0.6333333333333333,0.705032527759665,24,6
Akola,2022-06-20,9,11,33,101.61729553785271,-47.07961714141796,30.481106335313076,89.02324793389454,1,0.6611111111111111,0.36009596820160017,0.7815181923888512,921.7103407777927,0.6333333333333333,0.705032527759665,25,6
Akola,2022-06-27,9,10,30,107.93177502212698,-19.384025072169337,33.18088928034431,84.32492499698022,1,0.6611111111111111,0.36009596820160017,0.7815181923888512,921.7103407777927,0.6333333333333333,0.705032527759665,26,6
Akola,2022-07-04,3,3,23,88.39702605304905,-21.691121861774846,29.786501032843894,81.60499705767569,1,0.6611111111111111,0.36009596820160017,0.7815181923888512,921.7103407777927,0.6333333333333333,0.705032527759665,27,7
Akola,2022-07-11,5,9,32,112.6084227992673,-27.341895102476887,30.248533875386393,84.91249288376571,1,0.6611111111111111,0.36009596820160017,0.7815181923888512,921.7103407777927,0.6333333333333333,0.705032527759665,28,7
Akola,2022-07-18,4,7,15,87.7798289191176,46.89652420752235,30.978517085083073,76.56586298944089,1,0.6611111111111111,0.36009596820160017,0.7815181923888512,921.7103407777927,0.6333333333333333,0.705032527759665,29,7
Akola,2022-07-25,9,13,44,102.1048588739232,-3.999150151164797,29.853149249572123,80.26904076044333,1,0.6611111111111111,0.36009596820160017,0.7815181923888512,921.7103407777927,0.6333333333333333,0.705032527759665,30,7
Akola,2022-08-01,12,11,31,90.02831847877785,66.12306780137497,24.778671178934136,76.76753167490446,1,0.6611111111111111,0.36009596820160017,0.7815181923888512,921.7103407777927,0.6333333333333333,0.705032527759665,31,8
Akola,2022-08-08,5,12,27,80.0011966631853,7.3667423810958965,25.14047053879249,82.97926956118351,1,0.6611111111111111,0.36009596820160017,0.7815181923888512,921.7103407777927,0.6333333333333333,0.705032527759665,32,8
Akola,2022-08-15,6,9,28,85.56608855490177,87.44744059491823,22.4434013374848,72.80104716600013,1,0.6611111111111111,0.36009596820160017,0.7815181923888512,921.7103407777927,0.6333333333333333,0.705032527759665,33,8
Akola,2022-08-22,7,4,25,108.2486141291549,16.46061806603114,24.59061671448455,84.5905850319303,1,0.6611111111111111,0.36009596820160017,0.7815181923888512,921.7103407777927,0.6333333333333333,0.705032527759665,34,8
Akola,2022-08-29,3,9,23,76.08810467739215,34.36315444204809,25.920770766640867,81.60350166374766,1,0.6611111111111111,0.36009596820160017,0.7815181923888512,921.7103407777927,0.6333333333333333,0.705032527759665,35,8
Akola,2022-09-05,12,11,31,94.22296037444234,-24.06445447194627,21.381448696637925,78.10803301855152,1,0.6611111111111111,0.36009596820160017,0.7815181923888512,921.7103407777927,0.6333333333333333,0.705032527759665,36,9
Akola,2022-09-12,8,9,22,116.58028846117155,-9.822675348485399,18.751123674861734,77.99026260934801,1,0.6611111111111111,0.36009596820160017,0.7815181923888512,921.7103407777927,0.6333333333333333,0.705032527759665,37,9
Akola,2022-09-19,15,12,24,107.20674868969245,-38.493718334898375,16.184057198556197,82.49839657535311,1,0.6611111111111111,0.36009596820160017,0.7815181923888512,921.7103407777927,0.6333333333333333,0.705032527759665,38,9
Akola,2022-09-26,9,15,29,96.28743302044016,-56.88284620509184,19.501253687076158,88.22900968184982,1,0.6611111111111111,0.36009596820160017,0.7815181923888512,921.7103407777927,0.6333333333333333,0.705032527759665,39,9
Akola,2022-10-03,0,3,6,20.018696879643848,-4.136802637948095,13.046792558380778,46.808981274966094,0,0.6611111111111111,0.36009596820160017,0.7815181923888512,921.7103407777927,0.6333333333333333,0.705032527759665,40,10
Akola,2022-10-10,2,7,9,26.75717570348644,-2.4573750585166065,15.696456963622492,43.84401988621202,0,0.6611111111111111,0.36009596820160017,0.7815181923888512,921.7103407777927,0.6333333333333333,0.705032527759665,41,10
Akola,2022-10-17,3,4,8,28.904752907084028,8.03229074310436,12.684531599220366,34.44536238338776,0,0.6611111111111111,0.36009596820160017,0.7815181923888512,921.7103407777927,0.6333333333333333,0.705032527759665,42,10
Akola,2022-10-24,2,3,5,24.06728080996823,-7.3205040561744985,14.910882780539119,44.36207572645485,0,0.6611111111111111,0.36009596820160017,0.7815181923888512,921.7103407777927,0.6333333333333333,0.705032527759665,43,10
Akola,2022-10-31,0,0,6,21.259138223430057,-7.206437866371052,11.944809733074667,35.45636654360924,0,0.6611111111111111,0.36009596820160017,0.7815181923888512,921.7103407777927,0.6333333333333333,0.705032527759665,44,10
Akola,2022-11-07,2,1,3,18.166235278445054,10.177528504422817,9.08260306932269,41.9853072716042,0,0.6611111111111111,0.36009596820160017,0.7815181923888512,921.7103407777927,0.6333333333333333,0.705032527759665,45,11
Akola,2022-11-14,4,5,10,25.03500031877018,-7.559955784856608,8.014419011189299,30.589645061979414,0,0.6611111111111111,0.36009596820160017,0.7815181923888512,921.7103407777927,0.6333333333333333,0.705032527759665,46,11
Akola,2022-11-21,0,3,8,15.78924550395482,-6.813587410159364,9.92837352851173,33.250482098269785,0,0.6611111111111111,0.36009596820160017,0.7815181923888512,921.7103407777927,0.6333333333333333,0.705032527759665,47,11
Akola,2022-11-28,2,3,8,19.717738272869543,-8.439065739990038,6.2782696431294776,37.77039587458341,0,0.6611111111111111,0.36009596820160017,0.7815181923888512,921.7103407777927,0.6333333333333333,0.705032527759665,48,11
Akola,2022-12-05,1,5,4,2.1760692503942387,-0.023270304136961618,12.140158007070934,44.50501787586131,0,0.6611111111111111,0.36009596820160017,0.7815181923888512,921.7103407777927,0.6333333333333333,0.705032527759665,49,12
Akola,2022-12-12,1,2,8,18.24490396926762,-6.25344854107897,7.995634769957485,37.85419407200506,0,0.6611111111111111,0.36009596820160017,0.7815181923888512,921.7103407777927,0.6333333333333333,0.705032527759665,50,12
Akola,2022-12-19,1,5,5,14.098951683291581,-0.4330959845205095,6.7688328993261555,37.961322291438286,0,0.6611111111111111,0.36009596820160017,0.7815181923888512,921.7103407777927,0.6333333333333333,0.705032527759665,51,12
Akola,2022-12-26,1,3,6,17.0945845172653,2.854678254216802,10.09052692258469,44.474040012948265,0,0.6611111111111111,0.36009596820160017,0.7815181923888512,921.7103407777927,0.6333333333333333,0.705032527759665,52,12
Akola,2023-01-02,1,3,5,17.94297709728765,11.916111867377246,11.970371237515021,40.11474198776814,0,0.6611111111111111,0.36009596820160017,0.7815181923888512,921.7103407777927,0.6333333333333333,0.705032527759665,1,1
Akola,2023-01-09,0,2,2,24.57578199973367,12.18347970685134,9.42581589854223,38.15372915412494,0,0.6611111111111111,0.36009596820160017,0.7815181923888512,921.7103407777927,0.6333333333333333,0.705032527759665,2,1
Akola,2023-01-16,1,1,3,18.753341814566326,14.943355237774956,7.236398199374651,45.91459668515785,0,0.6611111111111111,0.36009596820160017,0.7815181923888512,921.7103407777927,0.6333333333333333,0.705032527759665,3,1
Akola,2023-01-23,3,5,9,25.480510330206155,-30.09512960795204,9.592640684005081,37.892017453325956,0,0.6611111111111111,0.36009596820160017,0.7815181923888512,921.7103407777927,0.6333333333333333,0.705032527759665,4,1
Akola,2023-01-30,6,3,12,39.010770901963156,-3.9741768666057635,9.592820530454123,44.09229389182376,0,0.6611111111111111,0.36009596820160017,0.7815181923888512,921.7103407777927,0.6333333333333333,0.705032527759665,5,1
Akola,2023-02-06,0,2,9,22.16298129487574,15.564207762393805,14.875810881342913,44.4458275004778,0,0.6611111111111111,0.36009596820160017,0.7815181923888512,921.7103407777927,0.6333333333333333,0.705032527759665,6,2
Akola,2023-02-13,2,4,4,21.566044517608336,-22.109021393063006,14.06078969048234,37.87485364132817,0,0.6611111111111111,0.36009596820160017,0.7815181923888512,921.7103407777927,0.6333333333333333,0.705032527759665,7,2
Akola,2023-02-20,3,2,5,18.71943296761598,4.802450401094866,16.081349637166454,38.54408448699175,0,0.6611111111111111,0.36009596820160017,0.7815181923888512,921.7103407777927,0.6333333333333333,0.705032527759665,8,2
Akola,2023-02-27,2,2,9,21.083130851693102,-2.3592670218785816,9.662804950121906,38.69357797465874,0,0.6611111111111111,0.36009596820160017,0.7815181923888512,921.7103407777927,0.6333333333333333,0.705032527759665,9,2
Akola,2023-03-06,2,8,10,12.526575061329924,8.310968054160647,20.220467118891587,37.1884882435217,0,0.6611111111111111,0.36009596820160017,0.7815181923888512,921.7103407777927,0.6333333333333333,0.705032527759665,10,3
Akola,2023-03-13,1,5,6,17.51631356483531,3.826797165966518,20.339672145015808,34.63124346697371,0,0.6611111111111111,0.36009596820160017,0.7815181923888512,921.7103407777927,0.6333333333333333,0.705032527759665,11,3
Akola,2023-03-20,2,4,11,26.24724044645083,9.498907133767322,16.99143576200742,48.73459499984656,0,0.6611111111111111,0.36009596820160017,0.7815181923888512,921.7103407777927,0.6333333333333333,0.705032527759665,12,3
Akola,2023-03-27,3,4,7,21.45390847663396,3.568022215171708,19.12956925174481,34.857843170058,0,0.6611111111111111,0.36009596820160017,0.7815181923888512,921.7103407777927,0.6333333333333333,0.705032527759665,13,3
Akola,2023-04-03,4,3,5,13.97881348294005,0.10137692098982592,26.89769028828845,38.8338745934848,0,0.6611111111111111,0.36009596820160017,0.7815181923888512,921.7103407777927,0.6333333333333333,0.705032527759665,14,4
Akola,2023-04-10,1,4,15,37.14364014052009,3.7873330028550347,19.679624308643834,34.41615525453291,0,0.6611111111111111,0.36009596820160017,0.7815181923888512,921.7103407777927,0.6333333333333333,0.705032527759665,15,4
Akola,2023-04-17,0,3,6,15.363417015443435,-15.916387354994338,26.59540736392811,39.67556653511093,0,0.6611111111111111,0.36009596820160017,0.7815181923888512,921.7103407777927,0.6333333333333333,0.705032527759665,16,4
Akola,2023-04-24,1,1,4,15.087771553690994,3.9343263900682284,24.802617417926257,38.35771699728437,0,0.6611111111111111,0.36009596820160017,0.7815181923888512,921.7103407777927,0.6333333333333333,0.705032527759665,17,4
Akola,2023-05-01,0,5,10,27.67390759484202,13.678524163565394,31.803687051024575,27.932454636286757,0,0.6611111111111111,0.36009596820160017,0.7815181923888512,921.7103407777927,0.6333333333333333,0.705032527759665,18,5
Akola,2023-05-08,1,9,6,10.028581669888966,9.700192945144774,33.18973127544368,33.991295036568516,0,0.6611111111111111,0.36009596820160017,0.7815181923888512,921.7103407777927,0.6333333333333333,0.705032527759665,19,5
Akola,2023-05-15,2,9,8,29.68384307453448,-7.6486905859371355,28.50902242581386,33.441765004766296,0,0.6611111111111111,0.36009596820160017,0.7815181923888512,921.7103407777927,0.6333333333333333,0.705032527759665,20,5
Akola,2023-05-22,1,4,7,5.309734032679261,-8.482705659159722,31.001348674138566,39.53057577603347,0,0.6611111111111111,0.36009596820160017,0.7815181923888512,921.7103407777927,0.6333333333333333,0.705032527759665,21,5
Akola,2023-05-29,1,3,8,28.42117315805283,1.204985134100587,30.600832834686376,38.230625318520694,0,0.6611111111111111,0.36009596820160017,0.7815181923888512,921.7103407777927,0.6333333333333333,0.705032527759665,22,5
Akola,2023-06-05,6,10,22,106.47937674810014,-48.730381925040945,26.590791847320556,69.42990212480588,1,0.6611111111111111,0.36009596820160017,0.7815181923888512,921.7103407777927,0.6333333333333333,0.705032527759665,23,6
Akola,2023-06-12,11,10,31,89.29651487436085,-7.376917964576164,30.58261324825578,84.62996300078997,1,0.6611111111111111,0.36009596820160017,0.7815181923888512,921.7103407777927,0.6333333333333333,0.705032527759665,24,6
Akola,2023-06-19,9,9,22,91.56040305600992,-45.331817960257005,32.48070089307262,78.97555946987947,1,0.6611111111111111,0.36009596820160017,0.7815181923888512,921.7103407777927,0.6333333333333333,0.705032527759665,25,6
Akola,2023-06-26,5,15,24,103.58112469011347,-21.772625377637656,30.410631576923787,81.7581847173726,1,0.6611111111111111,0.36009596820160017,0.7815181923888512,921.7103407777927,0.6333333333333333,0.705032527759665,26,6
Akola,2023-07-03,7,9,34,113.47766580634537,6.498562874370349,30.091881191778143,80.33271678129155,1,0.6611111111111111,0.36009596820160017,0.7815181923888512,921.7103407777927,0.6333333333333333,0.705032527759665,27,7
Akola,2023-07-10,3,8,30,96.56869930108337,-2.3857919803456293,30.656774705363848,76.11396287512716,1,0.6611111111111111,0.36009596820160017,0.7815181923888512,921.7103407777927,0.6333333333333333,0.705032527759665,28,7
Akola,2023-07-17,3,9,27,105.14781580804359,45.332008565401196,31.963428708657325,82.51019208902132,1,0.6611111111111111,0.36009596820160017,0.7815181923888512,921.7103407777927,0.6333333333333333,0.705032527759665,29,7
Akola,2023-07-24,7,9,30,106.39015832863664,-20.34679086903064,31.71213687608699,79.75893861127359,1,0.6611111111111111,0.36009596820160017,0.7815181923888512,921.7103407777927,0.6333333333333333,0.705032527759665,30,7
Akola,2023-07-31,7,10,34,108.6713508121785,42.43303892508667,28.517546034692312,81.58725515132058,1,0.6611111111111111,0.36009596820160017,0.7815181923888512,921.7103407777927,0.6333333333333333,0.705032527759665,31,7
Akola,2023-08-07,6,6,20,104.11077235325523,18.049057228020644,30.518051373348257,76.15090690078976,1,0.6611111111111111,0.36009596820160017,0.7815181923888512,921.7103407777927,0.6333333333333333,0.705032527759665,32,8
Akola,2023-08-14,3,9,25,97.24290239260543,49.89565480447604,24.421119916116965,78.30091360564369,1,0.6611111111111111,0.36009596820160017,0.7815181923888512,921.7103407777927,0.6333333333333333,0.705032527759665,33,8
Akola,2023-08-21,9,14,22,99.51047976429642,16.762451543554743,25.70952177916375,85.08461286359696,1,0.6611111111111111,0.36009596820160017,0.7815181923888512,921.7103407777927,0.6333333333333333,0.705032527759665,34,8
Akola,2023-08-28,9,12,17,93.64290338592805,-36.764559461795955,26.85582811418248,72.50556546815766,1,0.6611111111111111,0.36009596820160017,0.7815181923888512,921.7103407777927,0.6333333333333333,0.705032527759665,35,8
Akola,2023-09-04,5,7,29,94.87328464947115,-10.012046318542348,20.6227607480747,80.22739308731772,1,0.6611111111111111,0.36009596820160017,0.7815181923888512,921.7103407777927,0.6333333333333333,0.705032527759665,36,9
Akola,2023-09-11,5,5,37,96.20846231708634,34.391355815159834,18.934780265363916,79.73257198599474,1,0.6611111111111111,0.36009596820160017,0.7815181923888512,921.7103407777927,0.6333333333333333,0.705032527759665,37,9
Akola,2023-09-18,6,5,38,97.92823365401142,57.62563990236987,22.897004613457415,90.65801974056228,1,0.6611111111111111,0.36009596820160017,0.7815181923888512,921.7103407777927,0.6333333333333333,0.705032527759665,38,9
Akola,2023-09-25,7,13,26,80.57454372953096,20.96403565389377,19.901120904869313,74.69132689576693,1,0.6611111111111111,0.36009596820160017,0.7815181923888512,921.7103407777927,0.6333333333333333,0.705032527759665,39,9
Akola,2023-10-02,1,2,8,12.650002306278077,5.349603028712821,10.543234435655624,45.52391977004757,0,0.6611111111111111,0.36009596820160017,0.7815181923888512,921.7103407777927,0.6333333333333333,0.705032527759665,40,10
Akola,2023-10-09,5,3,7,20.378980480782065,5.180444221843263,15.010121888886822,39.27720732707941,0,0.6611111111111111,0.36009596820160017,0.7815181923888512,921.7103407777927,0.6333333333333333,0.705032527759665,41,10
Akola,2023-10-16,0,6,3,6.945794158520917,3.468733189770459,17.13649521381825,27.003769098801563,0,0.6611111111111111,0.36009596820160017,0.7815181923888512,921.7103407777927,0.6333333333333333,0.705032527759665,42,10
Akola,2023-10-23,1,1,3,5.86846464357845,2.1384276689022395,14.981303206392607,41.06075851872269,0,0.6611111111111111,0.36009596820160017,0.7815181923888512,921.7103407777927,0.6333333333333333,0.705032527759665,43,10
Akola,2023-10-30,2,4,4,26.844626076719376,-2.7676791654475124,15.276222010042002,41.549385633408846,0,0.6611111111111111,0.36009596820160017,0.7815181923888512,921.7103407777927,0.6333333333333333,0.705032527759665,44,10
Akola,2023-11-06,0,7,8,12.399898876567505,-1.5534477013300374,8.109523006671653,38.460061120844024,0,0.6611111111111111,0.36009596820160017,0.7815181923888512,921.7103407777927,0.6333333333333333,0.705032527759665,45,11
Akola,2023-11-13,3,2,6,22.921389834326884,4.536817981586998,10.087702302028477,35.016525647936504,0,0.6611111111111111,0.36009596820160017,0.7815181923888512,921.7103407777927,0.6333333333333333,0.705032527759665,46,11
Akola,2023-11-20,1,2,9,31.82672661527514,8.541834728856925,10.377469192864854,31.0008963267171,0,0.6611111111111111,0.36009596820160017,0.7815181923888512,921.7103407777927,0.6333333333333333,0.705032527759665,47,11
Akola,2023-11-27,0,1,5,23.177047432210646,2.6530292070548382,10.709546676119775,38.317501212368164,0,0.6611111111111111,0.36009596820160017,0.7815181923888512,921.7103407777927,0.6333333333333333,0.705032527759665,48,11
Akola,2023-12-04,0,2,6,13.695055427815008,-3.072388527465428,7.915903631788898,41.75689763943875,0,0.6611111111111111,0.36009596820160017,0.7815181923888512,921.7103407777927,0.6333333333333333,0.705032527759665,49,12
Akola,2023-12-11,0,3,8,13.966659177729312,-3.2178704629227033,8.308582770392372,39.906203259035955,0,0.6611111111111111,0.36009596820160017,0.7815181923888512,921.7103407777927,0.6333333333333333,0.705032527759665,50,12
Akola,2023-12-18,2,1,11,29.39602256863148,7.015240259258584,9.425923252964544,38.805157209183825,0,0.6611111111111111,0.36009596820160017,0.7815181923888512,921.7103407777927,0.6333333333333333,0.705032527759665,51,12
Akola,2023-12-25,2,1,5,6.089407548907422,-17.891082271457318,7.594984438723166,44.06980501309411,0,0.6611111111111111,0.36009596820160017,0.7815181923888512,921.7103407777927,0.6333333333333333,0.705032527759665,52,12
Amravati,2022-01-03,3,3,7,21.849999478323475,21.141802628434547,9.09928348498905,37.579296637515554,0,0.6888888888888889,0.2871763381243284,0.8347459397908223,1932.4141300098706,0.6666666666666667,0.7520186638470189,1,1
Amravati,2022-01-10,3,0,8,16.863202428446158,5.480318339078622,7.4127912952683666,47.534803892471956,0,0.6888888888888889,0.2871763381243284,0.8347459397908223,1932.4141300098706,0.6666666666666667,0.7520186638470189,2,1
Amravati,2022-01-17,1,1,0,10.23421415390991,-4.471799388671159,7.955910807453705,37.40908600959079,0,0.6888888888888889,0.2871763381243284,0.8347459397908223,1932.4141300098706,0.6666666666666667,0.7520186638470189,3,1
Amravati,2022-01-24,3,5,5,10.981145759539348,-5.98854496074789,9.507318464693068,27.09207971465821,0,0.6888888888888889,0.2871763381243284,0.8347459397908223,1932.4141300098706,0.6666666666666667,0.7520186638470189,4,1
Amravati,2022-01-31,3,2,10,25.002528587296272,-20.730880113659346,9.694713535492836,37.67991924735144,0,0.6888888888888889,0.2871763381243284,0.8347459397908223,1932.4141300098706,0.6666666666666667,0.7520186638470189,5,1
Amravati,2022-02-07,2,3,6,19.918113981226597,19.1044597524374,13.831251305027818,38.68208296781307,0,0.6888888888888889,0.2871763381243284,0.8347459397908223,1932.4141300098706,0.6666666666666667,0.7520186638470189,6,2
Amravati,2022-02-14,2,6,7,20.68513644385359,-15.630228033763702,16.713936776150543,42.90256757275161,0,0.6888888888888889,0.2871763381243284,0.8347459397908223,1932.4141300098706,0.6666666666666667,0.7520186638470189,7,2
Amravati,2022-02-21,2,3,7,3.627452440305291,12.364191535029045,12.608602383832832,41.374549054299656,0,0.6888888888888889,0.2871763381243284,0.8347459397908223,1932.4141300098706,0.6666666666666667,0.7520186638470189,8,2
Amravati,2022-02-28,0,2,12,5.940219319745177,13.038041219572785,12.936709344161983,50.55892947173096,0,0.6888888888888889,0.2871763381243284,0.8347459397908223,1932.4141300098706,0.6666666666666667,0.7520186638470189,9,2
Amravati,2022-03-07,1,2,6,18.46960233095787,25.48568082427486,20.158707013827414,41.082160735803434,0,0.6888888888888889,0.2871763381243284,0.8347459397908223,1932.4141300098706,0.6666666666666667,0.7520186638470189,10,3
Amravati,2022-03-14,1,5,8,11.325001030121534,16.692339505141625,20.475665994270646,41.46721013707081,0,0.6888888888888889,0.2871763381243284,0.8347459397908223,1932.4141300098706,0.6666666666666667,0.7520186638470189,11,3
Amravati,2022-03-21,4,3,6,38.84916539228098,7.487955828193449,19.344354822896815,47.134418597062776,0,0.6888888888888889,0.2871763381243284,0.8347459397908223,1932.4141300098706,0.6666666666666667,0.7520186638470189,12,3
Amravati,2022-03-28,2,4,8,10.093820608295509,2.1205079222969254,17.916852723980746,31.00631749036281,0,0.6888888888888889,0.2871763381243284,0.8347459397908223,1932.4141300098706,0.6666666666666667,0.7520186638470189,13,3
Amravati,2022-04-04,4,2,4,16.26242266661322,5.2127836290860285,26.04356065883827,49.25307355859234,0,0.6888888888888889,0.2871763381243284,0.8347459397908223,1932.4141300098706,0.6666666666666667,0.7520186638470189,14,4
Amravati,2022-04-11,1,6,6,5.160631461473326,-7.544839708547121,30.797474639942813,49.769019922870314,0,0.6888888888888889,0.2871763381243284,0.8347459397908223,1932.4141300098706,0.6666666666666667,0.7520186638470189,15,4
Amravati,2022-04-18,1,6,4,25.24573419444218,-11.427978941370595,24.242855503086286,42.080462257660905,0,0.6888888888888889,0.2871763381243284,0.8347459397908223,1932.4141300098706,0.6666666666666667,0.7520186638470189,16,4
Amravati,2022-04-25,1,5,7,10.32917469815303,7.2966051534297796,23.154805264361713,33.65106746812295,0,0.6888888888888889,0.2871763381243284,0.8347459397908223,1932.4141300098706,0.6666666666666667,0.7520186638470189,17,4
Amravati,2022-05-02,1,1,7,30.964047781579453,-7.143597049315415,30.159433199537403,40.58339754774974,0,0.6888888888888889,0.2871763381243284,0.8347459397908223,1932.4141300098706,0.6666666666666667,0.7520186638470189,18,5
Amravati,2022-05-09,1,6,2,19.593210189740198,-10.315200079600817,30.720666274767645,40.40006049248956,0,0.6888888888888889,0.2871763381243284,0.8347459397908223,1932.4141300098706,0.6666666666666667,0.7520186638470189,19,5
Amravati,2022-05-16,1,5,8,22.675141789955827,-2.4621551372217794,27.537994292970076,38.48637065758784,0,0.6888888888888889,0.2871763381243284,0.8347459397908223,1932.4141300098706,0.6666666666666667,0.7520186638470189,20,5
Amravati,2022-05-23,3,3,5,20.477231333145156,1.2822769359178325,29.94959703333148,24.09104257109823,0,0.6888888888888889,0.2871763381243284,0.8347459397908223,1932.4141300098706,0.6666666666666667,0.7520186638470189,21,5
Amravati,2022-05-30,1,6,7,17.251928086244902,10.529280220603779,31.885707854943885,42.261938629229334,0,0.6888888888888889,0.2871763381243284,0.8347459397908223,1932.4141300098706,0.6666666666666667,0.7520186638470189,22,5
Amravati,2022-06-06,9,12,21,98.4032335725943,-22.38992367318477,29.656889773032997,77.89875800369143,1,0.6888888888888889,0.2871763381243284,0.8347459397908223,1932.4141300098706,0.6666666666666667,0.7520186638470189,23,6
Amravati,2022-06-13,9,8,30,106.24258998814466,-60.88855041975404,28.973508221409144,82.38001243324709,1,0.6888888888888889,0.2871763381243284,0.8347459397908223,1932.4141300098706,0.6666666666666667,0.7520186638470189,24,6
Amravati,2022-06-20,6,5,31,99.86716795713166,-23.969305628781786,30.841864003884325,78.41594224796322,1,0.6888888888888889,0.2871763381243284,0.8347459397908223,1932.4141300098706,0.6666666666666667,0.7520186638470189,25,6
Amravati,2022-06-27,10,11,27,98.0607074170288,-41.29504287857012,28.34189061563315,85.58972910164171,1,0.6888888888888889,0.2871763381243284,0.8347459397908223,1932.4141300098706,0.6666666666666667,0.7520186638470189,26,6
Amravati,2022-07-04,6,4,37,103.6347055465014,12.804435024953026,28.34495996970679,82.98348087519408,1,0.6888888888888889,0.2871763381243284,0.8347459397908223,1932.4141300098706,0.6666666666666667,0.7520186638470189,27,7
Amravati,2022-07-11,5,10,27,101.74504436588624,-5.915997112579416,30.800454403373475,76.33485040128332,1,0.6888888888888889,0.2871763381243284,0.8347459397908223,1932.4141300098706,0.6666666666666667,0.7520186638470189,28,7
Amravati,2022-07-18,6,5,21,109.03416165119872,51.14621782798036,29.215796271131726,82.26559891687742,1,0.6888888888888889,0.2871763381243284,0.8347459397908223,1932.4141300098706,0.6666666666666667,0.7520186638470189,29,7
Amravati,2022-07-25,3,6,21,90.83940197228954,-11.403565649890517,27.15734585157159,83.6772416666901,1,0.6888888888888889,0.2871763381243284,0.8347459397908223,1932.4141300098706,0.6666666666666667,0.7520186638470189,30,7
Amravati,2022-08-01,8,8,19,121.7741231279397,-11.02693063787677,27.427642172745287,73.58044060725508,1,0.6888888888888889,0.2871763381243284,0.8347459397908223,1932.4141300098706,0.6666666666666667,0.7520186638470189,31,8
Amravati,2022-08-08,5,9,29,84.1980042315118,-20.550107256452772,29.482127910215603,77.86087364490669,1,0.6888888888888889,0.2871763381243284,0.8347459397908223,1932.4141300098706,0.6666666666666667,0.7520186638470189,32,8
Amravati,2022-08-15,8,5,20,97.7958548788505,-12.36447560593923,25.275487448584375,71.00341026003687,1,0.6888888888888889,0.2871763381243284,0.8347459397908223,1932.4141300098706,0.6666666666666667,0.7520186638470189,33,8
Amravati,2022-08-22,8,11,20,97.48897749515763,-18.969608741826196,22.692111266182557,84.36548333956064,1,0.6888888888888889,0.2871763381243284,0.8347459397908223,1932.4141300098706,0.6666666666666667,0.7520186638470189,34,8
Amravati,2022-08-29,2,7,28,110.17369217904515,48.92025228427804,28.9176438735999,82.73098855735746,1,0.6888888888888889,0.2871763381243284,0.8347459397908223,1932.4141300098706,0.6666666666666667,0.7520186638470189,35,8
Amravati,2022-09-05,7,5,19,87.65960571813795,10.254455366422254,23.008561984932737,78.83705676681602,1,0.6888888888888889,0.2871763381243284,0.8347459397908223,1932.4141300098706,0.6666666666666667,0.7520186638470189,36,9
Amravati,2022-09-12,7,6,16,110.88783747368737,-55.249056256853216,20.78346657440391,84.77899036466933,1,0.6888888888888889,0.2871763381243284,0.8347459397908223,1932.4141300098706,0.6666666666666667,0.7520186638470189,37,9
Amravati,2022-09-19,5,8,20,90.11680604682331,6.097220140216194,21.671646156540916,82.24400099552341,1,0.6888888888888889,0.2871763381243284,0.8347459397908223,1932.4141300098706,0.6666666666666667,0.7520186638470189,38,9
Amravati,2022-09-26,15,8,42,106.36002243482933,-28.680584626764407,18.409837600266606,82.88632096680418,1,0.6888888888888889,0.2871763381243284,0.8347459397908223,1932.4141300098706,0.6666666666666667,0.7520186638470189,39,9
Amravati,2022-10-03,0,3,9,15.083356210206475,1.120730360502564,13.830138419485296,38.08494935734651,0,0.6888888888888889,0.2871763381243284,0.8347459397908223,1932.4141300098706,0.6666666666666667,0.7520186638470189,40,10
Amravati,2022-10-10,1,2,6,15.536329893893726,10.139614581337892,13.713197551603773,38.414604619717124,0,0.6888888888888889,0.2871763381243284,0.8347459397908223,1932.4141300098706,0.6666666666666667,0.7520186638470189,41,10
Amravati,2022-10-17,0,2,8,5.478133945983268,-6.119517030994755,11.15723263974994,32.15970134477442,0,0.6888888888888889,0.2871763381243284,0.8347459397908223,1932.4141300098706,0.6666666666666667,0.7520186638470189,42,10
Amravati,2022-10-24,0,2,9,8.419220714837492,16.320981396661185,13.678008447228532,36.63275741536724,0,0.6888888888888889,0.2871763381243284,0.8347459397908223,1932.4141300098706,0.6666666666666667,0.7520186638470189,43,10
Amravati,2022-10-31,2,2,7,14.58939414464822,8.94147759360734,17.718276057193698,30.705559283155537,0,0.6888888888888889,0.2871763381243284,0.8347459397908223,1932.4141300098706,0.6666666666666667,0.7520186638470189,44,10
Amravati,2022-11-07,1,2,7,32.87613453406163,-8.405809077222933,10.330049658267153,45.239105715633436,0,0.6888888888888889,0.2871763381243284,0.8347459397908223,1932.4141300098706,0.6666666666666667,0.7520186638470189,45,11
Amravati,2022-11-14,3,1,11,32.66532482392049,13.016042954009313,10.484628178104463,50.229828933423164,0,0.6888888888888889,0.2871763381243284,0.8347459397908223,1932.4141300098706,0.6666666666666667,0.7520186638470189,46,11
Amravati,2022-11-21,3,2,6,19.44322097346493,-0.8679519004781686,8.279076032505259,51.13603719447579,0,0.6888888888888889,0.2871763381243284,0.8347459397908223,1932.4141300098706,0.6666666666666667,0.7520186638470189,47,11
Amravati,2022-11-28,0,0,3,0.0,-22.069243770250747,6.51228285385674,44.627704759188255,0,0.6888888888888889,0.2871763381243284,0.8347459397908223,1932.4141300098706,0.6666666666666667,0.7520186638470189,48,11
Amravati,2022-12-05,1,2,6,16.008352696183277,7.073842400095255,10.926964561934607,46.323646231552644,0,0.6888888888888889,0.2871763381243284,0.8347459397908223,1932.4141300098706,0.6666666666666667,0.7520186638470189,49,12
Amravati,2022-12-12,0,3,3,20.47554231219744,12.303608489807388,10.456127806508144,39.76993265334486,0,0.6888888888888889,0.2871763381243284,0.8347459397908223,1932.4141300098706,0.6666666666666667,0.7520186638470189,50,12
Amravati,2022-12-19,1,2,6,20.582776397819167,-4.191549160073803,4.44170268554625,34.087966993650454,0,0.6888888888888889,0.2871763381243284,0.8347459397908223,1932.4141300098706,0.6666666666666667,0.7520186638470189,51,12
Amravati,2022-12-26,3,6,6,24.541182682262345,-32.769865138098034,10.302372940649132,40.99747152316354,0,0.6888888888888889,0.2871763381243284,0.8347459397908223,1932.4141300098706,0.6666666666666667,0.7520186638470189,52,12
Amravati,2023-01-02,1,4,7,28.544626796545433,3.949507419897315,11.305397855655006,34.13127452644217,0,0.6888888888888889,0.2871763381243284,0.8347459397908223,1932.4141300098706,0.6666666666666667,0.7520186638470189,1,1
Amravati,2023-01-09,1,1,4,11.604865307134544,-13.06931696577412,8.732676511698948,47.03510050636026,0,0.6888888888888889,0.2871763381243284,0.8347459397908223,1932.4141300098706,0.6666666666666667,0.7520186638470189,2,1
Amravati,2023-01-16,0,3,6,21.040724913251076,8.62776648152154,6.232228787292948,35.24520945545053,0,0.6888888888888889,0.2871763381243284,0.8347459397908223,1932.4141300098706,0.6666666666666667,0.7520186638470189,3,1
Amravati,2023-01-23,4,1,7,32.30032266257543,-1.6056383290312533,13.3495277723467,43.780616721239774,0,0.6888888888888889,0.2871763381243284,0.8347459397908223,1932.4141300098706,0.6666666666666667,0.7520186638470189,4,1
Amravati,2023-01-30,1,1,6,2.6987884607383563,3.610903015499405,11.32988093821881,53.509421295629686,0,0.6888888888888889,0.2871763381243284,0.8347459397908223,1932.4141300098706,0.6666666666666667,0.7520186638470189,5,1
Amravati,2023-02-06,0,2,6,5.436932063471911,-15.79312411046117,11.6050177165673,34.5881738681028,0,0.6888888888888889,0.2871763381243284,0.8347459397908223,1932.4141300098706,0.6666666666666667,0.7520186638470189,6,2
Amravati,2023-02-13,1,6,7,28.089655980628514,-6.245599749397765,14.183562340182643,42.014235570541146,0,0.6888888888888889,0.2871763381243284,0.8347459397908223,1932.4141300098706,0.6666666666666667,0.7520186638470189,7,2
Amravati,2023-02-20,6,3,6,22.54924184203593,18.41304163071483,12.552619181366804,40.74895096356708,0,0.6888888888888889,0.2871763381243284,0.8347459397908223,1932.4141300098706,0.6666666666666667,0.7520186638470189,8,2
Amravati,2023-02-27,2,4,5,32.671398894769176,-0.7262169323013141,12.442532737191216,47.12434731757362,0,0.6888888888888889,0.2871763381243284,0.8347459397908223,1932.4141300098706,0.6666666666666667,0.7520186638470189,9,2
Amravati,2023-03-06,3,5,8,27.225552402566603,-14.815681553385492,19.102811099448157,41.39928019997084,0,0.6888888888888889,0.2871763381243284,0.8347459397908223,1932.4141300098706,0.6666666666666667,0.7520186638470189,10,3
Amravati,2023-03-13,1,3,8,11.384138582165516,-15.62021348142946,21.00853314321608,42.81574875575683,0,0.6888888888888889,0.2871763381243284,0.8347459397908223,1932.4141300098706,0.6666666666666667,0.7520186638470189,11,3
Amravati,2023-03-20,3,4,11,21.2732346967588,-4.391030294575855,21.773342194635617,38.67698327091822,0,0.6888888888888889,0.2871763381243284,0.8347459397908223,1932.4141300098706,0.6666666666666667,0.7520186638470189,12,3
Amravati,2023-03-27,0,6,9,10.106509738369668,-4.278429467269822,20.251443320508887,39.61301493929117,0,0.6888888888888889,0.2871763381243284,0.8347459397908223,1932.4141300098706,0.6666666666666667,0.7520186638470189,13,3
Amravati,2023-04-03,0,7,5,12.933242149395996,0.8807569425961504,26.16952326115189,47.87389293707899,0,0.6888888888888889,0.2871763381243284,0.8347459397908223,1932.4141300098706,0.6666666666666667,0.7520186638470189,14,4
Amravati,2023-04-10,1,4,4,26.923022559773127,-17.239089276447014,24.772445431986544,43.755039069302185,0,0.6888888888888889,0.2871763381243284,0.8347459397908223,1932.4141300098706,0.6666666666666667,0.7520186638470189,15,4
Amravati,2023-04-17,1,7,7,12.107325431843101,8.774830476158924,26.63750137608292,45.22527655183602,0,0.6888888888888889,0.2871763381243284,0.8347459397908223,1932.4141300098706,0.6666666666666667,0.7520186638470189,16,4
Amravati,2023-04-24,5,2,5,33.64532491412544,15.080863167213735,28.703381667666903,45.36698160932728,0,0.6888888888888889,0.2871763381243284,0.8347459397908223,1932.4141300098706,0.6666666666666667,0.7520186638470189,17,4
Amravati,2023-05-01,3,6,9,35.69771501726939,-13.079208208263989,29.97307234738682,40.284799148646066,0,0.6888888888888889,0.2871763381243284,0.8347459397908223,1932.4141300098706,0.6666666666666667,0.7520186638470189,18,5
Amravati,2023-05-08,1,3,8,28.679000615859852,18.70714139757675,33.41352562985712,39.16479920690952,0,0.6888888888888889,0.2871763381243284,0.8347459397908223,1932.4141300098706,0.6666666666666667,0.7520186638470189,19,5
Amravati,2023-05-15,0,5,4,31.59587106510574,-3.7986945671451036,31.259457290826827,39.93046908004356,0,0.6888888888888889,0.2871763381243284,0.8347459397908223,1932.4141300098706,0.6666666666666667,0.7520186638470189,20,5
Amravati,2023-05-22,0,2,9,2.373645222031829,1.419238995755515,28.893514494119586,49.89760087782562,0,0.6888888888888889,0.2871763381243284,0.8347459397908223,1932.4141300098706,0.6666666666666667,0.7520186638470189,21,5
Amravati,2023-05-29,1,3,2,5.98127781372386,-13.719940742779379,26.50191718801389,37.977580783371494,0,0.6888888888888889,0.2871763381243284,0.8347459397908223,1932.4141300098706,0.6666666666666667,0.7520186638470189,22,5
Amravati,2023-06-05,6,8,25,103.15431927239351,-0.6303548514864763,30.436943934549088,79.17880152659174,1,0.6888888888888889,0.2871763381243284,0.8347459397908223,1932.4141300098706,0.6666666666666667,0.7520186638470189,23,6
Amravati,2023-06-12,1,15,21,89.52144421899811,1.1251375327998832,35.14001722745261,77.49554480412324,1,0.6888888888888889,0.2871763381243284,0.8347459397908223,1932.4141300098706,0.6666666666666667,0.7520186638470189,24,6
Amravati,2023-06-19,7,12,25,86.47769857236125,-26.84843324227977,32.14951542425683,77.1326569357257,1,0.6888888888888889,0.2871763381243284,0.8347459397908223,1932.4141300098706,0.6666666666666667,0.7520186638470189,25,6
Amravati,2023-06-26,10,8,29,109.50652793834254,-9.839063663854265,33.267480563829565,78.10117372083936,1,0.6888888888888889,0.2871763381243284,0.8347459397908223,1932.4141300098706,0.6666666666666667,0.7520186638470189,26,6
Amravati,2023-07-03,8,4,27,93.58657648618038,23.72776057495843,29.112486131132915,79.89788566551316,1,0.6888888888888889,0.2871763381243284,0.8347459397908223,1932.4141300098706,0.6666666666666667,0.7520186638470189,27,7
Amravati,2023-07-10,8,9,17,90.30666367573433,27.960838157206453,30.785739313329717,73.8840138897906,1,0.6888888888888889,0.2871763381243284,0.8347459397908223,1932.4141300098706,0.6666666666666667,0.7520186638470189,28,7
Amravati,2023-07-17,6,11,26,92.60326052659525,8.687357658417204,26.720563069153936,81.2765144587453,1,0.6888888888888889,0.2871763381243284,0.8347459397908223,1932.4141300098706,0.6666666666666667,0.7520186638470189,29,7
Amravati,2023-07-24,4,9,34,107.46787131749272,1.984695693714669,31.657915576778848,82.56586572720805,1,0.6888888888888889,0.2871763381243284,0.8347459397908223,1932.4141300098706,0.6666666666666667,0.7520186638470189,30,7
Amravati,2023-07-31,9,9,15,99.88406692273502,0.4327249586350394,30.27012109374545,79.91160982363452,1,0.6888888888888889,0.2871763381243284,0.8347459397908223,1932.4141300098706,0.6666666666666667,0.7520186638470189,31,7
Amravati,2023-08-07,5,9,20,106.36448982765474,-7.933564006304257,25.90300742567562,72.13712390140381,1,0.6888888888888889,0.2871763381243284,0.8347459397908223,1932.4141300098706,0.6666666666666667,0.7520186638470189,32,8
Amravati,2023-08-14,2,8,34,98.642336921878,-41.89991988518579,28.67439953558345,84.89979052638591,1,0.6888888888888889,0.2871763381243284,0.8347459397908223,1932.4141300098706,0.6666666666666667,0.7520186638470189,33,8
Amravati,2023-08-21,5,8,25,91.00844632269902,-4.274897582793012,27.606616075345723,81.63263361817097,1,0.6888888888888889,0.2871763381243284,0.8347459397908223,1932.4141300098706,0.6666666666666667,0.7520186638470189,34,8
Amravati,2023-08-28,9,8,27,110.29508277846533,-17.197888116299758,25.797703291079323,88.91960020429161,1,0.6888888888888889,0.2871763381243284,0.8347459397908223,1932.4141300098706,0.6666666666666667,0.7520186638470189,35,8
Amravati,2023-09-04,12,8,30,107.44689501839157,-8.336786185305156,16.97402861152944,88.62910120292344,1,0.6888888888888889,0.2871763381243284,0.8347459397908223,1932.4141300098706,0.6666666666666667,0.7520186638470189,36,9
Amravati,2023-09-11,5,6,32,90.49010936880278,-50.13141086743347,19.45906246606946,75.89579051059587,1,0.6888888888888889,0.2871763381243284,0.8347459397908223,1932.4141300098706,0.6666666666666667,0.7520186638470189,37,9
Amravati,2023-09-18,4,3,24,91.60520053151966,55.87328658433445,17.919466771157623,80.34331931538009,1,0.6888888888888889,0.2871763381243284,0.8347459397908223,1932.4141300098706,0.6666666666666667,0.7520186638470189,38,9
Amravati,2023-09-25,4,9,27,105.20658330611496,10.105500750219656,19.502512350616218,74.39861267623267,1,0.6888888888888889,0.2871763381243284,0.8347459397908223,1932.4141300098706,0.6666666666666667,0.7520186638470189,39,9
Amravati,2023-10-02,1,2,4,0.0,2.9695525061603796,14.323182181462576,41.25938232567351,0,0.6888888888888889,0.2871763381243284,0.8347459397908223,1932.4141300098706,0.6666666666666667,0.7520186638470189,40,10
Amravati,2023-10-09,1,2,7,3.4246045226265096,15.49555293207401,13.143740025710068,39.37883887525319,0,0.6888888888888889,0.2871763381243284,0.8347459397908223,1932.4141300098706,0.6666666666666667,0.7520186638470189,41,10
Amravati,2023-10-16,2,0,4,14.679440983932016,-17.866145166305735,9.109543649268815,38.38963942450348,0,0.6888888888888889,0.2871763381243284,0.8347459397908223,1932.4141300098706,0.6666666666666667,0.7520186638470189,42,10
Amravati,2023-10-23,2,4,4,28.66374211315592,-6.564534461244866,15.168262844975413,36.97560047117448,0,0.6888888888888889,0.2871763381243284,0.8347459397908223,1932.4141300098706,0.6666666666666667,0.7520186638470189,43,10
Amravati,2023-10-30,0,5,3,8.983504229906403,-3.839550668676517,10.160702991596562,38.5170264491153,0,0.6888888888888889,0.2871763381243284,0.8347459397908223,1932.4141300098706,0.6666666666666667,0.7520186638470189,44,10
Amravati,2023-11-06,5,2,4,22.08522161504876,13.800913336985571,9.031814921449312,43.83812616484159,0,0.6888888888888889,0.2871763381243284,0.8347459397908223,1932.4141300098706,0.6666666666666667,0.7520186638470189,45,11
Amravati,2023-11-13,1,5,3,16.802541764998935,2.061674566206439,7.765105259020508,44.55934514697434,0,0.6888888888888889,0.2871763381243284,0.8347459397908223,1932.4141300098706,0.6666666666666667,0.7520186638470189,46,11
Amravati,2023-11-20,0,6,5,21.338539221028203,5.856814719060405,8.615745337783434,37.00554551642862,0,0.6888888888888889,0.2871763381243284,0.8347459397908223,1932.4141300098706,0.6666666666666667,0.7520186638470189,47,11
Amravati,2023-11-27,1,1,8,18.4752631628814,6.7778130167266015,10.94046463168818,41.106844693692395,0,0.6888888888888889,0.2871763381243284,0.8347459397908223,1932.4141300098706,0.6666666666666667,0.7520186638470189,48,11
Amravati,2023-12-04,2,0,5,9.641783791499915,-9.838284513231912,6.720591984197419,36.91543461303747,0,0.6888888888888889,0.2871763381243284,0.8347459397908223,1932.4141300098706,0.6666666666666667,0.7520186638470189,49,12
Amravati,2023-12-11,0,1,9,21.739635296519292,-10.493819574939975,6.700971506950686,44.778944617915954,0,0.6888888888888889,0.2871763381243284,0.8347459397908223,1932.4141300098706,0.6666666666666667,0.7520186638470189,50,12
Amravati,2023-12-18,0,2,7,21.978174877197105,8.048121818974096,5.352936802944571,40.75906333823373,0,0.6888888888888889,0.2871763381243284,0.8347459397908223,1932.4141300098706,0.6666666666666667,0.7520186638470189,51,12
Amravati,2023-12-25,2,1,7,3.001091784319275,-2.933958405758246,8.313838128110039,40.84655190684537,0,0.6888888888888889,0.2871763381243284,0.8347459397908223,1932.4141300098706,0.6666666666666667,0.7520186638470189,52,12
Aurangabad,2022-01-03,4,3,10,23.699883039639026,-9.527967206069873,8.600478779772834,41.83985459690219,0,0.5361111111111111,0.4012712464946273,0.6721619144101404,2177.2315395777587,0.48333333333333334,0.6030549609095751,1,1
Aurangabad,2022-01-10,2,2,4,26.22222486150132,-20.19811296229976,7.0454311189212095,45.112065699597956,0,0.5361111111111111,0.4012712464946273,0.6721619144101404,2177.2315395777587,0.48333333333333334,0.6030549609095751,2,1
Aurangabad,2022-01-17,1,6,6,7.1064891720645385,-1.000074131660751,9.441943225166892,37.910253717808125,0,0.5361111111111111,0.4012712464946273,0.6721619144101404,2177.2315395777587,0.48333333333333334,0.6030549609095751,3,1
Aurangabad,2022-01-24,1,7,6,6.424563968048204,-32.41672817878376,6.955225982724248,42.97467309197561,0,0.5361111111111111,0.4012712464946273,0.6721619144101404,2177.2315395777587,0.48333333333333334,0.6030549609095751,4,1
Aurangabad,2022-01-31,1,2,6,18.02821402302509,9.870589363405648,8.004990943113226,43.629857856715546,0,0.5361111111111111,0.4012712464946273,0.6721619144101404,2177.2315395777587,0.48333333333333334,0.6030549609095751,5,1
Aurangabad,2022-02-07,0,5,14,36.64661667791436,13.454474726538217,12.934562307122395,47.194180135045805,0,0.5361111111111111,0.4012712464946273,0.6721619144101404,2177.2315395777587,0.48333333333333334,0.6030549609095751,6,2
Aurangabad,2022-02-14,1,5,12,32.83569091566126,-10.618528189377992,15.72505482567475,41.07621106877051,0,0.5361111111111111,0.4012712464946273,0.6721619144101404,2177.2315395777587,0.48333333333333334,0.6030549609095751,7,2
Aurangabad,2022-02-21,3,4,12,32.03323223327019,3.7139083412097875,13.473574640342894,39.989227542665624,0,0.5361111111111111,0.4012712464946273,0.6721619144101404,2177.2315395777587,0.48333333333333334,0.6030549609095751,8,2
Aurangabad,2022-02-28,2,1,5,7.431698734760193,0.015239890852201355,12.502829940010091,40.78093747735685,0,0.5361111111111111,0.4012712464946273,0.6721619144101404,2177.2315395777587,0.48333333333333334,0.6030549609095751,9,2
Aurangabad,2022-03-07,4,3,7,24.073915553283676,5.545664432075988,17.128463703021673,32.079262547911966,0,0.5361111111111111,0.4012712464946273,0.6721619144101404,2177.2315395777587,0.48333333333333334,0.6030549609095751,10,3
Aurangabad,2022-03-14,2,9,6,25.390115309989984,-10.509090563574768,20.23825744488961,34.62161350610603,0,0.5361111111111111,0.4012712464946273,0.6721619144101404,2177.2315395777587,0.48333333333333334,0.6030549609095751,11,3
Aurangabad,2022-03-21,0,7,9,14.059915317446428,4.549868615425627,19.991783031924086,51.02709350160619,0,0.5361111111111111,0.4012712464946273,0.6721619144101404,2177.2315395777587,0.48333333333333334,0.6030549609095751,12,3
Aurangabad,2022-03-28,0,3,6,16.57214559430666,1.1813302672370831,19.637742890046848,37.115920373523,0,0.5361111111111111,0.4012712464946273,0.6721619144101404,2177.2315395777587,0.48333333333333334,0.6030549609095751,13,3
Aurangabad,2022-04-04,1,5,11,4.354904185743969,-3.6778818378256704,28.842605573539387,41.71416570742884,0,0.5361111111111111,0.4012712464946273,0.6721619144101404,2177.2315395777587,0.48333333333333334,0.6030549609095751,14,4
Aurangabad,2022-04-11,2,2,10,13.659964725999341,-1.6763410164223533,25.30291196655655,44.802416258596956,0,0.5361111111111111,0.4012712464946273,0.6721619144101404,2177.2315395777587,0.48333333333333334,0.6030549609095751,15,4
Aurangabad,2022-04-18,4,7,8,8.672853774351585,1.9076806633558356,23.62416088078033,43.03572816396826,0,0.5361111111111111,0.4012712464946273,0.6721619144101404,2177.2315395777587,0.48333333333333334,0.6030549609095751,16,4
Aurangabad,2022-04-25,5,4,7,27.69709931037221,16.800668868845342,23.790782778324363,45.570547708839904,0,0.5361111111111111,0.4012712464946273,0.6721619144101404,2177.2315395777587,0.48333333333333334,0.6030549609095751,17,4
Aurangabad,2022-05-02,5,7,10,30.509343891101143,-5.217833667464198,30.941154936217828,42.19088975740054,0,0.5361111111111111,0.4012712464946273,0.6721619144101404,2177.2315395777587,0.48333333333333334,0.6030549609095751,18,5
Aurangabad,2022-05-09,1,5,12,22.663652877969504,20.588204217713244,31.31135431836243,51.82759345295639,0,0.5361111111111111,0.4012712464946273,0.6721619144101404,2177.2315395777587,0.48333333333333334,0.6030549609095751,19,5
Aurangabad,2022-05-16,2,4,11,21.95789695701621,-21.096387513490157,27.87751770680407,39.91669761954699,0,0.5361111111111111,0.4012712464946273,0.6721619144101404,2177.2315395777587,0.48333333333333334,0.6030549609095751,20,5
Aurangabad,2022-05-23,1,6,6,9.986374018432425,-6.68826611318101,31.71578085813828,39.19655434970293,0,0.5361111111111111,0.4012712464946273,0.6721619144101404,2177.2315395777587,0.48333333333333334,0.6030549609095751,21,5
Aurangabad,2022-05-30,0,2,7,14.380351301605963,6.404903300269773,30.66389754258737,46.09889039085209,0,0.5361111111111111,0.4012712464946273,0.6721619144101404,2177.2315395777587,0.48333333333333334,0.6030549609095751,22,5
Aurangabad,2022-06-06,7,12,33,102.91173548646962,-0.14471351685769873,31.060858562436884,74.43358554344287,1,0.5361111111111111,0.4012712464946273,0.6721619144101404,2177.2315395777587,0.48333333333333334,0.6030549609095751,23,6
Aurangabad,2022-06-13,9,9,27,104.3363162729291,-8.881995813985043,31.048574879229037,80.74809320686965,1,0.5361111111111111,0.4012712464946273,0.6721619144101404,2177.2315395777587,0.48333333333333334,0.6030549609095751,24,6
Aurangabad,2022-06-20,8,9,42,92.86789516859898,-3.190983350068194,33.06690727029084,83.24581601333355,1,0.5361111111111111,0.4012712464946273,0.6721619144101404,2177.2315395777587,0.48333333333333334,0.6030549609095751,25,6
Aurangabad,2022-06-27,11,6,36,92.79789271938346,15.091852552147841,32.121251174662895,78.17193083728691,1,0.5361111111111111,0.4012712464946273,0.6721619144101404,2177.2315395777587,0.48333333333333334,0.6030549609095751,26,6
Aurangabad,2022-07-04,9,12,26,104.73400663689344,-41.07716085938374,31.725035717437326,85.1297096183785,1,0.5361111111111111,0.4012712464946273,0.6721619144101404,2177.2315395777587,0.48333333333333334,0.6030549609095751,27,7
Aurangabad,2022-07-11,10,9,31,117.65104160590528,-31.42493247067166,28.273298020684607,77.92802924672364,1,0.5361111111111111,0.4012712464946273,0.6721619144101404,2177.2315395777587,0.48333333333333334,0.6030549609095751,28,7
Aurangabad,2022-07-18,10,7,38,109.86958624480522,-15.153709751893022,31.523802966174017,76.27705390373416,1,0.5361111111111111,0.4012712464946273,0.6721619144101404,2177.2315395777587,0.48333333333333334,0.6030549609095751,29,7
Aurangabad,2022-07-25,5,15,25,107.7343940706814,-70.43333601580133,31.03066052292198,84.55236845924588,1,0.5361111111111111,0.4012712464946273,0.6721619144101404,2177.2315395777587,0.48333333333333334,0.6030549609095751,30,7
Aurangabad,2022-08-01,6,14,25,89.97581807928388,-15.464846288427685,27.748955052414033,76.41082375751992,1,0.5361111111111111,0.4012712464946273,0.6721619144101404,2177.2315395777587,0.48333333333333334,0.6030549609095751,31,8
Aurangabad,2022-08-08,6,9,48,99.15016929269287,-15.558575853312046,23.914747426929928,77.61724777479351,1,0.5361111111111111,0.4012712464946273,0.6721619144101404,2177.2315395777587,0.48333333333333334,0.6030549609095751,32,8
Aurangabad,2022-08-15,12,7,36,100.91514770728259,0.8595280127593535,26.351636614301416,84.27994612720576,1,0.5361111111111111,0.4012712464946273,0.6721619144101404,2177.2315395777587,0.48333333333333334,0.6030549609095751,33,8
Aurangabad,2022-08-22,13,5,34,104.36493900470988,23.998736693822327,27.003391604945655,76.11157679533868,1,0.5361111111111111,0.4012712464946273,0.6721619144101404,2177.2315395777587,0.48333333333333334,0.6030549609095751,34,8
Aurangabad,2022-08-29,3,6,36,121.68696595435642,16.48603051886346,25.067774468212637,80.34108060722019,1,0.5361111111111111,0.4012712464946273,0.6721619144101404,2177.2315395777587,0.48333333333333334,0.6030549609095751,35,8
Aurangabad,2022-09-05,7,7,35,87.17946208099855,50.139738027584144,20.811248007523837,82.97928526209188,1,0.5361111111111111,0.4012712464946273,0.6721619144101404,2177.2315395777587,0.48333333333333334,0.6030549609095751,36,9
Aurangabad,2022-09-12,11,10,27,97.20882430979438,-10.16845377288526,19.184972192521204,82.55987126671941,1,0.5361111111111111,0.4012712464946273,0.6721619144101404,2177.2315395777587,0.48333333333333334,0.6030549609095751,37,9
Aurangabad,2022-09-19,10,16,31,95.23367363333793,-8.712653409922403,21.64046331127344,75.55701433601646,1,0.5361111111111111,0.4012712464946273,0.6721619144101404,2177.2315395777587,0.48333333333333334,0.6030549609095751,38,9
Aurangabad,2022-09-26,6,9,34,129.82487584707857,37.93891736881375,20.10307063816158,81.4576862704306,1,0.5361111111111111,0.4012712464946273,0.6721619144101404,2177.2315395777587,0.48333333333333334,0.6030549609095751,39,9
Aurangabad,2022-10-03,1,5,12,20.150972618861,3.88677148900106,12.161016230342636,18.71495355876003,0,0.5361111111111111,0.4012712464946273,0.6721619144101404,2177.2315395777587,0.48333333333333334,0.6030549609095751,40,10
Aurangabad,2022-10-10,3,1,9,17.185271088534062,13.52826202409593,13.220300315218482,42.45948242020845,0,0.5361111111111111,0.4012712464946273,0.6721619144101404,2177.2315395777587,0.48333333333333334,0.6030549609095751,41,10
Aurangabad,2022-10-17,2,1,5,28.421939971568744,-4.495519974062408,10.828521378978603,42.01609655266129,0,0.5361111111111111,0.4012712464946273,0.6721619144101404,2177.2315395777587,0.48333333333333334,0.6030549609095751,42,10
Aurangabad,2022-10-24,3,7,10,19.545810378344314,0.96951246178967,13.862396459695452,38.192911579610055,0,0.5361111111111111,0.4012712464946273,0.6721619144101404,2177.2315395777587,0.48333333333333334,0.6030549609095751,43,10
Aurangabad,2022-10-31,1,4,10,20.88843674098908,5.860846148970307,13.965540419936609,37.01234975113788,0,0.5361111111111111,0.4012712464946273,0.6721619144101404,2177.2315395777587,0.48333333333333334,0.6030549609095751,44,10
Aurangabad,2022-11-07,4,5,15,34.24255057632078,10.862765134458998,9.321428702488696,32.86810638853288,0,0.5361111111111111,0.4012712464946273,0.6721619144101404,2177.2315395777587,0.48333333333333334,0.6030549609095751,45,11
Aurangabad,2022-11-14,0,2,9,18.52531874045648,6.2814231103336,11.316908946589873,34.14987184250608,0,0.5361111111111111,0.4012712464946273,0.6721619144101404,2177.2315395777587,0.48333333333333334,0.6030549609095751,46,11
Aurangabad,2022-11-21,0,5,7,9.498373798589075,1.0627181692963124,9.924036184106688,42.314942361922775,0,0.5361111111111111,0.4012712464946273,0.6721619144101404,2177.2315395777587,0.48333333333333334,0.6030549609095751,47,11
Aurangabad,2022-11-28,0,4,6,8.486939561221075,-30.124825125285135,13.100396491380405,42.798551176664745,0,0.5361111111111111,0.4012712464946273,0.6721619144101404,2177.2315395777587,0.48333333333333334,0.6030549609095751,48,11
Aurangabad,2022-12-05,2,2,1,18.55290145347016,-0.5210296429333683,5.867567764251817,40.48537823217765,0,0.5361111111111111,0.4012712464946273,0.6721619144101404,2177.2315395777587,0.48333333333333334,0.6030549609095751,49,12
Aurangabad,2022-12-12,4,4,9,24.64438411836516,0.9624165936657454,7.225249112296906,40.46875261133976,0,0.5361111111111111,0.4012712464946273,0.6721619144101404,2177.2315395777587,0.48333333333333334,0.6030549609095751,50,12
Aurangabad,2022-12-19,3,3,14,30.546263710270114,-13.86434500198794,8.151775415223845,46.739767429228905,0,0.5361111111111111,0.4012712464946273,0.6721619144101404,2177.2315395777587,0.48333333333333334,0.6030549609095751,51,12
Aurangabad,2022-12-26,2,4,6,24.881272188723443,-1.0707955856192526,7.675985509699122,29.519040615323345,0,0.5361111111111111,0.4012712464946273,0.6721619144101404,2177.2315395777587,0.48333333333333334,0.6030549609095751,52,12
Aurangabad,2023-01-02,2,1,12,12.739850211785148,-3.7495460509768943,12.993608016092432,39.22698701667353,0,0.5361111111111111,0.4012712464946273,0.6721619144101404,2177.2315395777587,0.48333333333333334,0.6030549609095751,1,1
Aurangabad,2023-01-09,1,2,8,29.970491955165695,-4.917241248613628,7.391778972181827,28.933733046632852,0,0.5361111111111111,0.4012712464946273,0.6721619144101404,2177.2315395777587,0.48333333333333334,0.6030549609095751,2,1
Aurangabad,2023-01-16,2,6,11,28.919122320237918,-15.011761604116664,7.7045370446927235,38.603716359890406,0,0.5361111111111111,0.4012712464946273,0.6721619144101404,2177.2315395777587,0.48333333333333334,0.6030549609095751,3,1
Aurangabad,2023-01-23,3,3,8,0.0,6.856166740212632,7.02757420979292,41.247063123173156,0,0.5361111111111111,0.4012712464946273,0.6721619144101404,2177.2315395777587,0.48333333333333334,0.6030549609095751,4,1
Aurangabad,2023-01-30,2,5,13,8.007874969998795,-18.5980210305165,8.381511655547333,51.584366108850446,0,0.5361111111111111,0.4012712464946273,0.6721619144101404,2177.2315395777587,0.48333333333333334,0.6030549609095751,5,1
Aurangabad,2023-02-06,4,4,15,17.356398357609034,-0.6712848462769041,17.82893437422708,45.09469710971419,0,0.5361111111111111,0.4012712464946273,0.6721619144101404,2177.2315395777587,0.48333333333333334,0.6030549609095751,6,2
Aurangabad,2023-02-13,0,6,10,23.589673070130775,21.64244908956421,14.439189059470245,39.16770745576386,0,0.5361111111111111,0.4012712464946273,0.6721619144101404,2177.2315395777587,0.48333333333333334,0.6030549609095751,7,2
Aurangabad,2023-02-20,1,4,13,14.839761459054964,10.836530276410436,16.302481405918407,46.403717604255874,0,0.5361111111111111,0.4012712464946273,0.6721619144101404,2177.2315395777587,0.48333333333333334,0.6030549609095751,8,2
Aurangabad,2023-02-27,2,2,11,45.106342022971255,19.793674165883218,16.886204029005622,36.48414153233088,0,0.5361111111111111,0.4012712464946273,0.6721619144101404,2177.2315395777587,0.48333333333333334,0.6030549609095751,9,2
Aurangabad,2023-03-06,3,7,7,14.26101681011486,-19.793545544031982,17.730375003226932,37.41753284825593,0,0.5361111111111111,0.4012712464946273,0.6721619144101404,2177.2315395777587,0.48333333333333334,0.6030549609095751,10,3
Aurangabad,2023-03-13,2,4,5,21.148815454073137,-1.874151201715186,19.9049119883814,42.04617562236517,0,0.5361111111111111,0.4012712464946273,0.6721619144101404,2177.2315395777587,0.48333333333333334,0.6030549609095751,11,3
Aurangabad,2023-03-20,2,4,14,12.122042437692627,-5.510477552275928,22.607775420386968,50.320960646447226,0,0.5361111111111111,0.4012712464946273,0.6721619144101404,2177.2315395777587,0.48333333333333334,0.6030549609095751,12,3
Aurangabad,2023-03-27,3,8,10,32.899281407622674,-10.851269562418256,21.401976986563096,45.65859008428773,0,0.5361111111111111,0.4012712464946273,0.6721619144101404,2177.2315395777587,0.48333333333333334,0.6030549609095751,13,3
Aurangabad,2023-04-03,2,9,8,21.357773873954734,-4.3175143065452835,26.486818338168316,57.38283677526553,0,0.5361111111111111,0.4012712464946273,0.6721619144101404,2177.2315395777587,0.48333333333333334,0.6030549609095751,14,4
Aurangabad,2023-04-10,3,4,3,31.030045494977102,-6.793187144430608,25.924485867040474,40.4850439349308,0,0.5361111111111111,0.4012712464946273,0.6721619144101404,2177.2315395777587,0.48333333333333334,0.6030549609095751,15,4
Aurangabad,2023-04-17,4,6,7,21.69859187918241,4.748918387535789,26.647351996518566,41.9690816496886,0,0.5361111111111111,0.4012712464946273,0.6721619144101404,2177.2315395777587,0.48333333333333334,0.6030549609095751,16,4
Aurangabad,2023-04-24,1,6,10,0.0,14.59020618178567,26.996404317399147,28.83723036665117,0,0.5361111111111111,0.4012712464946273,0.6721619144101404,2177.2315395777587,0.48333333333333334,0.6030549609095751,17,4
Aurangabad,2023-05-01,2,4,6,9.538009006714262,2.7416186775619584,28.145146218425698,30.275012533086507,0,0.5361111111111111,0.4012712464946273,0.6721619144101404,2177.2315395777587,0.48333333333333334,0.6030549609095751,18,5
Aurangabad,2023-05-08,1,2,8,7.09144267379598,-6.842007974699435,31.969558167800272,39.630772412070854,0,0.5361111111111111,0.4012712464946273,0.6721619144101404,2177.2315395777587,0.48333333333333334,0.6030549609095751,19,5
Aurangabad,2023-05-15,6,5,9,12.318386818584859,-7.024287686632099,30.663231673869596,37.77157563831726,0,0.5361111111111111,0.4012712464946273,0.6721619144101404,2177.2315395777587,0.48333333333333334,0.6030549609095751,20,5
Aurangabad,2023-05-22,0,4,4,16.201614732771016,-10.519958534196967,32.17389263476481,46.05038486508668,0,0.5361111111111111,0.4012712464946273,0.6721619144101404,2177.2315395777587,0.48333333333333334,0.6030549609095751,21,5
Aurangabad,2023-05-29,2,5,8,36.937874700105354,-13.370832669605248,29.47500579126549,45.12567630912767,0,0.5361111111111111,0.4012712464946273,0.6721619144101404,2177.2315395777587,0.48333333333333334,0.6030549609095751,22,5
Aurangabad,2023-06-05,9,12,34,91.43699425772647,40.956520195019436,29.35054541909906,81.02521912770473,1,0.5361111111111111,0.4012712464946273,0.6721619144101404,2177.2315395777587,0.48333333333333334,0.6030549609095751,23,6
Aurangabad,2023-06-12,6,7,35,108.9365498542296,41.47375930389973,30.15579387545973,87.17492782814999,1,0.5361111111111111,0.4012712464946273,0.6721619144101404,2177.2315395777587,0.48333333333333334,0.6030549609095751,24,6
Aurangabad,2023-06-19,8,9,36,83.16685416855267,29.039307340130538,32.82126456295917,77.96227389132643,1,0.5361111111111111,0.4012712464946273,0.6721619144101404,2177.2315395777587,0.48333333333333334,0.6030549609095751,25,6
Aurangabad,2023-06-26,4,19,30,99.64561642022382,10.373105567259662,31.06050052707049,77.48446961020218,1,0.5361111111111111,0.4012712464946273,0.6721619144101404,2177.2315395777587,0.48333333333333334,0.6030549609095751,26,6
Aurangabad,2023-07-03,10,10,41,111.16600979713161,39.99659483804306,28.01776165083816,85.87402111039509,1,0.5361111111111111,0.4012712464946273,0.6721619144101404,2177.2315395777587,0.48333333333333334,0.6030549609095751,27,7
Aurangabad,2023-07-10,11,8,22,80.022861575199,33.20878142484696,25.883633944987324,85.07994110342517,1,0.5361111111111111,0.4012712464946273,0.6721619144101404,2177.2315395777587,0.48333333333333334,0.6030549609095751,28,7
Aurangabad,2023-07-17,10,9,45,92.54117168625275,-9.51578757640034,33.15785986870381,82.32871361849762,1,0.5361111111111111,0.4012712464946273,0.6721619144101404,2177.2315395777587,0.48333333333333334,0.6030549609095751,29,7
Aurangabad,2023-07-24,5,9,40,107.28438948114781,29.33885168330015,33.252520734326204,87.78709303563886,1,0.5361111111111111,0.4012712464946273,0.6721619144101404,2177.2315395777587,0.48333333333333334,0.6030549609095751,30,7
Aurangabad,2023-07-31,6,15,29,101.1524073520295,25.536443981284748,31.82951696497155,91.11339169744454,1,0.5361111111111111,0.4012712464946273,0.6721619144101404,2177.2315395777587,0.48333333333333334,0.6030549609095751,31,7
Aurangabad,2023-08-07,5,12,51,111.32326955600344,-32.35006839227378,27.73959830111983,77.14356154620597,1,0.5361111111111111,0.4012712464946273,0.6721619144101404,2177.2315395777587,0.48333333333333334,0.6030549609095751,32,8
Aurangabad,2023-08-14,13,18,36,116.01434794162049,65.46231341166514,27.8715419193184,76.86297483314075,1,0.5361111111111111,0.4012712464946273,0.6721619144101404,2177.2315395777587,0.48333333333333334,0.6030549609095751,33,8
Aurangabad,2023-08-21,13,14,34,99.26401662624617,26.456357725980837,26.03199990917337,84.04980384227325,1,0.5361111111111111,0.4012712464946273,0.6721619144101404,2177.2315395777587,0.48333333333333334,0.6030549609095751,34,8
Aurangabad,2023-08-28,8,10,33,108.63283212304358,26.605789620309178,24.10778038169682,77.39043114636968,1,0.5361111111111111,0.4012712464946273,0.6721619144101404,2177.2315395777587,0.48333333333333334,0.6030549609095751,35,8
Aurangabad,2023-09-04,9,13,25,91.74240046397371,-6.253529596421961,21.250063095770685,84.29350075158611,1,0.5361111111111111,0.4012712464946273,0.6721619144101404,2177.2315395777587,0.48333333333333334,0.6030549609095751,36,9
Aurangabad,2023-09-11,6,5,25,92.57250199842497,-16.95293958168764,20.76750476908223,79.21636537887132,1,0.5361111111111111,0.4012712464946273,0.6721619144101404,2177.2315395777587,0.48333333333333334,0.6030549609095751,37,9
Aurangabad,2023-09-18,11,8,43,104.01897074031272,3.7117143587147226,20.09870341445452,82.29499323899475,1,0.5361111111111111,0.4012712464946273,0.6721619144101404,2177.2315395777587,0.48333333333333334,0.6030549609095751,38,9
Aurangabad,2023-09-25,5,12,29,84.70462356012283,-24.748835409449587,20.925031007377434,72.08537346598395,1,0.5361111111111111,0.4012712464946273,0.6721619144101404,2177.2315395777587,0.48333333333333334,0.6030549609095751,39,9
Aurangabad,2023-10-02,3,3,4,5.8242212207271855,3.931369398820419,14.952142868111515,36.98748383007082,0,0.5361111111111111,0.4012712464946273,0.6721619144101404,2177.2315395777587,0.48333333333333334,0.6030549609095751,40,10
Aurangabad,2023-10-09,3,1,11,17.989956326084048,-3.9312951069674416,14.70548660220027,40.34520748149703,0,0.5361111111111111,0.4012712464946273,0.6721619144101404,2177.2315395777587,0.48333333333333334,0.6030549609095751,41,10
Aurangabad,2023-10-16,3,2,7,22.65882584598961,-2.2910967649561687,12.148383280616875,41.69837541860367,0,0.5361111111111111,0.4012712464946273,0.6721619144101404,2177.2315395777587,0.48333333333333334,0.6030549609095751,42,10
Aurangabad,2023-10-23,1,8,10,21.092571117709735,11.100511748216576,17.199183086630836,38.74251642592573,0,0.5361111111111111,0.4012712464946273,0.6721619144101404,2177.2315395777587,0.48333333333333334,0.6030549609095751,43,10
Aurangabad,2023-10-30,3,1,8,18.03390518739407,28.432732454478916,15.280774831244905,42.70678330326844,0,0.5361111111111111,0.4012712464946273,0.6721619144101404,2177.2315395777587,0.48333333333333334,0.6030549609095751,44,10
Aurangabad,2023-11-06,2,4,9,17.937811316083575,17.783688301033315,10.683658603602058,41.1350653574258,0,0.5361111111111111,0.4012712464946273,0.6721619144101404,2177.2315395777587,0.48333333333333334,0.6030549609095751,45,11
Aurangabad,2023-11-13,3,4,9,33.15687240963821,8.36919302527511,10.090344251309373,38.751476096755134,0,0.5361111111111111,0.4012712464946273,0.6721619144101404,2177.2315395777587,0.48333333333333334,0.6030549609095751,46,11
Aurangabad,2023-11-20,0,3,4,0.8380647462200166,17.188647674063095,9.50940187836969,34.47797225938413,0,0.5361111111111111,0.4012712464946273,0.6721619144101404,2177.2315395777587,0.48333333333333334,0.6030549609095751,47,11
Aurangabad,2023-11-27,1,6,10,19.183275051254185,-4.703924993816843,8.791645104236844,37.5353248454381,0,0.5361111111111111,0.4012712464946273,0.6721619144101404,2177.2315395777587,0.48333333333333334,0.6030549609095751,48,11
Aurangabad,2023-12-04,2,0,11,26.35995730960482,7.994367391658113,6.947457016458483,35.159921149539635,0,0.5361111111111111,0.4012712464946273,0.6721619144101404,2177.2315395777587,0.48333333333333334,0.6030549609095751,49,12
Aurangabad,2023-12-11,2,7,5,51.66840676676571,-3.323368527468313,8.875746297844444,38.449831079494324,0,0.5361111111111111,0.4012712464946273,0.6721619144101404,2177.2315395777587,0.48333333333333334,0.6030549609095751,50,12
Aurangabad,2023-12-18,2,2,9,18.55685930544479,15.10815752663758,8.663252092887435,44.229126474967174,0,0.5361111111111111,0.4012712464946273,0.6721619144101404,2177.2315395777587,0.48333333333333334,0.6030549609095751,51,12
Aurangabad,2023-12-25,2,2,11,4.827332696302992,-10.54444477350593,7.308005810199857,46.99405967175081,0,0.5361111111111111,0.4012712464946273,0.6721619144101404,2177.2315395777587,0.48333333333333334,0.6030549609095751,52,12
Beed,2022-01-03,4,4,12,35.22113271065254,-0.56579819027767,9.027282744389082,42.775834730266,0,0.5638888888888889,0.4724339606923975,0.662012242060192,645.4331368051373,0.5166666666666666,0.5958736602411528,1,1
Beed,2022-01-10,4,1,7,7.741693386786883,3.4144709742466905,13.338456247725647,40.07285769817333,0,0.5638888888888889,0.4724339606923975,0.662012242060192,645.4331368051373,0.5166666666666666,0.5958736602411528,2,1
Beed,2022-01-17,3,2,9,1.9280191798213906,6.034085264205965,9.878137004655544,36.09102729925806,0,0.5638888888888889,0.4724339606923975,0.662012242060192,645.4331368051373,0.5166666666666666,0.5958736602411528,3,1
Beed,2022-01-24,1,1,10,17.992792023740837,7.470859935275763,8.642669334416873,36.62258767608881,0,0.5638888888888889,0.4724339606923975,0.662012242060192,645.4331368051373,0.5166666666666666,0.5958736602411528,4,1
Beed,2022-01-31,3,3,7,38.43622051870857,-19.250775383648886,8.83970652912347,28.59079289027802,0,0.5638888888888889,0.4724339606923975,0.662012242060192,645.4331368051373,0.5166666666666666,0.5958736602411528,5,1
Beed,2022-02-07,4,3,5,17.061119271382257,-12.752454673681097,15.668194609901253,53.7733778993952,0,0.5638888888888889,0.4724339606923975,0.662012242060192,645.4331368051373,0.5166666666666666,0.5958736602411528,6,2
Beed,2022-02-14,1,6,12,13.521956321138035,-8.120262567308078,15.01795976005823,30.491307367336248,0,0.5638888888888889,0.4724339606923975,0.662012242060192,645.4331368051373,0.5166666666666666,0.5958736602411528,7,2
Beed,2022-02-21,6,2,3,22.965168361725183,-11.394207491127075,15.770213595622968,39.38267273118785,0,0.5638888888888889,0.4724339606923975,0.662012242060192,645.4331368051373,0.5166666666666666,0.5958736602411528,8,2
Beed,2022-02-28,4,3,9,12.00353065159879,-5.389969019800546,15.926078782756589,44.09670471862156,0,0.5638888888888889,0.4724339606923975,0.662012242060192,645.4331368051373,0.5166666666666666,0.5958736602411528,9,2
Beed,2022-03-07,2,2,18,34.96990497024719,-5.116352845437269,19.08639842344602,40.43855761417697,0,0.5638888888888889,0.4724339606923975,0.662012242060192,645.4331368051373,0.5166666666666666,0.5958736602411528,10,3
Beed,2022-03-14,4,5,8,24.557215176998056,-8.720298290079796,18.401137767283302,45.063757355813564,0,0.5638888888888889,0.4724339606923975,0.662012242060192,645.4331368051373,0.5166666666666666,0.5958736602411528,11,3
Beed,2022-03-21,2,4,16,40.54731353008393,-0.5189198002209356,19.08640420906313,40.94120690654091,0,0.5638888888888889,0.4724339606923975,0.662012242060192,645.4331368051373,0.5166666666666666,0.5958736602411528,12,3
Beed,2022-03-28,0,6,8,11.907755606014643,-6.965314288062566,21.177660141973185,33.34190164617041,0,0.5638888888888889,0.4724339606923975,0.662012242060192,645.4331368051373,0.5166666666666666,0.5958736602411528,13,3
Beed,2022-04-04,2,3,13,26.151867726135784,8.82497860655432,23.522455539273277,38.71265195712039,0,0.5638888888888889,0.4724339606923975,0.662012242060192,645.4331368051373,0.5166666666666666,0.5958736602411528,14,4
Beed,2022-04-11,1,1,10,10.525561414300855,-2.256169905519794,27.179838598476554,43.38836367231974,0,0.5638888888888889,0.4724339606923975,0.662012242060192,645.4331368051373,0.5166666666666666,0.5958736602411528,15,4
Beed,2022-04-18,2,6,11,20.9293910843724,-3.4831140601479227,25.580047565509854,41.21953402712388,0,0.5638888888888889,0.4724339606923975,0.662012242060192,645.4331368051373,0.5166666666666666,0.5958736602411528,16,4
Beed,2022-04-25,1,3,12,23.345263327879486,-16.314479053743185,24.040902997085272,37.40267931568233,0,0.5638888888888889,0.4724339606923975,0.662012242060192,645.4331368051373,0.5166666666666666,0.5958736602411528,17,4
Beed,2022-05-02,2,8,7,24.327794486830925,7.024599808320131,30.355811126442312,35.58028487277731,0,0.5638888888888889,0.4724339606923975,0.662012242060192,645.4331368051373,0.5166666666666666,0.5958736602411528,18,5
Beed,2022-05-09,2,8,12,37.24118384975806,-1.0308278250149543,30.662250199347923,41.29893126374212,0,0.5638888888888889,0.4724339606923975,0.662012242060192,645.4331368051373,0.5166666666666666,0.5958736602411528,19,5
Beed,2022-05-16,2,5,7,18.3306494560163,16.766745274685533,29.504995984820905,34.259233611634016,0,0.5638888888888889,0.4724339606923975,0.662012242060192,645.4331368051373,0.5166666666666666,0.5958736602411528,20,5
Beed,2022-05-23,1,4,10,9.646323710735395,-3.0221638612688864,29.69268950760127,41.417410872830665,0,0.5638888888888889,0.4724339606923975,0.662012242060192,645.4331368051373,0.5166666666666666,0.5958736602411528,21,5
Beed,2022-05-30,0,9,3,5.5060295966497215,-4.703085991660848,27.749691087151838,45.126595244605674,0,0.5638888888888889,0.4724339606923975,0.662012242060192,645.4331368051373,0.5166666666666666,0.5958736602411528,22,5
Beed,2022-06-06,6,15,46,111.43982755285799,31.321799123663457,36.331869878108,79.88230004921051,1,0.5638888888888889,0.4724339606923975,0.662012242060192,645.4331368051373,0.5166666666666666,0.5958736602411528,23,6
Beed,2022-06-13,5,10,31,88.61545217985172,28.398257470073627,34.93672650544003,82.17213336077637,1,0.5638888888888889,0.4724339606923975,0.662012242060192,645.4331368051373,0.5166666666666666,0.5958736602411528,24,6
Beed,2022-06-20,8,12,35,92.5404965116652,-43.45003523163571,29.68958627118348,74.91054341514223,1,0.5638888888888889,0.4724339606923975,0.662012242060192,645.4331368051373,0.5166666666666666,0.5958736602411528,25,6
Beed,2022-06-27,10,15,37,90.24479124994171,31.054384683102874,31.180956395976512,79.90821768355484,1,0.5638888888888889,0.4724339606923975,0.662012242060192,645.4331368051373,0.5166666666666666,0.5958736602411528,26,6
Beed,2022-07-04,7,15,35,102.7411034403464,42.85501499414469,30.358796044013797,82.13236126283097,1,0.5638888888888889,0.4724339606923975,0.662012242060192,645.4331368051373,0.5166666666666666,0.5958736602411528,27,7
Beed,2022-07-11,9,10,32,116.45590466932424,-9.99622478143524,30.460316021577857,84.7213208164942,1,0.5638888888888889,0.4724339606923975,0.662012242060192,645.4331368051373,0.5166666666666666,0.5958736602411528,28,7
Beed,2022-07-18,16,9,32,118.63262403848489,-21.430143060494128,28.515859770976707,84.42180152562317,1,0.5638888888888889,0.4724339606923975,0.662012242060192,645.4331368051373,0.5166666666666666,0.5958736602411528,29,7
Beed,2022-07-25,6,11,20,87.09164265718502,-3.820497804733174,29.10508120373153,75.38752120871739,1,0.5638888888888889,0.4724339606923975,0.662012242060192,645.4331368051373,0.5166666666666666,0.5958736602411528,30,7
Beed,2022-08-01,2,13,44,100.66695816893488,-39.15418481217152,26.17521662226323,78.70572986014025,1,0.5638888888888889,0.4724339606923975,0.662012242060192,645.4331368051373,0.5166666666666666,0.5958736602411528,31,8
Beed,2022-08-08,11,9,40,107.03170706470108,15.199148476236317,25.257581574871885,80.58601395442602,1,0.5638888888888889,0.4724339606923975,0.662012242060192,645.4331368051373,0.5166666666666666,0.5958736602411528,32,8
Beed,2022-08-15,4,7,30,109.82931867250795,-13.14007934115119,26.122572615067725,89.5818804591747,1,0.5638888888888889,0.4724339606923975,0.662012242060192,645.4331368051373,0.5166666666666666,0.5958736602411528,33,8
Beed,2022-08-22,11,7,32,76.76160473215567,-3.7760820922797684,25.650616121742637,79.67860841464766,1,0.5638888888888889,0.4724339606923975,0.662012242060192,645.4331368051373,0.5166666666666666,0.5958736602411528,34,8
Beed,2022-08-29,6,7,29,113.4353037097729,-1.7772695768293048,23.363417728494927,74.46079106430787,1,0.5638888888888889,0.4724339606923975,0.662012242060192,645.4331368051373,0.5166666666666666,0.5958736602411528,35,8
Beed,2022-09-05,9,9,34,105.24307380251624,-33.63514619456781,23.104679529277572,89.7369318799802,1,0.5638888888888889,0.4724339606923975,0.662012242060192,645.4331368051373,0.5166666666666666,0.5958736602411528,36,9
Beed,2022-09-12,9,7,38,105.33869239319023,-20.66243268798837,19.77165189506108,85.03176747244731,1,0.5638888888888889,0.4724339606923975,0.662012242060192,645.4331368051373,0.5166666666666666,0.5958736602411528,37,9
Beed,2022-09-19,10,8,35,92.0058699614776,-21.7101041843939,21.812113932655908,76.43968883142554,1,0.5638888888888889,0.4724339606923975,0.662012242060192,645.4331368051373,0.5166666666666666,0.5958736602411528,38,9
Beed,2022-09-26,8,6,35,102.20229162363614,24.158092798169985,19.0837108183452,81.65786862952494,1,0.5638888888888889,0.4724339606923975,0.662012242060192,645.4331368051373,0.5166666666666666,0.5958736602411528,39,9
Beed,2022-10-03,3,4,7,31.912317729374315,17.681229263845534,12.423076345172008,30.874883049222564,0,0.5638888888888889,0.4724339606923975,0.662012242060192,645.4331368051373,0.5166666666666666,0.5958736602411528,40,10
Beed,2022-10-10,1,8,6,23.45617451663999,13.462120651714685,10.84891189909724,49.136775810852086,0,0.5638888888888889,0.4724339606923975,0.662012242060192,645.4331368051373,0.5166666666666666,0.5958736602411528,41,10
Beed,2022-10-17,1,1,15,35.615861927429904,-9.826222991161744,15.36931459535757,35.94111680107815,0,0.5638888888888889,0.4724339606923975,0.662012242060192,645.4331368051373,0.5166666666666666,0.5958736602411528,42,10
Beed,2022-10-24,3,5,8,32.16177614558578,-6.5196603225633885,14.71973702518157,34.50917800602264,0,0.5638888888888889,0.4724339606923975,0.662012242060192,645.4331368051373,0.5166666666666666,0.5958736602411528,43,10
Beed,2022-10-31,1,6,11,16.347156841850893,13.802591534950249,15.219327967193639,43.91524098278593,0,0.5638888888888889,0.4724339606923975,0.662012242060192,645.4331368051373,0.5166666666666666,0.5958736602411528,44,10
Beed,2022-11-07,4,7,6,21.241836245475998,4.132381792818131,10.96008269334589,43.40977935680867,0,0.5638888888888889,0.4724339606923975,0.662012242060192,645.4331368051373,0.5166666666666666,0.5958736602411528,45,11
Beed,2022-11-14,3,3,10,17.603614478387,-3.7289009344832698,6.184764615413302,30.913558712901335,0,0.5638888888888889,0.4724339606923975,0.662012242060192,645.4331368051373,0.5166666666666666,0.5958736602411528,46,11
Beed,2022-11-21,3,4,8,10.985523842244412,8.209351007539684,11.53356302629452,31.079977530491433,0,0.5638888888888889,0.4724339606923975,0.662012242060192,645.4331368051373,0.5166666666666666,0.5958736602411528,47,11
Beed,2022-11-28,1,3,8,16.253348546196822,-9.648663187289667,10.504004528310714,37.52562872350765,0,0.5638888888888889,0.4724339606923975,0.662012242060192,645.4331368051373,0.5166666666666666,0.5958736602411528,48,11
Beed,2022-12-05,1,2,17,7.201154050927837,11.453781147231823,6.707623270941345,32.40976350093171,0,0.5638888888888889,0.4724339606923975,0.662012242060192,645.4331368051373,0.5166666666666666,0.5958736602411528,49,12
Beed,2022-12-12,2,4,9,7.784171002753556,0.24231597611008648,9.173858697713069,40.0812146668179,0,0.5638888888888889,0.4724339606923975,0.662012242060192,645.4331368051373,0.5166666666666666,0.5958736602411528,50,12
Beed,2022-12-19,3,4,5,19.7509337839771,-1.4812683297967242,8.41904790380169,40.40942115459976,0,0.5638888888888889,0.4724339606923975,0.662012242060192,645.4331368051373,0.5166666666666666,0.5958736602411528,51,12
Beed,2022-12-26,0,5,7,25.314754975299785,5.798366218536199,8.423595576638574,40.15436749427859,0,0.5638888888888889,0.4724339606923975,0.662012242060192,645.4331368051373,0.5166666666666666,0.5958736602411528,52,12
Beed,2023-01-02,1,3,8,27.80824389474645,-0.3686041845402258,11.631357613644328,38.973635267932075,0,0.5638888888888889,0.4724339606923975,0.662012242060192,645.4331368051373,0.5166666666666666,0.5958736602411528,1,1
Beed,2023-01-09,3,3,11,33.763845846243555,-2.487567692076994,10.349218423866681,39.081129670852214,0,0.5638888888888889,0.4724339606923975,0.662012242060192,645.4331368051373,0.5166666666666666,0.5958736602411528,2,1
Beed,2023-01-16,0,5,9,10.395236176059267,3.73390296271696,10.159093969746683,38.371894451086334,0,0.5638888888888889,0.4724339606923975,0.662012242060192,645.4331368051373,0.5166666666666666,0.5958736602411528,3,1
Beed,2023-01-23,6,4,6,33.576241436733135,-9.994971014708456,8.732875299333905,41.304221925706464,0,0.5638888888888889,0.4724339606923975,0.662012242060192,645.4331368051373,0.5166666666666666,0.5958736602411528,4,1
Beed,2023-01-30,2,2,11,15.760915582732661,9.732542917672854,10.0640341814669,43.87315835120114,0,0.5638888888888889,0.4724339606923975,0.662012242060192,645.4331368051373,0.5166666666666666,0.5958736602411528,5,1
Beed,2023-02-06,1,0,5,30.26923775002914,1.3008983582559661,17.305822689669274,44.753268537741285,0,0.5638888888888889,0.4724339606923975,0.662012242060192,645.4331368051373,0.5166666666666666,0.5958736602411528,6,2
Beed,2023-02-13,5,3,6,24.504617431920696,-5.223479251190954,12.58271519975301,37.254211660039644,0,0.5638888888888889,0.4724339606923975,0.662012242060192,645.4331368051373,0.5166666666666666,0.5958736602411528,7,2
Beed,2023-02-20,1,5,17,43.940528474663026,4.546968991951034,15.08403992552095,44.94962810381013,0,0.5638888888888889,0.4724339606923975,0.662012242060192,645.4331368051373,0.5166666666666666,0.5958736602411528,8,2
Beed,2023-02-27,0,6,4,1.0817149138220685,-3.0527713933086136,14.973076651971665,38.02528459292105,0,0.5638888888888889,0.4724339606923975,0.662012242060192,645.4331368051373,0.5166666666666666,0.5958736602411528,9,2
Beed,2023-03-06,1,5,2,24.835994510448657,17.872604528244793,19.488300625588227,44.45627946222492,0,0.5638888888888889,0.4724339606923975,0.662012242060192,645.4331368051373,0.5166666666666666,0.5958736602411528,10,3
Beed,2023-03-13,1,12,9,20.002219095423825,7.073715755009474,20.105790261735596,36.662498284331825,0,0.5638888888888889,0.4724339606923975,0.662012242060192,645.4331368051373,0.5166666666666666,0.5958736602411528,11,3
Beed,2023-03-20,3,2,5,25.191225035881583,-3.6048459594113313,18.3097018250007,36.24874162694192,0,0.5638888888888889,0.4724339606923975,0.662012242060192,645.4331368051373,0.5166666666666666,0.5958736602411528,12,3
Beed,2023-03-27,4,5,10,18.520704574273495,-11.137182923384024,18.750866081104146,38.10385537980179,0,0.5638888888888889,0.4724339606923975,0.662012242060192,645.4331368051373,0.5166666666666666,0.5958736602411528,13,3
Beed,2023-04-03,4,3,4,31.637173215203156,6.072976612097366,27.263393857961315,42.96653087801647,0,0.5638888888888889,0.4724339606923975,0.662012242060192,645.4331368051373,0.5166666666666666,0.5958736602411528,14,4
Beed,2023-04-10,4,8,9,20.10704826194995,4.643008970512134,22.338001615686885,35.52532420043524,0,0.5638888888888889,0.4724339606923975,0.662012242060192,645.4331368051373,0.5166666666666666,0.5958736602411528,15,4
Beed,2023-04-17,3,4,11,25.48601883351622,4.13813917496319,28.770590140726124,41.75832992805238,0,0.5638888888888889,0.4724339606923975,0.662012242060192,645.4331368051373,0.5166666666666666,0.5958736602411528,16,4
Beed,2023-04-24,2,4,12,13.661526468627606,4.5006095502583285,30.147787572813602,38.22645100728935,0,0.5638888888888889,0.4724339606923975,0.662012242060192,645.4331368051373,0.5166666666666666,0.5958736602411528,17,4
Beed,2023-05-01,1,9,4,16.877088709599565,1.9138878012921687,29.835353505662894,38.63544261333333,0,0.5638888888888889,0.4724339606923975,0.662012242060192,645.4331368051373,0.5166666666666666,0.5958736602411528,18,5
Beed,2023-05-08,0,1,4,11.381867286985338,5.277350996377672,25.559281767919856,46.32752386190091,0,0.5638888888888889,0.4724339606923975,0.662012242060192,645.4331368051373,0.5166666666666666,0.5958736602411528,19,5
Beed,2023-05-15,2,3,7,25.410637307255133,5.578941750728678,29.635866651100454,33.53252282074324,0,0.5638888888888889,0.4724339606923975,0.662012242060192,645.4331368051373,0.5166666666666666,0.5958736602411528,20,5
Beed,2023-05-22,2,13,9,13.635128147989576,18.56310990412411,30.562571496778375,37.721349819166285,0,0.5638888888888889,0.4724339606923975,0.662012242060192,645.4331368051373,0.5166666666666666,0.5958736602411528,21,5
Beed,2023-05-29,2,4,10,17.118650680537417,-0.5840639276155168,31.27437774481157,40.834358592073116,0,0.5638888888888889,0.4724339606923975,0.662012242060192,645.4331368051373,0.5166666666666666,0.5958736602411528,22,5
Beed,2023-06-05,3,6,24,111.88059135603318,-60.73915375240502,32.22372245576611,77.29603338194524,1,0.5638888888888889,0.4724339606923975,0.662012242060192,645.4331368051373,0.5166666666666666,0.5958736602411528,23,6
Beed,2023-06-12,10,13,29,97.59322672056288,27.303371958416616,36.40682269078888,71.10223526801893,1,0.5638888888888889,0.4724339606923975,0.662012242060192,645.4331368051373,0.5166666666666666,0.5958736602411528,24,6
Beed,2023-06-19,10,9,25,88.11637952554042,45.657544977430014,34.613637798927925,81.12615577538577,1,0.5638888888888889,0.4724339606923975,0.662012242060192,645.4331368051373,0.5166666666666666,0.5958736602411528,25,6
Beed,2023-06-26,8,11,35,101.4176457768971,2.4120236291615953,33.72291306820907,82.08683975377151,1,0.5638888888888889,0.4724339606923975,0.662012242060192,645.4331368051373,0.5166666666666666,0.5958736602411528,26,6
Beed,2023-07-03,8,13,32,112.26215545555534,-9.821998071123762,29.944872055248542,87.96630422892301,1,0.5638888888888889,0.4724339606923975,0.662012242060192,645.4331368051373,0.5166666666666666,0.5958736602411528,27,7
Beed,2023-07-10,6,10,28,101.81970913428333,45.64169391992299,32.30975980808345,77.40638786946779,1,0.5638888888888889,0.4724339606923975,0.662012242060192,645.4331368051373,0.5166666666666666,0.5958736602411528,28,7
Beed,2023-07-17,5,13,38,99.32072875221921,26.405465052827758,30.059012056740603,77.56063026121019,1,0.5638888888888889,0.4724339606923975,0.662012242060192,645.4331368051373,0.5166666666666666,0.5958736602411528,29,7
Beed,2023-07-24,6,10,26,85.37622024454839,9.941170828112874,29.98962766986655,84.27144084945924,1,0.5638888888888889,0.4724339606923975,0.662012242060192,645.4331368051373,0.5166666666666666,0.5958736602411528,30,7
Beed,2023-07-31,8,13,22,88.00356512933813,28.563143487071002,28.42663366164205,82.12247018465105,1,0.5638888888888889,0.4724339606923975,0.662012242060192,645.4331368051373,0.5166666666666666,0.5958736602411528,31,7
Beed,2023-08-07,10,8,29,108.35815544609201,65.83504279056683,24.976247317996563,77.27967030796812,1,0.5638888888888889,0.4724339606923975,0.662012242060192,645.4331368051373,0.5166666666666666,0.5958736602411528,32,8
Beed,2023-08-14,7,11,34,91.39534153222903,6.214259083351843,23.28197113109475,86.18506033140453,1,0.5638888888888889,0.4724339606923975,0.662012242060192,645.4331368051373,0.5166666666666666,0.5958736602411528,33,8
Beed,2023-08-21,5,10,27,91.77794829345038,0.46520109255928527,26.481642157105583,81.39970565413631,1,0.5638888888888889,0.4724339606923975,0.662012242060192,645.4331368051373,0.5166666666666666,0.5958736602411528,34,8
Beed,2023-08-28,8,12,22,84.01591678554315,-54.38615049538755,29.6815538722603,71.43136155365652,1,0.5638888888888889,0.4724339606923975,0.662012242060192,645.4331368051373,0.5166666666666666,0.5958736602411528,35,8
Beed,2023-09-04,7,10,30,81.83986224378214,6.363152134327371,18.704804586177673,85.04030660364711,1,0.5638888888888889,0.4724339606923975,0.662012242060192,645.4331368051373,0.5166666666666666,0.5958736602411528,36,9
Beed,2023-09-11,9,4,37,105.73519246039083,-21.204179567153915,19.105525206795097,85.12167650462074,1,0.5638888888888889,0.4724339606923975,0.662012242060192,645.4331368051373,0.5166666666666666,0.5958736602411528,37,9
Beed,2023-09-18,6,14,32,105.2915911391514,6.798744894106216,18.65262687301344,72.31824902319116,1,0.5638888888888889,0.4724339606923975,0.662012242060192,645.4331368051373,0.5166666666666666,0.5958736602411528,38,9
Beed,2023-09-25,8,7,36,87.9545659143821,-36.968860802046265,18.53692368173885,80.38724825193788,1,0.5638888888888889,0.4724339606923975,0.662012242060192,645.4331368051373,0.5166666666666666,0.5958736602411528,39,9
Beed,2023-10-02,1,3,8,19.887175147191805,0.9915337871927259,16.23536394248353,31.172507236431073,0,0.5638888888888889,0.4724339606923975,0.662012242060192,645.4331368051373,0.5166666666666666,0.5958736602411528,40,10
Beed,2023-10-09,2,4,8,18.993972096778247,6.277560570553941,15.847388144378087,32.56880227032131,0,0.5638888888888889,0.4724339606923975,0.662012242060192,645.4331368051373,0.5166666666666666,0.5958736602411528,41,10
Beed,2023-10-16,1,5,4,22.33958702623478,-23.060480075654162,14.882507507674742,36.651060364923275,0,0.5638888888888889,0.4724339606923975,0.662012242060192,645.4331368051373,0.5166666666666666,0.5958736602411528,42,10
Beed,2023-10-23,2,4,14,6.629871318303449,4.309274331252177,13.214843924255824,42.80705025974474,0,0.5638888888888889,0.4724339606923975,0.662012242060192,645.4331368051373,0.5166666666666666,0.5958736602411528,43,10
Beed,2023-10-30,4,3,5,9.392853945070987,11.841793597024541,15.854011133406166,37.768644788639065,0,0.5638888888888889,0.4724339606923975,0.662012242060192,645.4331368051373,0.5166666666666666,0.5958736602411528,44,10
Beed,2023-11-06,1,6,7,17.32938738807609,10.223114571791216,10.504636573573457,41.274510039640475,0,0.5638888888888889,0.4724339606923975,0.662012242060192,645.4331368051373,0.5166666666666666,0.5958736602411528,45,11
Beed,2023-11-13,1,1,12,16.604090061660056,-16.547328120757086,10.73216677154701,36.55501011788016,0,0.5638888888888889,0.4724339606923975,0.662012242060192,645.4331368051373,0.5166666666666666,0.5958736602411528,46,11
Beed,2023-11-20,0,5,11,28.963413634818174,-6.070525352580859,10.618522177806671,41.74470088877811,0,0.5638888888888889,0.4724339606923975,0.662012242060192,645.4331368051373,0.5166666666666666,0.5958736602411528,47,11
Beed,2023-11-27,1,0,8,10.848118055028586,-24.385853486139144,9.110318202960404,30.51323907177425,0,0.5638888888888889,0.4724339606923975,0.662012242060192,645.4331368051373,0.5166666666666666,0.5958736602411528,48,11
Beed,2023-12-04,4,4,10,18.89395778325422,-1.2254253649731197,6.972881573907903,37.329135336150465,0,0.5638888888888889,0.4724339606923975,0.662012242060192,645.4331368051373,0.5166666666666666,0.5958736602411528,49,12
Beed,2023-12-11,2,1,9,32.7900731872793,8.517549313757087,6.520079050017166,42.522764713398104,0,0.5638888888888889,0.4724339606923975,0.662012242060192,645.4331368051373,0.5166666666666666,0.5958736602411528,50,12
Beed,2023-12-18,0,2,6,6.859993593040155,-8.21970633497684,7.153151561759468,51.944659297349375,0,0.5638888888888889,0.4724339606923975,0.662012242060192,645.4331368051373,0.5166666666666666,0.5958736602411528,51,12
Beed,2023-12-25,1,0,7,15.524949137156607,-12.37225759877272,6.9913527511415525,37.67972820160216,0,0.5638888888888889,0.4724339606923975,0.662012242060192,645.4331368051373,0.5166666666666666,0.5958736602411528,52,12
Bhandara,2022-01-03,0,2,3,9.844568634196413,7.849524704280482,5.815886633389288,43.315743244913946,0,0.7444444444444445,0.2647555659858791,0.7919634181880917,1651.7207223545893,0.7333333333333334,0.7616120318558386,1,1
Bhandara,2022-01-10,1,3,4,22.974199825505508,0.8022703047709965,13.946771384350209,33.107481113172256,0,0.7444444444444445,0.2647555659858791,0.7919634181880917,1651.7207223545893,0.7333333333333334,0.7616120318558386,2,1
Bhandara,2022-01-17,1,1,4,14.709004290869846,-6.938304592740872,9.816214599252758,33.54821079199145,0,0.7444444444444445,0.2647555659858791,0.7919634181880917,1651.7207223545893,0.7333333333333334,0.7616120318558386,3,1
Bhandara,2022-01-24,0,0,6,2.749548085113098,3.6967783269817533,9.177935003019607,38.8040911972555,0,0.7444444444444445,0.2647555659858791,0.7919634181880917,1651.7207223545893,0.7333333333333334,0.7616120318558386,4,1
Bhandara,2022-01-31,3,2,6,7.9919955006419094,-13.69401815822014,12.259749645587664,45.326881808582186,0,0.7444444444444445,0.2647555659858791,0.7919634181880917,1651.7207223545893,0.7333333333333334,0.7616120318558386,5,1
Bhandara,2022-02-07,0,0,5,6.874830529263598,-9.86984785326426,14.906719571176376,48.46239223834786,0,0.7444444444444445,0.2647555659858791,0.7919634181880917,1651.7207223545893,0.7333333333333334,0.7616120318558386,6,2
Bhandara,2022-02-14,1,1,5,21.29089787625866,-17.242845356046303,13.398987080849265,39.216893980902526,0,0.7444444444444445,0.2647555659858791,0.7919634181880917,1651.7207223545893,0.7333333333333334,0.7616120318558386,7,2
Bhandara,2022-02-21,1,4,6,20.180870324968936,8.271851082601732,15.286544517518678,28.158393239675323,0,0.7444444444444445,0.2647555659858791,0.7919634181880917,1651.7207223545893,0.7333333333333334,0.7616120318558386,8,2
Bhandara,2022-02-28,3,2,11,32.897279700659055,2.3755154350823666,13.74601405229593,35.764891867597655,0,0.7444444444444445,0.2647555659858791,0.7919634181880917,1651.7207223545893,0.7333333333333334,0.7616120318558386,9,2
Bhandara,2022-03-07,0,8,4,11.503960934603192,2.4033150511579087,19.700037703390656,37.66420974068769,0,0.7444444444444445,0.2647555659858791,0.7919634181880917,1651.7207223545893,0.7333333333333334,0.7616120318558386,10,3
Bhandara,2022-03-14,0,5,1,7.302653135469502,-3.8112232839662097,19.928729846385277,38.50158481506793,0,0.7444444444444445,0.2647555659858791,0.7919634181880917,1651.7207223545893,0.7333333333333334,0.7616120318558386,11,3
Bhandara,2022-03-21,1,5,6,29.854002582659497,5.189502140634378,19.266829025109722,37.83769449256033,0,0.7444444444444445,0.2647555659858791,0.7919634181880917,1651.7207223545893,0.7333333333333334,0.7616120318558386,12,3
Bhandara,2022-03-28,4,3,9,45.07268485091089,2.3919153024656565,18.27593522808638,40.63514637981865,0,0.7444444444444445,0.2647555659858791,0.7919634181880917,1651.7207223545893,0.7333333333333334,0.7616120318558386,13,3
Bhandara,2022-04-04,1,3,9,24.59613081701253,0.19177934761813747,22.116784538997255,44.32085893159454,0,0.7444444444444445,0.2647555659858791,0.7919634181880917,1651.7207223545893,0.7333333333333334,0.7616120318558386,14,4
Bhandara,2022-04-11,3,3,17,32.7275773226366,-6.467436599857852,24.905547250826537,37.84267505029969,0,0.7444444444444445,0.2647555659858791,0.7919634181880917,1651.7207223545893,0.7333333333333334,0.7616120318558386,15,4
Bhandara,2022-04-18,1,4,6,23.19115264276991,13.891600835079764,26.951557788699244,41.17420392975837,0,0.7444444444444445,0.2647555659858791,0.7919634181880917,1651.7207223545893,0.7333333333333334,0.7616120318558386,16,4
Bhandara,2022-04-25,0,1,5,30.534167618729562,-5.091905666559363,27.329284344913834,32.532282492985445,0,0.7444444444444445,0.2647555659858791,0.7919634181880917,1651.7207223545893,0.7333333333333334,0.7616120318558386,17,4
Bhandara,2022-05-02,1,2,2,0.6772941731280078,13.417922240134798,30.118943635208787,32.62921606642495,0,0.7444444444444445,0.2647555659858791,0.7919634181880917,1651.7207223545893,0.7333333333333334,0.7616120318558386,18,5
Bhandara,2022-05-09,3,5,6,29.56722421254359,15.829457270977045,25.0054656650314,33.37630569848435,0,0.7444444444444445,0.2647555659858791,0.7919634181880917,1651.7207223545893,0.7333333333333334,0.7616120318558386,19,5
Bhandara,2022-05-16,1,2,7,30.823173103704367,-28.54823455571634,33.54888999835791,39.06723421541828,0,0.7444444444444445,0.2647555659858791,0.7919634181880917,1651.7207223545893,0.7333333333333334,0.7616120318558386,20,5
Bhandara,2022-05-23,3,4,6,19.145833682792436,-11.985215038917929,29.3542687286036,43.523838917740825,0,0.7444444444444445,0.2647555659858791,0.7919634181880917,1651.7207223545893,0.7333333333333334,0.7616120318558386,21,5
Bhandara,2022-05-30,1,3,0,7.652984994565797,3.3731999620691697,31.346756846998844,33.88212214009614,0,0.7444444444444445,0.2647555659858791,0.7919634181880917,1651.7207223545893,0.7333333333333334,0.7616120318558386,22,5
Bhandara,2022-06-06,7,10,25,100.71272708187098,-6.497540994400268,29.246896687318745,87.20546258292582,1,0.7444444444444445,0.2647555659858791,0.7919634181880917,1651.7207223545893,0.7333333333333334,0.7616120318558386,23,6
Bhandara,2022-06-13,4,10,20,106.26655576716433,24.098861190963163,31.680285291018034,79.57041032129453,1,0.7444444444444445,0.2647555659858791,0.7919634181880917,1651.7207223545893,0.7333333333333334,0.7616120318558386,24,6
Bhandara,2022-06-20,11,7,22,101.86889399665603,19.257506650112063,33.08383436138104,79.50641970803969,1,0.7444444444444445,0.2647555659858791,0.7919634181880917,1651.7207223545893,0.7333333333333334,0.7616120318558386,25,6
Bhandara,2022-06-27,9,8,32,110.60962831236776,-49.36411530631602,31.24640051177358,73.99662164262129,1,0.7444444444444445,0.2647555659858791,0.7919634181880917,1651.7207223545893,0.7333333333333334,0.7616120318558386,26,6
Bhandara,2022-07-04,5,7,32,108.14083410081737,-12.395016076937926,30.002135294388165,75.06742053708096,1,0.7444444444444445,0.2647555659858791,0.7919634181880917,1651.7207223545893,0.7333333333333334,0.7616120318558386,27,7
Bhandara,2022-07-11,5,2,26,98.76811970893151,21.561443763244885,28.449109418911206,74.99943369705275,1,0.7444444444444445,0.2647555659858791,0.7919634181880917,1651.7207223545893,0.7333333333333334,0.7616120318558386,28,7
Bhandara,2022-07-18,6,11,20,114.56275922022219,28.175938482940097,29.194171244206782,76.01596325360607,1,0.7444444444444445,0.2647555659858791,0.7919634181880917,1651.7207223545893,0.7333333333333334,0.7616120318558386,29,7
Bhandara,2022-07-25,7,5,22,95.5203166369201,48.70525526739261,26.6026690406742,76.93732401048243,1,0.7444444444444445,0.2647555659858791,0.7919634181880917,1651.7207223545893,0.7333333333333334,0.7616120318558386,30,7
Bhandara,2022-08-01,10,9,23,113.04498878576283,5.714558797005939,27.11271666702646,85.57050329975398,1,0.7444444444444445,0.2647555659858791,0.7919634181880917,1651.7207223545893,0.7333333333333334,0.7616120318558386,31,8
Bhandara,2022-08-08,4,7,20,113.2117324043776,5.7033604280177395,25.88277938043386,83.93799862066005,1,0.7444444444444445,0.2647555659858791,0.7919634181880917,1651.7207223545893,0.7333333333333334,0.7616120318558386,32,8
Bhandara,2022-08-15,5,9,24,94.54012805236844,16.738675497214984,26.366630197876642,79.75650277708075,1,0.7444444444444445,0.2647555659858791,0.7919634181880917,1651.7207223545893,0.7333333333333334,0.7616120318558386,33,8
Bhandara,2022-08-22,5,12,29,111.86494282414294,-29.52703215774318,29.2761841200985,77.11069448521137,1,0.7444444444444445,0.2647555659858791,0.7919634181880917,1651.7207223545893,0.7333333333333334,0.7616120318558386,34,8
Bhandara,2022-08-29,3,7,34,106.56138906437293,8.55410801070128,26.143003697741,83.40264468055655,1,0.7444444444444445,0.2647555659858791,0.7919634181880917,1651.7207223545893,0.7333333333333334,0.7616120318558386,35,8
Bhandara,2022-09-05,8,8,19,108.9303140267081,-7.819140645656834,21.642907576531382,79.7556268603092,1,0.7444444444444445,0.2647555659858791,0.7919634181880917,1651.7207223545893,0.7333333333333334,0.7616120318558386,36,9
Bhandara,2022-09-12,8,3,21,114.45431504698341,-10.116890393151806,14.541551410050484,83.29141258960149,1,0.7444444444444445,0.2647555659858791,0.7919634181880917,1651.7207223545893,0.7333333333333334,0.7616120318558386,37,9
Bhandara,2022-09-19,4,5,18,87.98576958504047,8.721593666686884,21.272226905048512,87.62049310745317,1,0.7444444444444445,0.2647555659858791,0.7919634181880917,1651.7207223545893,0.7333333333333334,0.7616120318558386,38,9
Bhandara,2022-09-26,6,8,26,112.12854507763237,-2.786890184591002,17.423186830893265,79.06230231439625,1,0.7444444444444445,0.2647555659858791,0.7919634181880917,1651.7207223545893,0.7333333333333334,0.7616120318558386,39,9
Bhandara,2022-10-03,4,3,4,15.013376651507075,-9.362560323469442,13.143746437321251,42.52548380980157,0,0.7444444444444445,0.2647555659858791,0.7919634181880917,1651.7207223545893,0.7333333333333334,0.7616120318558386,40,10
Bhandara,2022-10-10,0,0,7,14.403053902064977,34.5672475915869,13.160517372297164,32.56909742091138,0,0.7444444444444445,0.2647555659858791,0.7919634181880917,1651.7207223545893,0.7333333333333334,0.7616120318558386,41,10
Bhandara,2022-10-17,2,2,8,34.849807558624676,24.375884141626827,11.946106561634277,36.986900492770154,0,0.7444444444444445,0.2647555659858791,0.7919634181880917,1651.7207223545893,0.7333333333333334,0.7616120318558386,42,10
Bhandara,2022-10-24,2,1,2,18.91149384606557,2.0604668588899395,12.921182803462894,31.923518511049117,0,0.7444444444444445,0.2647555659858791,0.7919634181880917,1651.7207223545893,0.7333333333333334,0.7616120318558386,43,10
Bhandara,2022-10-31,1,3,5,23.853440450527394,11.004828677108504,14.787092809314093,39.74886599996278,0,0.7444444444444445,0.2647555659858791,0.7919634181880917,1651.7207223545893,0.7333333333333334,0.7616120318558386,44,10
Bhandara,2022-11-07,1,1,12,24.188969368615517,-6.001242204926697,3.357367233666384,45.60303643152509,0,0.7444444444444445,0.2647555659858791,0.7919634181880917,1651.7207223545893,0.7333333333333334,0.7616120318558386,45,11
Bhandara,2022-11-14,6,2,3,34.68252054474592,5.964904236456084,10.872027502254447,41.22504993954274,0,0.7444444444444445,0.2647555659858791,0.7919634181880917,1651.7207223545893,0.7333333333333334,0.7616120318558386,46,11
Bhandara,2022-11-21,4,2,8,13.96384271216986,-3.9751161398656363,10.794267150081662,29.644328334125376,0,0.7444444444444445,0.2647555659858791,0.7919634181880917,1651.7207223545893,0.7333333333333334,0.7616120318558386,47,11
Bhandara,2022-11-28,2,5,7,34.73399571790472,-0.8410850509051162,11.573466070571282,37.419856511972434,0,0.7444444444444445,0.2647555659858791,0.7919634181880917,1651.7207223545893,0.7333333333333334,0.7616120318558386,48,11
Bhandara,2022-12-05,0,1,6,2.3331718828585117,-9.077910600715356,6.96164988862446,50.43809452330978,0,0.7444444444444445,0.2647555659858791,0.7919634181880917,1651.7207223545893,0.7333333333333334,0.7616120318558386,49,12
Bhandara,2022-12-12,1,1,8,17.16568652158426,7.590809195591305,8.778423603525841,53.30899295590828,0,0.7444444444444445,0.2647555659858791,0.7919634181880917,1651.7207223545893,0.7333333333333334,0.7616120318558386,50,12
Bhandara,2022-12-19,0,0,4,18.724006171464943,6.842122601623038,6.335481747470843,38.689703452657504,0,0.7444444444444445,0.2647555659858791,0.7919634181880917,1651.7207223545893,0.7333333333333334,0.7616120318558386,51,12
Bhandara,2022-12-26,1,3,3,2.939971470062087,11.818315715047804,6.1525078553125585,48.88026886187727,0,0.7444444444444445,0.2647555659858791,0.7919634181880917,1651.7207223545893,0.7333333333333334,0.7616120318558386,52,12
Bhandara,2023-01-02,2,2,7,31.3222748747599,3.904231208671345,9.974524586669123,32.82676627360992,0,0.7444444444444445,0.2647555659858791,0.7919634181880917,1651.7207223545893,0.7333333333333334,0.7616120318558386,1,1
Bhandara,2023-01-09,3,4,10,36.79962956133815,4.428870651313336,10.180123619624485,46.193264187891614,0,0.7444444444444445,0.2647555659858791,0.7919634181880917,1651.7207223545893,0.7333333333333334,0.7616120318558386,2,1
Bhandara,2023-01-16,1,2,5,11.238286673927181,-14.671830449303137,12.585576964549439,37.804061273941244,0,0.7444444444444445,0.2647555659858791,0.7919634181880917,1651.7207223545893,0.7333333333333334,0.7616120318558386,3,1
Bhandara,2023-01-23,2,6,10,27.5200421988391,9.67534912861633,8.192033114865152,44.572602611803504,0,0.7444444444444445,0.2647555659858791,0.7919634181880917,1651.7207223545893,0.7333333333333334,0.7616120318558386,4,1
Bhandara,2023-01-30,2,4,6,29.045099338348706,12.43491486912442,10.566760917005308,31.71131215805504,0,0.7444444444444445,0.2647555659858791,0.7919634181880917,1651.7207223545893,0.7333333333333334,0.7616120318558386,5,1
Bhandara,2023-02-06,2,2,9,20.050435169323244,13.856100045014877,15.237656332259872,40.97395886702377,0,0.7444444444444445,0.2647555659858791,0.7919634181880917,1651.7207223545893,0.7333333333333334,0.7616120318558386,6,2
Bhandara,2023-02-13,1,2,9,13.721794651027682,5.180230083440472,14.152452448599364,40.314733701989454,0,0.7444444444444445,0.2647555659858791,0.7919634181880917,1651.7207223545893,0.7333333333333334,0.7616120318558386,7,2
Bhandara,2023-02-20,0,1,2,15.206303891945588,-2.7206517545638493,15.63843856775301,45.463083601935516,0,0.7444444444444445,0.2647555659858791,0.7919634181880917,1651.7207223545893,0.7333333333333334,0.7616120318558386,8,2
Bhandara,2023-02-27,2,2,4,34.1821481054899,-11.261601730882141,16.350699703635183,40.973750300607804,0,0.7444444444444445,0.2647555659858791,0.7919634181880917,1651.7207223545893,0.7333333333333334,0.7616120318558386,9,2
Bhandara,2023-03-06,0,2,9,26.161113145386203,-1.7254786636900674,21.770623856481023,36.41458279801277,0,0.7444444444444445,0.2647555659858791,0.7919634181880917,1651.7207223545893,0.7333333333333334,0.7616120318558386,10,3
Bhandara,2023-03-13,1,6,7,7.33221085516873,11.522817286147344,20.179285791239145,46.96888405735785,0,0.7444444444444445,0.2647555659858791,0.7919634181880917,1651.7207223545893,0.7333333333333334,0.7616120318558386,11,3
Bhandara,2023-03-20,2,6,6,11.346174228713403,-13.592352457927051,16.717231709946176,40.50501182073645,0,0.7444444444444445,0.2647555659858791,0.7919634181880917,1651.7207223545893,0.7333333333333334,0.7616120318558386,12,3
Bhandara,2023-03-27,2,6,10,12.640710812568088,-7.293768449152869,19.422996521776277,28.892916154530507,0,0.7444444444444445,0.2647555659858791,0.7919634181880917,1651.7207223545893,0.7333333333333334,0.7616120318558386,13,3
Bhandara,2023-04-03,3,5,2,23.299521267242742,8.692659655183787,26.475841836062333,41.24634284387335,0,0.7444444444444445,0.2647555659858791,0.7919634181880917,1651.7207223545893,0.7333333333333334,0.7616120318558386,14,4
Bhandara,2023-04-10,0,6,2,10.035055536080897,10.914651969155024,27.77843600170002,42.24474220444769,0,0.7444444444444445,0.2647555659858791,0.7919634181880917,1651.7207223545893,0.7333333333333334,0.7616120318558386,15,4
Bhandara,2023-04-17,0,5,9,9.868369887276799,17.328377414701727,25.698188934087945,32.8801256327969,0,0.7444444444444445,0.2647555659858791,0.7919634181880917,1651.7207223545893,0.7333333333333334,0.7616120318558386,16,4
Bhandara,2023-04-24,1,3,4,12.265990393557033,-8.333622058737971,23.23280740513408,41.688796656007185,0,0.7444444444444445,0.2647555659858791,0.7919634181880917,1651.7207223545893,0.7333333333333334,0.7616120318558386,17,4
Bhandara,2023-05-01,0,6,13,38.085077030124374,-10.496617166668665,29.71103297614909,36.93699939460126,0,0.7444444444444445,0.2647555659858791,0.7919634181880917,1651.7207223545893,0.7333333333333334,0.7616120318558386,18,5
Bhandara,2023-05-08,2,2,4,37.1671496038607,-7.093516193301507,29.958857044892685,37.31216834702886,0,0.7444444444444445,0.2647555659858791,0.7919634181880917,1651.7207223545893,0.7333333333333334,0.7616120318558386,19,5
Bhandara,2023-05-15,2,5,5,4.02005715524195,4.32080311974829,27.64886100091933,44.99731426390375,0,0.7444444444444445,0.2647555659858791,0.7919634181880917,1651.7207223545893,0.7333333333333334,0.7616120318558386,20,5
Bhandara,2023-05-22,2,7,4,3.032904716579857,5.565799545443905,34.041996397514055,28.519370368961567,0,0.7444444444444445,0.2647555659858791,0.7919634181880917,1651.7207223545893,0.7333333333333334,0.7616120318558386,21,5
Bhandara,2023-05-29,0,5,5,17.31477283901392,-4.020706005977728,30.424166056883276,36.20433568861371,0,0.7444444444444445,0.2647555659858791,0.7919634181880917,1651.7207223545893,0.7333333333333334,0.7616120318558386,22,5
Bhandara,2023-06-05,8,5,25,124.02424363099357,13.036949944179272,30.11023758470713,80.94556944690119,1,0.7444444444444445,0.2647555659858791,0.7919634181880917,1651.7207223545893,0.7333333333333334,0.7616120318558386,23,6
Bhandara,2023-06-12,8,11,18,108.98691546079478,13.036263918530706,27.989610372184465,87.26288600153254,1,0.7444444444444445,0.2647555659858791,0.7919634181880917,1651.7207223545893,0.7333333333333334,0.7616120318558386,24,6
Bhandara,2023-06-19,5,14,24,99.02349739290626,-18.607651026511974,30.045381631819765,74.49093751228297,1,0.7444444444444445,0.2647555659858791,0.7919634181880917,1651.7207223545893,0.7333333333333334,0.7616120318558386,25,6
Bhandara,2023-06-26,9,13,21,97.19306748119246,-6.686782147526291,29.877772934407822,80.98432612681329,1,0.7444444444444445,0.2647555659858791,0.7919634181880917,1651.7207223545893,0.7333333333333334,0.7616120318558386,26,6
Bhandara,2023-07-03,3,5,29,94.31823617803812,-24.842538484821684,30.70035995099246,84.66453990786135,1,0.7444444444444445,0.2647555659858791,0.7919634181880917,1651.7207223545893,0.7333333333333334,0.7616120318558386,27,7
Bhandara,2023-07-10,4,5,25,113.91226107566324,46.58741294513979,30.453276795327383,78.0379215222189,1,0.7444444444444445,0.2647555659858791,0.7919634181880917,1651.7207223545893,0.7333333333333334,0.7616120318558386,28,7
Bhandara,2023-07-17,9,6,24,106.79909263557522,6.466380315889455,33.058054970251575,83.11881617339448,1,0.7444444444444445,0.2647555659858791,0.7919634181880917,1651.7207223545893,0.7333333333333334,0.7616120318558386,29,7
Bhandara,2023-07-24,8,9,32,114.21388424889413,-17.590332606505434,31.64859143103328,85.7545402315424,1,0.7444444444444445,0.2647555659858791,0.7919634181880917,1651.7207223545893,0.7333333333333334,0.7616120318558386,30,7
Bhandara,2023-07-31,5,7,22,89.7340996129255,-14.59079562163364,31.684437168411115,81.19888279126694,1,0.7444444444444445,0.2647555659858791,0.7919634181880917,1651.7207223545893,0.7333333333333334,0.7616120318558386,31,7
Bhandara,2023-08-07,5,11,26,99.91323199506459,31.491859172290603,27.919893012290224,77.44828091088468,1,0.7444444444444445,0.2647555659858791,0.7919634181880917,1651.7207223545893,0.7333333333333334,0.7616120318558386,32,8
Bhandara,2023-08-14,4,7,28,97.58721388811917,0.05545519731886206,24.379731242106747,87.22214291060314,1,0.7444444444444445,0.2647555659858791,0.7919634181880917,1651.7207223545893,0.7333333333333334,0.7616120318558386,33,8
Bhandara,2023-08-21,9,8,29,113.31922875148173,58.67812896995683,26.473836472132398,83.04274830227818,1,0.7444444444444445,0.2647555659858791,0.7919634181880917,1651.7207223545893,0.7333333333333334,0.7616120318558386,34,8
Bhandara,2023-08-28,4,6,21,104.9209931857332,38.06232049015333,26.432802189494964,76.12495345304562,1,0.7444444444444445,0.2647555659858791,0.7919634181880917,1651.7207223545893,0.7333333333333334,0.7616120318558386,35,8
Bhandara,2023-09-04,4,11,28,94.65861356867813,-19.38991834030594,21.80591889946706,83.39941903707026,1,0.7444444444444445,0.2647555659858791,0.7919634181880917,1651.7207223545893,0.7333333333333334,0.7616120318558386,36,9
Bhandara,2023-09-11,6,5,31,94.22185658886522,14.584194521631629,19.376582167142693,89.66272166747899,1,0.7444444444444445,0.2647555659858791,0.7919634181880917,1651.7207223545893,0.7333333333333334,0.7616120318558386,37,9
Bhandara,2023-09-18,5,8,18,109.00303528826632,36.96363534948734,21.18376128497744,77.61878432913653,1,0.7444444444444445,0.2647555659858791,0.7919634181880917,1651.7207223545893,0.7333333333333334,0.7616120318558386,38,9
Bhandara,2023-09-25,6,3,32,108.58047581519101,-3.330613392009739,15.94398116353435,81.26018930154127,1,0.7444444444444445,0.2647555659858791,0.7919634181880917,1651.7207223545893,0.7333333333333334,0.7616120318558386,39,9
Bhandara,2023-10-02,1,3,1,16.940909836070183,3.561823310721647,12.94128025977487,51.88574356392222,0,0.7444444444444445,0.2647555659858791,0.7919634181880917,1651.7207223545893,0.7333333333333334,0.7616120318558386,40,10
Bhandara,2023-10-09,0,2,8,24.092486391120637,-3.612677013168362,13.694481477784032,37.51092729867366,0,0.7444444444444445,0.2647555659858791,0.7919634181880917,1651.7207223545893,0.7333333333333334,0.7616120318558386,41,10
Bhandara,2023-10-16,2,0,4,27.37900464170067,8.51713654867155,14.975200031244851,46.92378642441067,0,0.7444444444444445,0.2647555659858791,0.7919634181880917,1651.7207223545893,0.7333333333333334,0.7616120318558386,42,10
Bhandara,2023-10-23,3,4,10,18.767970645271784,5.783706834285439,14.86410086757179,42.157226825394176,0,0.7444444444444445,0.2647555659858791,0.7919634181880917,1651.7207223545893,0.7333333333333334,0.7616120318558386,43,10
Bhandara,2023-10-30,0,1,5,24.163437984479717,3.8315703348341525,13.410937855943741,32.19317815658138,0,0.7444444444444445,0.2647555659858791,0.7919634181880917,1651.7207223545893,0.7333333333333334,0.7616120318558386,44,10
Bhandara,2023-11-06,4,2,8,22.93036123739767,23.0769947252111,9.063867188647954,40.696555105455765,0,0.7444444444444445,0.2647555659858791,0.7919634181880917,1651.7207223545893,0.7333333333333334,0.7616120318558386,45,11
Bhandara,2023-11-13,1,6,7,14.570097470969914,-11.94229616774991,7.513299164732675,41.323442738497285,0,0.7444444444444445,0.2647555659858791,0.7919634181880917,1651.7207223545893,0.7333333333333334,0.7616120318558386,46,11
Bhandara,2023-11-20,0,1,1,1.7054984169015093,10.10368613157631,8.385507287971036,39.882611823214035,0,0.7444444444444445,0.2647555659858791,0.7919634181880917,1651.7207223545893,0.7333333333333334,0.7616120318558386,47,11
Bhandara,2023-11-27,1,1,6,28.264959561253157,-1.232047179113179,9.3551804081057,34.06739789434151,0,0.7444444444444445,0.2647555659858791,0.7919634181880917,1651.7207223545893,0.7333333333333334,0.7616120318558386,48,11
Bhandara,2023-12-04,1,2,8,18.63726921664043,12.835545206163196,7.99620822434691,46.97506336272602,0,0.7444444444444445,0.2647555659858791,0.7919634181880917,1651.7207223545893,0.7333333333333334,0.7616120318558386,49,12
Bhandara,2023-12-11,2,2,8,7.403272095215968,-18.851939114741157,7.659687188481827,42.55454516952313,0,0.7444444444444445,0.2647555659858791,0.7919634181880917,1651.7207223545893,0.7333333333333334,0.7616120318558386,50,12
Bhandara,2023-12-18,0,4,6,4.312244041047089,5.4143779139793295,9.351592723486268,34.807524247363496,0,0.7444444444444445,0.2647555659858791,0.7919634181880917,1651.7207223545893,0.7333333333333334,0.7616120318558386,51,12
Bhandara,2023-12-25,2,1,13,21.3630606157536,17.619027149655345,6.0986357599552585,35.09283264332181,0,0.7444444444444445,0.2647555659858791,0.7919634181880917,1651.7207223545893,0.7333333333333334,0.7616120318558386,52,12
Buldhana,2022-01-03,0,1,5,7.238458405446629,-5.730398995018077,10.170297550954134,34.23646852066974,0,0.6472222222222221,0.39546320383159006,0.720771669169539,1092.9938669598487,0.6166666666666667,0.6681049157903866,1,1
Buldhana,2022-01-10,3,4,4,11.042949293335196,-0.636642747231521,14.532198706890469,38.9845187918297,0,0.6472222222222221,0.39546320383159006,0.720771669169539,1092.9938669598487,0.6166666666666667,0.6681049157903866,2,1
Buldhana,2022-01-17,3,1,6,34.0173486228351,6.35148981816113,8.551218134140786,38.69202750318572,0,0.6472222222222221,0.39546320383159006,0.720771669169539,1092.9938669598487,0.6166666666666667,0.6681049157903866,3,1
Buldhana,2022-01-24,3,5,12,20.981840514740107,5.579055592012424,10.360867204172852,39.12048664137333,0,0.6472222222222221,0.39546320383159006,0.720771669169539,1092.9938669598487,0.6166666666666667,0.6681049157903866,4,1
Buldhana,2022-01-31,0,3,6,20.681452598927336,25.016568790274324,9.61654789826422,40.20638000076787,0,0.6472222222222221,0.39546320383159006,0.720771669169539,1092.9938669598487,0.6166666666666667,0.6681049157903866,5,1
Buldhana,2022-02-07,3,2,6,15.873919212350067,2.240558249792767,11.810675415616963,26.533078089735014,0,0.6472222222222221,0.39546320383159006,0.720771669169539,1092.9938669598487,0.6166666666666667,0.6681049157903866,6,2
Buldhana,2022-02-14,3,2,4,22.419782182906697,-5.859897531704911,12.408521445142005,36.960129432163825,0,0.6472222222222221,0.39546320383159006,0.720771669169539,1092.9938669598487,0.6166666666666667,0.6681049157903866,7,2
Buldhana,2022-02-21,1,2,10,13.715048729355832,4.6591798842862895,11.658830974670039,33.6171799156885,0,0.6472222222222221,0.39546320383159006,0.720771669169539,1092.9938669598487,0.6166666666666667,0.6681049157903866,8,2
Buldhana,2022-02-28,0,1,3,3.2094138209760636,-0.1868487980810039,13.871761160564779,39.765372579516,0,0.6472222222222221,0.39546320383159006,0.720771669169539,1092.9938669598487,0.6166666666666667,0.6681049157903866,9,2
Buldhana,2022-03-07,0,5,7,17.59247102231173,4.020168560509022,16.011861856364888,41.622486381734134,0,0.6472222222222221,0.39546320383159006,0.720771669169539,1092.9938669598487,0.6166666666666667,0.6681049157903866,10,3
Buldhana,2022-03-14,3,5,14,35.76365686435801,11.551690765791777,18.106383198259003,44.083539291458294,0,0.6472222222222221,0.39546320383159006,0.720771669169539,1092.9938669598487,0.6166666666666667,0.6681049157903866,11,3
Buldhana,2022-03-21,1,6,1,20.920645739696496,-5.581072282470742,21.940447616686384,40.64545357849542,0,0.6472222222222221,0.39546320383159006,0.720771669169539,1092.9938669598487,0.6166666666666667,0.6681049157903866,12,3
Buldhana,2022-03-28,6,7,5,36.99869448623123,-4.09703788824716,19.4512061342359,36.7860581975309,0,0.6472222222222221,0.39546320383159006,0.720771669169539,1092.9938669598487,0.6166666666666667,0.6681049157903866,13,3
Buldhana,2022-04-04,1,7,3,4.330511142111586,-10.869726718857503,25.744325929994087,36.42840664519584,0,0.6472222222222221,0.39546320383159006,0.720771669169539,1092.9938669598487,0.6166666666666667,0.6681049157903866,14,4
Buldhana,2022-04-11,1,7,7,19.7814048944123,10.79157637870048,27.155469842781642,41.19217416959341,0,0.6472222222222221,0.39546320383159006,0.720771669169539,1092.9938669598487,0.6166666666666667,0.6681049157903866,15,4
Buldhana,2022-04-18,0,2,7,10.792648793092429,4.4242010821853635,22.871357695831048,32.05812825376468,0,0.6472222222222221,0.39546320383159006,0.720771669169539,1092.9938669598487,0.6166666666666667,0.6681049157903866,16,4
Buldhana,2022-04-25,2,2,7,33.24080429504549,7.311852196893424,24.614759098029307,38.06993015505489,0,0.6472222222222221,0.39546320383159006,0.720771669169539,1092.9938669598487,0.6166666666666667,0.6681049157903866,17,4
Buldhana,2022-05-02,0,5,7,6.3010712823145365,8.801492744643392,32.8947861145908,41.18827990911341,0,0.6472222222222221,0.39546320383159006,0.720771669169539,1092.9938669598487,0.6166666666666667,0.6681049157903866,18,5
Buldhana,2022-05-09,1,3,9,29.70672434091911,11.666478607780043,31.91820240274859,39.24666179024669,0,0.6472222222222221,0.39546320383159006,0.720771669169539,1092.9938669598487,0.6166666666666667,0.6681049157903866,19,5
Buldhana,2022-05-16,2,7,4,27.39502522059155,-4.708271050397928,28.109080734484877,43.69795968288061,0,0.6472222222222221,0.39546320383159006,0.720771669169539,1092.9938669598487,0.6166666666666667,0.6681049157903866,20,5
Buldhana,2022-05-23,0,4,10,27.52780670448653,6.428477349322103,32.36677253991735,34.60814618663741,0,0.6472222222222221,0.39546320383159006,0.720771669169539,1092.9938669598487,0.6166666666666667,0.6681049157903866,21,5
Buldhana,2022-05-30,1,2,5,0.0,-10.506803159917528,35.768304235883676,32.946591109573255,0,0.6472222222222221,0.39546320383159006,0.720771669169539,1092.9938669598487,0.6166666666666667,0.6681049157903866,22,5
Buldhana,2022-06-06,10,14,27,102.38586703999817,60.99602189950462,30.06959491794642,79.77494650394766,1,0.6472222222222221,0.39546320383159006,0.720771669169539,1092.9938669598487,0.6166666666666667,0.6681049157903866,23,6
Buldhana,2022-06-13,12,11,32,106.70399260053347,38.297625995379605,32.855668000649175,82.8296694330199,1,0.6472222222222221,0.39546320383159006,0.720771669169539,1092.9938669598487,0.6166666666666667,0.6681049157903866,24,6
Buldhana,2022-06-20,6,8,25,89.67005103197178,-10.603098210492615,33.23520081614206,76.01107611822157,1,0.6472222222222221,0.39546320383159006,0.720771669169539,1092.9938669598487,0.6166666666666667,0.6681049157903866,25,6
Buldhana,2022-06-27,10,13,26,105.86708872461651,-11.974378929977618,31.59915272233404,86.7734323696008,1,0.6472222222222221,0.39546320383159006,0.720771669169539,1092.9938669598487,0.6166666666666667,0.6681049157903866,26,6
Buldhana,2022-07-04,5,8,24,103.88134518086017,-38.52503631272807,28.104053888006085,69.11121592708038,1,0.6472222222222221,0.39546320383159006,0.720771669169539,1092.9938669598487,0.6166666666666667,0.6681049157903866,27,7
Buldhana,2022-07-11,4,12,29,92.47579731518528,35.02144696235626,30.82382594976333,75.23101092656924,1,0.6472222222222221,0.39546320383159006,0.720771669169539,1092.9938669598487,0.6166666666666667,0.6681049157903866,28,7
Buldhana,2022-07-18,10,9,23,103.87680235058893,70.45765226799571,26.718827730800086,77.32883720109056,1,0.6472222222222221,0.39546320383159006,0.720771669169539,1092.9938669598487,0.6166666666666667,0.6681049157903866,29,7
Buldhana,2022-07-25,11,13,26,100.70857118209672,-6.556182867004976,33.37337225119664,90.64225367744537,1,0.6472222222222221,0.39546320383159006,0.720771669169539,1092.9938669598487,0.6166666666666667,0.6681049157903866,30,7
Buldhana,2022-08-01,7,11,25,85.89582358623251,14.633629083421393,25.805908321970687,73.75239822373392,1,0.6472222222222221,0.39546320383159006,0.720771669169539,1092.9938669598487,0.6166666666666667,0.6681049157903866,31,8
Buldhana,2022-08-08,10,11,24,88.57528176488697,8.094006890613759,27.959991651365062,76.01902379117708,1,0.6472222222222221,0.39546320383159006,0.720771669169539,1092.9938669598487,0.6166666666666667,0.6681049157903866,32,8
Buldhana,2022-08-15,11,7,22,91.82033674511143,3.800979541146051,26.500366870732968,82.41457270624797,1,0.6472222222222221,0.39546320383159006,0.720771669169539,1092.9938669598487,0.6166666666666667,0.6681049157903866,33,8
Buldhana,2022-08-22,8,8,24,94.79913325023143,23.58623844847823,24.88087567631801,82.37765961334264,1,0.6472222222222221,0.39546320383159006,0.720771669169539,1092.9938669598487,0.6166666666666667,0.6681049157903866,34,8
Buldhana,2022-08-29,8,9,35,92.70490947883269,-1.9072083964649373,27.600653390946587,73.43319626548697,1,0.6472222222222221,0.39546320383159006,0.720771669169539,1092.9938669598487,0.6166666666666667,0.6681049157903866,35,8
Buldhana,2022-09-05,13,8,30,112.79385509963619,-85.5367577001825,20.783331867104188,81.57450382311592,1,0.6472222222222221,0.39546320383159006,0.720771669169539,1092.9938669598487,0.6166666666666667,0.6681049157903866,36,9
Buldhana,2022-09-12,7,5,29,90.17023171274857,2.9943153487005754,18.893103955032664,83.24036543908241,1,0.6472222222222221,0.39546320383159006,0.720771669169539,1092.9938669598487,0.6166666666666667,0.6681049157903866,37,9
Buldhana,2022-09-19,8,6,33,100.32332306265961,3.1748103011736224,19.22735761360413,82.49463614589791,1,0.6472222222222221,0.39546320383159006,0.720771669169539,1092.9938669598487,0.6166666666666667,0.6681049157903866,38,9
Buldhana,2022-09-26,6,7,31,99.09515298530096,3.2621119305817263,19.78467576393604,71.17228065712396,1,0.6472222222222221,0.39546320383159006,0.720771669169539,1092.9938669598487,0.6166666666666667,0.6681049157903866,39,9
Buldhana,2022-10-03,1,4,7,26.943080979470267,-2.4497318425319103,12.734751197784412,41.73429325990903,0,0.6472222222222221,0.39546320383159006,0.720771669169539,1092.9938669598487,0.6166666666666667,0.6681049157903866,40,10
Buldhana,2022-10-10,2,6,6,19.96777178062632,-23.9342012414245,13.604307137322559,38.058377513789495,0,0.6472222222222221,0.39546320383159006,0.720771669169539,1092.9938669598487,0.6166666666666667,0.6681049157903866,41,10
Buldhana,2022-10-17,1,5,5,7.4493751297671285,9.019534660406359,14.346591796081249,37.75676417994964,0,0.6472222222222221,0.39546320383159006,0.720771669169539,1092.9938669598487,0.6166666666666667,0.6681049157903866,42,10
Buldhana,2022-10-24,0,3,7,15.834147255770825,-11.86153725274161,13.061708369648366,43.76523024028999,0,0.6472222222222221,0.39546320383159006,0.720771669169539,1092.9938669598487,0.6166666666666667,0.6681049157903866,43,10
Buldhana,2022-10-31,3,1,14,17.268251369799973,-6.921712169596335,14.253478513241205,43.88227218057422,0,0.6472222222222221,0.39546320383159006,0.720771669169539,1092.9938669598487,0.6166666666666667,0.6681049157903866,44,10
Buldhana,2022-11-07,2,1,8,35.91101814616434,6.291461228846872,12.45338043950137,48.88482783576436,0,0.6472222222222221,0.39546320383159006,0.720771669169539,1092.9938669598487,0.6166666666666667,0.6681049157903866,45,11
Buldhana,2022-11-14,3,2,3,11.92435790854185,-2.145203785221554,10.428169669577972,45.979338386510705,0,0.6472222222222221,0.39546320383159006,0.720771669169539,1092.9938669598487,0.6166666666666667,0.6681049157903866,46,11
Buldhana,2022-11-21,1,4,3,7.817302141089273,12.58584155872309,8.754211501697341,38.84036420616129,0,0.6472222222222221,0.39546320383159006,0.720771669169539,1092.9938669598487,0.6166666666666667,0.6681049157903866,47,11
Buldhana,2022-11-28,2,3,5,17.09143613242849,-17.679645040819967,12.337434269391085,34.184895876974764,0,0.6472222222222221,0.39546320383159006,0.720771669169539,1092.9938669598487,0.6166666666666667,0.6681049157903866,48,11
Buldhana,2022-12-05,0,3,9,0.0,-3.0030531329717154,8.251594886013121,36.09043535491762,0,0.6472222222222221,0.39546320383159006,0.720771669169539,1092.9938669598487,0.6166666666666667,0.6681049157903866,49,12
Buldhana,2022-12-12,1,2,10,17.814019452737764,5.437352593665615,4.374898807685441,37.296710428194785,0,0.6472222222222221,0.39546320383159006,0.720771669169539,1092.9938669598487,0.6166666666666667,0.6681049157903866,50,12
Buldhana,2022-12-19,1,2,5,0.6061043068356078,-0.4277368619713596,8.360808982417339,43.548467327385,0,0.6472222222222221,0.39546320383159006,0.720771669169539,1092.9938669598487,0.6166666666666667,0.6681049157903866,51,12
Buldhana,2022-12-26,1,1,12,29.584943071032754,-15.199468086639564,6.46955745640916,40.00407184768542,0,0.6472222222222221,0.39546320383159006,0.720771669169539,1092.9938669598487,0.6166666666666667,0.6681049157903866,52,12
Buldhana,2023-01-02,1,2,2,37.23788912763866,6.566400888410358,8.673853293133538,38.27157185061009,0,0.6472222222222221,0.39546320383159006,0.720771669169539,1092.9938669598487,0.6166666666666667,0.6681049157903866,1,1
Buldhana,2023-01-09,1,1,6,1.596355495929764,10.038707699415985,8.105271427311813,36.15433849431684,0,0.6472222222222221,0.39546320383159006,0.720771669169539,1092.9938669598487,0.6166666666666667,0.6681049157903866,2,1
Buldhana,2023-01-16,4,3,11,41.27221738492568,1.2791676480758452,8.532037507730166,43.5293082652683,0,0.6472222222222221,0.39546320383159006,0.720771669169539,1092.9938669598487,0.6166666666666667,0.6681049157903866,3,1
Buldhana,2023-01-23,2,2,12,20.43269195127699,12.723406742986313,9.627382553309683,33.19840935204684,0,0.6472222222222221,0.39546320383159006,0.720771669169539,1092.9938669598487,0.6166666666666667,0.6681049157903866,4,1
Buldhana,2023-01-30,2,6,8,25.05204100980653,-3.1395017553212807,10.502180454210153,36.90513393984995,0,0.6472222222222221,0.39546320383159006,0.720771669169539,1092.9938669598487,0.6166666666666667,0.6681049157903866,5,1
Buldhana,2023-02-06,1,0,1,11.685846573636178,3.5219984460379505,12.555550828654894,41.50255665702323,0,0.6472222222222221,0.39546320383159006,0.720771669169539,1092.9938669598487,0.6166666666666667,0.6681049157903866,6,2
Buldhana,2023-02-13,2,4,3,15.23132666550067,8.226603538020507,14.546549736867815,42.255378729162565,0,0.6472222222222221,0.39546320383159006,0.720771669169539,1092.9938669598487,0.6166666666666667,0.6681049157903866,7,2
Buldhana,2023-02-20,1,4,8,26.70904715999336,-8.334493255072754,14.282555231758373,40.25782956001237,0,0.6472222222222221,0.39546320383159006,0.720771669169539,1092.9938669598487,0.6166666666666667,0.6681049157903866,8,2
Buldhana,2023-02-27,2,1,11,18.735119002584998,-5.453672895651077,11.242484883923257,38.55390932927979,0,0.6472222222222221,0.39546320383159006,0.720771669169539,1092.9938669598487,0.6166666666666667,0.6681049157903866,9,2
Buldhana,2023-03-06,0,4,11,19.66966424146341,1.1201705776450006,21.688486115052253,44.38525282318082,0,0.6472222222222221,0.39546320383159006,0.720771669169539,1092.9938669598487,0.6166666666666667,0.6681049157903866,10,3
Buldhana,2023-03-13,2,6,9,28.75818974966154,-7.2542492721088,21.2570184966382,33.537488861046526,0,0.6472222222222221,0.39546320383159006,0.720771669169539,1092.9938669598487,0.6166666666666667,0.6681049157903866,11,3
Buldhana,2023-03-20,0,2,5,31.921709774231363,1.5829352875659108,17.068347536272448,39.177686199684366,0,0.6472222222222221,0.39546320383159006,0.720771669169539,1092.9938669598487,0.6166666666666667,0.6681049157903866,12,3
Buldhana,2023-03-27,2,4,5,15.988493145841936,3.896877438258788,21.02476952791062,43.43678120097935,0,0.6472222222222221,0.39546320383159006,0.720771669169539,1092.9938669598487,0.6166666666666667,0.6681049157903866,13,3
Buldhana,2023-04-03,2,6,5,11.689115749383959,-0.7287372574120871,25.095156914878334,34.130651133208964,0,0.6472222222222221,0.39546320383159006,0.720771669169539,1092.9938669598487,0.6166666666666667,0.6681049157903866,14,4
Buldhana,2023-04-10,0,3,8,11.374024121501172,11.622060379698908,25.053439141909436,35.930710936251884,0,0.6472222222222221,0.39546320383159006,0.720771669169539,1092.9938669598487,0.6166666666666667,0.6681049157903866,15,4
Buldhana,2023-04-17,1,3,4,22.499876438658347,-6.761393675264991,24.875916199998674,39.63122333137544,0,0.6472222222222221,0.39546320383159006,0.720771669169539,1092.9938669598487,0.6166666666666667,0.6681049157903866,16,4
Buldhana,2023-04-24,1,6,10,39.755192793247026,-1.0590405394101234,24.876797557206704,41.37150727797338,0,0.6472222222222221,0.39546320383159006,0.720771669169539,1092.9938669598487,0.6166666666666667,0.6681049157903866,17,4
Buldhana,2023-05-01,2,5,14,34.65298840252251,17.24041495841282,34.177372450004064,38.6110528248201,0,0.6472222222222221,0.39546320383159006,0.720771669169539,1092.9938669598487,0.6166666666666667,0.6681049157903866,18,5
Buldhana,2023-05-08,1,5,2,23.744726117786577,-13.64431893862398,32.577514136196186,37.992382669607146,0,0.6472222222222221,0.39546320383159006,0.720771669169539,1092.9938669598487,0.6166666666666667,0.6681049157903866,19,5
Buldhana,2023-05-15,3,6,7,28.900166581284253,-17.8761859841871,31.334366527839343,40.43532437510202,0,0.6472222222222221,0.39546320383159006,0.720771669169539,1092.9938669598487,0.6166666666666667,0.6681049157903866,20,5
Buldhana,2023-05-22,1,6,8,17.35926954707906,-15.354275402322223,31.085312573789967,42.7759097871835,0,0.6472222222222221,0.39546320383159006,0.720771669169539,1092.9938669598487,0.6166666666666667,0.6681049157903866,21,5
Buldhana,2023-05-29,3,2,8,6.59216178516038,-3.8410426164437315,34.651226890350294,46.97767408430701,0,0.6472222222222221,0.39546320383159006,0.720771669169539,1092.9938669598487,0.6166666666666667,0.6681049157903866,22,5
Buldhana,2023-06-05,9,11,33,99.09769493113076,-35.491499447300534,33.117064330168425,79.99671388085721,1,0.6472222222222221,0.39546320383159006,0.720771669169539,1092.9938669598487,0.6166666666666667,0.6681049157903866,23,6
Buldhana,2023-06-12,6,8,32,105.32810611769415,-29.260201683302647,30.516620011560413,77.45943868188455,1,0.6472222222222221,0.39546320383159006,0.720771669169539,1092.9938669598487,0.6166666666666667,0.6681049157903866,24,6
Buldhana,2023-06-19,6,12,30,95.09342634445781,-31.792725854602466,33.1393635049961,77.28314988243334,1,0.6472222222222221,0.39546320383159006,0.720771669169539,1092.9938669598487,0.6166666666666667,0.6681049157903866,25,6
Buldhana,2023-06-26,11,5,17,107.67298273706717,-26.461046895267547,33.86536881524379,72.29375780774019,1,0.6472222222222221,0.39546320383159006,0.720771669169539,1092.9938669598487,0.6166666666666667,0.6681049157903866,26,6
Buldhana,2023-07-03,6,9,21,78.9162180012454,36.43353412343996,30.15554047156179,75.7227053489882,1,0.6472222222222221,0.39546320383159006,0.720771669169539,1092.9938669598487,0.6166666666666667,0.6681049157903866,27,7
Buldhana,2023-07-10,5,8,22,95.15031954684562,32.810894914312286,33.32381685156625,86.58565870140757,1,0.6472222222222221,0.39546320383159006,0.720771669169539,1092.9938669598487,0.6166666666666667,0.6681049157903866,28,7
Buldhana,2023-07-17,3,10,19,105.18093851751179,54.12312117851615,28.962643668767242,83.4198921569606,1,0.6472222222222221,0.39546320383159006,0.720771669169539,1092.9938669598487,0.6166666666666667,0.6681049157903866,29,7
Buldhana,2023-07-24,12,8,24,95.77589781188478,19.135267720229326,28.746285823501502,76.0350496926458,1,0.6472222222222221,0.39546320383159006,0.720771669169539,1092.9938669598487,0.6166666666666667,0.6681049157903866,30,7
Buldhana,2023-07-31,8,13,34,95.89517849601174,-7.768759901945373,29.267495666487264,78.41752022597969,1,0.6472222222222221,0.39546320383159006,0.720771669169539,1092.9938669598487,0.6166666666666667,0.6681049157903866,31,7
Buldhana,2023-08-07,6,10,40,108.5895234269219,8.588374889272865,26.287237029064293,84.27267967299504,1,0.6472222222222221,0.39546320383159006,0.720771669169539,1092.9938669598487,0.6166666666666667,0.6681049157903866,32,8
Buldhana,2023-08-14,8,8,29,107.17256277388984,-53.899501412254374,21.148708315381214,81.5721872653125,1,0.6472222222222221,0.39546320383159006,0.720771669169539,1092.9938669598487,0.6166666666666667,0.6681049157903866,33,8
Buldhana,2023-08-21,8,9,31,87.01726991460387,7.044714389308101,28.07640118109023,69.62008123549445,1,0.6472222222222221,0.39546320383159006,0.720771669169539,1092.9938669598487,0.6166666666666667,0.6681049157903866,34,8
Buldhana,2023-08-28,6,6,25,110.1100414286239,4.528971418189295,26.358114981385317,78.54323959937939,1,0.6472222222222221,0.39546320383159006,0.720771669169539,1092.9938669598487,0.6166666666666667,0.6681049157903866,35,8
Buldhana,2023-09-04,2,11,27,93.97996321910942,17.986015795154465,17.92060088313779,75.32514555994787,1,0.6472222222222221,0.39546320383159006,0.720771669169539,1092.9938669598487,0.6166666666666667,0.6681049157903866,36,9
Buldhana,2023-09-11,6,7,25,123.65889726025831,10.890579183646492,23.24393168057141,79.86886014494344,1,0.6472222222222221,0.39546320383159006,0.720771669169539,1092.9938669598487,0.6166666666666667,0.6681049157903866,37,9
Buldhana,2023-09-18,7,14,27,92.50314449439578,-35.26277106925449,21.57879096817612,79.30918954433574,1,0.6472222222222221,0.39546320383159006,0.720771669169539,1092.9938669598487,0.6166666666666667,0.6681049157903866,38,9
Buldhana,2023-09-25,10,8,27,107.45629966560729,10.352138861170797,18.79521875442766,80.33208235016548,1,0.6472222222222221,0.39546320383159006,0.720771669169539,1092.9938669598487,0.6166666666666667,0.6681049157903866,39,9
Buldhana,2023-10-02,1,2,9,10.954269953880297,3.0309753312736127,14.067785550098295,31.77993537423665,0,0.6472222222222221,0.39546320383159006,0.720771669169539,1092.9938669598487,0.6166666666666667,0.6681049157903866,40,10
Buldhana,2023-10-09,1,3,7,15.399217245699116,-8.15082709874186,13.17525009714594,36.5274603426693,0,0.6472222222222221,0.39546320383159006,0.720771669169539,1092.9938669598487,0.6166666666666667,0.6681049157903866,41,10
Buldhana,2023-10-16,0,2,6,25.331400615188038,6.107965384154812,14.827376543299161,36.9292262808916,0,0.6472222222222221,0.39546320383159006,0.720771669169539,1092.9938669598487,0.6166666666666667,0.6681049157903866,42,10
Buldhana,2023-10-23,0,3,1,7.550891289806085,-10.931488955369218,12.968855237333393,41.422465476842824,0,0.6472222222222221,0.39546320383159006,0.720771669169539,1092.9938669598487,0.6166666666666667,0.6681049157903866,43,10
Buldhana,2023-10-30,5,3,7,20.28719416220497,4.4343441508328905,13.72510515156974,44.22356630863086,0,0.6472222222222221,0.39546320383159006,0.720771669169539,1092.9938669598487,0.6166666666666667,0.6681049157903866,44,10
Buldhana,2023-11-06,1,5,7,35.44215780050473,-3.5952473275137247,7.561032744002029,41.815373902496106,0,0.6472222222222221,0.39546320383159006,0.720771669169539,1092.9938669598487,0.6166666666666667,0.6681049157903866,45,11
Buldhana,2023-11-13,2,2,6,18.150287880402722,1.3236257324587621,9.26197072761867,46.594997042751004,0,0.6472222222222221,0.39546320383159006,0.720771669169539,1092.9938669598487,0.6166666666666667,0.6681049157903866,46,11
Buldhana,2023-11-20,1,0,11,16.91450414860711,11.068333231220617,7.679739618632464,35.668934861836874,0,0.6472222222222221,0.39546320383159006,0.720771669169539,1092.9938669598487,0.6166666666666667,0.6681049157903866,47,11
Buldhana,2023-11-27,0,2,5,10.805887027691362,4.977209150618762,13.783976125367527,40.679784569388,0,0.6472222222222221,0.39546320383159006,0.720771669169539,1092.9938669598487,0.6166666666666667,0.6681049157903866,48,11
Buldhana,2023-12-04,2,1,10,18.065912756528366,-15.284018470242657,10.530462866444221,49.48578469667136,0,0.6472222222222221,0.39546320383159006,0.720771669169539,1092.9938669598487,0.6166666666666667,0.6681049157903866,49,12
Buldhana,2023-12-11,0,5,8,15.132312100513218,14.02718957547593,10.46406376735848,42.07779778648162,0,0.6472222222222221,0.39546320383159006,0.720771669169539,1092.9938669598487,0.6166666666666667,0.6681049157903866,50,12
Buldhana,2023-12-18,2,1,7,22.876545047974055,9.61105059664983,8.066797777071887,44.74323853710321,0,0.6472222222222221,0.39546320383159006,0.720771669169539,1092.9938669598487,0.6166666666666667,0.6681049157903866,51,12
Buldhana,2023-12-25,3,2,12,22.842862114733208,18.234365898931276,8.796983674412546,46.791356940748344,0,0.6472222222222221,0.39546320383159006,0.720771669169539,1092.9938669598487,0.6166666666666667,0.6681049157903866,52,12
Chandrapur,2022-01-03,0,2,4,21.534948513330637,-8.332624794461243,12.638269767629305,43.19230583173113,0,0.7722222222222221,0.24745694683458808,0.8947829777117083,991.662972121354,0.7666666666666666,0.8173106906066546,1,1
Chandrapur,2022-01-10,2,1,6,43.09324016627713,-15.71169920913498,8.795759218469689,40.3065819367881,0,0.7722222222222221,0.24745694683458808,0.8947829777117083,991.662972121354,0.7666666666666666,0.8173106906066546,2,1
Chandrapur,2022-01-17,2,3,6,20.162120649019162,4.107603041658391,9.62695177891623,41.37688602239626,0,0.7722222222222221,0.24745694683458808,0.8947829777117083,991.662972121354,0.7666666666666666,0.8173106906066546,3,1
Chandrapur,2022-01-24,1,4,2,1.4806642602715243,-6.711479130295101,11.279770419694628,32.58348573347861,0,0.7722222222222221,0.24745694683458808,0.8947829777117083,991.662972121354,0.7666666666666666,0.8173106906066546,4,1
Chandrapur,2022-01-31,0,3,5,22.258350649744276,-0.9090779875108166,9.470798483911635,41.46518473074489,0,0.7722222222222221,0.24745694683458808,0.8947829777117083,991.662972121354,0.7666666666666666,0.8173106906066546,5,1
Chandrapur,2022-02-07,2,2,3,11.635806967954936,7.642609080031846,15.349154998440778,40.386179277987495,0,0.7722222222222221,0.24745694683458808,0.8947829777117083,991.662972121354,0.7666666666666666,0.8173106906066546,6,2
Chandrapur,2022-02-14,0,4,3,13.464665990676906,5.504269870562045,14.85301564410458,40.67348975826554,0,0.7722222222222221,0.24745694683458808,0.8947829777117083,991.662972121354,0.7666666666666666,0.8173106906066546,7,2
Chandrapur,2022-02-21,1,0,5,14.303839170987871,20.49379742004378,13.253677606856147,44.73669891531098,0,0.7722222222222221,0.24745694683458808,0.8947829777117083,991.662972121354,0.7666666666666666,0.8173106906066546,8,2
Chandrapur,2022-02-28,1,4,5,32.18927050504111,-0.6224230354151075,14.973090663382042,46.47914531945365,0,0.7722222222222221,0.24745694683458808,0.8947829777117083,991.662972121354,0.7666666666666666,0.8173106906066546,9,2
Chandrapur,2022-03-07,2,0,3,22.714202870344153,4.50759679828571,20.723696618138007,39.297278937134415,0,0.7722222222222221,0.24745694683458808,0.8947829777117083,991.662972121354,0.7666666666666666,0.8173106906066546,10,3
Chandrapur,2022-03-14,6,3,4,37.061894521528885,14.948623153397882,21.82887278464074,44.46236378201449,0,0.7722222222222221,0.24745694683458808,0.8947829777117083,991.662972121354,0.7666666666666666,0.8173106906066546,11,3
Chandrapur,2022-03-21,1,2,3,6.576124396673116,-14.965625142619245,19.327794676695685,41.988989454961505,0,0.7722222222222221,0.24745694683458808,0.8947829777117083,991.662972121354,0.7666666666666666,0.8173106906066546,12,3
Chandrapur,2022-03-28,2,4,0,13.489959746841082,10.030681375616776,21.737174229182138,36.62416800593042,0,0.7722222222222221,0.24745694683458808,0.8947829777117083,991.662972121354,0.7666666666666666,0.8173106906066546,13,3
Chandrapur,2022-04-04,0,1,1,8.266486412459903,3.378313866420454,23.594397518397667,54.76632519361101,0,0.7722222222222221,0.24745694683458808,0.8947829777117083,991.662972121354,0.7666666666666666,0.8173106906066546,14,4
Chandrapur,2022-04-11,0,5,8,15.521607690555967,-11.616384041421501,23.097888234518027,39.90622622330653,0,0.7722222222222221,0.24745694683458808,0.8947829777117083,991.662972121354,0.7666666666666666,0.8173106906066546,15,4
Chandrapur,2022-04-18,1,1,6,22.14776479043099,16.40216064367304,26.833992047449723,42.76379897751302,0,0.7722222222222221,0.24745694683458808,0.8947829777117083,991.662972121354,0.7666666666666666,0.8173106906066546,16,4
Chandrapur,2022-04-25,0,2,1,22.808675685255228,-3.5308849348861804,27.67427339161295,36.020611465498966,0,0.7722222222222221,0.24745694683458808,0.8947829777117083,991.662972121354,0.7666666666666666,0.8173106906066546,17,4
Chandrapur,2022-05-02,1,2,10,25.885445441907738,-4.593476901746866,28.307512036272403,39.12175271261984,0,0.7722222222222221,0.24745694683458808,0.8947829777117083,991.662972121354,0.7666666666666666,0.8173106906066546,18,5
Chandrapur,2022-05-09,1,6,8,36.302150076735174,3.895976127761039,30.679665853568896,37.483095144435005,0,0.7722222222222221,0.24745694683458808,0.8947829777117083,991.662972121354,0.7666666666666666,0.8173106906066546,19,5
Chandrapur,2022-05-16,0,4,1,15.209570206401471,18.83721656337809,35.0625643313558,45.88821036078354,0,0.7722222222222221,0.24745694683458808,0.8947829777117083,991.662972121354,0.7666666666666666,0.8173106906066546,20,5
Chandrapur,2022-05-23,1,1,2,16.85495418945565,5.6761880606348765,31.76487639971385,44.30039861007343,0,0.7722222222222221,0.24745694683458808,0.8947829777117083,991.662972121354,0.7666666666666666,0.8173106906066546,21,5
Chandrapur,2022-05-30,1,3,7,32.62231120768494,4.70750368678307,30.20594687079929,38.681561243768705,0,0.7722222222222221,0.24745694683458808,0.8947829777117083,991.662972121354,0.7666666666666666,0.8173106906066546,22,5
Chandrapur,2022-06-06,3,4,27,115.85986973268214,54.62578711698818,31.28754368595238,91.49799639180456,1,0.7722222222222221,0.24745694683458808,0.8947829777117083,991.662972121354,0.7666666666666666,0.8173106906066546,23,6
Chandrapur,2022-06-13,4,6,22,87.55440927015827,69.42571816177801,35.76235025140347,71.3707889642995,1,0.7722222222222221,0.24745694683458808,0.8947829777117083,991.662972121354,0.7666666666666666,0.8173106906066546,24,6
Chandrapur,2022-06-20,3,4,30,103.12854558100275,35.96263990079055,30.967546834527457,91.04482604089557,1,0.7722222222222221,0.24745694683458808,0.8947829777117083,991.662972121354,0.7666666666666666,0.8173106906066546,25,6
Chandrapur,2022-06-27,2,8,19,109.82405129293306,-46.96890557332015,33.10524156430764,83.87701440380165,1,0.7722222222222221,0.24745694683458808,0.8947829777117083,991.662972121354,0.7666666666666666,0.8173106906066546,26,6
Chandrapur,2022-07-04,6,8,17,103.3369434273319,-15.953884641587319,29.397040725568136,80.05189915740337,1,0.7722222222222221,0.24745694683458808,0.8947829777117083,991.662972121354,0.7666666666666666,0.8173106906066546,27,7
Chandrapur,2022-07-11,4,3,27,109.14452618427941,18.57761809027702,32.048804378555204,82.45575779020623,1,0.7722222222222221,0.24745694683458808,0.8947829777117083,991.662972121354,0.7666666666666666,0.8173106906066546,28,7
Chandrapur,2022-07-18,6,8,14,94.95945354327236,36.467329922843504,33.752690931911815,87.68994784105014,1,0.7722222222222221,0.24745694683458808,0.8947829777117083,991.662972121354,0.7666666666666666,0.8173106906066546,29,7
Chandrapur,2022-07-25,7,12,22,91.11235597188043,22.54558226801162,28.833751704655583,76.20140232837443,1,0.7722222222222221,0.24745694683458808,0.8947829777117083,991.662972121354,0.7666666666666666,0.8173106906066546,30,7
Chandrapur,2022-08-01,7,3,20,110.07991047315036,20.892123323480366,24.693368808477118,79.15856452292093,1,0.7722222222222221,0.24745694683458808,0.8947829777117083,991.662972121354,0.7666666666666666,0.8173106906066546,31,8
Chandrapur,2022-08-08,5,4,26,96.21570325240124,17.362241756319435,21.461234102159253,82.10361470926661,1,0.7722222222222221,0.24745694683458808,0.8947829777117083,991.662972121354,0.7666666666666666,0.8173106906066546,32,8
Chandrapur,2022-08-15,0,3,28,111.67580087986846,49.306918737168125,25.48850646596058,81.82992218351886,1,0.7722222222222221,0.24745694683458808,0.8947829777117083,991.662972121354,0.7666666666666666,0.8173106906066546,33,8
Chandrapur,2022-08-22,0,6,25,93.0182501889855,10.41573561700481,24.16718649652237,83.38948737979635,1,0.7722222222222221,0.24745694683458808,0.8947829777117083,991.662972121354,0.7666666666666666,0.8173106906066546,34,8
Chandrapur,2022-08-29,4,10,23,100.68081093213395,-42.22719411053366,29.23150118925891,74.9279039898089,1,0.7722222222222221,0.24745694683458808,0.8947829777117083,991.662972121354,0.7666666666666666,0.8173106906066546,35,8
Chandrapur,2022-09-05,6,8,25,89.4510765014865,38.10178974002638,19.431077728629504,85.9065745298135,1,0.7722222222222221,0.24745694683458808,0.8947829777117083,991.662972121354,0.7666666666666666,0.8173106906066546,36,9
Chandrapur,2022-09-12,7,6,17,107.09464828436029,-0.8676022801580028,16.407885178391155,78.29953429876376,1,0.7722222222222221,0.24745694683458808,0.8947829777117083,991.662972121354,0.7666666666666666,0.8173106906066546,37,9
Chandrapur,2022-09-19,2,8,21,96.3573286148594,-16.598506327425834,21.866107739579746,79.12158387896339,1,0.7722222222222221,0.24745694683458808,0.8947829777117083,991.662972121354,0.7666666666666666,0.8173106906066546,38,9
Chandrapur,2022-09-26,5,1,26,105.88701726301571,51.04707089287275,19.66994923236348,80.00096718550886,1,0.7722222222222221,0.24745694683458808,0.8947829777117083,991.662972121354,0.7666666666666666,0.8173106906066546,39,9
Chandrapur,2022-10-03,0,2,5,18.451630442815834,7.68042342256614,15.785507792658318,41.72947250758944,0,0.7722222222222221,0.24745694683458808,0.8947829777117083,991.662972121354,0.7666666666666666,0.8173106906066546,40,10
Chandrapur,2022-10-10,2,3,6,18.007431852437264,1.4366976114051722,15.205955777515818,45.85008795136553,0,0.7722222222222221,0.24745694683458808,0.8947829777117083,991.662972121354,0.7666666666666666,0.8173106906066546,41,10
Chandrapur,2022-10-17,1,4,6,8.075367465152869,-1.3338135093941421,13.73207701896319,53.653131368326136,0,0.7722222222222221,0.24745694683458808,0.8947829777117083,991.662972121354,0.7666666666666666,0.8173106906066546,42,10
Chandrapur,2022-10-24,1,5,4,12.824033472544425,3.2268476632746514,11.716547793466026,43.312205342308005,0,0.7722222222222221,0.24745694683458808,0.8947829777117083,991.662972121354,0.7666666666666666,0.8173106906066546,43,10
Chandrapur,2022-10-31,2,1,7,20.44040653861337,5.701798184403515,12.4578754441314,36.709185262255495,0,0.7722222222222221,0.24745694683458808,0.8947829777117083,991.662972121354,0.7666666666666666,0.8173106906066546,44,10
Chandrapur,2022-11-07,2,2,4,14.582506356216998,-1.5135774349368973,13.319458950574106,44.173629191623114,0,0.7722222222222221,0.24745694683458808,0.8947829777117083,991.662972121354,0.7666666666666666,0.8173106906066546,45,11
Chandrapur,2022-11-14,3,0,5,19.19486148142614,8.617249436053616,10.415718189814896,37.451779326146415,0,0.7722222222222221,0.24745694683458808,0.8947829777117083,991.662972121354,0.7666666666666666,0.8173106906066546,46,11
Chandrapur,2022-11-21,3,3,5,18.37488076579008,12.87358003967302,10.838559917540035,47.369853668849885,0,0.7722222222222221,0.24745694683458808,0.8947829777117083,991.662972121354,0.7666666666666666,0.8173106906066546,47,11
Chandrapur,2022-11-28,4,0,5,12.974744157356255,11.092787815408045,9.797193902527091,33.51490310067573,0,0.7722222222222221,0.24745694683458808,0.8947829777117083,991.662972121354,0.7666666666666666,0.8173106906066546,48,11
Chandrapur,2022-12-05,0,1,6,16.9522950633533,4.749946386965296,11.587572419818635,34.64756641729025,0,0.7722222222222221,0.24745694683458808,0.8947829777117083,991.662972121354,0.7666666666666666,0.8173106906066546,49,12
Chandrapur,2022-12-12,0,5,8,17.56259560589184,4.195129306524983,6.919246142337169,35.46663354349169,0,0.7722222222222221,0.24745694683458808,0.8947829777117083,991.662972121354,0.7666666666666666,0.8173106906066546,50,12
Chandrapur,2022-12-19,1,4,5,19.511377176850466,-14.192607933227453,8.710443210395033,39.569283715690155,0,0.7722222222222221,0.24745694683458808,0.8947829777117083,991.662972121354,0.7666666666666666,0.8173106906066546,51,12
Chandrapur,2022-12-26,0,2,9,36.56412295905715,1.1238849221405198,7.487685600809167,37.6067279890417,0,0.7722222222222221,0.24745694683458808,0.8947829777117083,991.662972121354,0.7666666666666666,0.8173106906066546,52,12
Chandrapur,2023-01-02,2,2,5,24.2972359628942,-0.7537107407849046,9.955204243864861,36.065231399676556,0,0.7722222222222221,0.24745694683458808,0.8947829777117083,991.662972121354,0.7666666666666666,0.8173106906066546,1,1
Chandrapur,2023-01-09,0,1,5,16.687467662931816,7.14473751413689,8.746318629620676,32.65634290311589,0,0.7722222222222221,0.24745694683458808,0.8947829777117083,991.662972121354,0.7666666666666666,0.8173106906066546,2,1
Chandrapur,2023-01-16,1,1,1,27.9568635065187,20.916649857686956,13.21362527399437,35.989038681267594,0,0.7722222222222221,0.24745694683458808,0.8947829777117083,991.662972121354,0.7666666666666666,0.8173106906066546,3,1
Chandrapur,2023-01-23,2,2,5,20.689381463161936,-17.130174279696217,14.557930613244944,37.58124472476363,0,0.7722222222222221,0.24745694683458808,0.8947829777117083,991.662972121354,0.7666666666666666,0.8173106906066546,4,1
Chandrapur,2023-01-30,0,3,4,26.86907374317029,-0.6597068537510504,9.772227968338044,42.599662601505635,0,0.7722222222222221,0.24745694683458808,0.8947829777117083,991.662972121354,0.7666666666666666,0.8173106906066546,5,1
Chandrapur,2023-02-06,0,2,5,24.121819265903223,-2.1729918396116186,13.3429827077891,42.41531311454588,0,0.7722222222222221,0.24745694683458808,0.8947829777117083,991.662972121354,0.7666666666666666,0.8173106906066546,6,2
Chandrapur,2023-02-13,0,3,3,1.9632865694797417,-0.9934029335642912,11.263077153173182,37.31373556915232,0,0.7722222222222221,0.24745694683458808,0.8947829777117083,991.662972121354,0.7666666666666666,0.8173106906066546,7,2
Chandrapur,2023-02-20,0,3,8,26.07150620582867,-23.555129989689565,14.35815991764628,27.48822368803251,0,0.7722222222222221,0.24745694683458808,0.8947829777117083,991.662972121354,0.7666666666666666,0.8173106906066546,8,2
Chandrapur,2023-02-27,1,1,6,2.667655363934621,-10.339333008217622,13.988432632918363,38.07358394572958,0,0.7722222222222221,0.24745694683458808,0.8947829777117083,991.662972121354,0.7666666666666666,0.8173106906066546,9,2
Chandrapur,2023-03-06,2,3,4,13.082150908267224,-7.126659929000483,17.540543168994855,50.111736655947,0,0.7722222222222221,0.24745694683458808,0.8947829777117083,991.662972121354,0.7666666666666666,0.8173106906066546,10,3
Chandrapur,2023-03-13,0,2,4,23.84503670348668,-3.4308500765407746,21.35086067064609,41.761583044190196,0,0.7722222222222221,0.24745694683458808,0.8947829777117083,991.662972121354,0.7666666666666666,0.8173106906066546,11,3
Chandrapur,2023-03-20,0,5,3,19.68934235999045,0.5783410151197177,17.70604157290907,39.594595418656446,0,0.7722222222222221,0.24745694683458808,0.8947829777117083,991.662972121354,0.7666666666666666,0.8173106906066546,12,3
Chandrapur,2023-03-27,0,0,6,27.562907511831618,2.2010236025610688,21.803261148464895,33.37051324731799,0,0.7722222222222221,0.24745694683458808,0.8947829777117083,991.662972121354,0.7666666666666666,0.8173106906066546,13,3
Chandrapur,2023-04-03,1,3,6,27.34173600255814,-3.075375724825082,23.46983402514606,44.46171258684927,0,0.7722222222222221,0.24745694683458808,0.8947829777117083,991.662972121354,0.7666666666666666,0.8173106906066546,14,4
Chandrapur,2023-04-10,2,6,2,22.48805262136817,-5.827966383802272,25.21792563050711,36.53827518991385,0,0.7722222222222221,0.24745694683458808,0.8947829777117083,991.662972121354,0.7666666666666666,0.8173106906066546,15,4
Chandrapur,2023-04-17,1,2,5,17.809239058464634,10.416669862797006,24.17007319159562,45.406442229944375,0,0.7722222222222221,0.24745694683458808,0.8947829777117083,991.662972121354,0.7666666666666666,0.8173106906066546,16,4
Chandrapur,2023-04-24,1,5,6,16.80694915934663,1.058033489708226,27.118399514479975,37.93215070191088,0,0.7722222222222221,0.24745694683458808,0.8947829777117083,991.662972121354,0.7666666666666666,0.8173106906066546,17,4
Chandrapur,2023-05-01,0,3,7,27.874011694083265,11.12417351005907,28.829074578715897,58.13502102736457,0,0.7722222222222221,0.24745694683458808,0.8947829777117083,991.662972121354,0.7666666666666666,0.8173106906066546,18,5
Chandrapur,2023-05-08,1,3,8,19.636392408556564,8.64253298879506,32.944295165177174,34.45411430233043,0,0.7722222222222221,0.24745694683458808,0.8947829777117083,991.662972121354,0.7666666666666666,0.8173106906066546,19,5
Chandrapur,2023-05-15,1,4,9,23.349547068996156,-15.479841100390427,30.83054249623148,41.28151035842923,0,0.7722222222222221,0.24745694683458808,0.8947829777117083,991.662972121354,0.7666666666666666,0.8173106906066546,20,5
Chandrapur,2023-05-22,1,6,4,39.52909263697781,1.847040380472347,29.80418757067828,44.30494745965397,0,0.7722222222222221,0.24745694683458808,0.8947829777117083,991.662972121354,0.7666666666666666,0.8173106906066546,21,5
Chandrapur,2023-05-29,2,3,5,21.097225066879787,-2.2078955035744796,30.4915681141703,47.31091010058432,0,0.7722222222222221,0.24745694683458808,0.8947829777117083,991.662972121354,0.7666666666666666,0.8173106906066546,22,5
Chandrapur,2023-06-05,2,8,20,92.21333154889584,-1.1689343019629868,31.628065176529688,79.90469446547807,1,0.7722222222222221,0.24745694683458808,0.8947829777117083,991.662972121354,0.7666666666666666,0.8173106906066546,23,6
Chandrapur,2023-06-12,6,3,27,110.58552451364538,3.6649440366731345,34.550720468685334,75.44496627007842,1,0.7722222222222221,0.24745694683458808,0.8947829777117083,991.662972121354,0.7666666666666666,0.8173106906066546,24,6
Chandrapur,2023-06-19,3,4,25,108.36210530396339,-46.8362733732355,32.50436351158527,84.51154721792592,1,0.7722222222222221,0.24745694683458808,0.8947829777117083,991.662972121354,0.7666666666666666,0.8173106906066546,25,6
Chandrapur,2023-06-26,3,4,19,81.91766577959902,-6.522316007229784,34.26526066248928,72.89459474393016,1,0.7722222222222221,0.24745694683458808,0.8947829777117083,991.662972121354,0.7666666666666666,0.8173106906066546,26,6
Chandrapur,2023-07-03,4,5,23,99.67541430072771,47.46298393417955,33.741561567345244,79.05640811795148,1,0.7722222222222221,0.24745694683458808,0.8947829777117083,991.662972121354,0.7666666666666666,0.8173106906066546,27,7
Chandrapur,2023-07-10,6,7,23,90.61057248734349,28.240907309415054,36.97384961024999,79.40538992043709,1,0.7722222222222221,0.24745694683458808,0.8947829777117083,991.662972121354,0.7666666666666666,0.8173106906066546,28,7
Chandrapur,2023-07-17,2,7,25,94.51523388292497,-6.321193642476749,28.200745417126722,71.51581878367864,1,0.7722222222222221,0.24745694683458808,0.8947829777117083,991.662972121354,0.7666666666666666,0.8173106906066546,29,7
Chandrapur,2023-07-24,8,7,20,106.85682657219914,-20.060030747352183,29.198881597144894,77.95511416588288,1,0.7722222222222221,0.24745694683458808,0.8947829777117083,991.662972121354,0.7666666666666666,0.8173106906066546,30,7
Chandrapur,2023-07-31,11,8,27,90.14697407499499,44.26788823341667,28.884064932792615,79.34904649288893,1,0.7722222222222221,0.24745694683458808,0.8947829777117083,991.662972121354,0.7666666666666666,0.8173106906066546,31,7
Chandrapur,2023-08-07,6,6,23,83.35643917201921,-52.65548591078149,27.500034164362983,75.58279555333081,1,0.7722222222222221,0.24745694683458808,0.8947829777117083,991.662972121354,0.7666666666666666,0.8173106906066546,32,8
Chandrapur,2023-08-14,12,9,24,96.40328792507019,9.126762222169727,29.2714764068461,85.87533391325137,1,0.7722222222222221,0.24745694683458808,0.8947829777117083,991.662972121354,0.7666666666666666,0.8173106906066546,33,8
Chandrapur,2023-08-21,5,10,22,103.65052396110744,50.51671174060918,23.927409137407775,88.85172106794526,1,0.7722222222222221,0.24745694683458808,0.8947829777117083,991.662972121354,0.7666666666666666,0.8173106906066546,34,8
Chandrapur,2023-08-28,2,3,17,77.38315712118363,-7.546311198973534,26.217935046897022,78.7928640511605,1,0.7722222222222221,0.24745694683458808,0.8947829777117083,991.662972121354,0.7666666666666666,0.8173106906066546,35,8
Chandrapur,2023-09-04,5,6,16,96.9971965522857,14.375640155439275,21.11335813321473,82.78563839226901,1,0.7722222222222221,0.24745694683458808,0.8947829777117083,991.662972121354,0.7666666666666666,0.8173106906066546,36,9
Chandrapur,2023-09-11,4,7,25,93.80965830800271,10.860410837315248,22.736138781066884,81.76373081991105,1,0.7722222222222221,0.24745694683458808,0.8947829777117083,991.662972121354,0.7666666666666666,0.8173106906066546,37,9
Chandrapur,2023-09-18,7,3,24,87.68646092579509,-50.53332636213865,16.29038389549527,82.28032021462539,1,0.7722222222222221,0.24745694683458808,0.8947829777117083,991.662972121354,0.7666666666666666,0.8173106906066546,38,9
Chandrapur,2023-09-25,5,10,23,105.84596700836106,-27.350774758774758,17.23034617740516,79.65599639140754,1,0.7722222222222221,0.24745694683458808,0.8947829777117083,991.662972121354,0.7666666666666666,0.8173106906066546,39,9
Chandrapur,2023-10-02,2,2,3,18.250524546504924,11.814417901875494,15.106043557763876,40.34409485812184,0,0.7722222222222221,0.24745694683458808,0.8947829777117083,991.662972121354,0.7666666666666666,0.8173106906066546,40,10
Chandrapur,2023-10-09,0,4,4,23.349678920493886,-2.6135234189160164,17.628250079072284,47.63525786709401,0,0.7722222222222221,0.24745694683458808,0.8947829777117083,991.662972121354,0.7666666666666666,0.8173106906066546,41,10
Chandrapur,2023-10-16,2,5,6,9.399629174883223,6.734873528960097,13.85876581090985,42.62838086113715,0,0.7722222222222221,0.24745694683458808,0.8947829777117083,991.662972121354,0.7666666666666666,0.8173106906066546,42,10
Chandrapur,2023-10-23,1,4,1,14.809684763842288,-12.609526179157918,14.813609261455126,46.45480266248258,0,0.7722222222222221,0.24745694683458808,0.8947829777117083,991.662972121354,0.7666666666666666,0.8173106906066546,43,10
Chandrapur,2023-10-30,3,4,7,20.82501394433007,-4.04522371205896,13.485206632081114,39.47385145699928,0,0.7722222222222221,0.24745694683458808,0.8947829777117083,991.662972121354,0.7666666666666666,0.8173106906066546,44,10
Chandrapur,2023-11-06,0,4,8,20.22953918220168,0.3665807643927397,13.480362645694886,41.396181358834426,0,0.7722222222222221,0.24745694683458808,0.8947829777117083,991.662972121354,0.7666666666666666,0.8173106906066546,45,11
Chandrapur,2023-11-13,2,1,6,31.901771073897613,-18.957692486324838,8.130664958774503,37.10494285405554,0,0.7722222222222221,0.24745694683458808,0.8947829777117083,991.662972121354,0.7666666666666666,0.8173106906066546,46,11
Chandrapur,2023-11-20,1,4,4,16.740259486990386,-14.494215186766885,10.816590957164834,40.01295518540342,0,0.7722222222222221,0.24745694683458808,0.8947829777117083,991.662972121354,0.7666666666666666,0.8173106906066546,47,11
Chandrapur,2023-11-27,2,3,5,15.560570397453821,19.534340151012323,10.559708597919897,45.58053025710963,0,0.7722222222222221,0.24745694683458808,0.8947829777117083,991.662972121354,0.7666666666666666,0.8173106906066546,48,11
Chandrapur,2023-12-04,2,2,6,7.737507567306459,-13.463062288014093,7.491795756757725,36.818178926082346,0,0.7722222222222221,0.24745694683458808,0.8947829777117083,991.662972121354,0.7666666666666666,0.8173106906066546,49,12
Chandrapur,2023-12-11,2,2,4,9.335457722312546,-1.765744132097275,10.741378275560587,44.04687349011117,0,0.7722222222222221,0.24745694683458808,0.8947829777117083,991.662972121354,0.7666666666666666,0.8173106906066546,50,12
Chandrapur,2023-12-18,3,5,4,22.435346000972423,14.699114936545419,6.50447085336088,38.560092183552214,0,0.7722222222222221,0.24745694683458808,0.8947829777117083,991.662972121354,0.7666666666666666,0.8173106906066546,51,12
Chandrapur,2023-12-25,0,4,3,15.271886446910429,9.17737458107128,5.823324716224962,40.17079732755449,0,0.7722222222222221,0.24745694683458808,0.8947829777117083,991.662972121354,0.7666666666666666,0.8173106906066546,52,12
Dhule,2022-01-03,3,5,13,16.77325462540945,-12.373351450799966,11.061157309235748,37.089254968211634,0,0.4111111111111111,0.5819833545507318,0.5952888967231009,222.9200752891164,0.33333333333333337,0.48616333222353847,1,1
Dhule,2022-01-10,2,7,10,19.75743580456781,15.992411590778703,8.695259450360314,28.17559095284439,0,0.4111111111111111,0.5819833545507318,0.5952888967231009,222.9200752891164,0.33333333333333337,0.48616333222353847,2,1
Dhule,2022-01-17,4,3,14,30.18098647479365,1.4478788760424122,10.28383860804128,31.82016323147821,0,0.4111111111111111,0.5819833545507318,0.5952888967231009,222.9200752891164,0.33333333333333337,0.48616333222353847,3,1
Dhule,2022-01-24,7,3,12,40.36296002260842,-4.328566114363127,9.666605889515305,44.4870859746566,0,0.4111111111111111,0.5819833545507318,0.5952888967231009,222.9200752891164,0.33333333333333337,0.48616333222353847,4,1
Dhule,2022-01-31,0,5,5,0.9100091138894086,-14.339373740349536,8.673643364427214,39.458115780229264,0,0.4111111111111111,0.5819833545507318,0.5952888967231009,222.9200752891164,0.33333333333333337,0.48616333222353847,5,1
Dhule,2022-02-07,5,7,11,31.349104323771932,-7.7870602970547464,12.367799050468902,40.18043640947225,0,0.4111111111111111,0.5819833545507318,0.5952888967231009,222.9200752891164,0.33333333333333337,0.48616333222353847,6,2
Dhule,2022-02-14,2,3,19,29.54692506056287,15.657205638618862,14.39709511090098,39.46542686182622,0,0.4111111111111111,0.5819833545507318,0.5952888967231009,222.9200752891164,0.33333333333333337,0.48616333222353847,7,2
Dhule,2022-02-21,3,5,9,13.917612509803558,4.524121180479882,14.391412255045434,44.5164424272364,0,0.4111111111111111,0.5819833545507318,0.5952888967231009,222.9200752891164,0.33333333333333337,0.48616333222353847,8,2
Dhule,2022-02-28,0,4,13,9.584130302865859,-6.888296921838009,12.63715538823751,40.92196868794311,0,0.4111111111111111,0.5819833545507318,0.5952888967231009,222.9200752891164,0.33333333333333337,0.48616333222353847,9,2
Dhule,2022-03-07,2,5,11,31.150296243807063,18.54255406679623,20.187058567886417,45.096079159877995,0,0.4111111111111111,0.5819833545507318,0.5952888967231009,222.9200752891164,0.33333333333333337,0.48616333222353847,10,3
Dhule,2022-03-14,1,7,16,3.077583984715776,4.586752554239116,19.641818078265263,40.185540680140335,0,0.4111111111111111,0.5819833545507318,0.5952888967231009,222.9200752891164,0.33333333333333337,0.48616333222353847,11,3
Dhule,2022-03-21,1,5,10,12.866475522985013,3.0236397625198514,23.858034914766584,36.19244670679402,0,0.4111111111111111,0.5819833545507318,0.5952888967231009,222.9200752891164,0.33333333333333337,0.48616333222353847,12,3
Dhule,2022-03-28,2,10,9,9.740715628605905,18.632268318922424,20.30852589428342,45.38877389778371,0,0.4111111111111111,0.5819833545507318,0.5952888967231009,222.9200752891164,0.33333333333333337,0.48616333222353847,13,3
Dhule,2022-04-04,4,6,15,19.035724700877193,13.79442172982033,28.498524507543785,46.00981660576938,0,0.4111111111111111,0.5819833545507318,0.5952888967231009,222.9200752891164,0.33333333333333337,0.48616333222353847,14,4
Dhule,2022-04-11,3,3,13,18.872279464537122,9.903103808232961,26.34810448008409,49.584633957501644,0,0.4111111111111111,0.5819833545507318,0.5952888967231009,222.9200752891164,0.33333333333333337,0.48616333222353847,15,4
Dhule,2022-04-18,4,11,7,12.860685413344084,-3.0577697857007884,25.34270476822099,36.244220656494726,0,0.4111111111111111,0.5819833545507318,0.5952888967231009,222.9200752891164,0.33333333333333337,0.48616333222353847,16,4
Dhule,2022-04-25,4,8,11,13.060492365858765,-5.428908598510445,25.59966326187159,44.21756172030075,0,0.4111111111111111,0.5819833545507318,0.5952888967231009,222.9200752891164,0.33333333333333337,0.48616333222353847,17,4
Dhule,2022-05-02,5,6,12,30.76112266718025,-8.577627711284174,32.34445020935755,35.193620070216674,0,0.4111111111111111,0.5819833545507318,0.5952888967231009,222.9200752891164,0.33333333333333337,0.48616333222353847,18,5
Dhule,2022-05-09,2,8,14,9.873377506205994,9.340502941121688,32.002319812725815,38.4980028351944,0,0.4111111111111111,0.5819833545507318,0.5952888967231009,222.9200752891164,0.33333333333333337,0.48616333222353847,19,5
Dhule,2022-05-16,2,6,9,21.719887499262054,-7.092881908179942,31.41671687366893,40.28398316311001,0,0.4111111111111111,0.5819833545507318,0.5952888967231009,222.9200752891164,0.33333333333333337,0.48616333222353847,20,5
Dhule,2022-05-23,1,4,6,0.0,8.700621548264673,32.25530315496475,38.49388903136843,0,0.4111111111111111,0.5819833545507318,0.5952888967231009,222.9200752891164,0.33333333333333337,0.48616333222353847,21,5
Dhule,2022-05-30,0,2,11,21.661691197587686,-0.3423504108354112,29.396145190416632,49.52661598727416,0,0.4111111111111111,0.5819833545507318,0.5952888967231009,222.9200752891164,0.33333333333333337,0.48616333222353847,22,5
Dhule,2022-06-06,15,13,34,93.93928410105877,-28.284771548475202,35.12531657285461,84.01042937109324,1,0.4111111111111111,0.5819833545507318,0.5952888967231009,222.9200752891164,0.33333333333333337,0.48616333222353847,23,6
Dhule,2022-06-13,10,15,40,98.74400344693109,11.63638370679711,33.54913036699496,74.25429106232788,1,0.4111111111111111,0.5819833545507318,0.5952888967231009,222.9200752891164,0.33333333333333337,0.48616333222353847,24,6
Dhule,2022-06-20,13,15,35,108.04096392165448,15.33076741223599,35.651152285856995,83.37169036923235,1,0.4111111111111111,0.5819833545507318,0.5952888967231009,222.9200752891164,0.33333333333333337,0.48616333222353847,25,6
Dhule,2022-06-27,10,14,56,123.67629179183871,-37.61425548735399,31.51415083677357,74.81306999673899,1,0.4111111111111111,0.5819833545507318,0.5952888967231009,222.9200752891164,0.33333333333333337,0.48616333222353847,26,6
Dhule,2022-07-04,13,9,36,95.79529791957309,27.06200457127435,30.430284382104038,75.14971680762812,1,0.4111111111111111,0.5819833545507318,0.5952888967231009,222.9200752891164,0.33333333333333337,0.48616333222353847,27,7
Dhule,2022-07-11,7,15,39,96.5063089448029,-44.8543214273012,28.314176962215473,82.71046472172776,1,0.4111111111111111,0.5819833545507318,0.5952888967231009,222.9200752891164,0.33333333333333337,0.48616333222353847,28,7
Dhule,2022-07-18,12,17,42,92.95346690365663,-59.68315274171786,31.127156537148892,80.39496483804201,1,0.4111111111111111,0.5819833545507318,0.5952888967231009,222.9200752891164,0.33333333333333337,0.48616333222353847,29,7
Dhule,2022-07-25,9,15,52,120.76181189760749,9.255354637524349,29.22415856724074,81.7472844456492,1,0.4111111111111111,0.5819833545507318,0.5952888967231009,222.9200752891164,0.33333333333333337,0.48616333222353847,30,7
Dhule,2022-08-01,10,7,46,101.33022920527664,-12.498610995723418,28.40781852411326,89.38266937072247,1,0.4111111111111111,0.5819833545507318,0.5952888967231009,222.9200752891164,0.33333333333333337,0.48616333222353847,31,8
Dhule,2022-08-08,10,16,49,103.98189911288976,-10.012525837143489,24.95727655663678,87.32450184537618,1,0.4111111111111111,0.5819833545507318,0.5952888967231009,222.9200752891164,0.33333333333333337,0.48616333222353847,32,8
Dhule,2022-08-15,11,10,51,94.06947707756942,-5.489204512813696,24.895988694371965,87.62559554941134,1,0.4111111111111111,0.5819833545507318,0.5952888967231009,222.9200752891164,0.33333333333333337,0.48616333222353847,33,8
Dhule,2022-08-22,12,7,36,91.56453932760493,-57.6828290759816,25.514751654937303,89.78949628977925,1,0.4111111111111111,0.5819833545507318,0.5952888967231009,222.9200752891164,0.33333333333333337,0.48616333222353847,34,8
Dhule,2022-08-29,7,19,42,90.31465076947994,15.269359036569188,24.69939420336544,80.16714027173738,1,0.4111111111111111,0.5819833545507318,0.5952888967231009,222.9200752891164,0.33333333333333337,0.48616333222353847,35,8
Dhule,2022-09-05,3,11,44,106.77905560889215,24.68925679033647,20.116521456533068,82.01309339684545,1,0.4111111111111111,0.5819833545507318,0.5952888967231009,222.9200752891164,0.33333333333333337,0.48616333222353847,36,9
Dhule,2022-09-12,13,12,44,103.46408126869001,-40.18099728877638,19.518166576544928,79.07857091373687,1,0.4111111111111111,0.5819833545507318,0.5952888967231009,222.9200752891164,0.33333333333333337,0.48616333222353847,37,9
Dhule,2022-09-19,14,10,47,110.84156023410864,-13.094672739132253,19.2805015636248,75.81420518433862,1,0.4111111111111111,0.5819833545507318,0.5952888967231009,222.9200752891164,0.33333333333333337,0.48616333222353847,38,9
Dhule,2022-09-26,8,16,40,114.60813560763206,-24.016887982345125,17.755146924605434,81.14025748512621,1,0.4111111111111111,0.5819833545507318,0.5952888967231009,222.9200752891164,0.33333333333333337,0.48616333222353847,39,9
Dhule,2022-10-03,5,3,7,25.834327494378748,3.887783869976185,16.123326346162184,38.62977640508705,0,0.4111111111111111,0.5819833545507318,0.5952888967231009,222.9200752891164,0.33333333333333337,0.48616333222353847,40,10
Dhule,2022-10-10,4,6,12,40.49146035846704,-1.8826737596595502,11.620896431733978,39.706988181949576,0,0.4111111111111111,0.5819833545507318,0.5952888967231009,222.9200752891164,0.33333333333333337,0.48616333222353847,41,10
Dhule,2022-10-17,1,4,6,2.2773744149244237,-9.840238027038184,17.146370813518548,44.45460855276181,0,0.4111111111111111,0.5819833545507318,0.5952888967231009,222.9200752891164,0.33333333333333337,0.48616333222353847,42,10
Dhule,2022-10-24,2,9,6,28.662729119465123,-4.973567303754355,15.63806018011811,44.355015882906194,0,0.4111111111111111,0.5819833545507318,0.5952888967231009,222.9200752891164,0.33333333333333337,0.48616333222353847,43,10
Dhule,2022-10-31,5,1,9,15.116705759286557,-1.4003064595376933,14.816843372477146,37.75682223571818,0,0.4111111111111111,0.5819833545507318,0.5952888967231009,222.9200752891164,0.33333333333333337,0.48616333222353847,44,10
Dhule,2022-11-07,2,3,17,30.078574304895174,7.5933173126744045,13.967473771150669,45.57486017803273,0,0.4111111111111111,0.5819833545507318,0.5952888967231009,222.9200752891164,0.33333333333333337,0.48616333222353847,45,11
Dhule,2022-11-14,1,4,17,4.769806675316852,21.11845935480567,10.258016660669737,35.87965415200057,0,0.4111111111111111,0.5819833545507318,0.5952888967231009,222.9200752891164,0.33333333333333337,0.48616333222353847,46,11
Dhule,2022-11-21,3,4,8,21.786619826967886,14.680465286160624,9.48804979213011,33.93191816280379,0,0.4111111111111111,0.5819833545507318,0.5952888967231009,222.9200752891164,0.33333333333333337,0.48616333222353847,47,11
Dhule,2022-11-28,3,3,12,21.312059458801965,-10.057432358949738,11.862467926454725,40.72147073359011,0,0.4111111111111111,0.5819833545507318,0.5952888967231009,222.9200752891164,0.33333333333333337,0.48616333222353847,48,11
Dhule,2022-12-05,6,3,13,12.573546604807103,-8.929663820138531,8.57872124923213,44.057468709866605,0,0.4111111111111111,0.5819833545507318,0.5952888967231009,222.9200752891164,0.33333333333333337,0.48616333222353847,49,12
Dhule,2022-12-12,3,1,18,33.429926524306275,4.9966448895423055,6.50495734327249,35.83975511796356,0,0.4111111111111111,0.5819833545507318,0.5952888967231009,222.9200752891164,0.33333333333333337,0.48616333222353847,50,12
Dhule,2022-12-19,4,6,12,38.10329379764742,-0.9561404655042607,5.903956237452746,33.16813976007513,0,0.4111111111111111,0.5819833545507318,0.5952888967231009,222.9200752891164,0.33333333333333337,0.48616333222353847,51,12
Dhule,2022-12-26,3,2,10,23.455030494903223,12.18643589018956,9.809919897168097,42.654966390922844,0,0.4111111111111111,0.5819833545507318,0.5952888967231009,222.9200752891164,0.33333333333333337,0.48616333222353847,52,12
Dhule,2023-01-02,2,7,9,28.176034060217475,5.456903431210129,8.517511465855176,47.81929656925633,0,0.4111111111111111,0.5819833545507318,0.5952888967231009,222.9200752891164,0.33333333333333337,0.48616333222353847,1,1
Dhule,2023-01-09,0,2,12,3.6210653323888486,-9.81548398444556,11.597633542907673,42.3210529740969,0,0.4111111111111111,0.5819833545507318,0.5952888967231009,222.9200752891164,0.33333333333333337,0.48616333222353847,2,1
Dhule,2023-01-16,6,4,6,18.9135782595485,-4.582098742194886,11.917855098983845,42.27229311471727,0,0.4111111111111111,0.5819833545507318,0.5952888967231009,222.9200752891164,0.33333333333333337,0.48616333222353847,3,1
Dhule,2023-01-23,2,3,8,13.189296552330424,5.125451041001348,9.178201825387298,42.39734402095444,0,0.4111111111111111,0.5819833545507318,0.5952888967231009,222.9200752891164,0.33333333333333337,0.48616333222353847,4,1
Dhule,2023-01-30,4,3,15,42.21803904642779,0.6380709241374871,8.47313555561021,49.35451397723611,0,0.4111111111111111,0.5819833545507318,0.5952888967231009,222.9200752891164,0.33333333333333337,0.48616333222353847,5,1
Dhule,2023-02-06,2,3,15,28.84933261964115,13.91232836398735,14.78914178309232,42.11258768148963,0,0.4111111111111111,0.5819833545507318,0.5952888967231009,222.9200752891164,0.33333333333333337,0.48616333222353847,6,2
Dhule,2023-02-13,2,7,10,22.79464111670342,10.039366059713688,14.741805089556442,35.67956013010909,0,0.4111111111111111,0.5819833545507318,0.5952888967231009,222.9200752891164,0.33333333333333337,0.48616333222353847,7,2
Dhule,2023-02-20,1,11,16,11.257606223496312,-0.09515185483472202,15.332136380622114,45.109843443910485,0,0.4111111111111111,0.5819833545507318,0.5952888967231009,222.9200752891164,0.33333333333333337,0.48616333222353847,8,2
Dhule,2023-02-27,3,4,19,24.31275307318011,5.712072701504491,14.599535440867902,35.170477541874476,0,0.4111111111111111,0.5819833545507318,0.5952888967231009,222.9200752891164,0.33333333333333337,0.48616333222353847,9,2
Dhule,2023-03-06,5,9,12,27.643001215315177,2.4445959926796563,21.026482982536262,35.92156854918315,0,0.4111111111111111,0.5819833545507318,0.5952888967231009,222.9200752891164,0.33333333333333337,0.48616333222353847,10,3
Dhule,2023-03-13,0,4,16,10.984065278046865,-9.910742860246572,18.16536214456153,47.608289985234755,0,0.4111111111111111,0.5819833545507318,0.5952888967231009,222.9200752891164,0.33333333333333337,0.48616333222353847,11,3
Dhule,2023-03-20,2,5,16,20.586363021070163,10.444166388757383,21.576557361642575,33.680179787176186,0,0.4111111111111111,0.5819833545507318,0.5952888967231009,222.9200752891164,0.33333333333333337,0.48616333222353847,12,3
Dhule,2023-03-27,0,6,14,20.026771275098913,-17.49932647203449,22.69884339370391,40.07954642483142,0,0.4111111111111111,0.5819833545507318,0.5952888967231009,222.9200752891164,0.33333333333333337,0.48616333222353847,13,3
Dhule,2023-04-03,6,4,13,24.209420239051994,13.970313748793492,25.79419365736806,47.38238702958361,0,0.4111111111111111,0.5819833545507318,0.5952888967231009,222.9200752891164,0.33333333333333337,0.48616333222353847,14,4
Dhule,2023-04-10,3,5,13,37.976998377948036,5.515739628767288,30.559743151499152,34.88487984253744,0,0.4111111111111111,0.5819833545507318,0.5952888967231009,222.9200752891164,0.33333333333333337,0.48616333222353847,15,4
Dhule,2023-04-17,1,6,5,31.66540201294386,-14.781768719571001,25.134061188582518,43.55502459568213,0,0.4111111111111111,0.5819833545507318,0.5952888967231009,222.9200752891164,0.33333333333333337,0.48616333222353847,16,4
Dhule,2023-04-24,0,7,8,20.568234470260446,-3.957482460588648,28.200018870974873,41.22275231494082,0,0.4111111111111111,0.5819833545507318,0.5952888967231009,222.9200752891164,0.33333333333333337,0.48616333222353847,17,4
Dhule,2023-05-01,1,5,12,17.67736241961136,4.735553969402347,32.87377134369569,39.7053768866887,0,0.4111111111111111,0.5819833545507318,0.5952888967231009,222.9200752891164,0.33333333333333337,0.48616333222353847,18,5
Dhule,2023-05-08,1,4,11,28.060798912806177,4.835993152605212,29.59191842201876,39.6834487357777,0,0.4111111111111111,0.5819833545507318,0.5952888967231009,222.9200752891164,0.33333333333333337,0.48616333222353847,19,5
Dhule,2023-05-15,0,4,8,14.646411967290655,4.091101991300401,32.908251722849165,45.6935040154197,0,0.4111111111111111,0.5819833545507318,0.5952888967231009,222.9200752891164,0.33333333333333337,0.48616333222353847,20,5
Dhule,2023-05-22,1,5,8,14.682692037113327,-0.11226844086627263,27.832204496309753,45.42179978163475,0,0.4111111111111111,0.5819833545507318,0.5952888967231009,222.9200752891164,0.33333333333333337,0.48616333222353847,21,5
Dhule,2023-05-29,2,1,11,20.20695984246361,-16.023552669411647,34.97931549206499,38.70241571418469,0,0.4111111111111111,0.5819833545507318,0.5952888967231009,222.9200752891164,0.33333333333333337,0.48616333222353847,22,5
Dhule,2023-06-05,9,19,43,102.27219937098776,21.1284906119851,31.98037835638913,81.15626277552946,1,0.4111111111111111,0.5819833545507318,0.5952888967231009,222.9200752891164,0.33333333333333337,0.48616333222353847,23,6
Dhule,2023-06-12,11,7,35,106.66438725152106,-57.27411948848047,33.65808613004378,72.71708942496407,1,0.4111111111111111,0.5819833545507318,0.5952888967231009,222.9200752891164,0.33333333333333337,0.48616333222353847,24,6
Dhule,2023-06-19,4,11,29,102.36292198596674,-28.167262211498894,32.74226920541957,92.7567447681055,1,0.4111111111111111,0.5819833545507318,0.5952888967231009,222.9200752891164,0.33333333333333337,0.48616333222353847,25,6
Dhule,2023-06-26,13,16,52,111.13409341867171,-2.749006558707104,30.139513229985806,77.66154786713511,1,0.4111111111111111,0.5819833545507318,0.5952888967231009,222.9200752891164,0.33333333333333337,0.48616333222353847,26,6
Dhule,2023-07-03,9,14,40,119.55560838567689,46.70944006472096,26.92122981869568,78.4222315583624,1,0.4111111111111111,0.5819833545507318,0.5952888967231009,222.9200752891164,0.33333333333333337,0.48616333222353847,27,7
Dhule,2023-07-10,7,8,35,89.7169838729327,-19.67074766991215,30.76665364664369,74.6010304723557,1,0.4111111111111111,0.5819833545507318,0.5952888967231009,222.9200752891164,0.33333333333333337,0.48616333222353847,28,7
Dhule,2023-07-17,7,9,56,88.47629823995192,-1.4809982530445966,29.2405228113534,73.86976951057198,1,0.4111111111111111,0.5819833545507318,0.5952888967231009,222.9200752891164,0.33333333333333337,0.48616333222353847,29,7
Dhule,2023-07-24,5,11,37,105.01758473403675,-40.74735218683613,29.682013455723123,81.46421879969034,1,0.4111111111111111,0.5819833545507318,0.5952888967231009,222.9200752891164,0.33333333333333337,0.48616333222353847,30,7
Dhule,2023-07-31,12,12,38,118.40765802234795,-20.803131183532884,30.164818371197633,85.22521271630727,1,0.4111111111111111,0.5819833545507318,0.5952888967231009,222.9200752891164,0.33333333333333337,0.48616333222353847,31,7
Dhule,2023-08-07,8,10,39,104.07597055421634,14.260877509926072,23.19115566854524,76.04876427027881,1,0.4111111111111111,0.5819833545507318,0.5952888967231009,222.9200752891164,0.33333333333333337,0.48616333222353847,32,8
Dhule,2023-08-14,8,12,37,89.14021616688458,-11.754461476000333,26.409143299400654,70.20304097872025,1,0.4111111111111111,0.5819833545507318,0.5952888967231009,222.9200752891164,0.33333333333333337,0.48616333222353847,33,8
Dhule,2023-08-21,12,14,54,103.98610563468411,32.83212852747722,24.86247571719737,80.96697742180822,1,0.4111111111111111,0.5819833545507318,0.5952888967231009,222.9200752891164,0.33333333333333337,0.48616333222353847,34,8
Dhule,2023-08-28,11,13,42,97.29400288426335,-12.768292305822767,29.483447657400305,79.17440174913793,1,0.4111111111111111,0.5819833545507318,0.5952888967231009,222.9200752891164,0.33333333333333337,0.48616333222353847,35,8
Dhule,2023-09-04,5,17,42,106.07142466627684,-13.661984425219426,18.471503712029904,80.44880437609861,1,0.4111111111111111,0.5819833545507318,0.5952888967231009,222.9200752891164,0.33333333333333337,0.48616333222353847,36,9
Dhule,2023-09-11,7,11,45,105.54504084144106,58.9583683395235,21.515935429369023,87.9684116473707,1,0.4111111111111111,0.5819833545507318,0.5952888967231009,222.9200752891164,0.33333333333333337,0.48616333222353847,37,9
Dhule,2023-09-18,10,8,42,98.5697373021709,-48.529355125526756,21.298123761117786,86.9898512079202,1,0.4111111111111111,0.5819833545507318,0.5952888967231009,222.9200752891164,0.33333333333333337,0.48616333222353847,38,9
Dhule,2023-09-25,10,7,52,88.98220113425181,0.35071219994606123,21.69570371298085,86.53279220493673,1,0.4111111111111111,0.5819833545507318,0.5952888967231009,222.9200752891164,0.33333333333333337,0.48616333222353847,39,9
Dhule,2023-10-02,2,9,11,20.231663563098273,-5.061532507485986,12.926483800285734,34.993161208287106,0,0.4111111111111111,0.5819833545507318,0.5952888967231009,222.9200752891164,0.33333333333333337,0.48616333222353847,40,10
Dhule,2023-10-09,3,3,13,33.626477430072434,-2.362524647697995,11.386848266850873,39.796842050207594,0,0.4111111111111111,0.5819833545507318,0.5952888967231009,222.9200752891164,0.33333333333333337,0.48616333222353847,41,10
Dhule,2023-10-16,2,3,4,3.5895870556431646,16.377474592047726,10.178642605492604,37.0772943358449,0,0.4111111111111111,0.5819833545507318,0.5952888967231009,222.9200752891164,0.33333333333333337,0.48616333222353847,42,10
Dhule,2023-10-23,1,2,9,14.58363854512211,17.769508428381933,10.72186624420887,41.79716210949709,0,0.4111111111111111,0.5819833545507318,0.5952888967231009,222.9200752891164,0.33333333333333337,0.48616333222353847,43,10
Dhule,2023-10-30,2,5,16,21.706006772173353,-14.535124785244957,12.306407476306223,38.572971306273686,0,0.4111111111111111,0.5819833545507318,0.5952888967231009,222.9200752891164,0.33333333333333337,0.48616333222353847,44,10
Dhule,2023-11-06,3,7,10,17.8892018632047,-20.557089287774843,10.734643720531672,44.46125738487289,0,0.4111111111111111,0.5819833545507318,0.5952888967231009,222.9200752891164,0.33333333333333337,0.48616333222353847,45,11
Dhule,2023-11-13,2,6,12,15.773918801123427,-5.656723572000585,6.375632323974685,40.121112279264814,0,0.4111111111111111,0.5819833545507318,0.5952888967231009,222.9200752891164,0.33333333333333337,0.48616333222353847,46,11
Dhule,2023-11-20,2,4,11,13.535614389102829,-5.906623525239803,8.950558162835495,38.48951984156112,0,0.4111111111111111,0.5819833545507318,0.5952888967231009,222.9200752891164,0.33333333333333337,0.48616333222353847,47,11
Dhule,2023-11-27,4,4,5,14.759487728816342,5.0593112764730295,7.683170006968945,38.49086911075407,0,0.4111111111111111,0.5819833545507318,0.5952888967231009,222.9200752891164,0.33333333333333337,0.48616333222353847,48,11
Dhule,2023-12-04,1,4,5,12.835186098794608,-2.715404385055802,8.266013163976199,39.65998521925542,0,0.4111111111111111,0.5819833545507318,0.5952888967231009,222.9200752891164,0.33333333333333337,0.48616333222353847,49,12
Dhule,2023-12-11,4,4,9,30.512868651744668,-12.035116342070005,8.034281335946403,46.11386743741157,0,0.4111111111111111,0.5819833545507318,0.5952888967231009,222.9200752891164,0.33333333333333337,0.48616333222353847,50,12
Dhule,2023-12-18,2,5,12,22.70733710135159,-11.470590368724592,13.198056289581107,42.518118600136575,0,0.4111111111111111,0.5819833545507318,0.5952888967231009,222.9200752891164,0.33333333333333337,0.48616333222353847,51,12
Dhule,2023-12-25,3,2,11,18.65918399863629,11.698144514190927,6.445666821655394,43.16208861065452,0,0.4111111111111111,0.5819833545507318,0.5952888967231009,222.9200752891164,0.33333333333333337,0.48616333222353847,52,12
Gadchiroli,2022-01-03,2,0,6,10.527710045060791,21.277288973175995,9.255658908205469,44.15111932635592,0,0.7861111111111111,0.17348727003703207,0.8634407151595718,2440.467790374939,0.7833333333333332,0.8251232765008669,1,1
Gadchiroli,2022-01-10,3,2,7,20.816316829351933,7.235175433424024,6.18133835134629,38.35147543322564,0,0.7861111111111111,0.17348727003703207,0.8634407151595718,2440.467790374939,0.7833333333333332,0.8251232765008669,2,1
Gadchiroli,2022-01-17,1,1,6,19.950380977456145,5.899890167793061,10.00332514719096,40.093561130188064,0,0.7861111111111111,0.17348727003703207,0.8634407151595718,2440.467790374939,0.7833333333333332,0.8251232765008669,3,1
Gadchiroli,2022-01-24,1,3,9,35.92460618159778,-5.942601881614543,6.760469687829771,38.59718712260951,0,0.7861111111111111,0.17348727003703207,0.8634407151595718,2440.467790374939,0.7833333333333332,0.8251232765008669,4,1
Gadchiroli,2022-01-31,0,0,11,28.091083564546288,-0.8083772381894762,7.837951537559383,44.306291129326766,0,0.7861111111111111,0.17348727003703207,0.8634407151595718,2440.467790374939,0.7833333333333332,0.8251232765008669,5,1
Gadchiroli,2022-02-07,0,5,7,27.37824544904209,1.1250928472860007,12.222011160065211,39.3776664779597,0,0.7861111111111111,0.17348727003703207,0.8634407151595718,2440.467790374939,0.7833333333333332,0.8251232765008669,6,2
Gadchiroli,2022-02-14,1,5,7,19.455957896054233,-21.17985770268229,13.423191095152033,37.31446948228394,0,0.7861111111111111,0.17348727003703207,0.8634407151595718,2440.467790374939,0.7833333333333332,0.8251232765008669,7,2
Gadchiroli,2022-02-21,2,1,6,26.49794735596044,2.182689482182529,15.640519117881684,42.96047174403607,0,0.7861111111111111,0.17348727003703207,0.8634407151595718,2440.467790374939,0.7833333333333332,0.8251232765008669,8,2
Gadchiroli,2022-02-28,1,2,3,32.35007562556163,-1.152957707467817,14.940208076013555,33.48991846810303,0,0.7861111111111111,0.17348727003703207,0.8634407151595718,2440.467790374939,0.7833333333333332,0.8251232765008669,9,2
Gadchiroli,2022-03-07,1,2,4,19.392678875018667,2.596603842984733,20.827256728372344,45.8838491992849,0,0.7861111111111111,0.17348727003703207,0.8634407151595718,2440.467790374939,0.7833333333333332,0.8251232765008669,10,3
Gadchiroli,2022-03-14,3,2,6,29.277871067396305,2.238836979647144,19.618855631785294,42.31337134449817,0,0.7861111111111111,0.17348727003703207,0.8634407151595718,2440.467790374939,0.7833333333333332,0.8251232765008669,11,3
Gadchiroli,2022-03-21,0,5,3,13.325201318086268,21.711018512079402,18.023450660970706,42.082045285182424,0,0.7861111111111111,0.17348727003703207,0.8634407151595718,2440.467790374939,0.7833333333333332,0.8251232765008669,12,3
Gadchiroli,2022-03-28,0,2,7,27.147586134883408,-10.539983686497719,19.701919103805235,36.669972240656065,0,0.7861111111111111,0.17348727003703207,0.8634407151595718,2440.467790374939,0.7833333333333332,0.8251232765008669,13,3
Gadchiroli,2022-04-04,1,1,1,18.80092598042753,-3.09024111971954,24.951341617766406,43.696857591185456,0,0.7861111111111111,0.17348727003703207,0.8634407151595718,2440.467790374939,0.7833333333333332,0.8251232765008669,14,4
Gadchiroli,2022-04-11,0,8,2,5.848749234582369,15.446556648983314,27.46735250687727,44.564933780003045,0,0.7861111111111111,0.17348727003703207,0.8634407151595718,2440.467790374939,0.7833333333333332,0.8251232765008669,15,4
Gadchiroli,2022-04-18,0,5,5,14.508313903263598,-13.55439920345644,24.549197596818242,37.60869587394545,0,0.7861111111111111,0.17348727003703207,0.8634407151595718,2440.467790374939,0.7833333333333332,0.8251232765008669,16,4
Gadchiroli,2022-04-25,0,6,3,11.401200496452704,-12.203408942515207,23.859072747277285,46.12276358878562,0,0.7861111111111111,0.17348727003703207,0.8634407151595718,2440.467790374939,0.7833333333333332,0.8251232765008669,17,4
Gadchiroli,2022-05-02,3,4,1,21.888547428813308,2.5201025078191472,26.604950753348326,39.639931591750305,0,0.7861111111111111,0.17348727003703207,0.8634407151595718,2440.467790374939,0.7833333333333332,0.8251232765008669,18,5
Gadchiroli,2022-05-09,1,6,4,27.376409748812407,11.302158560280532,33.6215781743688,45.213310899495525,0,0.7861111111111111,0.17348727003703207,0.8634407151595718,2440.467790374939,0.7833333333333332,0.8251232765008669,19,5
Gadchiroli,2022-05-16,0,9,7,14.879750985013494,-7.186677700831247,31.817462754542838,42.593055677121015,0,0.7861111111111111,0.17348727003703207,0.8634407151595718,2440.467790374939,0.7833333333333332,0.8251232765008669,20,5
Gadchiroli,2022-05-23,2,4,3,5.77443553070289,-8.379640414595448,29.683187606622237,42.18134855251694,0,0.7861111111111111,0.17348727003703207,0.8634407151595718,2440.467790374939,0.7833333333333332,0.8251232765008669,21,5
Gadchiroli,2022-05-30,1,1,8,36.67635650047558,14.051944695662684,30.611636315649296,36.25839374394941,0,0.7861111111111111,0.17348727003703207,0.8634407151595718,2440.467790374939,0.7833333333333332,0.8251232765008669,22,5
Gadchiroli,2022-06-06,6,4,15,100.24904428525933,67.1544495271316,32.58451265200954,81.9123122218686,1,0.7861111111111111,0.17348727003703207,0.8634407151595718,2440.467790374939,0.7833333333333332,0.8251232765008669,23,6
Gadchiroli,2022-06-13,4,3,19,99.52172151512636,-5.849410924556469,32.174607919653695,83.79933671411042,1,0.7861111111111111,0.17348727003703207,0.8634407151595718,2440.467790374939,0.7833333333333332,0.8251232765008669,24,6
Gadchiroli,2022-06-20,3,8,22,98.37166075749073,-22.135935156223592,32.938280728123615,78.05977198036555,1,0.7861111111111111,0.17348727003703207,0.8634407151595718,2440.467790374939,0.7833333333333332,0.8251232765008669,25,6
Gadchiroli,2022-06-27,11,10,23,89.53980567897594,25.745012078754808,31.563835742121853,86.04953999774919,1,0.7861111111111111,0.17348727003703207,0.8634407151595718,2440.467790374939,0.7833333333333332,0.8251232765008669,26,6
Gadchiroli,2022-07-04,4,3,19,102.9449137923915,-16.488236577789703,31.95251318301563,86.75312575945966,1,0.7861111111111111,0.17348727003703207,0.8634407151595718,2440.467790374939,0.7833333333333332,0.8251232765008669,27,7
Gadchiroli,2022-07-11,12,11,22,91.82693836865336,-74.19132484781396,32.139392593502265,87.29350966980688,1,0.7861111111111111,0.17348727003703207,0.8634407151595718,2440.467790374939,0.7833333333333332,0.8251232765008669,28,7
Gadchiroli,2022-07-18,4,9,25,100.04316778916633,6.293686793727705,30.28291944814461,76.17009905240067,1,0.7861111111111111,0.17348727003703207,0.8634407151595718,2440.467790374939,0.7833333333333332,0.8251232765008669,29,7
Gadchiroli,2022-07-25,2,10,19,79.66220148660432,33.32600399226195,30.13423707573674,73.64483987271528,1,0.7861111111111111,0.17348727003703207,0.8634407151595718,2440.467790374939,0.7833333333333332,0.8251232765008669,30,7
Gadchiroli,2022-08-01,4,5,26,123.94322129309603,-21.13468993109681,26.420510114833927,73.74775235073045,1,0.7861111111111111,0.17348727003703207,0.8634407151595718,2440.467790374939,0.7833333333333332,0.8251232765008669,31,8
Gadchiroli,2022-08-08,11,4,19,82.65584951922432,-19.01414426415066,24.185614929981423,83.74263504305225,1,0.7861111111111111,0.17348727003703207,0.8634407151595718,2440.467790374939,0.7833333333333332,0.8251232765008669,32,8
Gadchiroli,2022-08-15,4,9,20,94.70979158591008,-3.841498817714945,23.370344296063365,81.33783641894762,1,0.7861111111111111,0.17348727003703207,0.8634407151595718,2440.467790374939,0.7833333333333332,0.8251232765008669,33,8
Gadchiroli,2022-08-22,3,4,20,95.63080416364939,-10.344185784655904,27.43223104702829,81.14765740315018,1,0.7861111111111111,0.17348727003703207,0.8634407151595718,2440.467790374939,0.7833333333333332,0.8251232765008669,34,8
Gadchiroli,2022-08-29,6,6,18,95.70529410442158,-0.402012333086554,26.050588412617014,73.94673282885554,1,0.7861111111111111,0.17348727003703207,0.8634407151595718,2440.467790374939,0.7833333333333332,0.8251232765008669,35,8
Gadchiroli,2022-09-05,3,7,21,98.36346252525911,-35.16212040478119,18.421072375226924,74.88530470246133,1,0.7861111111111111,0.17348727003703207,0.8634407151595718,2440.467790374939,0.7833333333333332,0.8251232765008669,36,9
Gadchiroli,2022-09-12,10,5,25,113.00345499889855,18.871631495991267,21.85273699505614,76.2414079437638,1,0.7861111111111111,0.17348727003703207,0.8634407151595718,2440.467790374939,0.7833333333333332,0.8251232765008669,37,9
Gadchiroli,2022-09-19,6,9,30,85.9532654146301,24.79691943547466,20.738715646811702,79.49870772204588,1,0.7861111111111111,0.17348727003703207,0.8634407151595718,2440.467790374939,0.7833333333333332,0.8251232765008669,38,9
Gadchiroli,2022-09-26,9,6,24,96.20985421703921,20.404592768278718,17.822141678652343,76.12372102300255,1,0.7861111111111111,0.17348727003703207,0.8634407151595718,2440.467790374939,0.7833333333333332,0.8251232765008669,39,9
Gadchiroli,2022-10-03,0,2,2,8.51647698924549,7.980121804149065,10.940715711272983,38.0362082966467,0,0.7861111111111111,0.17348727003703207,0.8634407151595718,2440.467790374939,0.7833333333333332,0.8251232765008669,40,10
Gadchiroli,2022-10-10,1,2,5,18.166836603191243,5.790025897452641,14.14082424801901,43.0452523343085,0,0.7861111111111111,0.17348727003703207,0.8634407151595718,2440.467790374939,0.7833333333333332,0.8251232765008669,41,10
Gadchiroli,2022-10-17,1,3,4,28.553812002454478,4.651783726418019,13.965652332495655,37.74753388552456,0,0.7861111111111111,0.17348727003703207,0.8634407151595718,2440.467790374939,0.7833333333333332,0.8251232765008669,42,10
Gadchiroli,2022-10-24,0,1,4,0.20155412294863595,-7.461421891799979,15.56927694886134,42.699798503466745,0,0.7861111111111111,0.17348727003703207,0.8634407151595718,2440.467790374939,0.7833333333333332,0.8251232765008669,43,10
Gadchiroli,2022-10-31,2,3,3,17.57137715059068,1.968423250389122,14.042652435865158,49.28439504439516,0,0.7861111111111111,0.17348727003703207,0.8634407151595718,2440.467790374939,0.7833333333333332,0.8251232765008669,44,10
Gadchiroli,2022-11-07,1,0,7,47.815730952803676,-7.526941643316513,10.728012879672882,54.22700728425691,0,0.7861111111111111,0.17348727003703207,0.8634407151595718,2440.467790374939,0.7833333333333332,0.8251232765008669,45,11
Gadchiroli,2022-11-14,0,3,1,22.662601384495318,10.94934322015719,5.0382583624169985,47.00342798244204,0,0.7861111111111111,0.17348727003703207,0.8634407151595718,2440.467790374939,0.7833333333333332,0.8251232765008669,46,11
Gadchiroli,2022-11-21,0,2,8,29.263564466783397,7.343079971572587,6.488466069619623,44.994557325762,0,0.7861111111111111,0.17348727003703207,0.8634407151595718,2440.467790374939,0.7833333333333332,0.8251232765008669,47,11
Gadchiroli,2022-11-28,5,4,7,24.554382566284733,-5.71697441301791,10.94704156226324,34.36234268450854,0,0.7861111111111111,0.17348727003703207,0.8634407151595718,2440.467790374939,0.7833333333333332,0.8251232765008669,48,11
Gadchiroli,2022-12-05,1,4,6,17.614826121933014,6.331565252767467,4.91101703839111,36.91859077712174,0,0.7861111111111111,0.17348727003703207,0.8634407151595718,2440.467790374939,0.7833333333333332,0.8251232765008669,49,12
Gadchiroli,2022-12-12,3,3,9,23.731025872586823,1.8403127645594353,9.343929717990578,31.91296343573714,0,0.7861111111111111,0.17348727003703207,0.8634407151595718,2440.467790374939,0.7833333333333332,0.8251232765008669,50,12
Gadchiroli,2022-12-19,0,1,8,29.32325267992737,13.086414160152454,7.766788788771269,37.03278036975393,0,0.7861111111111111,0.17348727003703207,0.8634407151595718,2440.467790374939,0.7833333333333332,0.8251232765008669,51,12
Gadchiroli,2022-12-26,0,2,4,28.944620506750546,-7.687979171003226,5.289980947641556,35.940087609273625,0,0.7861111111111111,0.17348727003703207,0.8634407151595718,2440.467790374939,0.7833333333333332,0.8251232765008669,52,12
Gadchiroli,2023-01-02,2,2,3,30.053345134681518,7.34527714049786,7.1912934811862055,31.603724812649407,0,0.7861111111111111,0.17348727003703207,0.8634407151595718,2440.467790374939,0.7833333333333332,0.8251232765008669,1,1
Gadchiroli,2023-01-09,1,0,7,22.434477343521785,-7.239475797377564,7.840752752284715,39.083622024806886,0,0.7861111111111111,0.17348727003703207,0.8634407151595718,2440.467790374939,0.7833333333333332,0.8251232765008669,2,1
Gadchiroli,2023-01-16,1,5,2,25.70118474155004,-11.524974439272583,9.036011156767092,45.959022520451086,0,0.7861111111111111,0.17348727003703207,0.8634407151595718,2440.467790374939,0.7833333333333332,0.8251232765008669,3,1
Gadchiroli,2023-01-23,1,3,5,5.336818735567885,9.865777348984231,6.974312677854009,35.57276332571431,0,0.7861111111111111,0.17348727003703207,0.8634407151595718,2440.467790374939,0.7833333333333332,0.8251232765008669,4,1
Gadchiroli,2023-01-30,0,0,7,12.20276100864174,3.9479517831444126,7.686822976341355,34.63148625980639,0,0.7861111111111111,0.17348727003703207,0.8634407151595718,2440.467790374939,0.7833333333333332,0.8251232765008669,5,1
Gadchiroli,2023-02-06,0,1,5,17.105545013325205,15.447655528005024,15.16749099464368,30.604632313630304,0,0.7861111111111111,0.17348727003703207,0.8634407151595718,2440.467790374939,0.7833333333333332,0.8251232765008669,6,2
Gadchiroli,2023-02-13,2,0,4,15.239731713895413,0.3217252366354831,13.850609966784386,42.57364852817656,0,0.7861111111111111,0.17348727003703207,0.8634407151595718,2440.467790374939,0.7833333333333332,0.8251232765008669,7,2
Gadchiroli,2023-02-20,2,1,5,29.498428582354762,20.115509112097975,14.387219284139857,33.75976909864223,0,0.7861111111111111,0.17348727003703207,0.8634407151595718,2440.467790374939,0.7833333333333332,0.8251232765008669,8,2
Gadchiroli,2023-02-27,0,2,5,25.64551970935122,5.268826103927644,13.370171242829851,43.861025206277844,0,0.7861111111111111,0.17348727003703207,0.8634407151595718,2440.467790374939,0.7833333333333332,0.8251232765008669,9,2
Gadchiroli,2023-03-06,2,2,6,25.259565323105686,-7.8331620704395455,21.587618017601468,39.92536725711786,0,0.7861111111111111,0.17348727003703207,0.8634407151595718,2440.467790374939,0.7833333333333332,0.8251232765008669,10,3
Gadchiroli,2023-03-13,0,5,2,0.0,0.08266863606789236,19.693974845733955,46.64707046680334,0,0.7861111111111111,0.17348727003703207,0.8634407151595718,2440.467790374939,0.7833333333333332,0.8251232765008669,11,3
Gadchiroli,2023-03-20,0,4,1,7.5689248272994085,-8.873842415152188,16.99001408386206,37.80092746070431,0,0.7861111111111111,0.17348727003703207,0.8634407151595718,2440.467790374939,0.7833333333333332,0.8251232765008669,12,3
Gadchiroli,2023-03-27,2,2,5,31.29237527212272,23.87809559426261,18.260197603462387,39.222016868389,0,0.7861111111111111,0.17348727003703207,0.8634407151595718,2440.467790374939,0.7833333333333332,0.8251232765008669,13,3
Gadchiroli,2023-04-03,1,1,5,14.430942177918686,16.637135872988114,24.37730014225519,37.39670593584195,0,0.7861111111111111,0.17348727003703207,0.8634407151595718,2440.467790374939,0.7833333333333332,0.8251232765008669,14,4
Gadchiroli,2023-04-10,0,3,4,13.368694268593556,-9.292756022010387,23.838351558045936,35.37064475969951,0,0.7861111111111111,0.17348727003703207,0.8634407151595718,2440.467790374939,0.7833333333333332,0.8251232765008669,15,4
Gadchiroli,2023-04-17,1,2,4,1.2529498734389293,11.379547464303903,24.40931597406256,47.11823010700134,0,0.7861111111111111,0.17348727003703207,0.8634407151595718,2440.467790374939,0.7833333333333332,0.8251232765008669,16,4
Gadchiroli,2023-04-24,0,6,9,4.988325588803551,3.3551291555569023,25.265986082493587,46.879585748658,0,0.7861111111111111,0.17348727003703207,0.8634407151595718,2440.467790374939,0.7833333333333332,0.8251232765008669,17,4
Gadchiroli,2023-05-01,1,1,1,5.331737327531673,-5.912523008637347,33.98392854459108,42.096084949331626,0,0.7861111111111111,0.17348727003703207,0.8634407151595718,2440.467790374939,0.7833333333333332,0.8251232765008669,18,5
Gadchiroli,2023-05-08,1,2,4,17.55874140513994,3.29111715529132,28.144156387541024,41.66472768978165,0,0.7861111111111111,0.17348727003703207,0.8634407151595718,2440.467790374939,0.7833333333333332,0.8251232765008669,19,5
Gadchiroli,2023-05-15,1,2,8,19.91375741724703,-6.875478022291528,31.30156884163545,37.2402642467729,0,0.7861111111111111,0.17348727003703207,0.8634407151595718,2440.467790374939,0.7833333333333332,0.8251232765008669,20,5
Gadchiroli,2023-05-22,1,4,6,34.2460130111661,19.20935255285918,29.576815092536663,41.188377965198505,0,0.7861111111111111,0.17348727003703207,0.8634407151595718,2440.467790374939,0.7833333333333332,0.8251232765008669,21,5
Gadchiroli,2023-05-29,4,3,4,12.402449021601369,-27.025918318839764,28.22469539038292,50.70661312027952,0,0.7861111111111111,0.17348727003703207,0.8634407151595718,2440.467790374939,0.7833333333333332,0.8251232765008669,22,5
Gadchiroli,2023-06-05,5,5,19,87.44384348391941,60.07549581239747,32.25204342291263,84.73800654049703,1,0.7861111111111111,0.17348727003703207,0.8634407151595718,2440.467790374939,0.7833333333333332,0.8251232765008669,23,6
Gadchiroli,2023-06-12,5,9,20,90.81382555387728,44.47641744135974,31.216084905977706,90.80154849640516,1,0.7861111111111111,0.17348727003703207,0.8634407151595718,2440.467790374939,0.7833333333333332,0.8251232765008669,24,6
Gadchiroli,2023-06-19,4,9,29,105.69367075112214,-60.90773889875854,30.1687654993255,91.44193195632826,1,0.7861111111111111,0.17348727003703207,0.8634407151595718,2440.467790374939,0.7833333333333332,0.8251232765008669,25,6
Gadchiroli,2023-06-26,6,4,21,109.12864173760666,51.12702007854575,32.047696265535116,77.61289924447783,1,0.7861111111111111,0.17348727003703207,0.8634407151595718,2440.467790374939,0.7833333333333332,0.8251232765008669,26,6
Gadchiroli,2023-07-03,7,9,16,117.81659252033104,30.261852310654586,31.450856570400227,81.13172484530234,1,0.7861111111111111,0.17348727003703207,0.8634407151595718,2440.467790374939,0.7833333333333332,0.8251232765008669,27,7
Gadchiroli,2023-07-10,4,13,16,105.01676865894471,-44.8677285912179,28.53570788835043,75.39881070115555,1,0.7861111111111111,0.17348727003703207,0.8634407151595718,2440.467790374939,0.7833333333333332,0.8251232765008669,28,7
Gadchiroli,2023-07-17,2,8,20,95.46202662602278,15.677424992996338,32.66454237481545,79.58770102776187,1,0.7861111111111111,0.17348727003703207,0.8634407151595718,2440.467790374939,0.7833333333333332,0.8251232765008669,29,7
Gadchiroli,2023-07-24,2,6,25,99.10184859933867,-8.26808708111406,27.04097581796388,84.7778709670183,1,0.7861111111111111,0.17348727003703207,0.8634407151595718,2440.467790374939,0.7833333333333332,0.8251232765008669,30,7
Gadchiroli,2023-07-31,6,7,22,99.03330187507717,29.13797000098331,33.637158804303695,85.88583073464551,1,0.7861111111111111,0.17348727003703207,0.8634407151595718,2440.467790374939,0.7833333333333332,0.8251232765008669,31,7
Gadchiroli,2023-08-07,7,4,29,105.09218837656576,-45.54291774764144,28.46089916335296,92.60202933113969,1,0.7861111111111111,0.17348727003703207,0.8634407151595718,2440.467790374939,0.7833333333333332,0.8251232765008669,32,8
Gadchiroli,2023-08-14,1,11,21,96.00588934522675,57.64517633695046,25.76821323048689,84.43315802872294,1,0.7861111111111111,0.17348727003703207,0.8634407151595718,2440.467790374939,0.7833333333333332,0.8251232765008669,33,8
Gadchiroli,2023-08-21,3,7,21,98.0148662206899,11.827148265455573,24.602373284298775,77.04446955408336,1,0.7861111111111111,0.17348727003703207,0.8634407151595718,2440.467790374939,0.7833333333333332,0.8251232765008669,34,8
Gadchiroli,2023-08-28,4,5,13,97.01330196494114,41.46771668915016,25.64092250431464,84.71442829187137,1,0.7861111111111111,0.17348727003703207,0.8634407151595718,2440.467790374939,0.7833333333333332,0.8251232765008669,35,8
Gadchiroli,2023-09-04,1,5,26,105.24007869891028,33.72591149435862,18.84839946825335,76.76459804392186,1,0.7861111111111111,0.17348727003703207,0.8634407151595718,2440.467790374939,0.7833333333333332,0.8251232765008669,36,9
Gadchiroli,2023-09-11,11,9,26,104.18715694014801,6.977205800752547,22.430114715981187,89.3911760188798,1,0.7861111111111111,0.17348727003703207,0.8634407151595718,2440.467790374939,0.7833333333333332,0.8251232765008669,37,9
Gadchiroli,2023-09-18,6,9,17,99.19092757969109,4.072315003263468,16.876038319618385,76.08654973190073,1,0.7861111111111111,0.17348727003703207,0.8634407151595718,2440.467790374939,0.7833333333333332,0.8251232765008669,38,9
Gadchiroli,2023-09-25,3,6,22,98.15772976264643,-22.084768898436465,21.289830867212615,82.31218942607744,1,0.7861111111111111,0.17348727003703207,0.8634407151595718,2440.467790374939,0.7833333333333332,0.8251232765008669,39,9
Gadchiroli,2023-10-02,2,2,2,27.15672317771475,-7.552403106610761,14.686750869033276,46.776443912430295,0,0.7861111111111111,0.17348727003703207,0.8634407151595718,2440.467790374939,0.7833333333333332,0.8251232765008669,40,10
Gadchiroli,2023-10-09,1,2,7,20.693524684678593,-5.236884100506281,12.776945842079517,50.18955015596346,0,0.7861111111111111,0.17348727003703207,0.8634407151595718,2440.467790374939,0.7833333333333332,0.8251232765008669,41,10
Gadchiroli,2023-10-16,1,3,6,24.673505364060528,-2.964861711231798,14.107839855626132,32.08732412084581,0,0.7861111111111111,0.17348727003703207,0.8634407151595718,2440.467790374939,0.7833333333333332,0.8251232765008669,42,10
Gadchiroli,2023-10-23,0,4,2,12.698740651816998,1.4947228507670554,11.073355830160818,40.01529758868526,0,0.7861111111111111,0.17348727003703207,0.8634407151595718,2440.467790374939,0.7833333333333332,0.8251232765008669,43,10
Gadchiroli,2023-10-30,3,1,6,30.973682686510372,-15.361629823312056,12.68892093340633,46.7104112162133,0,0.7861111111111111,0.17348727003703207,0.8634407151595718,2440.467790374939,0.7833333333333332,0.8251232765008669,44,10
Gadchiroli,2023-11-06,0,2,7,9.956502314979181,5.196258252246197,5.267820947485503,32.63710371296901,0,0.7861111111111111,0.17348727003703207,0.8634407151595718,2440.467790374939,0.7833333333333332,0.8251232765008669,45,11
Gadchiroli,2023-11-13,1,1,1,14.613701382112758,-2.930071995209398,6.854810894786697,35.83521990391192,0,0.7861111111111111,0.17348727003703207,0.8634407151595718,2440.467790374939,0.7833333333333332,0.8251232765008669,46,11
Gadchiroli,2023-11-20,0,2,7,15.468518383778587,-4.039424277734968,12.557270723495833,40.95821435644633,0,0.7861111111111111,0.17348727003703207,0.8634407151595718,2440.467790374939,0.7833333333333332,0.8251232765008669,47,11
Gadchiroli,2023-11-27,1,4,8,23.576573179212073,-12.357252975591937,10.92707465023064,38.030245211309044,0,0.7861111111111111,0.17348727003703207,0.8634407151595718,2440.467790374939,0.7833333333333332,0.8251232765008669,48,11
Gadchiroli,2023-12-04,1,3,6,20.65843805907672,14.006745825156468,9.299332385083867,43.68743963552307,0,0.7861111111111111,0.17348727003703207,0.8634407151595718,2440.467790374939,0.7833333333333332,0.8251232765008669,49,12
Gadchiroli,2023-12-11,0,3,5,0.0,-7.480519151216369,13.192190676833341,28.19998938143383,0,0.7861111111111111,0.17348727003703207,0.8634407151595718,2440.467790374939,0.7833333333333332,0.8251232765008669,50,12
Gadchiroli,2023-12-18,2,3,6,15.239348059611896,-9.553688948869032,7.133959353831566,32.08229285410754,0,0.7861111111111111,0.17348727003703207,0.8634407151595718,2440.467790374939,0.7833333333333332,0.8251232765008669,51,12
Gadchiroli,2023-12-25,0,1,3,2.27234645446077,-15.322705909418433,7.564601043692276,44.04484568908235,0,0.7861111111111111,0.17348727003703207,0.8634407151595718,2440.467790374939,0.7833333333333332,0.8251232765008669,52,12
Gondia,2022-01-03,2,1,7,23.731281842291434,13.160686819532463,8.585909662014782,37.77392144385212,0,0.7583333333333333,0.25638149843093955,0.9337572379028528,1139.716180338534,0.75,0.8255599288082865,1,1
Gondia,2022-01-10,1,5,7,2.1987577163305936,-12.53900615529356,11.681372672212582,30.699331046940763,0,0.7583333333333333,0.25638149843093955,0.9337572379028528,1139.716180338534,0.75,0.8255599288082865,2,1
Gondia,2022-01-17,2,3,3,11.188317677904932,-4.244148437092643,11.304102748336032,35.35398844833182,0,0.7583333333333333,0.25638149843093955,0.9337572379028528,1139.716180338534,0.75,0.8255599288082865,3,1
Gondia,2022-01-24,3,0,4,13.053858113187555,-8.717423121445249,3.086209477278964,48.44417007086987,0,0.7583333333333333,0.25638149843093955,0.9337572379028528,1139.716180338534,0.75,0.8255599288082865,4,1
Gondia,2022-01-31,1,4,7,21.123317470754863,-6.7374203572814695,9.34652392007223,44.87355432499435,0,0.7583333333333333,0.25638149843093955,0.9337572379028528,1139.716180338534,0.75,0.8255599288082865,5,1
Gondia,2022-02-07,2,2,6,21.6997722156855,12.146048467375328,12.238338045054956,35.64890842208179,0,0.7583333333333333,0.25638149843093955,0.9337572379028528,1139.716180338534,0.75,0.8255599288082865,6,2
Gondia,2022-02-14,0,3,3,6.33784180039706,5.465098575713917,10.950850844451296,48.23984940385373,0,0.7583333333333333,0.25638149843093955,0.9337572379028528,1139.716180338534,0.75,0.8255599288082865,7,2
Gondia,2022-02-21,1,3,9,29.85518578437337,22.235483621543825,15.60242880463219,35.910042949268686,0,0.7583333333333333,0.25638149843093955,0.9337572379028528,1139.716180338534,0.75,0.8255599288082865,8,2
Gondia,2022-02-28,2,2,4,20.655199887762734,4.020410229530663,12.621931193932326,40.851024990277004,0,0.7583333333333333,0.25638149843093955,0.9337572379028528,1139.716180338534,0.75,0.8255599288082865,9,2
Gondia,2022-03-07,1,2,4,37.00572303262538,-4.0858784310033,18.195664292379384,33.64843429621724,0,0.7583333333333333,0.25638149843093955,0.9337572379028528,1139.716180338534,0.75,0.8255599288082865,10,3
Gondia,2022-03-14,0,5,6,0.0,-4.045798493068349,18.927747502549337,42.60206632300076,0,0.7583333333333333,0.25638149843093955,0.9337572379028528,1139.716180338534,0.75,0.8255599288082865,11,3
Gondia,2022-03-21,3,5,8,36.13909128430139,-3.0689774754522245,20.185701549202324,35.518577184616746,0,0.7583333333333333,0.25638149843093955,0.9337572379028528,1139.716180338534,0.75,0.8255599288082865,12,3
Gondia,2022-03-28,2,2,4,23.68203993110717,-11.949683793826246,19.621836621463448,33.14739634635565,0,0.7583333333333333,0.25638149843093955,0.9337572379028528,1139.716180338534,0.75,0.8255599288082865,13,3
Gondia,2022-04-04,2,5,8,17.315557265796166,0.03456194272986097,23.894210469683067,36.611613509615935,0,0.7583333333333333,0.25638149843093955,0.9337572379028528,1139.716180338534,0.75,0.8255599288082865,14,4
Gondia,2022-04-11,1,7,8,18.062427949965848,-5.836153053421333,24.435527101150612,44.64011025355803,0,0.7583333333333333,0.25638149843093955,0.9337572379028528,1139.716180338534,0.75,0.8255599288082865,15,4
Gondia,2022-04-18,2,4,8,40.053526307534895,-0.4132949488056934,24.576919717709966,43.49173112528756,0,0.7583333333333333,0.25638149843093955,0.9337572379028528,1139.716180338534,0.75,0.8255599288082865,16,4
Gondia,2022-04-25,1,3,2,16.760608836221447,9.75898753492465,25.036601270971975,45.34828333626363,0,0.7583333333333333,0.25638149843093955,0.9337572379028528,1139.716180338534,0.75,0.8255599288082865,17,4
Gondia,2022-05-02,0,5,7,33.21987791848888,-16.145124409594057,29.667656330130153,44.412767660492634,0,0.7583333333333333,0.25638149843093955,0.9337572379028528,1139.716180338534,0.75,0.8255599288082865,18,5
Gondia,2022-05-09,1,4,4,20.109702812243906,-5.533889985008972,30.917486483374997,44.60274870211629,0,0.7583333333333333,0.25638149843093955,0.9337572379028528,1139.716180338534,0.75,0.8255599288082865,19,5
Gondia,2022-05-16,0,1,10,19.748633766110654,-12.427736744916217,32.46216640745457,35.923442762869215,0,0.7583333333333333,0.25638149843093955,0.9337572379028528,1139.716180338534,0.75,0.8255599288082865,20,5
Gondia,2022-05-23,2,7,8,22.583274583273074,5.100529067795675,31.890022071970513,43.31423639992277,0,0.7583333333333333,0.25638149843093955,0.9337572379028528,1139.716180338534,0.75,0.8255599288082865,21,5
Gondia,2022-05-30,2,7,9,33.07235164247299,15.597247343515946,31.07143175895456,43.02868135704668,0,0.7583333333333333,0.25638149843093955,0.9337572379028528,1139.716180338534,0.75,0.8255599288082865,22,5
Gondia,2022-06-06,5,7,22,101.53033711992366,-23.600798364580108,31.221762425796747,89.05565160884554,1,0.7583333333333333,0.25638149843093955,0.9337572379028528,1139.716180338534,0.75,0.8255599288082865,23,6
Gondia,2022-06-13,2,3,27,102.04720568174707,4.98712488153284,29.91458476409267,76.31878171549,1,0.7583333333333333,0.25638149843093955,0.9337572379028528,1139.716180338534,0.75,0.8255599288082865,24,6
Gondia,2022-06-20,4,8,24,108.93266720596046,9.949711556749413,27.710743671538438,76.38946414437527,1,0.7583333333333333,0.25638149843093955,0.9337572379028528,1139.716180338534,0.75,0.8255599288082865,25,6
Gondia,2022-06-27,3,10,21,94.22836358552544,-12.415350272927906,35.9892670578267,87.45856996823917,1,0.7583333333333333,0.25638149843093955,0.9337572379028528,1139.716180338534,0.75,0.8255599288082865,26,6
Gondia,2022-07-04,5,8,22,107.67715079066289,22.645129115444604,32.030630401011,80.36925846102912,1,0.7583333333333333,0.25638149843093955,0.9337572379028528,1139.716180338534,0.75,0.8255599288082865,27,7
Gondia,2022-07-11,3,6,12,90.76155835796203,12.868441786861277,25.461361571867812,85.41000755021864,1,0.7583333333333333,0.25638149843093955,0.9337572379028528,1139.716180338534,0.75,0.8255599288082865,28,7
Gondia,2022-07-18,8,4,29,100.19849357554023,34.37633093835464,30.238375738716773,71.54344771616528,1,0.7583333333333333,0.25638149843093955,0.9337572379028528,1139.716180338534,0.75,0.8255599288082865,29,7
Gondia,2022-07-25,10,10,30,103.97554453157368,16.62138474675009,31.10448093792016,71.48027766194389,1,0.7583333333333333,0.25638149843093955,0.9337572379028528,1139.716180338534,0.75,0.8255599288082865,30,7
Gondia,2022-08-01,7,9,21,101.12093325449604,23.80466848037376,28.079124264858937,73.50533711854295,1,0.7583333333333333,0.25638149843093955,0.9337572379028528,1139.716180338534,0.75,0.8255599288082865,31,8
Gondia,2022-08-08,3,7,26,108.42443218097237,-50.469711671472496,25.84333491697223,76.26145480236181,1,0.7583333333333333,0.25638149843093955,0.9337572379028528,1139.716180338534,0.75,0.8255599288082865,32,8
Gondia,2022-08-15,3,5,26,114.52055783498383,22.766703953521727,27.702973557011298,79.5906174268763,1,0.7583333333333333,0.25638149843093955,0.9337572379028528,1139.716180338534,0.75,0.8255599288082865,33,8
Gondia,2022-08-22,5,8,29,101.68997606607638,1.7873108834017077,25.407248756443487,75.91945940013376,1,0.7583333333333333,0.25638149843093955,0.9337572379028528,1139.716180338534,0.75,0.8255599288082865,34,8
Gondia,2022-08-29,3,9,17,106.46827376725794,1.0863641754157072,21.748397941854034,71.56595911709871,1,0.7583333333333333,0.25638149843093955,0.9337572379028528,1139.716180338534,0.75,0.8255599288082865,35,8
Gondia,2022-09-05,5,5,22,107.51467610837298,-26.901386832626883,20.0609575792309,86.17155942629067,1,0.7583333333333333,0.25638149843093955,0.9337572379028528,1139.716180338534,0.75,0.8255599288082865,36,9
Gondia,2022-09-12,5,6,15,99.20735964611323,13.204525267838143,14.896390877480245,80.85223400253058,1,0.7583333333333333,0.25638149843093955,0.9337572379028528,1139.716180338534,0.75,0.8255599288082865,37,9
Gondia,2022-09-19,3,2,26,97.50668394719033,-3.3093345847835005,16.834126496381487,78.54329812100758,1,0.7583333333333333,0.25638149843093955,0.9337572379028528,1139.716180338534,0.75,0.8255599288082865,38,9
Gondia,2022-09-26,5,12,28,107.91119802201708,-7.866200148048824,19.08296134654417,74.35438432813541,1,0.7583333333333333,0.25638149843093955,0.9337572379028528,1139.716180338534,0.75,0.8255599288082865,39,9
Gondia,2022-10-03,0,2,3,12.640716082036402,-12.196181479728207,15.282620607142945,31.31429200657671,0,0.7583333333333333,0.25638149843093955,0.9337572379028528,1139.716180338534,0.75,0.8255599288082865,40,10
Gondia,2022-10-10,1,1,3,17.077366365271033,-9.103914577668663,13.260868601002986,36.62833214527017,0,0.7583333333333333,0.25638149843093955,0.9337572379028528,1139.716180338534,0.75,0.8255599288082865,41,10
Gondia,2022-10-17,0,3,7,19.45462511074693,-8.64224380969103,19.215778761188496,35.29689277784203,0,0.7583333333333333,0.25638149843093955,0.9337572379028528,1139.716180338534,0.75,0.8255599288082865,42,10
Gondia,2022-10-24,0,1,5,1.5224004330156795,10.153419062279083,15.319432801860472,31.07228902231739,0,0.7583333333333333,0.25638149843093955,0.9337572379028528,1139.716180338534,0.75,0.8255599288082865,43,10
Gondia,2022-10-31,1,5,5,18.357398276620952,7.104008672248151,8.30671196654759,35.09234752221717,0,0.7583333333333333,0.25638149843093955,0.9337572379028528,1139.716180338534,0.75,0.8255599288082865,44,10
Gondia,2022-11-07,1,1,7,20.25268527010077,-6.24820467959637,9.65934289236305,42.52839357345226,0,0.7583333333333333,0.25638149843093955,0.9337572379028528,1139.716180338534,0.75,0.8255599288082865,45,11
Gondia,2022-11-14,4,4,12,25.949978512578628,5.748595263004759,5.99120329676844,44.57408435389486,0,0.7583333333333333,0.25638149843093955,0.9337572379028528,1139.716180338534,0.75,0.8255599288082865,46,11
Gondia,2022-11-21,3,1,8,22.885816802073247,11.296973770445472,11.958277102259274,42.20577304670293,0,0.7583333333333333,0.25638149843093955,0.9337572379028528,1139.716180338534,0.75,0.8255599288082865,47,11
Gondia,2022-11-28,1,2,5,14.442255670628011,8.025667699158815,6.944504667455748,37.928030285392765,0,0.7583333333333333,0.25638149843093955,0.9337572379028528,1139.716180338534,0.75,0.8255599288082865,48,11
Gondia,2022-12-05,0,0,5,5.613071608274144,-13.507661124282528,4.6481143201127555,40.01393215674139,0,0.7583333333333333,0.25638149843093955,0.9337572379028528,1139.716180338534,0.75,0.8255599288082865,49,12
Gondia,2022-12-12,1,0,5,14.817272728877995,-5.364175411284682,11.001308971915392,42.694822830985814,0,0.7583333333333333,0.25638149843093955,0.9337572379028528,1139.716180338534,0.75,0.8255599288082865,50,12
Gondia,2022-12-19,1,4,9,28.092455062412153,2.625213484978101,8.379643669427047,35.66071029187929,0,0.7583333333333333,0.25638149843093955,0.9337572379028528,1139.716180338534,0.75,0.8255599288082865,51,12
Gondia,2022-12-26,1,2,9,18.947862756994265,-4.8696219042961175,9.367443436940391,45.15026333672978,0,0.7583333333333333,0.25638149843093955,0.9337572379028528,1139.716180338534,0.75,0.8255599288082865,52,12
Gondia,2023-01-02,2,2,4,0.0,-1.329484844073555,8.974095100670898,33.78829729616836,0,0.7583333333333333,0.25638149843093955,0.9337572379028528,1139.716180338534,0.75,0.8255599288082865,1,1
Gondia,2023-01-09,2,1,2,16.765906210271243,13.033396653506884,7.5439808836295725,39.16836395865965,0,0.7583333333333333,0.25638149843093955,0.9337572379028528,1139.716180338534,0.75,0.8255599288082865,2,1
Gondia,2023-01-16,1,2,8,16.742162723564512,24.008138203393628,9.94041833988498,37.11572817684869,0,0.7583333333333333,0.25638149843093955,0.9337572379028528,1139.716180338534,0.75,0.8255599288082865,3,1
Gondia,2023-01-23,2,1,8,25.09313167580168,-5.512478639590574,11.681719443172684,46.7265846921351,0,0.7583333333333333,0.25638149843093955,0.9337572379028528,1139.716180338534,0.75,0.8255599288082865,4,1
Gondia,2023-01-30,3,1,3,28.919147029059452,2.6815084500479927,10.360738527552606,39.51903280268069,0,0.7583333333333333,0.25638149843093955,0.9337572379028528,1139.716180338534,0.75,0.8255599288082865,5,1
Gondia,2023-02-06,4,5,9,38.367411980347605,4.416319525356707,13.448910452711326,46.21726240378888,0,0.7583333333333333,0.25638149843093955,0.9337572379028528,1139.716180338534,0.75,0.8255599288082865,6,2
Gondia,2023-02-13,2,1,4,10.014681408064428,16.26435186309437,13.72456951606063,37.62137253437048,0,0.7583333333333333,0.25638149843093955,0.9337572379028528,1139.716180338534,0.75,0.8255599288082865,7,2
Gondia,2023-02-20,0,0,13,25.16115268270132,-10.22668912470124,14.373651735055867,34.40364912000487,0,0.7583333333333333,0.25638149843093955,0.9337572379028528,1139.716180338534,0.75,0.8255599288082865,8,2
Gondia,2023-02-27,1,6,4,15.203384773651658,-8.39712936182336,13.674657767581088,37.419383979421205,0,0.7583333333333333,0.25638149843093955,0.9337572379028528,1139.716180338534,0.75,0.8255599288082865,9,2
Gondia,2023-03-06,6,5,5,24.894487696017464,-7.7269605668556265,18.308345693752347,39.64280156855864,0,0.7583333333333333,0.25638149843093955,0.9337572379028528,1139.716180338534,0.75,0.8255599288082865,10,3
Gondia,2023-03-13,2,7,9,37.047102784753406,-8.44956542870268,17.119111599606704,47.274954735178206,0,0.7583333333333333,0.25638149843093955,0.9337572379028528,1139.716180338534,0.75,0.8255599288082865,11,3
Gondia,2023-03-20,3,5,4,4.40673692540398,4.065692968870406,20.408431150786125,38.16342959278456,0,0.7583333333333333,0.25638149843093955,0.9337572379028528,1139.716180338534,0.75,0.8255599288082865,12,3
Gondia,2023-03-27,1,1,7,21.82802573617377,6.027118024045271,19.44025710041743,48.209465608262875,0,0.7583333333333333,0.25638149843093955,0.9337572379028528,1139.716180338534,0.75,0.8255599288082865,13,3
Gondia,2023-04-03,1,3,1,12.576589371091664,7.254440955130041,26.50720348379315,42.11325553811519,0,0.7583333333333333,0.25638149843093955,0.9337572379028528,1139.716180338534,0.75,0.8255599288082865,14,4
Gondia,2023-04-10,4,3,8,23.093889542800575,11.819394813371405,27.938726886404957,41.53696938841683,0,0.7583333333333333,0.25638149843093955,0.9337572379028528,1139.716180338534,0.75,0.8255599288082865,15,4
Gondia,2023-04-17,1,6,6,15.411537603551647,2.6225988570504466,25.226453806853378,47.922220726408014,0,0.7583333333333333,0.25638149843093955,0.9337572379028528,1139.716180338534,0.75,0.8255599288082865,16,4
Gondia,2023-04-24,2,6,4,26.87599455435838,4.471571654633626,30.214454058398672,37.81248593588031,0,0.7583333333333333,0.25638149843093955,0.9337572379028528,1139.716180338534,0.75,0.8255599288082865,17,4
Gondia,2023-05-01,2,5,7,30.444257691447188,-5.870334904175664,30.029577424635335,46.327658691450125,0,0.7583333333333333,0.25638149843093955,0.9337572379028528,1139.716180338534,0.75,0.8255599288082865,18,5
Gondia,2023-05-08,1,3,7,15.126987761326582,-1.775524668585224,26.85392902583297,43.62384475929722,0,0.7583333333333333,0.25638149843093955,0.9337572379028528,1139.716180338534,0.75,0.8255599288082865,19,5
Gondia,2023-05-15,0,7,1,15.613625521683456,-17.99818697387597,29.633322214620136,36.93347405685203,0,0.7583333333333333,0.25638149843093955,0.9337572379028528,1139.716180338534,0.75,0.8255599288082865,20,5
Gondia,2023-05-22,3,3,5,33.73380341117789,-4.2549909723365555,28.970455941113194,53.1095422539076,0,0.7583333333333333,0.25638149843093955,0.9337572379028528,1139.716180338534,0.75,0.8255599288082865,21,5
Gondia,2023-05-29,0,5,2,13.975956867421818,5.378115605327885,31.17138011286849,43.76034543119466,0,0.7583333333333333,0.25638149843093955,0.9337572379028528,1139.716180338534,0.75,0.8255599288082865,22,5
Gondia,2023-06-05,6,5,23,109.64521908094682,-74.79971507253236,35.01423063753914,74.7698058368782,1,0.7583333333333333,0.25638149843093955,0.9337572379028528,1139.716180338534,0.75,0.8255599288082865,23,6
Gondia,2023-06-12,4,6,24,97.67731127731957,12.998621784520704,32.0363227375883,73.04868430234725,1,0.7583333333333333,0.25638149843093955,0.9337572379028528,1139.716180338534,0.75,0.8255599288082865,24,6
Gondia,2023-06-19,7,8,18,98.27056604109224,-0.4209112398334608,32.27014628396145,85.06302832709615,1,0.7583333333333333,0.25638149843093955,0.9337572379028528,1139.716180338534,0.75,0.8255599288082865,25,6
Gondia,2023-06-26,2,9,17,79.4174937951415,-29.109720780341462,32.61730142185209,76.70566114706473,1,0.7583333333333333,0.25638149843093955,0.9337572379028528,1139.716180338534,0.75,0.8255599288082865,26,6
Gondia,2023-07-03,3,10,30,124.8250497699481,30.20903224464274,33.374329605433545,86.3452081476715,1,0.7583333333333333,0.25638149843093955,0.9337572379028528,1139.716180338534,0.75,0.8255599288082865,27,7
Gondia,2023-07-10,9,8,20,98.61925511896138,25.816151655889225,30.24302024259242,71.97662634206029,1,0.7583333333333333,0.25638149843093955,0.9337572379028528,1139.716180338534,0.75,0.8255599288082865,28,7
Gondia,2023-07-17,5,3,15,106.25468587912857,70.79815102856855,29.60803852728407,85.12367645817994,1,0.7583333333333333,0.25638149843093955,0.9337572379028528,1139.716180338534,0.75,0.8255599288082865,29,7
Gondia,2023-07-24,5,4,19,106.00490781400819,-9.53081037079098,29.96713957379744,80.54132237136565,1,0.7583333333333333,0.25638149843093955,0.9337572379028528,1139.716180338534,0.75,0.8255599288082865,30,7
Gondia,2023-07-31,8,6,22,110.90011245938612,34.94500414545288,33.912206050747855,81.53317249431939,1,0.7583333333333333,0.25638149843093955,0.9337572379028528,1139.716180338534,0.75,0.8255599288082865,31,7
Gondia,2023-08-07,8,2,14,96.07706290363424,29.82834177791976,24.011360430552077,81.12338483842701,1,0.7583333333333333,0.25638149843093955,0.9337572379028528,1139.716180338534,0.75,0.8255599288082865,32,8
Gondia,2023-08-14,5,6,25,97.92387316002862,-41.79372271983852,26.360764101363706,80.352306685165,1,0.7583333333333333,0.25638149843093955,0.9337572379028528,1139.716180338534,0.75,0.8255599288082865,33,8
Gondia,2023-08-21,7,9,23,91.62076649165996,-35.629228858641895,24.171180893071007,83.02156169163914,1,0.7583333333333333,0.25638149843093955,0.9337572379028528,1139.716180338534,0.75,0.8255599288082865,34,8
Gondia,2023-08-28,5,11,28,105.5587082375718,-14.758104456449963,25.81402845133799,74.67585202769325,1,0.7583333333333333,0.25638149843093955,0.9337572379028528,1139.716180338534,0.75,0.8255599288082865,35,8
Gondia,2023-09-04,8,4,28,91.58763782836489,44.662393279918604,19.22676785901652,82.77121182715614,1,0.7583333333333333,0.25638149843093955,0.9337572379028528,1139.716180338534,0.75,0.8255599288082865,36,9
Gondia,2023-09-11,4,5,17,81.21410230701755,-0.23293544500300103,20.037325169875082,73.74753537387096,1,0.7583333333333333,0.25638149843093955,0.9337572379028528,1139.716180338534,0.75,0.8255599288082865,37,9
Gondia,2023-09-18,10,5,28,116.52656997097813,-31.045712222588172,20.648332355187673,93.8595597025308,1,0.7583333333333333,0.25638149843093955,0.9337572379028528,1139.716180338534,0.75,0.8255599288082865,38,9
Gondia,2023-09-25,4,7,23,104.98366349349041,7.2891411034960445,23.05188492671959,73.82285144478037,1,0.7583333333333333,0.25638149843093955,0.9337572379028528,1139.716180338534,0.75,0.8255599288082865,39,9
Gondia,2023-10-02,1,0,5,22.59830448128589,0.21518509751137704,10.201231765708705,34.766308701318806,0,0.7583333333333333,0.25638149843093955,0.9337572379028528,1139.716180338534,0.75,0.8255599288082865,40,10
Gondia,2023-10-09,2,2,4,27.836958279670267,-0.8390545203772526,15.342006210537384,37.40607005746936,0,0.7583333333333333,0.25638149843093955,0.9337572379028528,1139.716180338534,0.75,0.8255599288082865,41,10
Gondia,2023-10-16,2,3,8,18.420475091421462,0.5446120715808684,14.53416658177288,31.858153721022315,0,0.7583333333333333,0.25638149843093955,0.9337572379028528,1139.716180338534,0.75,0.8255599288082865,42,10
Gondia,2023-10-23,0,2,12,13.652948779197581,-12.016972999906937,13.71538213717561,29.150860761848413,0,0.7583333333333333,0.25638149843093955,0.9337572379028528,1139.716180338534,0.75,0.8255599288082865,43,10
Gondia,2023-10-30,3,3,6,32.66117664735413,-10.642308642391002,12.778668637293299,37.68046975495557,0,0.7583333333333333,0.25638149843093955,0.9337572379028528,1139.716180338534,0.75,0.8255599288082865,44,10
Gondia,2023-11-06,0,2,3,11.474553821718132,-14.986143142622321,12.741906497027312,44.20007925273353,0,0.7583333333333333,0.25638149843093955,0.9337572379028528,1139.716180338534,0.75,0.8255599288082865,45,11
Gondia,2023-11-13,2,3,2,24.185950248800005,8.255432185349958,10.640804426453782,45.510489249312975,0,0.7583333333333333,0.25638149843093955,0.9337572379028528,1139.716180338534,0.75,0.8255599288082865,46,11
Gondia,2023-11-20,0,3,5,31.498210683829555,7.7350278136859725,7.995256557953345,38.21001944133161,0,0.7583333333333333,0.25638149843093955,0.9337572379028528,1139.716180338534,0.75,0.8255599288082865,47,11
Gondia,2023-11-27,3,2,4,12.796983204032419,7.138545164973113,9.91181269900198,44.28146795433117,0,0.7583333333333333,0.25638149843093955,0.9337572379028528,1139.716180338534,0.75,0.8255599288082865,48,11
Gondia,2023-12-04,1,2,3,27.791489064070092,-4.757394335849391,5.516073185046995,44.971825204416724,0,0.7583333333333333,0.25638149843093955,0.9337572379028528,1139.716180338534,0.75,0.8255599288082865,49,12
Gondia,2023-12-11,3,0,11,35.488450828355575,0.42326831515812846,10.94460751422301,38.86787503719035,0,0.7583333333333333,0.25638149843093955,0.9337572379028528,1139.716180338534,0.75,0.8255599288082865,50,12
Gondia,2023-12-18,1,4,5,24.460110449979993,-4.014509119839485,9.884356963089688,38.97682942859102,0,0.7583333333333333,0.25638149843093955,0.9337572379028528,1139.716180338534,0.75,0.8255599288082865,51,12
Gondia,2023-12-25,0,2,6,20.805256145881177,9.407063830906267,10.532511915211682,34.71716006797647,0,0.7583333333333333,0.25638149843093955,0.9337572379028528,1139.716180338534,0.75,0.8255599288082865,52,12
Hingoli,2022-01-03,0,3,7,14.526581557886916,6.951375424385738,10.070070025381845,41.68439968694323,0,0.6333333333333333,0.34374440833138026,0.7398350402614328,560.3830736051602,0.6,0.6805184677716304,1,1
Hingoli,2022-01-10,4,4,3,17.8973582292204,5.4551109447038515,8.75722079523906,36.56452786650623,0,0.6333333333333333,0.34374440833138026,0.7398350402614328,560.3830736051602,0.6,0.6805184677716304,2,1
Hingoli,2022-01-17,0,5,18,27.345444689192647,2.096902974350063,12.745082732959798,35.541508357685274,0,0.6333333333333333,0.34374440833138026,0.7398350402614328,560.3830736051602,0.6,0.6805184677716304,3,1
Hingoli,2022-01-24,0,2,9,0.43257300438337154,-9.542418100876123,12.622323958788392,42.463308379613316,0,0.6333333333333333,0.34374440833138026,0.7398350402614328,560.3830736051602,0.6,0.6805184677716304,4,1
Hingoli,2022-01-31,2,4,7,38.534387245911844,4.58877623568816,11.213191502947346,40.7048611698689,0,0.6333333333333333,0.34374440833138026,0.7398350402614328,560.3830736051602,0.6,0.6805184677716304,5,1
Hingoli,2022-02-07,0,2,11,19.20756177198489,-12.315902740856185,12.060621485212039,46.686771818554746,0,0.6333333333333333,0.34374440833138026,0.7398350402614328,560.3830736051602,0.6,0.6805184677716304,6,2
Hingoli,2022-02-14,1,4,5,7.579508638386979,-10.737113386196281,14.41127040837068,43.34689237915466,0,0.6333333333333333,0.34374440833138026,0.7398350402614328,560.3830736051602,0.6,0.6805184677716304,7,2
Hingoli,2022-02-21,4,4,8,6.2337238329180025,6.463279433592124,12.771025832871734,37.2286077265533,0,0.6333333333333333,0.34374440833138026,0.7398350402614328,560.3830736051602,0.6,0.6805184677716304,8,2
Hingoli,2022-02-28,2,3,7,17.787758784526225,-5.9707054782315705,15.517171603532482,41.6764830288592,0,0.6333333333333333,0.34374440833138026,0.7398350402614328,560.3830736051602,0.6,0.6805184677716304,9,2
Hingoli,2022-03-07,1,1,4,0.0,-14.349466651129994,21.21652991942498,31.880254118298048,0,0.6333333333333333,0.34374440833138026,0.7398350402614328,560.3830736051602,0.6,0.6805184677716304,10,3
Hingoli,2022-03-14,1,6,9,30.512702450715935,-4.340684906764507,21.30296502664087,35.37073834128606,0,0.6333333333333333,0.34374440833138026,0.7398350402614328,560.3830736051602,0.6,0.6805184677716304,11,3
Hingoli,2022-03-21,2,2,5,23.549311911297167,-2.1595431029664116,18.806742512126956,35.13118910887981,0,0.6333333333333333,0.34374440833138026,0.7398350402614328,560.3830736051602,0.6,0.6805184677716304,12,3
Hingoli,2022-03-28,1,4,5,13.573679118575452,-0.2642681600909436,21.97021888445649,50.71721695545681,0,0.6333333333333333,0.34374440833138026,0.7398350402614328,560.3830736051602,0.6,0.6805184677716304,13,3
Hingoli,2022-04-04,2,5,9,14.477492300698549,6.876762252137975,26.942091704916777,37.43405883589084,0,0.6333333333333333,0.34374440833138026,0.7398350402614328,560.3830736051602,0.6,0.6805184677716304,14,4
Hingoli,2022-04-11,0,2,4,23.54536685392598,-9.624968371944728,27.031842421862713,39.38015550053901,0,0.6333333333333333,0.34374440833138026,0.7398350402614328,560.3830736051602,0.6,0.6805184677716304,15,4
Hingoli,2022-04-18,1,4,5,27.276454387076715,7.444138915949246,22.73805066505208,45.4975773471137,0,0.6333333333333333,0.34374440833138026,0.7398350402614328,560.3830736051602,0.6,0.6805184677716304,16,4
Hingoli,2022-04-25,1,6,4,18.654303845316143,-17.679517511820126,22.0307295864205,38.158493343180204,0,0.6333333333333333,0.34374440833138026,0.7398350402614328,560.3830736051602,0.6,0.6805184677716304,17,4
Hingoli,2022-05-02,1,5,1,19.106106944415583,4.389100676416293,30.64769266652164,44.114277395398524,0,0.6333333333333333,0.34374440833138026,0.7398350402614328,560.3830736051602,0.6,0.6805184677716304,18,5
Hingoli,2022-05-09,2,4,10,23.959670754945215,5.645259961993991,27.184641646312755,40.81502319553879,0,0.6333333333333333,0.34374440833138026,0.7398350402614328,560.3830736051602,0.6,0.6805184677716304,19,5
Hingoli,2022-05-16,1,4,9,23.579531288646294,-11.387916185352363,30.1293262921265,41.425227795009654,0,0.6333333333333333,0.34374440833138026,0.7398350402614328,560.3830736051602,0.6,0.6805184677716304,20,5
Hingoli,2022-05-23,5,6,5,31.63233424979773,2.7794546634009643,29.34037884187353,35.140540126298724,0,0.6333333333333333,0.34374440833138026,0.7398350402614328,560.3830736051602,0.6,0.6805184677716304,21,5
Hingoli,2022-05-30,3,3,7,26.406172120376983,-15.38028872234434,31.69507640066452,38.45375476998728,0,0.6333333333333333,0.34374440833138026,0.7398350402614328,560.3830736051602,0.6,0.6805184677716304,22,5
Hingoli,2022-06-06,14,9,31,102.26629618246899,-11.362841332973042,32.694114229272614,76.31494112138296,1,0.6333333333333333,0.34374440833138026,0.7398350402614328,560.3830736051602,0.6,0.6805184677716304,23,6
Hingoli,2022-06-13,1,10,27,91.75958042859102,16.987984148042543,29.870242990887895,76.65284483811308,1,0.6333333333333333,0.34374440833138026,0.7398350402614328,560.3830736051602,0.6,0.6805184677716304,24,6
Hingoli,2022-06-20,6,4,23,110.2684784247006,-2.099201612862856,35.01465182835798,82.17001667477165,1,0.6333333333333333,0.34374440833138026,0.7398350402614328,560.3830736051602,0.6,0.6805184677716304,25,6
Hingoli,2022-06-27,12,8,33,102.4775791071484,17.55007592971698,31.364640350942537,71.4450083493215,1,0.6333333333333333,0.34374440833138026,0.7398350402614328,560.3830736051602,0.6,0.6805184677716304,26,6
Hingoli,2022-07-04,7,10,34,109.30064759218554,-27.80719465853744,32.2197203812254,76.31731099568691,1,0.6333333333333333,0.34374440833138026,0.7398350402614328,560.3830736051602,0.6,0.6805184677716304,27,7
Hingoli,2022-07-11,9,5,31,111.94547265497283,-9.627055918951122,30.24913902760961,80.68223940496857,1,0.6333333333333333,0.34374440833138026,0.7398350402614328,560.3830736051602,0.6,0.6805184677716304,28,7
Hingoli,2022-07-18,8,10,33,99.72742154879744,10.011927136278343,29.30730414071031,76.21595835656915,1,0.6333333333333333,0.34374440833138026,0.7398350402614328,560.3830736051602,0.6,0.6805184677716304,29,7
Hingoli,2022-07-25,5,5,28,110.58432283492922,18.384270338040064,26.24631447939856,75.87591316057913,1,0.6333333333333333,0.34374440833138026,0.7398350402614328,560.3830736051602,0.6,0.6805184677716304,30,7
Hingoli,2022-08-01,6,9,25,85.15144465659742,19.138878446725915,27.05990130643435,78.51677470461102,1,0.6333333333333333,0.34374440833138026,0.7398350402614328,560.3830736051602,0.6,0.6805184677716304,31,8
Hingoli,2022-08-08,10,8,32,98.66567644464233,75.3911240327425,26.883055706812648,79.21603096596273,1,0.6333333333333333,0.34374440833138026,0.7398350402614328,560.3830736051602,0.6,0.6805184677716304,32,8
Hingoli,2022-08-15,6,8,24,107.45832155297491,-58.16045206773976,26.12060538409291,83.31289002584967,1,0.6333333333333333,0.34374440833138026,0.7398350402614328,560.3830736051602,0.6,0.6805184677716304,33,8
Hingoli,2022-08-22,9,2,26,110.04683861991657,-16.289819780120347,26.368258236429497,82.2214958822941,1,0.6333333333333333,0.34374440833138026,0.7398350402614328,560.3830736051602,0.6,0.6805184677716304,34,8
Hingoli,2022-08-29,10,4,43,114.71885859701595,-16.59152550722648,26.404711989392815,88.4033455906729,1,0.6333333333333333,0.34374440833138026,0.7398350402614328,560.3830736051602,0.6,0.6805184677716304,35,8
Hingoli,2022-09-05,8,6,29,105.89742555145538,-15.69145596608041,21.96453576070237,84.74888720081766,1,0.6333333333333333,0.34374440833138026,0.7398350402614328,560.3830736051602,0.6,0.6805184677716304,36,9
Hingoli,2022-09-12,5,12,21,97.59532010276862,-15.924555173039055,20.7267268065969,81.9654715038899,1,0.6333333333333333,0.34374440833138026,0.7398350402614328,560.3830736051602,0.6,0.6805184677716304,37,9
Hingoli,2022-09-19,6,5,28,115.09391097671204,-32.76116413358118,22.359874110020314,76.89672514578261,1,0.6333333333333333,0.34374440833138026,0.7398350402614328,560.3830736051602,0.6,0.6805184677716304,38,9
Hingoli,2022-09-26,10,7,30,80.21491779934962,19.664224635329663,17.775729724843707,77.45736682965385,1,0.6333333333333333,0.34374440833138026,0.7398350402614328,560.3830736051602,0.6,0.6805184677716304,39,9
Hingoli,2022-10-03,3,2,13,13.956668557330373,-1.2854209328120145,13.86755073195494,36.8381136051771,0,0.6333333333333333,0.34374440833138026,0.7398350402614328,560.3830736051602,0.6,0.6805184677716304,40,10
Hingoli,2022-10-10,1,1,6,18.520006498611192,-6.929431960285575,14.623552109700903,44.417254527639955,0,0.6333333333333333,0.34374440833138026,0.7398350402614328,560.3830736051602,0.6,0.6805184677716304,41,10
Hingoli,2022-10-17,3,1,10,25.004924315011436,-1.1506371534551993,13.988981201036623,40.403147595222855,0,0.6333333333333333,0.34374440833138026,0.7398350402614328,560.3830736051602,0.6,0.6805184677716304,42,10
Hingoli,2022-10-24,1,2,3,17.39902735920277,5.030860297531634,14.285946359663948,41.477728159562034,0,0.6333333333333333,0.34374440833138026,0.7398350402614328,560.3830736051602,0.6,0.6805184677716304,43,10
Hingoli,2022-10-31,1,4,6,9.01782750705589,-11.450873347739536,13.162566367576401,41.72661356858494,0,0.6333333333333333,0.34374440833138026,0.7398350402614328,560.3830736051602,0.6,0.6805184677716304,44,10
Hingoli,2022-11-07,3,0,9,40.03687421620589,-6.011145267328147,9.36434129180929,48.438008885757164,0,0.6333333333333333,0.34374440833138026,0.7398350402614328,560.3830736051602,0.6,0.6805184677716304,45,11
Hingoli,2022-11-14,2,1,4,28.38476449656619,-1.3718254218998396,10.252109861806375,39.38280135123901,0,0.6333333333333333,0.34374440833138026,0.7398350402614328,560.3830736051602,0.6,0.6805184677716304,46,11
Hingoli,2022-11-21,1,3,7,10.902494677571996,-1.1070675088249813,10.647756098923884,39.77057644998343,0,0.6333333333333333,0.34374440833138026,0.7398350402614328,560.3830736051602,0.6,0.6805184677716304,47,11
Hingoli,2022-11-28,2,3,6,8.956636906853632,-7.510167654095209,6.42583943514423,38.880185816563554,0,0.6333333333333333,0.34374440833138026,0.7398350402614328,560.3830736051602,0.6,0.6805184677716304,48,11
Hingoli,2022-12-05,2,2,4,15.843339161699983,4.43368120629509,10.289133904637692,37.52309581570942,0,0.6333333333333333,0.34374440833138026,0.7398350402614328,560.3830736051602,0.6,0.6805184677716304,49,12
Hingoli,2022-12-12,3,5,6,24.354303153121545,3.2031710001264875,9.07782547468389,37.23421972753088,0,0.6333333333333333,0.34374440833138026,0.7398350402614328,560.3830736051602,0.6,0.6805184677716304,50,12
Hingoli,2022-12-19,3,0,5,32.84048565186047,1.9156628869779366,7.596891633187682,47.99938704429281,0,0.6333333333333333,0.34374440833138026,0.7398350402614328,560.3830736051602,0.6,0.6805184677716304,51,12
Hingoli,2022-12-26,1,2,16,45.57090916729316,-13.528971252510322,8.08504342839065,46.06030019971349,0,0.6333333333333333,0.34374440833138026,0.7398350402614328,560.3830736051602,0.6,0.6805184677716304,52,12
Hingoli,2023-01-02,2,3,3,17.677336946047557,-12.126528391737988,11.459462367782121,39.62080071582135,0,0.6333333333333333,0.34374440833138026,0.7398350402614328,560.3830736051602,0.6,0.6805184677716304,1,1
Hingoli,2023-01-09,0,5,6,16.70689705865168,16.82497899771367,7.169311520052039,44.0351529871977,0,0.6333333333333333,0.34374440833138026,0.7398350402614328,560.3830736051602,0.6,0.6805184677716304,2,1
Hingoli,2023-01-16,0,3,6,13.00080639196779,-4.589998890805163,8.137169136275547,42.74856717257625,0,0.6333333333333333,0.34374440833138026,0.7398350402614328,560.3830736051602,0.6,0.6805184677716304,3,1
Hingoli,2023-01-23,0,2,8,11.178546246882002,12.787982450545769,10.592796596302106,40.69427728256178,0,0.6333333333333333,0.34374440833138026,0.7398350402614328,560.3830736051602,0.6,0.6805184677716304,4,1
Hingoli,2023-01-30,3,2,7,5.098914740357985,7.686434910712599,11.223375848646024,40.03527484809543,0,0.6333333333333333,0.34374440833138026,0.7398350402614328,560.3830736051602,0.6,0.6805184677716304,5,1
Hingoli,2023-02-06,3,3,15,37.01348999437979,-8.384463482557933,13.876627815099438,50.21463911924691,0,0.6333333333333333,0.34374440833138026,0.7398350402614328,560.3830736051602,0.6,0.6805184677716304,6,2
Hingoli,2023-02-13,4,4,13,45.323572339959476,-4.352741453346845,12.038451213042826,50.00090738269811,0,0.6333333333333333,0.34374440833138026,0.7398350402614328,560.3830736051602,0.6,0.6805184677716304,7,2
Hingoli,2023-02-20,1,3,9,21.456083379017947,-6.031655083769785,12.433366926579737,35.29337429267598,0,0.6333333333333333,0.34374440833138026,0.7398350402614328,560.3830736051602,0.6,0.6805184677716304,8,2
Hingoli,2023-02-27,1,5,4,3.0271915750506153,14.154797165921607,15.041582212530104,38.79685936693964,0,0.6333333333333333,0.34374440833138026,0.7398350402614328,560.3830736051602,0.6,0.6805184677716304,9,2
Hingoli,2023-03-06,0,4,7,4.804741443241875,-6.194707500450391,16.39967898980629,42.42850603811416,0,0.6333333333333333,0.34374440833138026,0.7398350402614328,560.3830736051602,0.6,0.6805184677716304,10,3
Hingoli,2023-03-13,1,7,5,18.35863082969132,-22.88362543943994,17.682385378276948,43.16473918221368,0,0.6333333333333333,0.34374440833138026,0.7398350402614328,560.3830736051602,0.6,0.6805184677716304,11,3
Hingoli,2023-03-20,1,3,7,7.38623569975765,1.0949849082307639,21.733115975764797,37.903873680646754,0,0.6333333333333333,0.34374440833138026,0.7398350402614328,560.3830736051602,0.6,0.6805184677716304,12,3
Hingoli,2023-03-27,0,6,7,21.578364386952646,20.76908337322618,19.84419546071573,50.00379451615278,0,0.6333333333333333,0.34374440833138026,0.7398350402614328,560.3830736051602,0.6,0.6805184677716304,13,3
Hingoli,2023-04-03,2,1,7,11.504539731989627,9.738966311792348,25.170623103700684,37.72718809289956,0,0.6333333333333333,0.34374440833138026,0.7398350402614328,560.3830736051602,0.6,0.6805184677716304,14,4
Hingoli,2023-04-10,0,3,9,0.16618895180640436,5.4271852613255405,24.702329499590114,34.683025370279275,0,0.6333333333333333,0.34374440833138026,0.7398350402614328,560.3830736051602,0.6,0.6805184677716304,15,4
Hingoli,2023-04-17,3,9,9,11.073511118781953,-4.382731495074313,24.71590628152573,41.66088959289812,0,0.6333333333333333,0.34374440833138026,0.7398350402614328,560.3830736051602,0.6,0.6805184677716304,16,4
Hingoli,2023-04-24,2,5,12,34.28661265428558,3.387608360573756,26.125745212982892,43.90738079696947,0,0.6333333333333333,0.34374440833138026,0.7398350402614328,560.3830736051602,0.6,0.6805184677716304,17,4
Hingoli,2023-05-01,3,3,7,6.9337675645957635,12.593807969471804,30.72669055837324,36.8549533162926,0,0.6333333333333333,0.34374440833138026,0.7398350402614328,560.3830736051602,0.6,0.6805184677716304,18,5
Hingoli,2023-05-08,1,2,5,16.68568908272036,-5.811233280421243,28.988511443888974,46.10878782138254,0,0.6333333333333333,0.34374440833138026,0.7398350402614328,560.3830736051602,0.6,0.6805184677716304,19,5
Hingoli,2023-05-15,0,5,6,0.0,-1.7286280436301444,33.6192141257052,43.1482202439514,0,0.6333333333333333,0.34374440833138026,0.7398350402614328,560.3830736051602,0.6,0.6805184677716304,20,5
Hingoli,2023-05-22,3,4,8,28.58699168480153,-12.453490008171212,31.23010447193819,39.67491531809739,0,0.6333333333333333,0.34374440833138026,0.7398350402614328,560.3830736051602,0.6,0.6805184677716304,21,5
Hingoli,2023-05-29,2,12,11,25.120008253882464,-9.555660434436982,28.180079986167694,49.458118321093096,0,0.6333333333333333,0.34374440833138026,0.7398350402614328,560.3830736051602,0.6,0.6805184677716304,22,5
Hingoli,2023-06-05,4,11,32,90.61976707693682,23.55324208518624,33.71667784467995,80.05955974022126,1,0.6333333333333333,0.34374440833138026,0.7398350402614328,560.3830736051602,0.6,0.6805184677716304,23,6
Hingoli,2023-06-12,7,9,29,107.94130409939082,3.385192511444402,33.294669101671545,79.83497158858839,1,0.6333333333333333,0.34374440833138026,0.7398350402614328,560.3830736051602,0.6,0.6805184677716304,24,6
Hingoli,2023-06-19,9,15,28,83.20931362193478,-12.927956928965127,30.91064988045497,83.12994056568787,1,0.6333333333333333,0.34374440833138026,0.7398350402614328,560.3830736051602,0.6,0.6805184677716304,25,6
Hingoli,2023-06-26,12,9,32,110.79635279575375,-9.206494086558695,32.15741192839284,83.07846261457338,1,0.6333333333333333,0.34374440833138026,0.7398350402614328,560.3830736051602,0.6,0.6805184677716304,26,6
Hingoli,2023-07-03,4,9,28,82.65371200624607,59.00532561155863,28.75729873831344,85.50188714600975,1,0.6333333333333333,0.34374440833138026,0.7398350402614328,560.3830736051602,0.6,0.6805184677716304,27,7
Hingoli,2023-07-10,10,7,27,89.17801144639088,-21.014364531942967,27.38024583698062,81.74126488994132,1,0.6333333333333333,0.34374440833138026,0.7398350402614328,560.3830736051602,0.6,0.6805184677716304,28,7
Hingoli,2023-07-17,11,7,32,98.94148526116679,-15.58440313788659,27.226634718395903,73.53143632821063,1,0.6333333333333333,0.34374440833138026,0.7398350402614328,560.3830736051602,0.6,0.6805184677716304,29,7
Hingoli,2023-07-24,2,13,25,98.2303976548025,-36.89893787967855,29.726374497598478,81.45492888120073,1,0.6333333333333333,0.34374440833138026,0.7398350402614328,560.3830736051602,0.6,0.6805184677716304,30,7
Hingoli,2023-07-31,13,11,26,90.0596417079261,36.13445306091357,28.85763800470361,78.5763818554857,1,0.6333333333333333,0.34374440833138026,0.7398350402614328,560.3830736051602,0.6,0.6805184677716304,31,7
Hingoli,2023-08-07,5,12,36,105.86892845888262,-13.870496568727305,25.981559554056744,88.43402013863114,1,0.6333333333333333,0.34374440833138026,0.7398350402614328,560.3830736051602,0.6,0.6805184677716304,32,8
Hingoli,2023-08-14,8,8,33,95.91003707038742,-40.142068768230615,25.022862533681934,77.01060838185059,1,0.6333333333333333,0.34374440833138026,0.7398350402614328,560.3830736051602,0.6,0.6805184677716304,33,8
Hingoli,2023-08-21,9,8,34,95.08399376866429,-20.202995714203755,27.205457866360398,75.3800970494398,1,0.6333333333333333,0.34374440833138026,0.7398350402614328,560.3830736051602,0.6,0.6805184677716304,34,8
Hingoli,2023-08-28,7,13,24,116.13767293035595,-9.158002107095724,25.83077163887475,84.21129867775126,1,0.6333333333333333,0.34374440833138026,0.7398350402614328,560.3830736051602,0.6,0.6805184677716304,35,8
Hingoli,2023-09-04,4,10,31,91.0916144164973,-28.50010438947812,18.358054179259838,78.54900702689774,1,0.6333333333333333,0.34374440833138026,0.7398350402614328,560.3830736051602,0.6,0.6805184677716304,36,9
Hingoli,2023-09-11,10,10,29,109.26811523573659,-59.16537381414733,22.291740335568903,85.11836986023906,1,0.6333333333333333,0.34374440833138026,0.7398350402614328,560.3830736051602,0.6,0.6805184677716304,37,9
Hingoli,2023-09-18,7,14,22,85.53825983208371,-1.040670066384533,20.63486507526254,81.23771201419633,1,0.6333333333333333,0.34374440833138026,0.7398350402614328,560.3830736051602,0.6,0.6805184677716304,38,9
Hingoli,2023-09-25,9,5,27,87.66615478019084,-66.64828079468174,19.773706855662212,75.72579086396598,1,0.6333333333333333,0.34374440833138026,0.7398350402614328,560.3830736051602,0.6,0.6805184677716304,39,9
Hingoli,2023-10-02,1,2,10,16.392364887207282,4.2740197998567275,13.607107878532645,37.95488111615405,0,0.6333333333333333,0.34374440833138026,0.7398350402614328,560.3830736051602,0.6,0.6805184677716304,40,10
Hingoli,2023-10-09,2,3,7,6.596725441507058,-21.676385908801144,12.755246028079435,41.522897115256605,0,0.6333333333333333,0.34374440833138026,0.7398350402614328,560.3830736051602,0.6,0.6805184677716304,41,10
Hingoli,2023-10-16,2,2,6,19.515468904377805,-6.256325163481646,12.049679499539728,42.748748281910935,0,0.6333333333333333,0.34374440833138026,0.7398350402614328,560.3830736051602,0.6,0.6805184677716304,42,10
Hingoli,2023-10-23,0,5,5,18.690411532848717,-2.744224305299652,13.801182811456743,36.55486216602952,0,0.6333333333333333,0.34374440833138026,0.7398350402614328,560.3830736051602,0.6,0.6805184677716304,43,10
Hingoli,2023-10-30,0,3,3,2.814193765097272,11.71877089761876,11.354367940009768,44.34829657645258,0,0.6333333333333333,0.34374440833138026,0.7398350402614328,560.3830736051602,0.6,0.6805184677716304,44,10
Hingoli,2023-11-06,3,2,7,7.26172229909448,8.213337322718036,10.650077063645059,29.38319140426281,0,0.6333333333333333,0.34374440833138026,0.7398350402614328,560.3830736051602,0.6,0.6805184677716304,45,11
Hingoli,2023-11-13,5,4,9,33.30095310492985,-2.070644668699076,9.884031700057568,38.856453781937866,0,0.6333333333333333,0.34374440833138026,0.7398350402614328,560.3830736051602,0.6,0.6805184677716304,46,11
Hingoli,2023-11-20,1,4,6,16.29580937190745,3.094375938561554,9.233737602179215,32.27022976330379,0,0.6333333333333333,0.34374440833138026,0.7398350402614328,560.3830736051602,0.6,0.6805184677716304,47,11
Hingoli,2023-11-27,1,6,4,10.097288164581546,0.2469054998097806,8.581289898548281,46.571001417920435,0,0.6333333333333333,0.34374440833138026,0.7398350402614328,560.3830736051602,0.6,0.6805184677716304,48,11
Hingoli,2023-12-04,1,5,9,23.254083899545797,11.861572063921756,8.721039784417561,42.886094504719594,0,0.6333333333333333,0.34374440833138026,0.7398350402614328,560.3830736051602,0.6,0.6805184677716304,49,12
Hingoli,2023-12-11,3,1,7,21.80745055938392,5.803782393632475,10.009542035536473,29.839044231441143,0,0.6333333333333333,0.34374440833138026,0.7398350402614328,560.3830736051602,0.6,0.6805184677716304,50,12
Hingoli,2023-12-18,4,1,11,23.626106072115725,4.683975846593405,9.897882214124248,41.99260255852288,0,0.6333333333333333,0.34374440833138026,0.7398350402614328,560.3830736051602,0.6,0.6805184677716304,51,12
Hingoli,2023-12-25,0,1,4,14.303179772956584,2.147588461971233,9.549897622333496,36.361017783099584,0,0.6333333333333333,0.34374440833138026,0.7398350402614328,560.3830736051602,0.6,0.6805184677716304,52,12
Jalgaon,2022-01-03,2,3,13,18.000598620117362,6.510661227372702,9.887035319139578,36.35788601211505,0,0.4388888888888889,0.5784436544530552,0.5368536713420468,2674.464568706857,0.3666666666666667,0.4746082932017633,1,1
Jalgaon,2022-01-10,1,3,10,17.91024202666986,1.8998708002714262,11.88414127469199,48.26269393314527,0,0.4388888888888889,0.5784436544530552,0.5368536713420468,2674.464568706857,0.3666666666666667,0.4746082932017633,2,1
Jalgaon,2022-01-17,2,8,5,14.42734111614545,-5.839000734890034,11.757617522370666,41.09186566376821,0,0.4388888888888889,0.5784436544530552,0.5368536713420468,2674.464568706857,0.3666666666666667,0.4746082932017633,3,1
Jalgaon,2022-01-24,5,0,14,18.07122040109907,11.756003382308513,11.651268094900768,47.07400293092194,0,0.4388888888888889,0.5784436544530552,0.5368536713420468,2674.464568706857,0.3666666666666667,0.4746082932017633,4,1
Jalgaon,2022-01-31,5,4,9,13.151315587229652,17.245034824886748,11.127776441626239,36.17038711306617,0,0.4388888888888889,0.5784436544530552,0.5368536713420468,2674.464568706857,0.3666666666666667,0.4746082932017633,5,1
Jalgaon,2022-02-07,1,5,15,10.420357774763286,2.781212197293803,14.877962390934051,43.003597596470286,0,0.4388888888888889,0.5784436544530552,0.5368536713420468,2674.464568706857,0.3666666666666667,0.4746082932017633,6,2
Jalgaon,2022-02-14,1,4,10,15.76658270665721,0.5811317413387206,14.079379064912654,42.78018720673207,0,0.4388888888888889,0.5784436544530552,0.5368536713420468,2674.464568706857,0.3666666666666667,0.4746082932017633,7,2
Jalgaon,2022-02-21,1,3,3,20.802160396889636,-1.3683447267787339,12.304319858444543,30.220870870417322,0,0.4388888888888889,0.5784436544530552,0.5368536713420468,2674.464568706857,0.3666666666666667,0.4746082932017633,8,2
Jalgaon,2022-02-28,1,7,14,18.549295810787328,-6.105421879872273,13.412775226404898,36.08351374742551,0,0.4388888888888889,0.5784436544530552,0.5368536713420468,2674.464568706857,0.3666666666666667,0.4746082932017633,9,2
Jalgaon,2022-03-07,4,5,11,23.730650838122315,-13.907045800185749,20.03288796698939,48.04995196968028,0,0.4388888888888889,0.5784436544530552,0.5368536713420468,2674.464568706857,0.3666666666666667,0.4746082932017633,10,3
Jalgaon,2022-03-14,1,4,10,0.0,-9.50335381836718,19.98775870543629,38.18321634711782,0,0.4388888888888889,0.5784436544530552,0.5368536713420468,2674.464568706857,0.3666666666666667,0.4746082932017633,11,3
Jalgaon,2022-03-21,1,4,8,6.594087519849168,4.37442622061247,15.76697149507457,39.11349757082258,0,0.4388888888888889,0.5784436544530552,0.5368536713420468,2674.464568706857,0.3666666666666667,0.4746082932017633,12,3
Jalgaon,2022-03-28,2,1,17,29.20581758271622,-1.500735619498677,19.611105497321304,38.51189981585615,0,0.4388888888888889,0.5784436544530552,0.5368536713420468,2674.464568706857,0.3666666666666667,0.4746082932017633,13,3
Jalgaon,2022-04-04,0,6,9,41.723468524636125,-4.390543414124632,25.390557638015146,36.679332007720554,0,0.4388888888888889,0.5784436544530552,0.5368536713420468,2674.464568706857,0.3666666666666667,0.4746082932017633,14,4
Jalgaon,2022-04-11,2,3,17,12.975533258934632,9.040528673405134,25.151166114605644,38.26990658152979,0,0.4388888888888889,0.5784436544530552,0.5368536713420468,2674.464568706857,0.3666666666666667,0.4746082932017633,15,4
Jalgaon,2022-04-18,3,4,6,9.531417046317344,6.7864094688171575,25.794997928602733,42.688335859946896,0,0.4388888888888889,0.5784436544530552,0.5368536713420468,2674.464568706857,0.3666666666666667,0.4746082932017633,16,4
Jalgaon,2022-04-25,4,11,14,14.747967484046931,16.399468928245472,28.893726135361728,42.52046753292324,0,0.4388888888888889,0.5784436544530552,0.5368536713420468,2674.464568706857,0.3666666666666667,0.4746082932017633,17,4
Jalgaon,2022-05-02,2,3,8,6.851983369428149,-11.629985737084255,29.813014058529973,40.40143270503688,0,0.4388888888888889,0.5784436544530552,0.5368536713420468,2674.464568706857,0.3666666666666667,0.4746082932017633,18,5
Jalgaon,2022-05-09,4,5,9,21.18719755533048,-10.183266983729435,34.296436585507486,49.243488632837895,0,0.4388888888888889,0.5784436544530552,0.5368536713420468,2674.464568706857,0.3666666666666667,0.4746082932017633,19,5
Jalgaon,2022-05-16,4,7,11,23.556533932761507,-1.9345836296158179,27.758363052452985,45.810398689953814,0,0.4388888888888889,0.5784436544530552,0.5368536713420468,2674.464568706857,0.3666666666666667,0.4746082932017633,20,5
Jalgaon,2022-05-23,1,5,5,0.0,-2.0018671773817696,32.39141499103033,36.173966883657144,0,0.4388888888888889,0.5784436544530552,0.5368536713420468,2674.464568706857,0.3666666666666667,0.4746082932017633,21,5
Jalgaon,2022-05-30,1,10,10,28.96199839292968,9.417022421330417,31.370494243872873,44.839625646946494,0,0.4388888888888889,0.5784436544530552,0.5368536713420468,2674.464568706857,0.3666666666666667,0.4746082932017633,22,5
Jalgaon,2022-06-06,15,8,41,108.04183833106008,-20.79023244200145,29.553757200294136,84.08965331366102,1,0.4388888888888889,0.5784436544530552,0.5368536713420468,2674.464568706857,0.3666666666666667,0.4746082932017633,23,6
Jalgaon,2022-06-13,11,5,32,101.93513523031183,2.5659768568326715,31.176773875776306,77.74668278288324,1,0.4388888888888889,0.5784436544530552,0.5368536713420468,2674.464568706857,0.3666666666666667,0.4746082932017633,24,6
Jalgaon,2022-06-20,8,9,55,86.1270837560555,-23.078687442685965,28.37873235007531,80.72308143516541,1,0.4388888888888889,0.5784436544530552,0.5368536713420468,2674.464568706857,0.3666666666666667,0.4746082932017633,25,6
Jalgaon,2022-06-27,12,11,36,103.55785711244441,22.50554595643875,30.810459572857383,76.8211047400542,1,0.4388888888888889,0.5784436544530552,0.5368536713420468,2674.464568706857,0.3666666666666667,0.4746082932017633,26,6
Jalgaon,2022-07-04,14,12,41,116.08805497306857,28.173712965173532,31.992467520936728,77.0506565224634,1,0.4388888888888889,0.5784436544530552,0.5368536713420468,2674.464568706857,0.3666666666666667,0.4746082932017633,27,7
Jalgaon,2022-07-11,8,8,36,101.41827918456406,-8.679968611848645,33.44982118416583,83.54032766005068,1,0.4388888888888889,0.5784436544530552,0.5368536713420468,2674.464568706857,0.3666666666666667,0.4746082932017633,28,7
Jalgaon,2022-07-18,5,17,33,105.32607283793853,-4.736970530897241,28.19029216839456,74.54783172664547,1,0.4388888888888889,0.5784436544530552,0.5368536713420468,2674.464568706857,0.3666666666666667,0.4746082932017633,29,7
Jalgaon,2022-07-25,6,6,47,117.69149172019202,-30.136864344899404,29.070097411625824,80.66509497841835,1,0.4388888888888889,0.5784436544530552,0.5368536713420468,2674.464568706857,0.3666666666666667,0.4746082932017633,30,7
Jalgaon,2022-08-01,4,12,45,102.65023574170283,-64.78152305290939,26.571192074665596,79.02680603900482,1,0.4388888888888889,0.5784436544530552,0.5368536713420468,2674.464568706857,0.3666666666666667,0.4746082932017633,31,8
Jalgaon,2022-08-08,10,14,38,93.16717907337618,17.036985813844648,26.92565209229185,80.99796701380096,1,0.4388888888888889,0.5784436544530552,0.5368536713420468,2674.464568706857,0.3666666666666667,0.4746082932017633,32,8
Jalgaon,2022-08-15,6,15,35,100.27604896838709,-20.13534921132536,27.10384925351294,77.80766519156008,1,0.4388888888888889,0.5784436544530552,0.5368536713420468,2674.464568706857,0.3666666666666667,0.4746082932017633,33,8
Jalgaon,2022-08-22,11,11,32,91.88145217716767,-31.62284392163209,26.07290355379874,77.45829442729227,1,0.4388888888888889,0.5784436544530552,0.5368536713420468,2674.464568706857,0.3666666666666667,0.4746082932017633,34,8
Jalgaon,2022-08-29,9,14,41,99.70999387344584,-25.155951154056734,26.016394008619642,86.90393352216789,1,0.4388888888888889,0.5784436544530552,0.5368536713420468,2674.464568706857,0.3666666666666667,0.4746082932017633,35,8
Jalgaon,2022-09-05,8,10,45,95.9924841750794,-56.8110223235711,19.551886970990324,82.40136674122853,1,0.4388888888888889,0.5784436544530552,0.5368536713420468,2674.464568706857,0.3666666666666667,0.4746082932017633,36,9
Jalgaon,2022-09-12,11,7,43,113.73177083929185,-36.00185133857382,17.71917396125325,81.93937065581873,1,0.4388888888888889,0.5784436544530552,0.5368536713420468,2674.464568706857,0.3666666666666667,0.4746082932017633,37,9
Jalgaon,2022-09-19,8,12,39,107.32309801988931,-19.25723396732116,19.51993980156152,79.7763987246537,1,0.4388888888888889,0.5784436544530552,0.5368536713420468,2674.464568706857,0.3666666666666667,0.4746082932017633,38,9
Jalgaon,2022-09-26,9,18,47,103.66847761826077,-6.850089398102162,20.86280039536004,82.43941009826402,1,0.4388888888888889,0.5784436544530552,0.5368536713420468,2674.464568706857,0.3666666666666667,0.4746082932017633,39,9
Jalgaon,2022-10-03,1,1,8,9.175833115232182,-1.5637837777840877,12.294306174998509,31.519602344838088,0,0.4388888888888889,0.5784436544530552,0.5368536713420468,2674.464568706857,0.3666666666666667,0.4746082932017633,40,10
Jalgaon,2022-10-10,1,3,12,22.948393612153502,0.0006220461036402954,14.29932627033509,43.76091282576709,0,0.4388888888888889,0.5784436544530552,0.5368536713420468,2674.464568706857,0.3666666666666667,0.4746082932017633,41,10
Jalgaon,2022-10-17,4,4,5,18.332584604766563,11.604496378767173,14.41203249788431,39.55735499032165,0,0.4388888888888889,0.5784436544530552,0.5368536713420468,2674.464568706857,0.3666666666666667,0.4746082932017633,42,10
Jalgaon,2022-10-24,2,9,10,29.356177186452562,10.125442493870443,11.90019625561813,43.765830307908,0,0.4388888888888889,0.5784436544530552,0.5368536713420468,2674.464568706857,0.3666666666666667,0.4746082932017633,43,10
Jalgaon,2022-10-31,0,7,13,8.748134577848578,3.9685368929654907,12.515569239548695,39.283330489722104,0,0.4388888888888889,0.5784436544530552,0.5368536713420468,2674.464568706857,0.3666666666666667,0.4746082932017633,44,10
Jalgaon,2022-11-07,2,6,12,23.073273366010497,-1.1230682636975018,9.322542678654722,38.47881965633962,0,0.4388888888888889,0.5784436544530552,0.5368536713420468,2674.464568706857,0.3666666666666667,0.4746082932017633,45,11
Jalgaon,2022-11-14,3,6,6,19.665298607813096,5.147785518436808,9.256808270220178,46.98709385689472,0,0.4388888888888889,0.5784436544530552,0.5368536713420468,2674.464568706857,0.3666666666666667,0.4746082932017633,46,11
Jalgaon,2022-11-21,0,5,8,17.986363644453675,1.4677395276285279,11.197299854881463,39.77349603405979,0,0.4388888888888889,0.5784436544530552,0.5368536713420468,2674.464568706857,0.3666666666666667,0.4746082932017633,47,11
Jalgaon,2022-11-28,4,5,15,26.135106935103813,14.950162472373718,6.2394721366187245,47.56918995664867,0,0.4388888888888889,0.5784436544530552,0.5368536713420468,2674.464568706857,0.3666666666666667,0.4746082932017633,48,11
Jalgaon,2022-12-05,2,5,15,34.99479947982478,-9.17295299911591,7.9404747607791295,36.79420924095071,0,0.4388888888888889,0.5784436544530552,0.5368536713420468,2674.464568706857,0.3666666666666667,0.4746082932017633,49,12
Jalgaon,2022-12-12,1,4,5,14.999864797497032,8.53826240706514,9.047608892274024,39.18117045648524,0,0.4388888888888889,0.5784436544530552,0.5368536713420468,2674.464568706857,0.3666666666666667,0.4746082932017633,50,12
Jalgaon,2022-12-19,1,1,9,20.637398397280926,-6.479231851782796,6.244691330174897,38.48438665317038,0,0.4388888888888889,0.5784436544530552,0.5368536713420468,2674.464568706857,0.3666666666666667,0.4746082932017633,51,12
Jalgaon,2022-12-26,2,9,6,11.217869278481148,7.219638704134185,7.768721853076348,38.37438424803837,0,0.4388888888888889,0.5784436544530552,0.5368536713420468,2674.464568706857,0.3666666666666667,0.4746082932017633,52,12
Jalgaon,2023-01-02,1,4,12,7.215296395418132,-2.4610668615579887,12.571271305469185,38.396236220130085,0,0.4388888888888889,0.5784436544530552,0.5368536713420468,2674.464568706857,0.3666666666666667,0.4746082932017633,1,1
Jalgaon,2023-01-09,4,2,10,16.58678287810837,-1.0817402174670017,8.903578695523063,42.50409611049458,0,0.4388888888888889,0.5784436544530552,0.5368536713420468,2674.464568706857,0.3666666666666667,0.4746082932017633,2,1
Jalgaon,2023-01-16,4,5,14,40.052678813877584,-5.378612066696534,8.648073383869743,34.846175360991346,0,0.4388888888888889,0.5784436544530552,0.5368536713420468,2674.464568706857,0.3666666666666667,0.4746082932017633,3,1
Jalgaon,2023-01-23,0,3,10,14.840363695278361,2.37722074823827,11.246870073332165,36.577209510449556,0,0.4388888888888889,0.5784436544530552,0.5368536713420468,2674.464568706857,0.3666666666666667,0.4746082932017633,4,1
Jalgaon,2023-01-30,2,5,7,0.0,-4.582066254948458,8.084782067211988,41.23637108632761,0,0.4388888888888889,0.5784436544530552,0.5368536713420468,2674.464568706857,0.3666666666666667,0.4746082932017633,5,1
Jalgaon,2023-02-06,1,6,17,25.49869984490897,8.83975575631944,14.902748717805364,42.77445291715113,0,0.4388888888888889,0.5784436544530552,0.5368536713420468,2674.464568706857,0.3666666666666667,0.4746082932017633,6,2
Jalgaon,2023-02-13,1,6,10,33.93674222456282,-13.122650975014608,12.291892461675868,44.30377323957667,0,0.4388888888888889,0.5784436544530552,0.5368536713420468,2674.464568706857,0.3666666666666667,0.4746082932017633,7,2
Jalgaon,2023-02-20,3,2,14,34.01693950685968,-6.143999346997633,13.346652707830003,31.926829110395317,0,0.4388888888888889,0.5784436544530552,0.5368536713420468,2674.464568706857,0.3666666666666667,0.4746082932017633,8,2
Jalgaon,2023-02-27,4,4,8,28.8506854664507,-5.286487086540953,15.451664387543408,39.45130201257984,0,0.4388888888888889,0.5784436544530552,0.5368536713420468,2674.464568706857,0.3666666666666667,0.4746082932017633,9,2
Jalgaon,2023-03-06,6,5,6,9.414578059666095,5.597019503036693,22.653733913639552,39.75486742767245,0,0.4388888888888889,0.5784436544530552,0.5368536713420468,2674.464568706857,0.3666666666666667,0.4746082932017633,10,3
Jalgaon,2023-03-13,1,6,15,12.398404856839761,-8.493371621515893,19.790036911648148,39.369179759754914,0,0.4388888888888889,0.5784436544530552,0.5368536713420468,2674.464568706857,0.3666666666666667,0.4746082932017633,11,3
Jalgaon,2023-03-20,2,6,10,17.656445117367518,-9.909191077645232,19.54382019336298,43.00222152639605,0,0.4388888888888889,0.5784436544530552,0.5368536713420468,2674.464568706857,0.3666666666666667,0.4746082932017633,12,3
Jalgaon,2023-03-27,4,4,13,30.19848697260064,7.085724686727621,16.04588316149475,35.16886432536605,0,0.4388888888888889,0.5784436544530552,0.5368536713420468,2674.464568706857,0.3666666666666667,0.4746082932017633,13,3
Jalgaon,2023-04-03,1,2,11,24.618049060391805,4.274630758168669,25.89759419758409,32.035227374636115,0,0.4388888888888889,0.5784436544530552,0.5368536713420468,2674.464568706857,0.3666666666666667,0.4746082932017633,14,4
Jalgaon,2023-04-10,3,5,17,29.5938919056929,21.214745513897448,25.841035524261237,33.898931622827405,0,0.4388888888888889,0.5784436544530552,0.5368536713420468,2674.464568706857,0.3666666666666667,0.4746082932017633,15,4
Jalgaon,2023-04-17,2,4,8,34.16717642190805,3.9520784901585144,27.51231568750603,36.44729599489538,0,0.4388888888888889,0.5784436544530552,0.5368536713420468,2674.464568706857,0.3666666666666667,0.4746082932017633,16,4
Jalgaon,2023-04-24,2,2,18,30.601875692177963,-9.147631888655418,21.52964740314534,35.73566676821679,0,0.4388888888888889,0.5784436544530552,0.5368536713420468,2674.464568706857,0.3666666666666667,0.4746082932017633,17,4
Jalgaon,2023-05-01,5,9,9,23.028789164294906,9.074537832020063,32.672925306154575,43.606316625064764,0,0.4388888888888889,0.5784436544530552,0.5368536713420468,2674.464568706857,0.3666666666666667,0.4746082932017633,18,5
Jalgaon,2023-05-08,5,3,12,21.611816461351562,6.515098396603243,28.04086482858455,44.576738988757995,0,0.4388888888888889,0.5784436544530552,0.5368536713420468,2674.464568706857,0.3666666666666667,0.4746082932017633,19,5
Jalgaon,2023-05-15,5,3,12,25.922325321771236,-7.651144563438871,30.81986570915963,36.151500498329916,0,0.4388888888888889,0.5784436544530552,0.5368536713420468,2674.464568706857,0.3666666666666667,0.4746082932017633,20,5
Jalgaon,2023-05-22,1,0,14,18.04601595745921,-4.3444748743611665,31.59661572159343,41.27760329704753,0,0.4388888888888889,0.5784436544530552,0.5368536713420468,2674.464568706857,0.3666666666666667,0.4746082932017633,21,5
Jalgaon,2023-05-29,4,5,9,27.02795788955417,-10.124999205494856,30.20461433461487,40.90488097516904,0,0.4388888888888889,0.5784436544530552,0.5368536713420468,2674.464568706857,0.3666666666666667,0.4746082932017633,22,5
Jalgaon,2023-06-05,9,12,39,96.8951711780708,-11.464391730167504,29.619640654500447,80.8247529303866,1,0.4388888888888889,0.5784436544530552,0.5368536713420468,2674.464568706857,0.3666666666666667,0.4746082932017633,23,6
Jalgaon,2023-06-12,14,10,41,99.03420537089146,21.358858393193643,29.253478283355413,81.46500273986969,1,0.4388888888888889,0.5784436544530552,0.5368536713420468,2674.464568706857,0.3666666666666667,0.4746082932017633,24,6
Jalgaon,2023-06-19,2,14,35,88.97039500276937,-30.424978949390493,33.79272285103477,79.16939712085264,1,0.4388888888888889,0.5784436544530552,0.5368536713420468,2674.464568706857,0.3666666666666667,0.4746082932017633,25,6
Jalgaon,2023-06-26,12,12,27,93.71181130064608,-29.60488708149652,33.521582926121816,86.88379851150408,1,0.4388888888888889,0.5784436544530552,0.5368536713420468,2674.464568706857,0.3666666666666667,0.4746082932017633,26,6
Jalgaon,2023-07-03,10,13,38,92.42918972710993,-42.9587783396149,32.25379200154413,86.9106671910045,1,0.4388888888888889,0.5784436544530552,0.5368536713420468,2674.464568706857,0.3666666666666667,0.4746082932017633,27,7
Jalgaon,2023-07-10,7,11,39,103.19534974742488,-6.203000025934884,28.54207229680378,69.69111848778469,1,0.4388888888888889,0.5784436544530552,0.5368536713420468,2674.464568706857,0.3666666666666667,0.4746082932017633,28,7
Jalgaon,2023-07-17,5,17,34,91.24337766914134,-19.674543955989037,29.663022053815578,76.68691423337204,1,0.4388888888888889,0.5784436544530552,0.5368536713420468,2674.464568706857,0.3666666666666667,0.4746082932017633,29,7
Jalgaon,2023-07-24,15,8,46,103.96074977769449,9.261263461530747,28.284026067232105,85.96523756864478,1,0.4388888888888889,0.5784436544530552,0.5368536713420468,2674.464568706857,0.3666666666666667,0.4746082932017633,30,7
Jalgaon,2023-07-31,10,17,45,98.34625459356684,53.49092977772826,29.811167906649345,83.74216849418922,1,0.4388888888888889,0.5784436544530552,0.5368536713420468,2674.464568706857,0.3666666666666667,0.4746082932017633,31,7
Jalgaon,2023-08-07,13,19,38,100.79370166017446,-18.150016526620433,25.64426845287404,87.0678356777107,1,0.4388888888888889,0.5784436544530552,0.5368536713420468,2674.464568706857,0.3666666666666667,0.4746082932017633,32,8
Jalgaon,2023-08-14,8,16,40,108.08469737223348,32.262122067974936,26.12663361243058,87.47539011891487,1,0.4388888888888889,0.5784436544530552,0.5368536713420468,2674.464568706857,0.3666666666666667,0.4746082932017633,33,8
Jalgaon,2023-08-21,5,13,36,94.40609074494576,8.152294240527088,26.834350164526448,72.77280840534723,1,0.4388888888888889,0.5784436544530552,0.5368536713420468,2674.464568706857,0.3666666666666667,0.4746082932017633,34,8
Jalgaon,2023-08-28,12,15,37,94.04742413091208,46.25012540427581,25.763394849967558,74.96586012004848,1,0.4388888888888889,0.5784436544530552,0.5368536713420468,2674.464568706857,0.3666666666666667,0.4746082932017633,35,8
Jalgaon,2023-09-04,11,13,26,110.08102860264144,10.630443452461941,21.895078874335304,80.13362167923631,1,0.4388888888888889,0.5784436544530552,0.5368536713420468,2674.464568706857,0.3666666666666667,0.4746082932017633,36,9
Jalgaon,2023-09-11,8,16,41,120.5620313977551,-18.379062393234808,21.733456805601424,79.45600169037313,1,0.4388888888888889,0.5784436544530552,0.5368536713420468,2674.464568706857,0.3666666666666667,0.4746082932017633,37,9
Jalgaon,2023-09-18,5,17,50,101.42885200302452,5.095314369839928,24.43190187855339,69.03890715289569,1,0.4388888888888889,0.5784436544530552,0.5368536713420468,2674.464568706857,0.3666666666666667,0.4746082932017633,38,9
Jalgaon,2023-09-25,9,10,40,113.35571745664095,25.31856897513514,21.66364148805603,80.15048476304943,1,0.4388888888888889,0.5784436544530552,0.5368536713420468,2674.464568706857,0.3666666666666667,0.4746082932017633,39,9
Jalgaon,2023-10-02,0,7,13,32.473448771190036,12.808327565132032,13.851908931069664,42.4815719777839,0,0.4388888888888889,0.5784436544530552,0.5368536713420468,2674.464568706857,0.3666666666666667,0.4746082932017633,40,10
Jalgaon,2023-10-09,1,3,5,15.775906139250143,-15.620111153292136,13.833398938204331,38.3838899550655,0,0.4388888888888889,0.5784436544530552,0.5368536713420468,2674.464568706857,0.3666666666666667,0.4746082932017633,41,10
Jalgaon,2023-10-16,2,10,9,12.089898406863629,6.056808900303366,15.962056196279192,46.01785023010079,0,0.4388888888888889,0.5784436544530552,0.5368536713420468,2674.464568706857,0.3666666666666667,0.4746082932017633,42,10
Jalgaon,2023-10-23,1,5,14,17.818345446693773,5.09296802223084,15.269450378358446,42.58326541406993,0,0.4388888888888889,0.5784436544530552,0.5368536713420468,2674.464568706857,0.3666666666666667,0.4746082932017633,43,10
Jalgaon,2023-10-30,3,5,8,23.216018068163674,9.467723175007428,13.38691995961177,42.060016097975264,0,0.4388888888888889,0.5784436544530552,0.5368536713420468,2674.464568706857,0.3666666666666667,0.4746082932017633,44,10
Jalgaon,2023-11-06,5,7,7,9.524380493520194,6.362150880843536,5.915906898442024,36.660789714413184,0,0.4388888888888889,0.5784436544530552,0.5368536713420468,2674.464568706857,0.3666666666666667,0.4746082932017633,45,11
Jalgaon,2023-11-13,1,5,10,12.161966067466222,2.4024014199562185,9.519070283742568,36.41732010585231,0,0.4388888888888889,0.5784436544530552,0.5368536713420468,2674.464568706857,0.3666666666666667,0.4746082932017633,46,11
Jalgaon,2023-11-20,1,3,13,0.0,8.154365012788338,12.883454927484298,35.68793867083594,0,0.4388888888888889,0.5784436544530552,0.5368536713420468,2674.464568706857,0.3666666666666667,0.4746082932017633,47,11
Jalgaon,2023-11-27,3,4,16,17.42253597072114,8.000506705236631,7.850099629715078,41.74843193058121,0,0.4388888888888889,0.5784436544530552,0.5368536713420468,2674.464568706857,0.3666666666666667,0.4746082932017633,48,11
Jalgaon,2023-12-04,1,4,9,12.146903046499876,26.896060595974628,10.4792649563005,41.41053671514985,0,0.4388888888888889,0.5784436544530552,0.5368536713420468,2674.464568706857,0.3666666666666667,0.4746082932017633,49,12
Jalgaon,2023-12-11,6,2,10,3.1160624384841675,-20.190020959228363,7.648051683861044,39.46238559565193,0,0.4388888888888889,0.5784436544530552,0.5368536713420468,2674.464568706857,0.3666666666666667,0.4746082932017633,50,12
Jalgaon,2023-12-18,0,3,6,13.509206874556869,10.545944376485757,10.432297881960036,34.427942990537424,0,0.4388888888888889,0.5784436544530552,0.5368536713420468,2674.464568706857,0.3666666666666667,0.4746082932017633,51,12
Jalgaon,2023-12-25,3,3,7,12.59676910888153,21.348640830250392,11.94367585016732,37.46760689140472,0,0.4388888888888889,0.5784436544530552,0.5368536713420468,2674.464568706857,0.3666666666666667,0.4746082932017633,52,12
Jalna,2022-01-03,1,2,10,4.966667538089913,-8.233383932521416,7.350209626042012,33.79684455834607,0,0.55,0.4307291905927033,0.70132409788524,1905.8172729278872,0.5,0.6143838010355555,1,1
Jalna,2022-01-10,1,5,8,18.954305095227284,9.657704013030171,10.366343954327213,35.27260346556392,0,0.55,0.4307291905927033,0.70132409788524,1905.8172729278872,0.5,0.6143838010355555,2,1
Jalna,2022-01-17,3,3,13,6.41877869976118,-4.281199966542141,6.691421596774594,38.52347277112275,0,0.55,0.4307291905927033,0.70132409788524,1905.8172729278872,0.5,0.6143838010355555,3,1
Jalna,2022-01-24,4,4,5,0.0,-14.316642900946434,12.780573568079348,38.739173464845244,0,0.55,0.4307291905927033,0.70132409788524,1905.8172729278872,0.5,0.6143838010355555,4,1
Jalna,2022-01-31,2,4,8,20.10944773766955,-11.44775609994111,11.612550006700726,37.60563899100782,0,0.55,0.4307291905927033,0.70132409788524,1905.8172729278872,0.5,0.6143838010355555,5,1
Jalna,2022-02-07,1,10,8,6.407949549613171,-18.879891854268195,16.274706787619373,44.54586467515471,0,0.55,0.4307291905927033,0.70132409788524,1905.8172729278872,0.5,0.6143838010355555,6,2
Jalna,2022-02-14,0,3,10,31.22790105285692,-9.151720542521979,12.217280572620895,42.573119887988696,0,0.55,0.4307291905927033,0.70132409788524,1905.8172729278872,0.5,0.6143838010355555,7,2
Jalna,2022-02-21,1,2,7,5.851599514585271,-21.74339843821686,12.008325349124199,44.835899457030564,0,0.55,0.4307291905927033,0.70132409788524,1905.8172729278872,0.5,0.6143838010355555,8,2
Jalna,2022-02-28,2,4,7,12.222652765324545,-3.445588908290005,16.22197086419761,47.63805106894825,0,0.55,0.4307291905927033,0.70132409788524,1905.8172729278872,0.5,0.6143838010355555,9,2
Jalna,2022-03-07,1,3,3,8.731626510067624,0.9079510219300673,20.734667032723898,37.54577370556596,0,0.55,0.4307291905927033,0.70132409788524,1905.8172729278872,0.5,0.6143838010355555,10,3
Jalna,2022-03-14,1,8,8,13.306005732333983,-7.651186994914063,20.678129457504994,44.13293930270787,0,0.55,0.4307291905927033,0.70132409788524,1905.8172729278872,0.5,0.6143838010355555,11,3
Jalna,2022-03-21,0,4,11,16.826835397738563,-2.4768242071085065,21.244862699715625,34.998221378047056,0,0.55,0.4307291905927033,0.70132409788524,1905.8172729278872,0.5,0.6143838010355555,12,3
Jalna,2022-03-28,3,1,8,19.030490370936533,5.477290072639642,19.350001505426384,31.079696746867832,0,0.55,0.4307291905927033,0.70132409788524,1905.8172729278872,0.5,0.6143838010355555,13,3
Jalna,2022-04-04,6,7,11,20.259723041909847,-3.744837377130308,27.185012478411803,44.5113605056243,0,0.55,0.4307291905927033,0.70132409788524,1905.8172729278872,0.5,0.6143838010355555,14,4
Jalna,2022-04-11,1,3,4,12.294814634303124,19.569275603469748,25.32741374888838,35.21603192323262,0,0.55,0.4307291905927033,0.70132409788524,1905.8172729278872,0.5,0.6143838010355555,15,4
Jalna,2022-04-18,2,3,6,4.813321649002464,0.7044991143190037,25.93775072302951,37.14683020185471,0,0.55,0.4307291905927033,0.70132409788524,1905.8172729278872,0.5,0.6143838010355555,16,4
Jalna,2022-04-25,1,3,4,5.535940323667486,-11.70002811589546,27.514306977361603,33.5318640678459,0,0.55,0.4307291905927033,0.70132409788524,1905.8172729278872,0.5,0.6143838010355555,17,4
Jalna,2022-05-02,1,6,6,18.934015739759413,-7.037657333489795,31.028544914042854,44.15686465736464,0,0.55,0.4307291905927033,0.70132409788524,1905.8172729278872,0.5,0.6143838010355555,18,5
Jalna,2022-05-09,2,4,4,6.850401351034014,4.067717875919572,30.64842851242085,32.65643145019132,0,0.55,0.4307291905927033,0.70132409788524,1905.8172729278872,0.5,0.6143838010355555,19,5
Jalna,2022-05-16,4,3,7,21.10518929666756,-3.035261845598842,28.337210723292785,48.4565355810046,0,0.55,0.4307291905927033,0.70132409788524,1905.8172729278872,0.5,0.6143838010355555,20,5
Jalna,2022-05-23,0,4,3,4.836093602400149,-14.823885456354269,30.4698435986267,43.50790957728826,0,0.55,0.4307291905927033,0.70132409788524,1905.8172729278872,0.5,0.6143838010355555,21,5
Jalna,2022-05-30,3,2,8,30.506107709547948,1.4053169682133324,31.316721741070552,38.3696025127445,0,0.55,0.4307291905927033,0.70132409788524,1905.8172729278872,0.5,0.6143838010355555,22,5
Jalna,2022-06-06,11,12,31,88.77758167323401,69.5834516330881,30.143179180115116,78.42834574818642,1,0.55,0.4307291905927033,0.70132409788524,1905.8172729278872,0.5,0.6143838010355555,23,6
Jalna,2022-06-13,6,11,43,97.89410501078197,42.43860480587018,29.239731587838065,71.30690164081321,1,0.55,0.4307291905927033,0.70132409788524,1905.8172729278872,0.5,0.6143838010355555,24,6
Jalna,2022-06-20,11,7,24,92.08438908354901,61.59175743960801,32.46554998351318,77.04589886348788,1,0.55,0.4307291905927033,0.70132409788524,1905.8172729278872,0.5,0.6143838010355555,25,6
Jalna,2022-06-27,6,12,33,114.72239761875403,-18.806705347797248,29.8085479484039,81.86808330025949,1,0.55,0.4307291905927033,0.70132409788524,1905.8172729278872,0.5,0.6143838010355555,26,6
Jalna,2022-07-04,7,11,33,98.81863525199898,-47.72526904590337,29.313646142184318,77.15216358598867,1,0.55,0.4307291905927033,0.70132409788524,1905.8172729278872,0.5,0.6143838010355555,27,7
Jalna,2022-07-11,9,9,31,98.88530602429012,0.02784283125780349,35.52990749124506,79.1333371819307,1,0.55,0.4307291905927033,0.70132409788524,1905.8172729278872,0.5,0.6143838010355555,28,7
Jalna,2022-07-18,3,15,34,88.65504707382307,14.113891682804672,34.29877640321656,80.46724797193305,1,0.55,0.4307291905927033,0.70132409788524,1905.8172729278872,0.5,0.6143838010355555,29,7
Jalna,2022-07-25,11,16,26,104.76530515604759,-40.45943442687506,28.538584314556296,82.81149544047283,1,0.55,0.4307291905927033,0.70132409788524,1905.8172729278872,0.5,0.6143838010355555,30,7
Jalna,2022-08-01,5,16,33,115.45203972532367,9.195938152165972,23.99330068961334,81.33946950289763,1,0.55,0.4307291905927033,0.70132409788524,1905.8172729278872,0.5,0.6143838010355555,31,8
Jalna,2022-08-08,8,8,27,93.9022393753376,-1.744597345581992,24.40471975440044,69.29136839114844,1,0.55,0.4307291905927033,0.70132409788524,1905.8172729278872,0.5,0.6143838010355555,32,8
Jalna,2022-08-15,14,9,43,95.6238018930447,-34.053615422469804,28.717115040123417,82.49455196263627,1,0.55,0.4307291905927033,0.70132409788524,1905.8172729278872,0.5,0.6143838010355555,33,8
Jalna,2022-08-22,7,12,33,104.89174114315674,0.9426348088908558,25.940192299678063,80.45276586539873,1,0.55,0.4307291905927033,0.70132409788524,1905.8172729278872,0.5,0.6143838010355555,34,8
Jalna,2022-08-29,11,11,31,88.85278149354055,-38.669308016666996,26.296308101143826,75.38740915557894,1,0.55,0.4307291905927033,0.70132409788524,1905.8172729278872,0.5,0.6143838010355555,35,8
Jalna,2022-09-05,6,10,36,87.78241875165722,-37.08088258684592,19.15882585654425,84.9599451477067,1,0.55,0.4307291905927033,0.70132409788524,1905.8172729278872,0.5,0.6143838010355555,36,9
Jalna,2022-09-12,13,11,39,107.15496318639997,-11.896742641752988,18.06332110679766,82.83327239649002,1,0.55,0.4307291905927033,0.70132409788524,1905.8172729278872,0.5,0.6143838010355555,37,9
Jalna,2022-09-19,6,9,30,107.84527345383496,12.850190394751253,19.25701560899025,81.08199716246234,1,0.55,0.4307291905927033,0.70132409788524,1905.8172729278872,0.5,0.6143838010355555,38,9
Jalna,2022-09-26,12,6,26,82.81917659732457,2.7339353017865173,23.495502169170614,79.16442098324835,1,0.55,0.4307291905927033,0.70132409788524,1905.8172729278872,0.5,0.6143838010355555,39,9
Jalna,2022-10-03,2,2,7,9.297091248303955,-6.627959824791435,16.730836681475342,31.42410353107582,0,0.55,0.4307291905927033,0.70132409788524,1905.8172729278872,0.5,0.6143838010355555,40,10
Jalna,2022-10-10,0,3,6,2.7154511489648954,0.9356652659816054,16.684357869832976,38.90704952275081,0,0.55,0.4307291905927033,0.70132409788524,1905.8172729278872,0.5,0.6143838010355555,41,10
Jalna,2022-10-17,1,3,11,3.3224233764109066,2.3132572889787424,13.22937800542772,37.40599664822299,0,0.55,0.4307291905927033,0.70132409788524,1905.8172729278872,0.5,0.6143838010355555,42,10
Jalna,2022-10-24,3,0,12,19.245995027391796,-1.9143661256009894,17.55561162222959,43.613890262308736,0,0.55,0.4307291905927033,0.70132409788524,1905.8172729278872,0.5,0.6143838010355555,43,10
Jalna,2022-10-31,5,4,7,30.234027670259422,2.6130582764178523,13.145293986530799,38.60940010751001,0,0.55,0.4307291905927033,0.70132409788524,1905.8172729278872,0.5,0.6143838010355555,44,10
Jalna,2022-11-07,3,3,8,12.9068389643732,-2.5378546587342266,12.677478963076553,39.008203946609775,0,0.55,0.4307291905927033,0.70132409788524,1905.8172729278872,0.5,0.6143838010355555,45,11
Jalna,2022-11-14,0,1,4,5.050873335390079,-12.757731393148912,11.235475268771701,31.676840267363975,0,0.55,0.4307291905927033,0.70132409788524,1905.8172729278872,0.5,0.6143838010355555,46,11
Jalna,2022-11-21,2,2,11,24.212327050194073,-2.4223983533155815,10.830184515803593,42.07471124306313,0,0.55,0.4307291905927033,0.70132409788524,1905.8172729278872,0.5,0.6143838010355555,47,11
Jalna,2022-11-28,1,4,10,15.636248839592852,-13.238266045224343,9.52679379268963,44.50916185518135,0,0.55,0.4307291905927033,0.70132409788524,1905.8172729278872,0.5,0.6143838010355555,48,11
Jalna,2022-12-05,0,5,9,18.85066196246365,0.9805030601592607,7.910143877605306,37.52261122310673,0,0.55,0.4307291905927033,0.70132409788524,1905.8172729278872,0.5,0.6143838010355555,49,12
Jalna,2022-12-12,1,1,10,24.850896907932217,-7.129627979330691,8.475552692653723,39.75098737754492,0,0.55,0.4307291905927033,0.70132409788524,1905.8172729278872,0.5,0.6143838010355555,50,12
Jalna,2022-12-19,1,3,4,11.735902881877518,14.303958575581566,12.747442198200051,39.71784993724152,0,0.55,0.4307291905927033,0.70132409788524,1905.8172729278872,0.5,0.6143838010355555,51,12
Jalna,2022-12-26,1,4,6,19.805835815675206,-8.158459588128643,6.508421333853731,35.84314691072171,0,0.55,0.4307291905927033,0.70132409788524,1905.8172729278872,0.5,0.6143838010355555,52,12
Jalna,2023-01-02,2,5,15,25.985492431624024,-0.9485495905102328,6.732309010332133,41.25583292996726,0,0.55,0.4307291905927033,0.70132409788524,1905.8172729278872,0.5,0.6143838010355555,1,1
Jalna,2023-01-09,2,6,12,26.780224403960574,8.325627895749692,11.160348307873043,23.816325022683948,0,0.55,0.4307291905927033,0.70132409788524,1905.8172729278872,0.5,0.6143838010355555,2,1
Jalna,2023-01-16,1,5,10,19.29708600011997,3.6017630717681772,10.264583635630393,39.18611755142636,0,0.55,0.4307291905927033,0.70132409788524,1905.8172729278872,0.5,0.6143838010355555,3,1
Jalna,2023-01-23,2,2,7,16.368550091713423,2.312421604128512,10.074431202498292,39.62100193973115,0,0.55,0.4307291905927033,0.70132409788524,1905.8172729278872,0.5,0.6143838010355555,4,1
Jalna,2023-01-30,1,1,11,39.35487537635181,-7.039308007205357,11.18003703584964,47.28934093859006,0,0.55,0.4307291905927033,0.70132409788524,1905.8172729278872,0.5,0.6143838010355555,5,1
Jalna,2023-02-06,3,5,8,14.692924678206785,3.2732541230846413,16.584491766309622,46.43713598168819,0,0.55,0.4307291905927033,0.70132409788524,1905.8172729278872,0.5,0.6143838010355555,6,2
Jalna,2023-02-13,1,6,13,27.025750118764506,3.135413242314296,14.971860503451735,46.50326992972363,0,0.55,0.4307291905927033,0.70132409788524,1905.8172729278872,0.5,0.6143838010355555,7,2
Jalna,2023-02-20,2,2,7,22.586577418065335,11.731279644780944,15.00624357301836,34.52676440338415,0,0.55,0.4307291905927033,0.70132409788524,1905.8172729278872,0.5,0.6143838010355555,8,2
Jalna,2023-02-27,1,3,5,25.46232607779768,-1.976531741309885,15.975523673479563,44.36133299017618,0,0.55,0.4307291905927033,0.70132409788524,1905.8172729278872,0.5,0.6143838010355555,9,2
Jalna,2023-03-06,0,6,14,31.03322603544528,2.062617278415875,18.28332002053295,34.81557081022095,0,0.55,0.4307291905927033,0.70132409788524,1905.8172729278872,0.5,0.6143838010355555,10,3
Jalna,2023-03-13,1,3,9,9.181504981435332,0.8240923797138432,20.002497305113963,35.720934536656934,0,0.55,0.4307291905927033,0.70132409788524,1905.8172729278872,0.5,0.6143838010355555,11,3
Jalna,2023-03-20,2,3,12,13.312122648067241,-10.08580944996969,17.792449475409832,36.13054376206603,0,0.55,0.4307291905927033,0.70132409788524,1905.8172729278872,0.5,0.6143838010355555,12,3
Jalna,2023-03-27,2,2,8,13.59637901805527,12.350003670659165,17.366489846006832,39.437098667421296,0,0.55,0.4307291905927033,0.70132409788524,1905.8172729278872,0.5,0.6143838010355555,13,3
Jalna,2023-04-03,5,7,9,17.41759069045165,-12.42451134350375,26.895942808540124,46.905253872460655,0,0.55,0.4307291905927033,0.70132409788524,1905.8172729278872,0.5,0.6143838010355555,14,4
Jalna,2023-04-10,0,6,4,19.115478441026294,10.240620048788692,30.800161516695237,45.292822251458105,0,0.55,0.4307291905927033,0.70132409788524,1905.8172729278872,0.5,0.6143838010355555,15,4
Jalna,2023-04-17,2,10,9,19.36892157448434,-6.214279740507603,24.20642298011785,39.74107293458515,0,0.55,0.4307291905927033,0.70132409788524,1905.8172729278872,0.5,0.6143838010355555,16,4
Jalna,2023-04-24,2,4,9,26.46161590272626,20.593675875382303,23.835002845482716,38.09221225456398,0,0.55,0.4307291905927033,0.70132409788524,1905.8172729278872,0.5,0.6143838010355555,17,4
Jalna,2023-05-01,2,4,9,19.9594049728947,-12.854874807346459,29.532091017256786,40.36237783764625,0,0.55,0.4307291905927033,0.70132409788524,1905.8172729278872,0.5,0.6143838010355555,18,5
Jalna,2023-05-08,1,6,5,16.55451662805006,-3.4459068666023116,35.42796131857788,36.44229243428096,0,0.55,0.4307291905927033,0.70132409788524,1905.8172729278872,0.5,0.6143838010355555,19,5
Jalna,2023-05-15,0,5,10,7.483681914941213,-11.90362996907412,30.80792124208475,31.64613084244354,0,0.55,0.4307291905927033,0.70132409788524,1905.8172729278872,0.5,0.6143838010355555,20,5
Jalna,2023-05-22,3,2,9,19.88243062407544,13.718249499584527,26.76092785622391,43.85779019143839,0,0.55,0.4307291905927033,0.70132409788524,1905.8172729278872,0.5,0.6143838010355555,21,5
Jalna,2023-05-29,2,7,4,23.04563175790289,-6.138719854492841,30.703162628180163,44.435079387270164,0,0.55,0.4307291905927033,0.70132409788524,1905.8172729278872,0.5,0.6143838010355555,22,5
Jalna,2023-06-05,4,9,40,109.340154367253,-14.810861888989566,31.342984971682483,76.5096363637895,1,0.55,0.4307291905927033,0.70132409788524,1905.8172729278872,0.5,0.6143838010355555,23,6
Jalna,2023-06-12,4,10,46,116.09040125689484,-3.6424232339146294,33.9930001304581,81.3731857036879,1,0.55,0.4307291905927033,0.70132409788524,1905.8172729278872,0.5,0.6143838010355555,24,6
Jalna,2023-06-19,5,13,24,108.38757993054116,11.691239135093069,31.964348229284234,75.62639652517583,1,0.55,0.4307291905927033,0.70132409788524,1905.8172729278872,0.5,0.6143838010355555,25,6
Jalna,2023-06-26,8,8,40,97.23602350282786,-20.5440032323124,31.94928198593726,82.69016288831902,1,0.55,0.4307291905927033,0.70132409788524,1905.8172729278872,0.5,0.6143838010355555,26,6
Jalna,2023-07-03,8,7,37,104.10597971346189,26.363309067324828,30.441180947756575,75.6770343050094,1,0.55,0.4307291905927033,0.70132409788524,1905.8172729278872,0.5,0.6143838010355555,27,7
Jalna,2023-07-10,8,13,29,95.13530419332461,2.4679426580367423,26.72571974433304,82.62665283882652,1,0.55,0.4307291905927033,0.70132409788524,1905.8172729278872,0.5,0.6143838010355555,28,7
Jalna,2023-07-17,10,6,34,92.98439177038102,-7.71071796045091,31.36991532406418,69.47112170873513,1,0.55,0.4307291905927033,0.70132409788524,1905.8172729278872,0.5,0.6143838010355555,29,7
Jalna,2023-07-24,8,10,41,91.47832036741382,-17.336412297903138,31.735770246048606,82.42814826117439,1,0.55,0.4307291905927033,0.70132409788524,1905.8172729278872,0.5,0.6143838010355555,30,7
Jalna,2023-07-31,7,11,32,99.39138779074071,-16.15228579488846,31.660116387090955,79.1159271078475,1,0.55,0.4307291905927033,0.70132409788524,1905.8172729278872,0.5,0.6143838010355555,31,7
Jalna,2023-08-07,7,19,26,105.29484966419523,27.36369350708379,24.815844464717806,73.57295376834728,1,0.55,0.4307291905927033,0.70132409788524,1905.8172729278872,0.5,0.6143838010355555,32,8
Jalna,2023-08-14,7,17,41,94.096778959902,26.26099877798756,28.48037219538971,76.12890543809598,1,0.55,0.4307291905927033,0.70132409788524,1905.8172729278872,0.5,0.6143838010355555,33,8
Jalna,2023-08-21,9,12,18,90.29512360419427,-20.264923447848325,23.14266893776451,80.76672402590538,1,0.55,0.4307291905927033,0.70132409788524,1905.8172729278872,0.5,0.6143838010355555,34,8
Jalna,2023-08-28,6,16,31,92.3749963852603,-38.79682231657038,28.460489464564,88.74087691174061,1,0.55,0.4307291905927033,0.70132409788524,1905.8172729278872,0.5,0.6143838010355555,35,8
Jalna,2023-09-04,8,14,27,111.93330921295176,-46.57347299678465,20.077903557876784,89.50540205718616,1,0.55,0.4307291905927033,0.70132409788524,1905.8172729278872,0.5,0.6143838010355555,36,9
Jalna,2023-09-11,5,8,36,91.81124130265646,58.651749760010645,17.953932977497125,68.28703697787356,1,0.55,0.4307291905927033,0.70132409788524,1905.8172729278872,0.5,0.6143838010355555,37,9
Jalna,2023-09-18,7,12,36,104.40918822929476,-6.967267346723793,16.825235117553955,79.76704763395851,1,0.55,0.4307291905927033,0.70132409788524,1905.8172729278872,0.5,0.6143838010355555,38,9
Jalna,2023-09-25,3,13,34,98.0791773590549,26.322952491314023,18.220195574225748,74.51028227267189,1,0.55,0.4307291905927033,0.70132409788524,1905.8172729278872,0.5,0.6143838010355555,39,9
Jalna,2023-10-02,4,5,14,31.6640036444904,-1.966741140864094,16.188785763460242,38.436096070471365,0,0.55,0.4307291905927033,0.70132409788524,1905.8172729278872,0.5,0.6143838010355555,40,10
Jalna,2023-10-09,4,1,9,27.31519918697426,10.85419614359834,11.79514687352818,42.19954461404214,0,0.55,0.4307291905927033,0.70132409788524,1905.8172729278872,0.5,0.6143838010355555,41,10
Jalna,2023-10-16,1,2,12,11.224287633121225,-10.443399399251769,13.050414084144641,45.24005564676398,0,0.55,0.4307291905927033,0.70132409788524,1905.8172729278872,0.5,0.6143838010355555,42,10
Jalna,2023-10-23,2,2,8,3.6044984998589804,-6.16519021959377,14.138654458093034,32.87050490628586,0,0.55,0.4307291905927033,0.70132409788524,1905.8172729278872,0.5,0.6143838010355555,43,10
Jalna,2023-10-30,0,5,7,15.57649965328887,9.34551348151855,14.851257397847181,34.54606733988619,0,0.55,0.4307291905927033,0.70132409788524,1905.8172729278872,0.5,0.6143838010355555,44,10
Jalna,2023-11-06,0,4,10,8.091960566584497,-6.848812541923081,9.117639564920703,37.1890828640868,0,0.55,0.4307291905927033,0.70132409788524,1905.8172729278872,0.5,0.6143838010355555,45,11
Jalna,2023-11-13,1,5,6,24.391977317841036,-4.8584068196777475,11.772387242138816,44.41870422494932,0,0.55,0.4307291905927033,0.70132409788524,1905.8172729278872,0.5,0.6143838010355555,46,11
Jalna,2023-11-20,2,2,6,25.380938712672833,-5.153926345739941,10.091236129081926,37.17775882332458,0,0.55,0.4307291905927033,0.70132409788524,1905.8172729278872,0.5,0.6143838010355555,47,11
Jalna,2023-11-27,0,2,6,12.38639517337322,4.35232781334747,8.282997698692762,40.35090608368702,0,0.55,0.4307291905927033,0.70132409788524,1905.8172729278872,0.5,0.6143838010355555,48,11
Jalna,2023-12-04,1,5,6,1.9674362248162183,-3.6828240352530814,9.323676740950535,43.16814449136255,0,0.55,0.4307291905927033,0.70132409788524,1905.8172729278872,0.5,0.6143838010355555,49,12
Jalna,2023-12-11,2,5,13,23.4298750097849,12.262313866287787,6.869240664673451,40.36775271622662,0,0.55,0.4307291905927033,0.70132409788524,1905.8172729278872,0.5,0.6143838010355555,50,12
Jalna,2023-12-18,2,5,14,16.357727975565442,0.5129652627977901,6.527892523745277,36.23349026665439,0,0.55,0.4307291905927033,0.70132409788524,1905.8172729278872,0.5,0.6143838010355555,51,12
Jalna,2023-12-25,2,2,6,35.611408552131365,-1.4981880882960334,7.807121916607692,41.714714201252335,0,0.55,0.4307291905927033,0.70132409788524,1905.8172729278872,0.5,0.6143838010355555,52,12
Kolhapur,2022-01-03,2,5,14,23.579166508530953,-0.11929769942344924,7.614570844678089,44.64573124149596,0,0.5222222222222221,0.5427334329596294,0.6245361941539043,2569.3003697874974,0.4666666666666667,0.5501566799585248,1,1
Kolhapur,2022-01-10,4,6,11,21.354572509850822,-6.896366275086989,10.745591031421581,36.64780157797741,0,0.5222222222222221,0.5427334329596294,0.6245361941539043,2569.3003697874974,0.4666666666666667,0.5501566799585248,2,1
Kolhapur,2022-01-17,1,4,5,19.88662995285103,-2.248712870908689,10.80722883620071,39.894799229206505,0,0.5222222222222221,0.5427334329596294,0.6245361941539043,2569.3003697874974,0.4666666666666667,0.5501566799585248,3,1
Kolhapur,2022-01-24,2,5,11,12.35677185785186,0.4024734789643347,9.991624100501694,46.15637079806602,0,0.5222222222222221,0.5427334329596294,0.6245361941539043,2569.3003697874974,0.4666666666666667,0.5501566799585248,4,1
Kolhapur,2022-01-31,3,3,15,17.368664027965735,1.031301075805663,12.729481305784358,33.242512925212395,0,0.5222222222222221,0.5427334329596294,0.6245361941539043,2569.3003697874974,0.4666666666666667,0.5501566799585248,5,1
Kolhapur,2022-02-07,2,2,5,22.581088400499493,-13.161519694282937,14.57727989423346,42.792560393658675,0,0.5222222222222221,0.5427334329596294,0.6245361941539043,2569.3003697874974,0.4666666666666667,0.5501566799585248,6,2
Kolhapur,2022-02-14,2,7,14,20.6845665960602,-5.049086095761036,13.305564167674083,30.738978373485732,0,0.5222222222222221,0.5427334329596294,0.6245361941539043,2569.3003697874974,0.4666666666666667,0.5501566799585248,7,2
Kolhapur,2022-02-21,2,4,12,16.97568388681588,3.2889750446067385,13.686889730689325,45.313086964386606,0,0.5222222222222221,0.5427334329596294,0.6245361941539043,2569.3003697874974,0.4666666666666667,0.5501566799585248,8,2
Kolhapur,2022-02-28,2,2,6,12.068269260371611,14.04488341052964,12.257574916480042,36.54988315265904,0,0.5222222222222221,0.5427334329596294,0.6245361941539043,2569.3003697874974,0.4666666666666667,0.5501566799585248,9,2
Kolhapur,2022-03-07,2,5,10,34.96774289014712,7.203391783286083,19.87282067886474,47.54378900115408,0,0.5222222222222221,0.5427334329596294,0.6245361941539043,2569.3003697874974,0.4666666666666667,0.5501566799585248,10,3
Kolhapur,2022-03-14,4,4,11,6.911038337883813,-9.086481927980795,18.32084192236149,37.70910498159102,0,0.5222222222222221,0.5427334329596294,0.6245361941539043,2569.3003697874974,0.4666666666666667,0.5501566799585248,11,3
Kolhapur,2022-03-21,1,6,6,0.0,11.980488610539375,22.752520779656177,40.81869925397167,0,0.5222222222222221,0.5427334329596294,0.6245361941539043,2569.3003697874974,0.4666666666666667,0.5501566799585248,12,3
Kolhapur,2022-03-28,0,6,15,31.91402697181573,8.673542931617787,22.97271250654446,36.63641777209449,0,0.5222222222222221,0.5427334329596294,0.6245361941539043,2569.3003697874974,0.4666666666666667,0.5501566799585248,13,3
Kolhapur,2022-04-04,2,1,9,17.065315561134653,0.48506043004424837,23.080473964126,35.36104407837966,0,0.5222222222222221,0.5427334329596294,0.6245361941539043,2569.3003697874974,0.4666666666666667,0.5501566799585248,14,4
Kolhapur,2022-04-11,4,10,4,29.26610873459475,0.6929866764888517,23.305906357089043,24.44605291787655,0,0.5222222222222221,0.5427334329596294,0.6245361941539043,2569.3003697874974,0.4666666666666667,0.5501566799585248,15,4
Kolhapur,2022-04-18,5,9,5,19.202373918216185,12.44532180664468,26.3769425428356,31.809748179872052,0,0.5222222222222221,0.5427334329596294,0.6245361941539043,2569.3003697874974,0.4666666666666667,0.5501566799585248,16,4
Kolhapur,2022-04-25,1,5,10,14.942338069806695,6.736782374305907,24.114378126260366,52.7400187715035,0,0.5222222222222221,0.5427334329596294,0.6245361941539043,2569.3003697874974,0.4666666666666667,0.5501566799585248,17,4
Kolhapur,2022-05-02,3,1,6,13.893132895633968,11.262578483760128,32.9872763783056,34.39807008597986,0,0.5222222222222221,0.5427334329596294,0.6245361941539043,2569.3003697874974,0.4666666666666667,0.5501566799585248,18,5
Kolhapur,2022-05-09,3,3,5,0.9066852241250771,-3.5341332755647796,32.120379757726695,36.08145008932989,0,0.5222222222222221,0.5427334329596294,0.6245361941539043,2569.3003697874974,0.4666666666666667,0.5501566799585248,19,5
Kolhapur,2022-05-16,1,3,4,14.88339598845845,-12.246705712555066,30.779902902396824,41.760834181942386,0,0.5222222222222221,0.5427334329596294,0.6245361941539043,2569.3003697874974,0.4666666666666667,0.5501566799585248,20,5
Kolhapur,2022-05-23,3,9,7,23.35401327183035,-7.2593585330291655,30.838038292670987,37.23382063411713,0,0.5222222222222221,0.5427334329596294,0.6245361941539043,2569.3003697874974,0.4666666666666667,0.5501566799585248,21,5
Kolhapur,2022-05-30,1,4,12,30.835102294387724,17.05293068776492,32.90413856257402,31.768344402929188,0,0.5222222222222221,0.5427334329596294,0.6245361941539043,2569.3003697874974,0.4666666666666667,0.5501566799585248,22,5
Kolhapur,2022-06-06,8,11,41,111.06014529454586,-45.20781956709529,30.702655495650635,80.46782760454109,1,0.5222222222222221,0.5427334329596294,0.6245361941539043,2569.3003697874974,0.4666666666666667,0.5501566799585248,23,6
Kolhapur,2022-06-13,12,8,36,99.5057732032263,57.84000959196363,30.680378362077036,87.22970019139866,1,0.5222222222222221,0.5427334329596294,0.6245361941539043,2569.3003697874974,0.4666666666666667,0.5501566799585248,24,6
Kolhapur,2022-06-20,4,6,45,104.63378734125683,-12.632581086885576,30.98091093042192,79.94339014764975,1,0.5222222222222221,0.5427334329596294,0.6245361941539043,2569.3003697874974,0.4666666666666667,0.5501566799585248,25,6
Kolhapur,2022-06-27,5,13,34,83.60737410225629,-24.660279665023836,33.84928505738919,81.78912843411845,1,0.5222222222222221,0.5427334329596294,0.6245361941539043,2569.3003697874974,0.4666666666666667,0.5501566799585248,26,6
Kolhapur,2022-07-04,11,18,51,105.65093964648376,0.06773690116796714,33.454777654535526,73.52834215841493,1,0.5222222222222221,0.5427334329596294,0.6245361941539043,2569.3003697874974,0.4666666666666667,0.5501566799585248,27,7
Kolhapur,2022-07-11,10,11,37,108.13729598320577,-59.457987708196036,30.337849142453013,73.96124220184998,1,0.5222222222222221,0.5427334329596294,0.6245361941539043,2569.3003697874974,0.4666666666666667,0.5501566799585248,28,7
Kolhapur,2022-07-18,15,7,28,105.44474172773569,28.935040820955027,28.989011317861202,90.91049112635609,1,0.5222222222222221,0.5427334329596294,0.6245361941539043,2569.3003697874974,0.4666666666666667,0.5501566799585248,29,7
Kolhapur,2022-07-25,4,13,30,103.25503557179064,19.522690740450123,28.458546992623937,79.61392373610845,1,0.5222222222222221,0.5427334329596294,0.6245361941539043,2569.3003697874974,0.4666666666666667,0.5501566799585248,30,7
Kolhapur,2022-08-01,8,9,32,91.74444818912393,-63.77208154563612,25.786636745654857,80.99515329524738,1,0.5222222222222221,0.5427334329596294,0.6245361941539043,2569.3003697874974,0.4666666666666667,0.5501566799585248,31,8
Kolhapur,2022-08-08,11,14,36,117.69357165112856,17.473944746556562,29.70507740461323,81.50000014315961,1,0.5222222222222221,0.5427334329596294,0.6245361941539043,2569.3003697874974,0.4666666666666667,0.5501566799585248,32,8
Kolhapur,2022-08-15,5,9,35,85.8571226289417,28.232129214898656,24.257224782741808,86.3374707283255,1,0.5222222222222221,0.5427334329596294,0.6245361941539043,2569.3003697874974,0.4666666666666667,0.5501566799585248,33,8
Kolhapur,2022-08-22,9,7,34,87.64796344147084,-9.50184397454591,23.97335398473469,81.98890549676555,1,0.5222222222222221,0.5427334329596294,0.6245361941539043,2569.3003697874974,0.4666666666666667,0.5501566799585248,34,8
Kolhapur,2022-08-29,8,20,36,108.0281148946829,16.579791231193624,24.194283514802414,79.53943126457285,1,0.5222222222222221,0.5427334329596294,0.6245361941539043,2569.3003697874974,0.4666666666666667,0.5501566799585248,35,8
Kolhapur,2022-09-05,8,10,36,105.39839322757086,-43.38828192343303,22.108733211499903,88.48790917482366,1,0.5222222222222221,0.5427334329596294,0.6245361941539043,2569.3003697874974,0.4666666666666667,0.5501566799585248,36,9
Kolhapur,2022-09-12,4,12,50,92.10055072530355,7.920618730668631,18.885490133035194,67.03870108147413,1,0.5222222222222221,0.5427334329596294,0.6245361941539043,2569.3003697874974,0.4666666666666667,0.5501566799585248,37,9
Kolhapur,2022-09-19,8,6,40,101.6816260394714,0.772723501151206,22.005369975540845,75.40535285299536,1,0.5222222222222221,0.5427334329596294,0.6245361941539043,2569.3003697874974,0.4666666666666667,0.5501566799585248,38,9
Kolhapur,2022-09-26,7,8,35,98.36269994752709,4.584053817524243,19.381749095233445,77.71981282053977,1,0.5222222222222221,0.5427334329596294,0.6245361941539043,2569.3003697874974,0.4666666666666667,0.5501566799585248,39,9
Kolhapur,2022-10-03,6,5,11,23.897149478148712,7.887224933035469,16.43934373008913,39.207714135608704,0,0.5222222222222221,0.5427334329596294,0.6245361941539043,2569.3003697874974,0.4666666666666667,0.5501566799585248,40,10
Kolhapur,2022-10-10,4,5,16,40.2339368253857,-3.548505084179703,15.17229226970737,38.80809724434295,0,0.5222222222222221,0.5427334329596294,0.6245361941539043,2569.3003697874974,0.4666666666666667,0.5501566799585248,41,10
Kolhapur,2022-10-17,2,7,6,10.100615398128802,3.9677308543097434,13.642834978514351,44.32243951648061,0,0.5222222222222221,0.5427334329596294,0.6245361941539043,2569.3003697874974,0.4666666666666667,0.5501566799585248,42,10
Kolhapur,2022-10-24,3,1,7,10.796923553345108,-5.294682949528937,11.295104702892033,37.42205957707106,0,0.5222222222222221,0.5427334329596294,0.6245361941539043,2569.3003697874974,0.4666666666666667,0.5501566799585248,43,10
Kolhapur,2022-10-31,1,3,12,17.990845547873526,2.7694380684575632,13.73755034530792,31.48367649559556,0,0.5222222222222221,0.5427334329596294,0.6245361941539043,2569.3003697874974,0.4666666666666667,0.5501566799585248,44,10
Kolhapur,2022-11-07,0,6,8,1.6497686979747357,14.010229398831552,8.361041528513567,37.57649001566496,0,0.5222222222222221,0.5427334329596294,0.6245361941539043,2569.3003697874974,0.4666666666666667,0.5501566799585248,45,11
Kolhapur,2022-11-14,2,3,7,5.795935191597184,-0.8829990904194783,11.268189480508513,38.17283609005624,0,0.5222222222222221,0.5427334329596294,0.6245361941539043,2569.3003697874974,0.4666666666666667,0.5501566799585248,46,11
Kolhapur,2022-11-21,2,4,13,16.553789777917757,4.988145583812929,9.334999454810264,39.30128908401736,0,0.5222222222222221,0.5427334329596294,0.6245361941539043,2569.3003697874974,0.4666666666666667,0.5501566799585248,47,11
Kolhapur,2022-11-28,4,6,6,29.42159060287609,-11.353458413499716,13.24425833841277,36.139589466841585,0,0.5222222222222221,0.5427334329596294,0.6245361941539043,2569.3003697874974,0.4666666666666667,0.5501566799585248,48,11
Kolhapur,2022-12-05,5,1,13,46.29908433664263,-12.270525159847638,2.665380086544542,36.81209778447129,0,0.5222222222222221,0.5427334329596294,0.6245361941539043,2569.3003697874974,0.4666666666666667,0.5501566799585248,49,12
Kolhapur,2022-12-12,4,5,12,24.70968178782731,-7.798211209665435,9.238299203817334,40.13549197954253,0,0.5222222222222221,0.5427334329596294,0.6245361941539043,2569.3003697874974,0.4666666666666667,0.5501566799585248,50,12
Kolhapur,2022-12-19,2,3,10,22.884369491434306,8.755866731176111,6.360179145964223,24.64572005955701,0,0.5222222222222221,0.5427334329596294,0.6245361941539043,2569.3003697874974,0.4666666666666667,0.5501566799585248,51,12
Kolhapur,2022-12-26,2,5,13,39.720174680222755,-3.494705830363547,9.579239238127952,39.01801100606335,0,0.5222222222222221,0.5427334329596294,0.6245361941539043,2569.3003697874974,0.4666666666666667,0.5501566799585248,52,12
Kolhapur,2023-01-02,1,2,7,21.545943070674596,5.023098649645258,7.1454021654684094,44.209676015456395,0,0.5222222222222221,0.5427334329596294,0.6245361941539043,2569.3003697874974,0.4666666666666667,0.5501566799585248,1,1
Kolhapur,2023-01-09,3,3,6,0.0,-0.03435627852426393,9.246715637310126,43.72079094254995,0,0.5222222222222221,0.5427334329596294,0.6245361941539043,2569.3003697874974,0.4666666666666667,0.5501566799585248,2,1
Kolhapur,2023-01-16,3,4,8,18.150350347651276,12.882844151786625,9.660765719160713,36.25491107744827,0,0.5222222222222221,0.5427334329596294,0.6245361941539043,2569.3003697874974,0.4666666666666667,0.5501566799585248,3,1
Kolhapur,2023-01-23,2,6,11,33.21719600222477,-8.995394968162634,12.064044718961956,40.84796045486985,0,0.5222222222222221,0.5427334329596294,0.6245361941539043,2569.3003697874974,0.4666666666666667,0.5501566799585248,4,1
Kolhapur,2023-01-30,3,2,8,0.0,-16.8577290933153,9.572058883584353,37.06598364996621,0,0.5222222222222221,0.5427334329596294,0.6245361941539043,2569.3003697874974,0.4666666666666667,0.5501566799585248,5,1
Kolhapur,2023-02-06,1,3,6,17.77180789505905,-3.402704314091949,12.777335253905408,35.39619743719777,0,0.5222222222222221,0.5427334329596294,0.6245361941539043,2569.3003697874974,0.4666666666666667,0.5501566799585248,6,2
Kolhapur,2023-02-13,2,3,8,31.37445280733361,-18.565691072615603,14.686679824063432,48.872855735666796,0,0.5222222222222221,0.5427334329596294,0.6245361941539043,2569.3003697874974,0.4666666666666667,0.5501566799585248,7,2
Kolhapur,2023-02-20,1,2,8,3.8991108866525828,7.310589303796748,13.671506227855613,44.268446300554544,0,0.5222222222222221,0.5427334329596294,0.6245361941539043,2569.3003697874974,0.4666666666666667,0.5501566799585248,8,2
Kolhapur,2023-02-27,3,2,12,32.66641901907592,-1.2372128983951212,14.066566017205563,40.53440213711813,0,0.5222222222222221,0.5427334329596294,0.6245361941539043,2569.3003697874974,0.4666666666666667,0.5501566799585248,9,2
Kolhapur,2023-03-06,2,5,7,14.121152012196049,-6.548090781688129,17.487919408911356,46.3363375960118,0,0.5222222222222221,0.5427334329596294,0.6245361941539043,2569.3003697874974,0.4666666666666667,0.5501566799585248,10,3
Kolhapur,2023-03-13,2,8,21,12.394410158132898,-7.378534140418211,20.050694852081552,46.630777902521814,0,0.5222222222222221,0.5427334329596294,0.6245361941539043,2569.3003697874974,0.4666666666666667,0.5501566799585248,11,3
Kolhapur,2023-03-20,2,5,8,20.254393647471343,-20.942046318412885,17.590366290104914,40.89113321319271,0,0.5222222222222221,0.5427334329596294,0.6245361941539043,2569.3003697874974,0.4666666666666667,0.5501566799585248,12,3
Kolhapur,2023-03-27,2,5,6,14.956896880809289,-0.36242816692347185,20.93935899787304,43.28764257501099,0,0.5222222222222221,0.5427334329596294,0.6245361941539043,2569.3003697874974,0.4666666666666667,0.5501566799585248,13,3
Kolhapur,2023-04-03,2,7,5,5.43953128885949,-6.532600167504974,27.842632680659026,48.52318792098432,0,0.5222222222222221,0.5427334329596294,0.6245361941539043,2569.3003697874974,0.4666666666666667,0.5501566799585248,14,4
Kolhapur,2023-04-10,1,5,6,20.711717529831407,4.959354295819878,26.544668242802093,39.905140622164176,0,0.5222222222222221,0.5427334329596294,0.6245361941539043,2569.3003697874974,0.4666666666666667,0.5501566799585248,15,4
Kolhapur,2023-04-17,2,7,15,19.600028103696175,-4.199845596014019,29.909083715619943,38.99780587273753,0,0.5222222222222221,0.5427334329596294,0.6245361941539043,2569.3003697874974,0.4666666666666667,0.5501566799585248,16,4
Kolhapur,2023-04-24,1,3,13,22.27125951479169,-8.076875617602703,23.352549594817063,38.6058199621936,0,0.5222222222222221,0.5427334329596294,0.6245361941539043,2569.3003697874974,0.4666666666666667,0.5501566799585248,17,4
Kolhapur,2023-05-01,1,7,4,18.630017269353473,-0.05652475173104181,29.48122827594,38.22076317165834,0,0.5222222222222221,0.5427334329596294,0.6245361941539043,2569.3003697874974,0.4666666666666667,0.5501566799585248,18,5
Kolhapur,2023-05-08,0,7,6,30.89403907228681,2.3768483642294918,32.15745616937425,44.83323118339982,0,0.5222222222222221,0.5427334329596294,0.6245361941539043,2569.3003697874974,0.4666666666666667,0.5501566799585248,19,5
Kolhapur,2023-05-15,5,7,4,9.137928288749151,-14.69858012877754,26.951286869657494,43.67972142095823,0,0.5222222222222221,0.5427334329596294,0.6245361941539043,2569.3003697874974,0.4666666666666667,0.5501566799585248,20,5
Kolhapur,2023-05-22,4,7,4,24.936743719428875,10.460314463831493,29.70977436296752,39.15741624049586,0,0.5222222222222221,0.5427334329596294,0.6245361941539043,2569.3003697874974,0.4666666666666667,0.5501566799585248,21,5
Kolhapur,2023-05-29,1,6,9,23.88784235525363,-0.6586988341274393,29.79112221747955,43.79587344039882,0,0.5222222222222221,0.5427334329596294,0.6245361941539043,2569.3003697874974,0.4666666666666667,0.5501566799585248,22,5
Kolhapur,2023-06-05,7,12,37,81.54200099579484,-14.715388702551977,31.42557429863242,77.00484267838239,1,0.5222222222222221,0.5427334329596294,0.6245361941539043,2569.3003697874974,0.4666666666666667,0.5501566799585248,23,6
Kolhapur,2023-06-12,12,16,33,114.95028703567871,-15.493227024924545,32.60194755383022,74.0761166243679,1,0.5222222222222221,0.5427334329596294,0.6245361941539043,2569.3003697874974,0.4666666666666667,0.5501566799585248,24,6
Kolhapur,2023-06-19,4,17,45,103.99353509147488,-18.004875588926616,30.10140180255527,77.82748442655151,1,0.5222222222222221,0.5427334329596294,0.6245361941539043,2569.3003697874974,0.4666666666666667,0.5501566799585248,25,6
Kolhapur,2023-06-26,3,13,29,98.24666763862072,-8.783659485943515,33.969742457479676,88.63923815731391,1,0.5222222222222221,0.5427334329596294,0.6245361941539043,2569.3003697874974,0.4666666666666667,0.5501566799585248,26,6
Kolhapur,2023-07-03,6,6,28,116.39928816180328,-52.69175207405031,31.22960443617291,85.11554173195698,1,0.5222222222222221,0.5427334329596294,0.6245361941539043,2569.3003697874974,0.4666666666666667,0.5501566799585248,27,7
Kolhapur,2023-07-10,3,4,34,104.56871950873631,-23.8356112934339,27.92437256743139,77.95915138981752,1,0.5222222222222221,0.5427334329596294,0.6245361941539043,2569.3003697874974,0.4666666666666667,0.5501566799585248,28,7
Kolhapur,2023-07-17,4,16,37,104.1147991490744,49.280477031117144,30.72788710349083,75.79045464527186,1,0.5222222222222221,0.5427334329596294,0.6245361941539043,2569.3003697874974,0.4666666666666667,0.5501566799585248,29,7
Kolhapur,2023-07-24,11,12,36,99.31763886581324,1.1251710324758133,30.6754358565856,79.84166501445412,1,0.5222222222222221,0.5427334329596294,0.6245361941539043,2569.3003697874974,0.4666666666666667,0.5501566799585248,30,7
Kolhapur,2023-07-31,9,6,25,92.67401060896192,-35.534566802275,29.0144660147284,82.08815807017407,1,0.5222222222222221,0.5427334329596294,0.6245361941539043,2569.3003697874974,0.4666666666666667,0.5501566799585248,31,7
Kolhapur,2023-08-07,12,15,46,94.59587596648677,13.67294244018513,23.073210394675208,76.00509529654815,1,0.5222222222222221,0.5427334329596294,0.6245361941539043,2569.3003697874974,0.4666666666666667,0.5501566799585248,32,8
Kolhapur,2023-08-14,8,12,30,111.42706107230394,28.72144712118962,26.11990229838901,85.07721986937048,1,0.5222222222222221,0.5427334329596294,0.6245361941539043,2569.3003697874974,0.4666666666666667,0.5501566799585248,33,8
Kolhapur,2023-08-21,10,18,35,107.72539705475448,4.82610180500033,27.377796119931293,80.71831741220234,1,0.5222222222222221,0.5427334329596294,0.6245361941539043,2569.3003697874974,0.4666666666666667,0.5501566799585248,34,8
Kolhapur,2023-08-28,8,8,35,105.36106781736733,-8.79558133222558,24.157943044890878,80.2405642400106,1,0.5222222222222221,0.5427334329596294,0.6245361941539043,2569.3003697874974,0.4666666666666667,0.5501566799585248,35,8
Kolhapur,2023-09-04,5,8,47,98.96714499576744,-3.7342668211631707,18.968098247883862,85.8504871064294,1,0.5222222222222221,0.5427334329596294,0.6245361941539043,2569.3003697874974,0.4666666666666667,0.5501566799585248,36,9
Kolhapur,2023-09-11,9,12,40,108.9551268405538,4.17924883581737,22.407248769536253,80.8087839080772,1,0.5222222222222221,0.5427334329596294,0.6245361941539043,2569.3003697874974,0.4666666666666667,0.5501566799585248,37,9
Kolhapur,2023-09-18,7,4,38,105.06465042834076,-28.999290912177614,21.03117342213854,77.32746720843525,1,0.5222222222222221,0.5427334329596294,0.6245361941539043,2569.3003697874974,0.4666666666666667,0.5501566799585248,38,9
Kolhapur,2023-09-25,8,13,38,102.44391858607442,-40.4258759831073,20.976889198446806,74.122463694758,1,0.5222222222222221,0.5427334329596294,0.6245361941539043,2569.3003697874974,0.4666666666666667,0.5501566799585248,39,9
Kolhapur,2023-10-02,2,6,12,4.697390894921048,3.229781309368043,15.586397741038052,35.54889777726919,0,0.5222222222222221,0.5427334329596294,0.6245361941539043,2569.3003697874974,0.4666666666666667,0.5501566799585248,40,10
Kolhapur,2023-10-09,3,3,7,13.62751360884535,-4.648010265461487,14.840295664758372,42.19879899129446,0,0.5222222222222221,0.5427334329596294,0.6245361941539043,2569.3003697874974,0.4666666666666667,0.5501566799585248,41,10
Kolhapur,2023-10-16,2,8,7,12.927756612999397,0.2610711064101224,15.955340292997546,37.29440798977523,0,0.5222222222222221,0.5427334329596294,0.6245361941539043,2569.3003697874974,0.4666666666666667,0.5501566799585248,42,10
Kolhapur,2023-10-23,0,1,13,5.407518889559615,7.7297696176593895,15.087895040261362,46.21996750596316,0,0.5222222222222221,0.5427334329596294,0.6245361941539043,2569.3003697874974,0.4666666666666667,0.5501566799585248,43,10
Kolhapur,2023-10-30,1,5,4,16.926085922527857,-0.8795721969845831,10.564931105518832,43.87385921605776,0,0.5222222222222221,0.5427334329596294,0.6245361941539043,2569.3003697874974,0.4666666666666667,0.5501566799585248,44,10
Kolhapur,2023-11-06,3,7,19,29.130268968292327,17.70334653823917,9.393126946099269,42.605110043581014,0,0.5222222222222221,0.5427334329596294,0.6245361941539043,2569.3003697874974,0.4666666666666667,0.5501566799585248,45,11
Kolhapur,2023-11-13,2,5,10,27.4243020527485,13.878379403471886,11.246136014485746,42.18227635524307,0,0.5222222222222221,0.5427334329596294,0.6245361941539043,2569.3003697874974,0.4666666666666667,0.5501566799585248,46,11
Kolhapur,2023-11-20,4,4,7,16.37828599109431,-10.15939698469693,6.884002533350766,34.61866113407824,0,0.5222222222222221,0.5427334329596294,0.6245361941539043,2569.3003697874974,0.4666666666666667,0.5501566799585248,47,11
Kolhapur,2023-11-27,0,2,11,8.731251833453433,4.474224070357672,10.235168195706827,35.07959364339497,0,0.5222222222222221,0.5427334329596294,0.6245361941539043,2569.3003697874974,0.4666666666666667,0.5501566799585248,48,11
Kolhapur,2023-12-04,2,1,19,38.38324258818206,8.707795194891192,3.9979932001616394,39.6773261877027,0,0.5222222222222221,0.5427334329596294,0.6245361941539043,2569.3003697874974,0.4666666666666667,0.5501566799585248,49,12
Kolhapur,2023-12-11,2,2,8,20.439267507019004,-4.571363573996206,7.9883570917658435,42.79040548091814,0,0.5222222222222221,0.5427334329596294,0.6245361941539043,2569.3003697874974,0.4666666666666667,0.5501566799585248,50,12
Kolhapur,2023-12-18,4,2,14,44.003384500050416,-18.077466356845825,7.933849495272368,39.61039005417632,0,0.5222222222222221,0.5427334329596294,0.6245361941539043,2569.3003697874974,0.4666666666666667,0.5501566799585248,51,12
Kolhapur,2023-12-25,3,2,8,29.965510134041367,-17.704477912488933,6.461790904664667,45.49008205720687,0,0.5222222222222221,0.5427334329596294,0.6245361941539043,2569.3003697874974,0.4666666666666667,0.5501566799585248,52,12
Latur,2022-01-03,4,3,5,16.390854147229316,-4.640611464882662,9.628384366120068,30.539493398805085,0,0.5916666666666667,0.42056191540617166,0.6919726355930675,1334.7088043623298,0.55,0.6293433378226594,1,1
Latur,2022-01-10,1,4,7,19.45690735250698,-13.397068115251562,12.525425751601375,44.06322106202959,0,0.5916666666666667,0.42056191540617166,0.6919726355930675,1334.7088043623298,0.55,0.6293433378226594,2,1
Latur,2022-01-17,2,2,6,19.582945320142368,-18.54489191533706,8.670016123497442,44.985997346576184,0,0.5916666666666667,0.42056191540617166,0.6919726355930675,1334.7088043623298,0.55,0.6293433378226594,3,1
Latur,2022-01-24,2,2,7,9.82016709857282,-11.358276933189321,11.270751134344245,39.7892849550418,0,0.5916666666666667,0.42056191540617166,0.6919726355930675,1334.7088043623298,0.55,0.6293433378226594,4,1
Latur,2022-01-31,1,2,8,26.421946463154207,-1.763816102105861,9.405527835815915,27.197152531822844,0,0.5916666666666667,0.42056191540617166,0.6919726355930675,1334.7088043623298,0.55,0.6293433378226594,5,1
Latur,2022-02-07,2,3,14,39.65748921249926,-5.688692956213871,16.70598181388046,34.88991715606247,0,0.5916666666666667,0.42056191540617166,0.6919726355930675,1334.7088043623298,0.55,0.6293433378226594,6,2
Latur,2022-02-14,5,8,7,30.377244207679723,-3.57282262863917,13.530354346919225,49.55860371790618,0,0.5916666666666667,0.42056191540617166,0.6919726355930675,1334.7088043623298,0.55,0.6293433378226594,7,2
Latur,2022-02-21,5,6,10,16.9651070533664,-11.272870149228035,15.178279835467952,45.000585986511254,0,0.5916666666666667,0.42056191540617166,0.6919726355930675,1334.7088043623298,0.55,0.6293433378226594,8,2
Latur,2022-02-28,1,3,8,18.346444364213664,5.021533527354637,13.928409039467471,44.66489733187316,0,0.5916666666666667,0.42056191540617166,0.6919726355930675,1334.7088043623298,0.55,0.6293433378226594,9,2
Latur,2022-03-07,1,3,9,27.888353326499278,0.4653807768356695,17.179597082226863,41.259593448928435,0,0.5916666666666667,0.42056191540617166,0.6919726355930675,1334.7088043623298,0.55,0.6293433378226594,10,3
Latur,2022-03-14,3,4,11,12.417912360049232,13.19636560985864,20.151010344406448,43.31434179834417,0,0.5916666666666667,0.42056191540617166,0.6919726355930675,1334.7088043623298,0.55,0.6293433378226594,11,3
Latur,2022-03-21,4,2,8,18.459358400863053,-4.308535476670062,24.576881666861034,47.09295899973458,0,0.5916666666666667,0.42056191540617166,0.6919726355930675,1334.7088043623298,0.55,0.6293433378226594,12,3
Latur,2022-03-28,2,7,8,18.066315236886894,-8.222556488831234,21.630003510795234,28.842229262325674,0,0.5916666666666667,0.42056191540617166,0.6919726355930675,1334.7088043623298,0.55,0.6293433378226594,13,3
Latur,2022-04-04,2,4,9,27.66872219051868,-3.0648872191391865,24.33889782529655,44.744574570976695,0,0.5916666666666667,0.42056191540617166,0.6919726355930675,1334.7088043623298,0.55,0.6293433378226594,14,4
Latur,2022-04-11,1,5,9,6.14184664886638,5.592841526019504,25.855231289884625,35.43005311105931,0,0.5916666666666667,0.42056191540617166,0.6919726355930675,1334.7088043623298,0.55,0.6293433378226594,15,4
Latur,2022-04-18,2,5,8,25.156717084382514,-9.554623762626724,27.42267986305437,46.11327079833178,0,0.5916666666666667,0.42056191540617166,0.6919726355930675,1334.7088043623298,0.55,0.6293433378226594,16,4
Latur,2022-04-25,2,5,5,16.55618090477937,-5.414040723353219,25.94543964043715,35.65861107098265,0,0.5916666666666667,0.42056191540617166,0.6919726355930675,1334.7088043623298,0.55,0.6293433378226594,17,4
Latur,2022-05-02,1,7,7,27.432272156568203,0.6170797670448777,29.208728856495075,41.20320867319538,0,0.5916666666666667,0.42056191540617166,0.6919726355930675,1334.7088043623298,0.55,0.6293433378226594,18,5
Latur,2022-05-09,2,5,7,23.789733001889072,-5.874160655196002,31.501840999533226,38.007690228939055,0,0.5916666666666667,0.42056191540617166,0.6919726355930675,1334.7088043623298,0.55,0.6293433378226594,19,5
Latur,2022-05-16,2,7,11,11.339050386587017,9.549761523232943,31.249077263758227,33.46666401669357,0,0.5916666666666667,0.42056191540617166,0.6919726355930675,1334.7088043623298,0.55,0.6293433378226594,20,5
Latur,2022-05-23,3,3,6,5.004109610793554,14.079513112224355,30.51053861501138,38.34169541307474,0,0.5916666666666667,0.42056191540617166,0.6919726355930675,1334.7088043623298,0.55,0.6293433378226594,21,5
Latur,2022-05-30,1,8,10,14.542221899562747,-2.8533656999785912,30.68712739969118,36.07474944632039,0,0.5916666666666667,0.42056191540617166,0.6919726355930675,1334.7088043623298,0.55,0.6293433378226594,22,5
Latur,2022-06-06,5,10,32,90.7405951833656,-15.347424370481873,31.927741060424864,69.8207191280436,1,0.5916666666666667,0.42056191540617166,0.6919726355930675,1334.7088043623298,0.55,0.6293433378226594,23,6
Latur,2022-06-13,6,11,38,73.76305795062088,-37.48599959121011,27.256155338227924,78.08085208947328,1,0.5916666666666667,0.42056191540617166,0.6919726355930675,1334.7088043623298,0.55,0.6293433378226594,24,6
Latur,2022-06-20,9,8,32,104.63345164626452,12.417597350289261,34.4276427174032,88.04714973217342,1,0.5916666666666667,0.42056191540617166,0.6919726355930675,1334.7088043623298,0.55,0.6293433378226594,25,6
Latur,2022-06-27,7,9,30,99.00184413896174,-12.937349281472649,31.686878195738522,84.23699614524645,1,0.5916666666666667,0.42056191540617166,0.6919726355930675,1334.7088043623298,0.55,0.6293433378226594,26,6
Latur,2022-07-04,9,6,33,107.16789372552607,9.89463362773151,29.232447623463745,86.30365912864404,1,0.5916666666666667,0.42056191540617166,0.6919726355930675,1334.7088043623298,0.55,0.6293433378226594,27,7
Latur,2022-07-11,7,10,22,97.86483293708501,-45.121924402178685,33.31036418109462,88.71663878515527,1,0.5916666666666667,0.42056191540617166,0.6919726355930675,1334.7088043623298,0.55,0.6293433378226594,28,7
Latur,2022-07-18,7,11,30,90.47119269780816,35.60739383952534,28.648848880255688,89.30699355076808,1,0.5916666666666667,0.42056191540617166,0.6919726355930675,1334.7088043623298,0.55,0.6293433378226594,29,7
Latur,2022-07-25,7,9,20,96.66432110250885,-6.160240829749086,27.859895327331646,76.84109469602535,1,0.5916666666666667,0.42056191540617166,0.6919726355930675,1334.7088043623298,0.55,0.6293433378226594,30,7
Latur,2022-08-01,7,11,28,94.18141452198407,-16.765924174179613,26.4545385140694,86.8644909234839,1,0.5916666666666667,0.42056191540617166,0.6919726355930675,1334.7088043623298,0.55,0.6293433378226594,31,8
Latur,2022-08-08,10,14,35,119.29349603672355,5.810343539368838,26.256010390168104,77.58697283980034,1,0.5916666666666667,0.42056191540617166,0.6919726355930675,1334.7088043623298,0.55,0.6293433378226594,32,8
Latur,2022-08-15,5,7,28,92.90940862582389,15.606986973904847,24.44215604871801,72.36796002718994,1,0.5916666666666667,0.42056191540617166,0.6919726355930675,1334.7088043623298,0.55,0.6293433378226594,33,8
Latur,2022-08-22,6,8,28,98.80381697271709,5.594596622446647,27.015374563486585,79.6195733374717,1,0.5916666666666667,0.42056191540617166,0.6919726355930675,1334.7088043623298,0.55,0.6293433378226594,34,8
Latur,2022-08-29,10,14,35,104.11372782611792,-19.8192998945841,25.61506250200067,81.76415023393037,1,0.5916666666666667,0.42056191540617166,0.6919726355930675,1334.7088043623298,0.55,0.6293433378226594,35,8
Latur,2022-09-05,11,5,32,98.54539791399635,-87.09367278066,19.816852918593476,79.48624132213331,1,0.5916666666666667,0.42056191540617166,0.6919726355930675,1334.7088043623298,0.55,0.6293433378226594,36,9
Latur,2022-09-12,5,6,31,94.05008300512237,15.541114555987333,18.70140994708117,81.56273364272164,1,0.5916666666666667,0.42056191540617166,0.6919726355930675,1334.7088043623298,0.55,0.6293433378226594,37,9
Latur,2022-09-19,9,13,44,107.02691880159281,17.41439940869212,19.498516199569927,79.74334174183382,1,0.5916666666666667,0.42056191540617166,0.6919726355930675,1334.7088043623298,0.55,0.6293433378226594,38,9
Latur,2022-09-26,10,12,33,118.99374277751258,-48.531978965700716,23.167317683602356,82.36060368198574,1,0.5916666666666667,0.42056191540617166,0.6919726355930675,1334.7088043623298,0.55,0.6293433378226594,39,9
Latur,2022-10-03,3,3,8,18.853422613012096,-6.262679499228198,10.609462818684605,42.43595246896453,0,0.5916666666666667,0.42056191540617166,0.6919726355930675,1334.7088043623298,0.55,0.6293433378226594,40,10
Latur,2022-10-10,0,5,7,19.526561885737127,-0.9839890487948566,13.058832710674109,45.62205584241707,0,0.5916666666666667,0.42056191540617166,0.6919726355930675,1334.7088043623298,0.55,0.6293433378226594,41,10
Latur,2022-10-17,2,4,5,32.872729343294765,7.01246785952126,12.553884738482365,31.545536002575744,0,0.5916666666666667,0.42056191540617166,0.6919726355930675,1334.7088043623298,0.55,0.6293433378226594,42,10
Latur,2022-10-24,0,3,8,26.22560310102219,8.860197215699477,13.601410075438542,44.44953921705407,0,0.5916666666666667,0.42056191540617166,0.6919726355930675,1334.7088043623298,0.55,0.6293433378226594,43,10
Latur,2022-10-31,0,2,8,19.29626556699863,-12.036600760639866,11.160404888846106,46.57383351563758,0,0.5916666666666667,0.42056191540617166,0.6919726355930675,1334.7088043623298,0.55,0.6293433378226594,44,10
Latur,2022-11-07,2,2,9,20.24214709720767,7.354010446931425,9.759800960402089,49.80429362973029,0,0.5916666666666667,0.42056191540617166,0.6919726355930675,1334.7088043623298,0.55,0.6293433378226594,45,11
Latur,2022-11-14,0,4,6,29.84826187230759,11.351782012944508,9.124744688062671,42.19252755406791,0,0.5916666666666667,0.42056191540617166,0.6919726355930675,1334.7088043623298,0.55,0.6293433378226594,46,11
Latur,2022-11-21,3,1,10,30.386596247044324,5.156239390877159,12.711597897488778,30.86077660021876,0,0.5916666666666667,0.42056191540617166,0.6919726355930675,1334.7088043623298,0.55,0.6293433378226594,47,11
Latur,2022-11-28,4,2,9,37.10206648431068,-8.125987773440844,9.727475231412466,44.86081833484232,0,0.5916666666666667,0.42056191540617166,0.6919726355930675,1334.7088043623298,0.55,0.6293433378226594,48,11
Latur,2022-12-05,0,3,10,29.958276482392364,-8.945174609818833,7.262432494658468,39.752447542873746,0,0.5916666666666667,0.42056191540617166,0.6919726355930675,1334.7088043623298,0.55,0.6293433378226594,49,12
Latur,2022-12-12,0,0,8,18.866154259371466,-0.39234558476317066,10.985369412491309,35.86430547323747,0,0.5916666666666667,0.42056191540617166,0.6919726355930675,1334.7088043623298,0.55,0.6293433378226594,50,12
Latur,2022-12-19,0,2,6,27.883436534021836,2.369106301833917,8.045893973082013,34.72312276760145,0,0.5916666666666667,0.42056191540617166,0.6919726355930675,1334.7088043623298,0.55,0.6293433378226594,51,12
Latur,2022-12-26,1,1,8,17.46590327795534,-14.163822878633066,5.6960432786421675,39.73953422664314,0,0.5916666666666667,0.42056191540617166,0.6919726355930675,1334.7088043623298,0.55,0.6293433378226594,52,12
Latur,2023-01-02,2,3,3,21.478599711685895,-5.987471939207892,8.159789618232526,33.521112772461954,0,0.5916666666666667,0.42056191540617166,0.6919726355930675,1334.7088043623298,0.55,0.6293433378226594,1,1
Latur,2023-01-09,2,7,7,5.504594642382507,-8.883536931768857,6.154391965470371,45.685639909428545,0,0.5916666666666667,0.42056191540617166,0.6919726355930675,1334.7088043623298,0.55,0.6293433378226594,2,1
Latur,2023-01-16,4,3,8,44.45986887678491,-16.50419027894522,10.151248473920125,41.71262273636181,0,0.5916666666666667,0.42056191540617166,0.6919726355930675,1334.7088043623298,0.55,0.6293433378226594,3,1
Latur,2023-01-23,4,0,6,22.149874068581827,-20.7740810546446,9.32140827614129,44.44936362480598,0,0.5916666666666667,0.42056191540617166,0.6919726355930675,1334.7088043623298,0.55,0.6293433378226594,4,1
Latur,2023-01-30,3,4,10,21.328983631633587,15.237698137092838,7.220770488431198,36.44706377529928,0,0.5916666666666667,0.42056191540617166,0.6919726355930675,1334.7088043623298,0.55,0.6293433378226594,5,1
Latur,2023-02-06,1,4,8,24.590198708950176,-15.678770247841536,14.91131281582733,41.08898228201225,0,0.5916666666666667,0.42056191540617166,0.6919726355930675,1334.7088043623298,0.55,0.6293433378226594,6,2
Latur,2023-02-13,3,1,9,20.396348576763792,-6.25499824210459,12.56400303077133,39.841168980605595,0,0.5916666666666667,0.42056191540617166,0.6919726355930675,1334.7088043623298,0.55,0.6293433378226594,7,2
Latur,2023-02-20,2,3,9,31.28029406800185,-6.835306992473493,12.664542370993047,38.15666051334541,0,0.5916666666666667,0.42056191540617166,0.6919726355930675,1334.7088043623298,0.55,0.6293433378226594,8,2
Latur,2023-02-27,5,3,9,26.656679096911947,13.42755772028652,16.69831303458929,33.89307795558021,0,0.5916666666666667,0.42056191540617166,0.6919726355930675,1334.7088043623298,0.55,0.6293433378226594,9,2
Latur,2023-03-06,1,3,14,25.388799946799214,-6.122339108492184,17.573645582012137,40.262933056940675,0,0.5916666666666667,0.42056191540617166,0.6919726355930675,1334.7088043623298,0.55,0.6293433378226594,10,3
Latur,2023-03-13,4,4,17,25.64763994499186,-11.09972149885172,17.498281949109025,45.995087924707356,0,0.5916666666666667,0.42056191540617166,0.6919726355930675,1334.7088043623298,0.55,0.6293433378226594,11,3
Latur,2023-03-20,3,3,8,25.733124710469593,-11.410097570549267,23.644292927516588,40.40339942650144,0,0.5916666666666667,0.42056191540617166,0.6919726355930675,1334.7088043623298,0.55,0.6293433378226594,12,3
Latur,2023-03-27,2,3,9,8.362465499286246,4.292045777377179,20.09858548235222,38.182685384098676,0,0.5916666666666667,0.42056191540617166,0.6919726355930675,1334.7088043623298,0.55,0.6293433378226594,13,3
Latur,2023-04-03,2,3,7,22.668324392539837,7.577458162704093,24.552938324229856,41.63913634002977,0,0.5916666666666667,0.42056191540617166,0.6919726355930675,1334.7088043623298,0.55,0.6293433378226594,14,4
Latur,2023-04-10,0,4,5,14.264756773629877,7.461295775448288,29.844186244772715,39.878208908398385,0,0.5916666666666667,0.42056191540617166,0.6919726355930675,1334.7088043623298,0.55,0.6293433378226594,15,4
Latur,2023-04-17,0,7,8,14.703116667768358,-3.0994114514443587,27.81352052552296,31.071073008981156,0,0.5916666666666667,0.42056191540617166,0.6919726355930675,1334.7088043623298,0.55,0.6293433378226594,16,4
Latur,2023-04-24,4,3,10,41.12228237870728,4.130472237801915,27.33643983162759,51.33198401270816,0,0.5916666666666667,0.42056191540617166,0.6919726355930675,1334.7088043623298,0.55,0.6293433378226594,17,4
Latur,2023-05-01,1,8,10,25.377419151892106,5.419955921594496,30.177316420460258,38.39232662901326,0,0.5916666666666667,0.42056191540617166,0.6919726355930675,1334.7088043623298,0.55,0.6293433378226594,18,5
Latur,2023-05-08,3,4,8,21.085481582764206,-8.77912087592568,29.573419634375647,42.060114763978916,0,0.5916666666666667,0.42056191540617166,0.6919726355930675,1334.7088043623298,0.55,0.6293433378226594,19,5
Latur,2023-05-15,1,7,2,7.432515946285401,-3.197344816003558,31.854026277901166,47.27623643446558,0,0.5916666666666667,0.42056191540617166,0.6919726355930675,1334.7088043623298,0.55,0.6293433378226594,20,5
Latur,2023-05-22,1,6,8,20.664627438768182,5.4591891856521375,29.23376692725504,39.364412970890044,0,0.5916666666666667,0.42056191540617166,0.6919726355930675,1334.7088043623298,0.55,0.6293433378226594,21,5
Latur,2023-05-29,3,9,7,30.074771180960493,-2.3107891009585764,34.378523418900876,41.768823371925464,0,0.5916666666666667,0.42056191540617166,0.6919726355930675,1334.7088043623298,0.55,0.6293433378226594,22,5
Latur,2023-06-05,13,8,27,111.56539107940829,-42.440981474372286,31.941000231310444,77.24610946474239,1,0.5916666666666667,0.42056191540617166,0.6919726355930675,1334.7088043623298,0.55,0.6293433378226594,23,6
Latur,2023-06-12,6,11,38,93.46033087224308,9.739701910182683,28.608133903777983,76.01246266990017,1,0.5916666666666667,0.42056191540617166,0.6919726355930675,1334.7088043623298,0.55,0.6293433378226594,24,6
Latur,2023-06-19,6,11,36,98.73086681584205,-11.587393142230166,36.82639675773213,75.1963728344125,1,0.5916666666666667,0.42056191540617166,0.6919726355930675,1334.7088043623298,0.55,0.6293433378226594,25,6
Latur,2023-06-26,10,8,30,100.56153419131634,-2.404246731038827,34.20282312110139,89.42117411879475,1,0.5916666666666667,0.42056191540617166,0.6919726355930675,1334.7088043623298,0.55,0.6293433378226594,26,6
Latur,2023-07-03,8,3,31,89.44215563383251,37.50845896279176,29.557613346554525,80.47497163511014,1,0.5916666666666667,0.42056191540617166,0.6919726355930675,1334.7088043623298,0.55,0.6293433378226594,27,7
Latur,2023-07-10,8,8,21,96.63205312055283,54.881282816735016,32.37651576335508,79.3298709999523,1,0.5916666666666667,0.42056191540617166,0.6919726355930675,1334.7088043623298,0.55,0.6293433378226594,28,7
Latur,2023-07-17,6,9,42,103.99357680916916,-46.29086877466708,27.758257964513156,84.0783859792979,1,0.5916666666666667,0.42056191540617166,0.6919726355930675,1334.7088043623298,0.55,0.6293433378226594,29,7
Latur,2023-07-24,5,11,37,93.93191967518243,1.7283114309214371,29.898254343679923,78.84914819825647,1,0.5916666666666667,0.42056191540617166,0.6919726355930675,1334.7088043623298,0.55,0.6293433378226594,30,7
Latur,2023-07-31,9,15,31,104.35597746491098,28.958976001299856,31.377555937803535,83.71587545997208,1,0.5916666666666667,0.42056191540617166,0.6919726355930675,1334.7088043623298,0.55,0.6293433378226594,31,7
Latur,2023-08-07,6,8,32,88.06362693180165,62.228532918937574,25.72832129302725,68.82724062509561,1,0.5916666666666667,0.42056191540617166,0.6919726355930675,1334.7088043623298,0.55,0.6293433378226594,32,8
Latur,2023-08-14,6,6,33,93.77025347287426,-73.94685529853982,23.585221312560424,78.46232432494746,1,0.5916666666666667,0.42056191540617166,0.6919726355930675,1334.7088043623298,0.55,0.6293433378226594,33,8
Latur,2023-08-21,6,13,39,111.07747605265085,45.9801337160189,23.70266453172328,74.7296561341609,1,0.5916666666666667,0.42056191540617166,0.6919726355930675,1334.7088043623298,0.55,0.6293433378226594,34,8
Latur,2023-08-28,11,5,41,99.60951648176409,38.973613815518235,27.275682340862172,72.75508788708387,1,0.5916666666666667,0.42056191540617166,0.6919726355930675,1334.7088043623298,0.55,0.6293433378226594,35,8
Latur,2023-09-04,6,10,35,104.67280284868605,-23.339094279830945,17.710545521672998,77.13204064509613,1,0.5916666666666667,0.42056191540617166,0.6919726355930675,1334.7088043623298,0.55,0.6293433378226594,36,9
Latur,2023-09-11,9,11,34,96.84813395868903,-16.875539790079255,21.770075403177735,75.20484748594345,1,0.5916666666666667,0.42056191540617166,0.6919726355930675,1334.7088043623298,0.55,0.6293433378226594,37,9
Latur,2023-09-18,10,7,28,99.21177043471927,27.140579261192016,21.699275937030677,80.71305225553247,1,0.5916666666666667,0.42056191540617166,0.6919726355930675,1334.7088043623298,0.55,0.6293433378226594,38,9
Latur,2023-09-25,11,13,39,112.93243768280828,52.656060152053485,22.00820206060666,64.17789492268956,1,0.5916666666666667,0.42056191540617166,0.6919726355930675,1334.7088043623298,0.55,0.6293433378226594,39,9
Latur,2023-10-02,1,2,7,21.422483586136163,-0.4500188745593936,13.128613722455865,31.990319483232337,0,0.5916666666666667,0.42056191540617166,0.6919726355930675,1334.7088043623298,0.55,0.6293433378226594,40,10
Latur,2023-10-09,0,6,4,17.18198775856342,-4.130790105936488,15.182402880379843,39.218470316952256,0,0.5916666666666667,0.42056191540617166,0.6919726355930675,1334.7088043623298,0.55,0.6293433378226594,41,10
Latur,2023-10-16,3,6,7,36.89493570967813,1.239464105888861,13.413043922816623,45.79919408113193,0,0.5916666666666667,0.42056191540617166,0.6919726355930675,1334.7088043623298,0.55,0.6293433378226594,42,10
Latur,2023-10-23,3,3,6,15.966238196087158,3.958439027092611,13.77062039980658,46.21312089593427,0,0.5916666666666667,0.42056191540617166,0.6919726355930675,1334.7088043623298,0.55,0.6293433378226594,43,10
Latur,2023-10-30,0,4,8,12.862063062304046,-2.3810920575528245,14.505145924882827,41.66270789301668,0,0.5916666666666667,0.42056191540617166,0.6919726355930675,1334.7088043623298,0.55,0.6293433378226594,44,10
Latur,2023-11-06,2,2,10,31.37049131881654,9.398592193374292,9.370333811566626,31.72240136347746,0,0.5916666666666667,0.42056191540617166,0.6919726355930675,1334.7088043623298,0.55,0.6293433378226594,45,11
Latur,2023-11-13,1,3,8,30.882705619517044,-2.450861914415377,8.070315103135206,43.56174711702137,0,0.5916666666666667,0.42056191540617166,0.6919726355930675,1334.7088043623298,0.55,0.6293433378226594,46,11
Latur,2023-11-20,3,5,11,20.00412796189091,9.765579760089803,10.793363414247723,41.35312318797181,0,0.5916666666666667,0.42056191540617166,0.6919726355930675,1334.7088043623298,0.55,0.6293433378226594,47,11
Latur,2023-11-27,2,3,9,11.33677125982352,7.353618623336348,8.41926576581323,38.8193922359895,0,0.5916666666666667,0.42056191540617166,0.6919726355930675,1334.7088043623298,0.55,0.6293433378226594,48,11
Latur,2023-12-04,1,3,5,10.627448368312045,5.718211496633413,9.174054631026294,46.3391111085441,0,0.5916666666666667,0.42056191540617166,0.6919726355930675,1334.7088043623298,0.55,0.6293433378226594,49,12
Latur,2023-12-11,4,3,8,25.64270907898495,-2.3926487387387048,7.784375575496682,39.393457023717936,0,0.5916666666666667,0.42056191540617166,0.6919726355930675,1334.7088043623298,0.55,0.6293433378226594,50,12
Latur,2023-12-18,4,3,10,13.932031208131864,4.936753385214793,7.990791248039401,44.93964508009102,0,0.5916666666666667,0.42056191540617166,0.6919726355930675,1334.7088043623298,0.55,0.6293433378226594,51,12
Latur,2023-12-25,2,2,8,6.462409472871794,4.571421167330955,10.661414766046038,35.280267603467955,0,0.5916666666666667,0.42056191540617166,0.6919726355930675,1334.7088043623298,0.55,0.6293433378226594,52,12
Mumbai City,2022-01-03,2,6,15,29.40564716391214,-19.510351886538363,7.0033361408621,40.639202015836425,0,0.3,0.7152358539877215,0.34800079468797523,2589.933967743009,0.2,0.3161531470776458,1,1
Mumbai City,2022-01-10,2,5,11,13.190704555960586,12.225413386740303,9.298636190449132,37.85836088918447,0,0.3,0.7152358539877215,0.34800079468797523,2589.933967743009,0.2,0.3161531470776458,2,1
Mumbai City,2022-01-17,4,4,9,18.86052542345125,-8.401564769625281,7.958732723204257,43.252963939123504,0,0.3,0.7152358539877215,0.34800079468797523,2589.933967743009,0.2,0.3161531470776458,3,1
Mumbai City,2022-01-24,2,5,13,22.891193986899843,6.312882258385404,6.6933835148754035,38.401643918213495,0,0.3,0.7152358539877215,0.34800079468797523,2589.933967743009,0.2,0.3161531470776458,4,1
Mumbai City,2022-01-31,3,6,17,27.933472351999253,-3.487250722484376,8.682991569257602,44.28987940628577,0,0.3,0.7152358539877215,0.34800079468797523,2589.933967743009,0.2,0.3161531470776458,5,1
Mumbai City,2022-02-07,2,5,6,16.369461534349284,-3.817378939983291,11.608320708821921,42.43486240392791,0,0.3,0.7152358539877215,0.34800079468797523,2589.933967743009,0.2,0.3161531470776458,6,2
Mumbai City,2022-02-14,4,3,9,10.027531723985183,3.997742267234366,12.189041889279878,38.109187229803055,0,0.3,0.7152358539877215,0.34800079468797523,2589.933967743009,0.2,0.3161531470776458,7,2
Mumbai City,2022-02-21,4,3,8,14.058500443032056,-14.460578543884546,14.144259015427739,37.35253645468099,0,0.3,0.7152358539877215,0.34800079468797523,2589.933967743009,0.2,0.3161531470776458,8,2
Mumbai City,2022-02-28,2,5,18,8.112369456771491,-6.397515327497477,12.14684811718895,38.05095098422116,0,0.3,0.7152358539877215,0.34800079468797523,2589.933967743009,0.2,0.3161531470776458,9,2
Mumbai City,2022-03-07,1,5,8,0.0,2.6771146234383583,18.37411780937935,37.923213699101574,0,0.3,0.7152358539877215,0.34800079468797523,2589.933967743009,0.2,0.3161531470776458,10,3
Mumbai City,2022-03-14,1,8,22,37.67929913579883,1.3027452147288585,21.965479022046114,37.50352200730424,0,0.3,0.7152358539877215,0.34800079468797523,2589.933967743009,0.2,0.3161531470776458,11,3
Mumbai City,2022-03-21,5,4,19,15.450165196592199,-12.256057637672482,17.444124851360762,40.862939588610594,0,0.3,0.7152358539877215,0.34800079468797523,2589.933967743009,0.2,0.3161531470776458,12,3
Mumbai City,2022-03-28,3,4,11,36.509279322312494,17.23665720783297,19.640961573434797,38.08406339432006,0,0.3,0.7152358539877215,0.34800079468797523,2589.933967743009,0.2,0.3161531470776458,13,3
Mumbai City,2022-04-04,4,4,13,26.43938793276858,-20.501721010310227,25.902563196139763,35.783848648535646,0,0.3,0.7152358539877215,0.34800079468797523,2589.933967743009,0.2,0.3161531470776458,14,4
Mumbai City,2022-04-11,2,8,17,33.373981074427434,-1.5450567924990046,24.608114776658596,38.8807059155975,0,0.3,0.7152358539877215,0.34800079468797523,2589.933967743009,0.2,0.3161531470776458,15,4
Mumbai City,2022-04-18,3,4,13,18.373340794550924,-10.62414411859563,24.941121145267854,35.61569610916206,0,0.3,0.7152358539877215,0.34800079468797523,2589.933967743009,0.2,0.3161531470776458,16,4
Mumbai City,2022-04-25,2,2,10,37.286976444055924,-9.868570784282374,25.509444308115782,43.88668788030872,0,0.3,0.7152358539877215,0.34800079468797523,2589.933967743009,0.2,0.3161531470776458,17,4
Mumbai City,2022-05-02,3,5,12,24.715385225451392,10.127158178198286,30.703163500750197,41.758782041996014,0,0.3,0.7152358539877215,0.34800079468797523,2589.933967743009,0.2,0.3161531470776458,18,5
Mumbai City,2022-05-09,1,12,9,8.875885280165821,11.91142953088865,30.91780329570754,42.400717016958055,0,0.3,0.7152358539877215,0.34800079468797523,2589.933967743009,0.2,0.3161531470776458,19,5
Mumbai City,2022-05-16,2,12,13,2.432782175214175,3.2799548371410965,33.84700527374164,32.33069297541931,0,0.3,0.7152358539877215,0.34800079468797523,2589.933967743009,0.2,0.3161531470776458,20,5
Mumbai City,2022-05-23,3,10,14,27.823503424176614,-1.9065105750515945,32.7347990323479,43.7543449436563,0,0.3,0.7152358539877215,0.34800079468797523,2589.933967743009,0.2,0.3161531470776458,21,5
Mumbai City,2022-05-30,3,6,15,0.0,3.043667290302598,30.53637199187842,42.069451426863466,0,0.3,0.7152358539877215,0.34800079468797523,2589.933967743009,0.2,0.3161531470776458,22,5
Mumbai City,2022-06-06,10,18,60,102.70343239281726,-25.90035794218145,31.704942639519295,79.23738733773821,1,0.3,0.7152358539877215,0.34800079468797523,2589.933967743009,0.2,0.3161531470776458,23,6
Mumbai City,2022-06-13,18,20,38,108.4438519048532,0.3427816668197799,34.65792118087398,84.28396991283263,1,0.3,0.7152358539877215,0.34800079468797523,2589.933967743009,0.2,0.3161531470776458,24,6
Mumbai City,2022-06-20,8,15,58,95.42300569043175,3.236413330290991,34.61910136972105,71.98870229470538,1,0.3,0.7152358539877215,0.34800079468797523,2589.933967743009,0.2,0.3161531470776458,25,6
Mumbai City,2022-06-27,8,17,47,85.87234116107633,-69.30310309897932,32.10870717078076,77.64111983180833,1,0.3,0.7152358539877215,0.34800079468797523,2589.933967743009,0.2,0.3161531470776458,26,6
Mumbai City,2022-07-04,11,18,40,85.17814602557179,-70.00848359544915,29.03577596510291,83.7471694986387,1,0.3,0.7152358539877215,0.34800079468797523,2589.933967743009,0.2,0.3161531470776458,27,7
Mumbai City,2022-07-11,13,9,55,117.20769831165984,-41.4654454613112,31.1779597819331,74.79728030421232,1,0.3,0.7152358539877215,0.34800079468797523,2589.933967743009,0.2,0.3161531470776458,28,7
Mumbai City,2022-07-18,11,11,45,103.2866200228248,10.85765561786531,33.0336281564696,78.2860692456781,1,0.3,0.7152358539877215,0.34800079468797523,2589.933967743009,0.2,0.3161531470776458,29,7
Mumbai City,2022-07-25,10,17,47,120.76980529053753,2.081434053983361,30.712686032047415,85.38120078733192,1,0.3,0.7152358539877215,0.34800079468797523,2589.933967743009,0.2,0.3161531470776458,30,7
Mumbai City,2022-08-01,14,15,51,79.27016564008709,-33.521523389688234,25.082649430121332,78.53404206675619,1,0.3,0.7152358539877215,0.34800079468797523,2589.933967743009,0.2,0.3161531470776458,31,8
Mumbai City,2022-08-08,8,11,51,91.48462810814232,19.967557089402874,28.17057400889182,81.83265703618615,1,0.3,0.7152358539877215,0.34800079468797523,2589.933967743009,0.2,0.3161531470776458,32,8
Mumbai City,2022-08-15,11,11,37,80.09188004876002,-44.85182490681615,28.72772445962782,84.47592490985843,1,0.3,0.7152358539877215,0.34800079468797523,2589.933967743009,0.2,0.3161531470776458,33,8
Mumbai City,2022-08-22,10,8,46,108.97815408410548,48.868108428719744,24.059700960697175,75.5615217214272,1,0.3,0.7152358539877215,0.34800079468797523,2589.933967743009,0.2,0.3161531470776458,34,8
Mumbai City,2022-08-29,7,15,46,96.3822952255583,-28.23366287774875,25.10287158394329,82.2616697532157,1,0.3,0.7152358539877215,0.34800079468797523,2589.933967743009,0.2,0.3161531470776458,35,8
Mumbai City,2022-09-05,14,14,35,83.13531848765898,-24.786883990918575,20.495331802217887,79.10386687275123,1,0.3,0.7152358539877215,0.34800079468797523,2589.933967743009,0.2,0.3161531470776458,36,9
Mumbai City,2022-09-12,7,21,43,103.34295128497715,1.5342617565648535,18.468929445140574,84.50092282009982,1,0.3,0.7152358539877215,0.34800079468797523,2589.933967743009,0.2,0.3161531470776458,37,9
Mumbai City,2022-09-19,10,20,55,99.32019744015595,7.861074362231431,18.200610427024493,80.94921696418722,1,0.3,0.7152358539877215,0.34800079468797523,2589.933967743009,0.2,0.3161531470776458,38,9
Mumbai City,2022-09-26,9,17,39,119.97296530747994,-35.29844158287906,18.325073191829613,81.17724184154966,1,0.3,0.7152358539877215,0.34800079468797523,2589.933967743009,0.2,0.3161531470776458,39,9
Mumbai City,2022-10-03,3,5,4,15.763933935391616,-5.205884128554111,15.625202575507293,41.20829859910419,0,0.3,0.7152358539877215,0.34800079468797523,2589.933967743009,0.2,0.3161531470776458,40,10
Mumbai City,2022-10-10,2,3,13,22.352761115882636,-14.237344353990602,14.89264429508613,35.967005478463136,0,0.3,0.7152358539877215,0.34800079468797523,2589.933967743009,0.2,0.3161531470776458,41,10
Mumbai City,2022-10-17,4,5,11,24.711362933999293,-5.334523471647245,13.176723355567585,46.81321319901671,0,0.3,0.7152358539877215,0.34800079468797523,2589.933967743009,0.2,0.3161531470776458,42,10
Mumbai City,2022-10-24,4,5,10,26.99196731694888,20.52684981945891,14.343920664874123,38.313374189657466,0,0.3,0.7152358539877215,0.34800079468797523,2589.933967743009,0.2,0.3161531470776458,43,10
Mumbai City,2022-10-31,5,7,10,11.309527521352177,1.7739611463694045,16.425037673663205,38.381041478567,0,0.3,0.7152358539877215,0.34800079468797523,2589.933967743009,0.2,0.3161531470776458,44,10
Mumbai City,2022-11-07,7,5,9,43.826022826840735,4.201885987249374,10.383101437110767,39.165360349457174,0,0.3,0.7152358539877215,0.34800079468797523,2589.933967743009,0.2,0.3161531470776458,45,11
Mumbai City,2022-11-14,1,2,12,0.0,-9.63638444368804,7.777382922894885,38.994476727405846,0,0.3,0.7152358539877215,0.34800079468797523,2589.933967743009,0.2,0.3161531470776458,46,11
Mumbai City,2022-11-21,2,6,11,25.585489592742235,-2.2153611573080054,10.902664536005686,39.931766041023515,0,0.3,0.7152358539877215,0.34800079468797523,2589.933967743009,0.2,0.3161531470776458,47,11
Mumbai City,2022-11-28,1,3,12,5.033613100966736,-9.228864418952675,12.530052888027395,41.412934914596484,0,0.3,0.7152358539877215,0.34800079468797523,2589.933967743009,0.2,0.3161531470776458,48,11
Mumbai City,2022-12-05,5,7,15,31.877250932619365,-10.206230195133374,4.280329186908743,40.49517410503601,0,0.3,0.7152358539877215,0.34800079468797523,2589.933967743009,0.2,0.3161531470776458,49,12
Mumbai City,2022-12-12,1,6,8,26.353711428612776,7.400142363043355,9.27381256674442,41.70395704001053,0,0.3,0.7152358539877215,0.34800079468797523,2589.933967743009,0.2,0.3161531470776458,50,12
Mumbai City,2022-12-19,0,2,16,9.06528629538017,3.9699130449884,8.120771856848835,33.48673941582768,0,0.3,0.7152358539877215,0.34800079468797523,2589.933967743009,0.2,0.3161531470776458,51,12
Mumbai City,2022-12-26,3,5,10,9.175728026117131,-1.5105187760692926,6.507803486694973,33.74842230538427,0,0.3,0.7152358539877215,0.34800079468797523,2589.933967743009,0.2,0.3161531470776458,52,12
Mumbai City,2023-01-02,2,5,16,32.87331111605066,10.999796503420836,9.343237841524392,33.778970605695655,0,0.3,0.7152358539877215,0.34800079468797523,2589.933967743009,0.2,0.3161531470776458,1,1
Mumbai City,2023-01-09,4,8,8,8.605709989084254,-4.812411238654121,12.48324903441966,34.18960243632856,0,0.3,0.7152358539877215,0.34800079468797523,2589.933967743009,0.2,0.3161531470776458,2,1
Mumbai City,2023-01-16,3,6,11,16.640607749598523,19.050602140644703,9.678848108555986,48.768455133505405,0,0.3,0.7152358539877215,0.34800079468797523,2589.933967743009,0.2,0.3161531470776458,3,1
Mumbai City,2023-01-23,1,4,13,23.365831266054347,4.249658974361492,5.733761289175906,43.33286334304767,0,0.3,0.7152358539877215,0.34800079468797523,2589.933967743009,0.2,0.3161531470776458,4,1
Mumbai City,2023-01-30,2,8,8,19.534127296606606,2.7886428464723876,7.591909255339647,43.62141338728114,0,0.3,0.7152358539877215,0.34800079468797523,2589.933967743009,0.2,0.3161531470776458,5,1
Mumbai City,2023-02-06,2,5,11,15.686605617604895,-25.016998441596545,10.592014274779249,35.834816386019945,0,0.3,0.7152358539877215,0.34800079468797523,2589.933967743009,0.2,0.3161531470776458,6,2
Mumbai City,2023-02-13,2,4,17,18.525575100818326,15.882761071492624,12.755585109410564,50.30149085262039,0,0.3,0.7152358539877215,0.34800079468797523,2589.933967743009,0.2,0.3161531470776458,7,2
Mumbai City,2023-02-20,6,2,21,25.294134071257222,13.634287120856987,10.238403144051885,38.410467256857686,0,0.3,0.7152358539877215,0.34800079468797523,2589.933967743009,0.2,0.3161531470776458,8,2
Mumbai City,2023-02-27,1,5,14,36.47393997603329,3.0962008190916683,15.179093772071205,34.245677454072165,0,0.3,0.7152358539877215,0.34800079468797523,2589.933967743009,0.2,0.3161531470776458,9,2
Mumbai City,2023-03-06,2,4,14,0.0,3.828857363850495,12.703174349570432,31.382682962972908,0,0.3,0.7152358539877215,0.34800079468797523,2589.933967743009,0.2,0.3161531470776458,10,3
Mumbai City,2023-03-13,2,4,19,21.310271161934196,-10.023439806908012,19.78054509661142,39.821946319049545,0,0.3,0.7152358539877215,0.34800079468797523,2589.933967743009,0.2,0.3161531470776458,11,3
Mumbai City,2023-03-20,3,7,13,9.584123673787282,11.046792154025301,19.175326255590537,32.91578953701563,0,0.3,0.7152358539877215,0.34800079468797523,2589.933967743009,0.2,0.3161531470776458,12,3
Mumbai City,2023-03-27,6,3,16,34.7927451067423,17.94370054600359,22.62961574301181,39.45132909184908,0,0.3,0.7152358539877215,0.34800079468797523,2589.933967743009,0.2,0.3161531470776458,13,3
Mumbai City,2023-04-03,4,5,14,27.56248163629806,3.7884260345839444,23.530373826177044,47.21152395593122,0,0.3,0.7152358539877215,0.34800079468797523,2589.933967743009,0.2,0.3161531470776458,14,4
Mumbai City,2023-04-10,4,10,18,16.355617477355388,-21.80210064489474,26.07211985359559,39.97683513887827,0,0.3,0.7152358539877215,0.34800079468797523,2589.933967743009,0.2,0.3161531470776458,15,4
Mumbai City,2023-04-17,2,6,17,24.3751224861987,-12.417555288783927,25.591862831122302,40.54823877287004,0,0.3,0.7152358539877215,0.34800079468797523,2589.933967743009,0.2,0.3161531470776458,16,4
Mumbai City,2023-04-24,2,8,8,19.39748153598713,-10.719625522902192,26.91004744069504,47.225629784632666,0,0.3,0.7152358539877215,0.34800079468797523,2589.933967743009,0.2,0.3161531470776458,17,4
Mumbai City,2023-05-01,2,10,12,20.61916483679959,1.1039572561221853,29.575638519759927,33.009451701005744,0,0.3,0.7152358539877215,0.34800079468797523,2589.933967743009,0.2,0.3161531470776458,18,5
Mumbai City,2023-05-08,5,5,13,25.983470470748827,5.196605733465026,28.197629496319177,43.50361578429793,0,0.3,0.7152358539877215,0.34800079468797523,2589.933967743009,0.2,0.3161531470776458,19,5
Mumbai City,2023-05-15,0,8,12,24.50317278043813,0.03108550185636745,28.892678168844228,38.820853189125735,0,0.3,0.7152358539877215,0.34800079468797523,2589.933967743009,0.2,0.3161531470776458,20,5
Mumbai City,2023-05-22,2,4,9,20.61704634050368,0.3722783642157663,30.214711949988263,40.018981258107296,0,0.3,0.7152358539877215,0.34800079468797523,2589.933967743009,0.2,0.3161531470776458,21,5
Mumbai City,2023-05-29,5,8,12,21.840578312715657,9.626575724868413,30.93759537227752,37.19258486608558,0,0.3,0.7152358539877215,0.34800079468797523,2589.933967743009,0.2,0.3161531470776458,22,5
Mumbai City,2023-06-05,9,15,47,90.02148016755974,-2.545515949860293,28.799588301913044,76.19012770844871,1,0.3,0.7152358539877215,0.34800079468797523,2589.933967743009,0.2,0.3161531470776458,23,6
Mumbai City,2023-06-12,12,21,47,106.32857914607307,-0.3191602985457944,29.247225001844104,78.41901147709406,1,0.3,0.7152358539877215,0.34800079468797523,2589.933967743009,0.2,0.3161531470776458,24,6
Mumbai City,2023-06-19,12,10,46,107.50121812136945,58.013804555645606,35.92096920156605,73.86000059588751,1,0.3,0.7152358539877215,0.34800079468797523,2589.933967743009,0.2,0.3161531470776458,25,6
Mumbai City,2023-06-26,4,12,59,98.97603293388903,-19.516908612167764,30.651575076550984,76.43831467793646,1,0.3,0.7152358539877215,0.34800079468797523,2589.933967743009,0.2,0.3161531470776458,26,6
Mumbai City,2023-07-03,14,26,43,86.21990723152133,-54.318560399411844,25.89273728951005,74.02320512850949,1,0.3,0.7152358539877215,0.34800079468797523,2589.933967743009,0.2,0.3161531470776458,27,7
Mumbai City,2023-07-10,9,15,45,100.26585341326098,17.11611108415456,31.628686274743867,87.75940060061244,1,0.3,0.7152358539877215,0.34800079468797523,2589.933967743009,0.2,0.3161531470776458,28,7
Mumbai City,2023-07-17,11,13,37,109.67299235842772,45.50377971417744,28.798482866819885,81.50985371259635,1,0.3,0.7152358539877215,0.34800079468797523,2589.933967743009,0.2,0.3161531470776458,29,7
Mumbai City,2023-07-24,13,17,45,109.99336332474489,2.9224023887334596,31.98386086490173,77.76421171335026,1,0.3,0.7152358539877215,0.34800079468797523,2589.933967743009,0.2,0.3161531470776458,30,7
Mumbai City,2023-07-31,11,15,43,93.76399310741787,0.7006594834366637,29.192805947175536,88.10035154568025,1,0.3,0.7152358539877215,0.34800079468797523,2589.933967743009,0.2,0.3161531470776458,31,7
Mumbai City,2023-08-07,14,11,58,120.03509410401342,24.725988593875886,26.339413090285625,77.80473044947531,1,0.3,0.7152358539877215,0.34800079468797523,2589.933967743009,0.2,0.3161531470776458,32,8
Mumbai City,2023-08-14,11,15,48,74.53831865177136,18.42811315071192,27.507710139867363,78.74448705981544,1,0.3,0.7152358539877215,0.34800079468797523,2589.933967743009,0.2,0.3161531470776458,33,8
Mumbai City,2023-08-21,10,11,39,94.39245835912254,-0.6674338454763221,22.8742313093203,81.14385014464469,1,0.3,0.7152358539877215,0.34800079468797523,2589.933967743009,0.2,0.3161531470776458,34,8
Mumbai City,2023-08-28,20,16,44,89.25233986182286,26.2963081224456,26.540190868394575,82.05985791063377,1,0.3,0.7152358539877215,0.34800079468797523,2589.933967743009,0.2,0.3161531470776458,35,8
Mumbai City,2023-09-04,12,21,59,94.73284608053791,-30.971910586645425,24.619688844180157,81.63421735194011,1,0.3,0.7152358539877215,0.34800079468797523,2589.933967743009,0.2,0.3161531470776458,36,9
Mumbai City,2023-09-11,16,13,43,103.52627203917173,57.38864423195257,20.93235532439462,78.11893948108268,1,0.3,0.7152358539877215,0.34800079468797523,2589.933967743009,0.2,0.3161531470776458,37,9
Mumbai City,2023-09-18,17,18,48,103.76947785695373,-33.80963730602591,22.65726213369887,86.22817480085936,1,0.3,0.7152358539877215,0.34800079468797523,2589.933967743009,0.2,0.3161531470776458,38,9
Mumbai City,2023-09-25,10,12,36,114.73611392253096,36.781017297320396,14.265890092434514,78.41280722581159,1,0.3,0.7152358539877215,0.34800079468797523,2589.933967743009,0.2,0.3161531470776458,39,9
Mumbai City,2023-10-02,1,6,7,10.841765227035623,-6.719120236796768,16.954787268340073,37.28721089944087,0,0.3,0.7152358539877215,0.34800079468797523,2589.933967743009,0.2,0.3161531470776458,40,10
Mumbai City,2023-10-09,3,4,11,14.193485972544153,6.946706116284086,14.51181370020845,43.2587407070152,0,0.3,0.7152358539877215,0.34800079468797523,2589.933967743009,0.2,0.3161531470776458,41,10
Mumbai City,2023-10-16,2,4,12,17.90591172960392,3.905305963195172,16.802372550067794,40.9065710893071,0,0.3,0.7152358539877215,0.34800079468797523,2589.933967743009,0.2,0.3161531470776458,42,10
Mumbai City,2023-10-23,2,3,18,19.165512167734065,-4.399877045297088,8.088762351309864,33.76341265152916,0,0.3,0.7152358539877215,0.34800079468797523,2589.933967743009,0.2,0.3161531470776458,43,10
Mumbai City,2023-10-30,4,9,15,16.744549884804684,5.098982484765356,13.78955173149826,38.023779274982644,0,0.3,0.7152358539877215,0.34800079468797523,2589.933967743009,0.2,0.3161531470776458,44,10
Mumbai City,2023-11-06,1,3,14,31.250439217080253,-0.13415786924808767,5.086865639911033,39.046197698327255,0,0.3,0.7152358539877215,0.34800079468797523,2589.933967743009,0.2,0.3161531470776458,45,11
Mumbai City,2023-11-13,2,4,13,23.299435386572647,7.776095302785359,7.9887225168012055,44.390292894541,0,0.3,0.7152358539877215,0.34800079468797523,2589.933967743009,0.2,0.3161531470776458,46,11
Mumbai City,2023-11-20,1,3,14,8.499145058476365,7.119770229910514,7.244737018729097,37.168525422094966,0,0.3,0.7152358539877215,0.34800079468797523,2589.933967743009,0.2,0.3161531470776458,47,11
Mumbai City,2023-11-27,3,9,13,21.323465064026724,0.679131691693355,10.70395191387113,44.47802621657173,0,0.3,0.7152358539877215,0.34800079468797523,2589.933967743009,0.2,0.3161531470776458,48,11
Mumbai City,2023-12-04,6,5,10,23.09391570156945,9.814797493081159,5.67034380707792,50.043776930925695,0,0.3,0.7152358539877215,0.34800079468797523,2589.933967743009,0.2,0.3161531470776458,49,12
Mumbai City,2023-12-11,3,5,8,4.329417497645618,-7.24342519408201,6.836557301595507,38.172652029428875,0,0.3,0.7152358539877215,0.34800079468797523,2589.933967743009,0.2,0.3161531470776458,50,12
Mumbai City,2023-12-18,3,2,3,8.365262002077289,1.6205955906287475,9.459431347567417,32.06450849600879,0,0.3,0.7152358539877215,0.34800079468797523,2589.933967743009,0.2,0.3161531470776458,51,12
Mumbai City,2023-12-25,2,5,11,18.469741237937868,5.502024960264408,6.593861838204395,39.403169003615616,0,0.3,0.7152358539877215,0.34800079468797523,2589.933967743009,0.2,0.3161531470776458,52,12
Mumbai Suburban,2022-01-03,5,2,21,31.32689820519589,12.645398093380365,6.76416785589759,38.43822279172065,0,0.3138888888888889,0.7649995213577054,0.3605092004366446,2288.2621008325905,0.21666666666666667,0.31675933145867236,1,1
Mumbai Suburban,2022-01-10,3,4,20,49.14244648415419,-17.769866393260752,10.255720202966696,36.19904955690547,0,0.3138888888888889,0.7649995213577054,0.3605092004366446,2288.2621008325905,0.21666666666666667,0.31675933145867236,2,1
Mumbai Suburban,2022-01-17,6,3,11,11.692301183946643,1.4593829414477413,9.57361937591181,41.415342940049946,0,0.3138888888888889,0.7649995213577054,0.3605092004366446,2288.2621008325905,0.21666666666666667,0.31675933145867236,3,1
Mumbai Suburban,2022-01-24,4,9,12,31.695381472938838,-1.7865516901389018,8.219418032295405,37.46698652014398,0,0.3138888888888889,0.7649995213577054,0.3605092004366446,2288.2621008325905,0.21666666666666667,0.31675933145867236,4,1
Mumbai Suburban,2022-01-31,4,3,15,22.81955867394157,-6.986804359848298,9.429054349185266,32.00973812361643,0,0.3138888888888889,0.7649995213577054,0.3605092004366446,2288.2621008325905,0.21666666666666667,0.31675933145867236,5,1
Mumbai Suburban,2022-02-07,0,4,18,32.284208122801516,-6.3950339088747565,15.280427318657518,37.3084189856921,0,0.3138888888888889,0.7649995213577054,0.3605092004366446,2288.2621008325905,0.21666666666666667,0.31675933145867236,6,2
Mumbai Suburban,2022-02-14,1,5,12,21.784251975241027,-12.490599706780527,14.820424031359103,37.67115917570961,0,0.3138888888888889,0.7649995213577054,0.3605092004366446,2288.2621008325905,0.21666666666666667,0.31675933145867236,7,2
Mumbai Suburban,2022-02-21,2,6,8,22.598078568055094,10.249216931253994,13.672092999946006,37.09519905734258,0,0.3138888888888889,0.7649995213577054,0.3605092004366446,2288.2621008325905,0.21666666666666667,0.31675933145867236,8,2
Mumbai Suburban,2022-02-28,7,4,10,39.22946194066577,11.273547616424223,14.19520798499088,35.29734892249392,0,0.3138888888888889,0.7649995213577054,0.3605092004366446,2288.2621008325905,0.21666666666666667,0.31675933145867236,9,2
Mumbai Suburban,2022-03-07,1,6,13,25.06583154190254,-13.118031657772114,21.3424560232274,36.12674071868968,0,0.3138888888888889,0.7649995213577054,0.3605092004366446,2288.2621008325905,0.21666666666666667,0.31675933145867236,10,3
Mumbai Suburban,2022-03-14,2,3,14,42.67644203899255,-10.307170319323397,20.14083825465458,34.11899841678284,0,0.3138888888888889,0.7649995213577054,0.3605092004366446,2288.2621008325905,0.21666666666666667,0.31675933145867236,11,3
Mumbai Suburban,2022-03-21,5,5,21,15.486155490356047,0.7201764191705222,17.40931763106793,48.53045879063819,0,0.3138888888888889,0.7649995213577054,0.3605092004366446,2288.2621008325905,0.21666666666666667,0.31675933145867236,12,3
Mumbai Suburban,2022-03-28,3,5,14,23.015523068129042,10.155152164829296,16.68332886883551,39.96047742313382,0,0.3138888888888889,0.7649995213577054,0.3605092004366446,2288.2621008325905,0.21666666666666667,0.31675933145867236,13,3
Mumbai Suburban,2022-04-04,4,9,13,20.92354038254458,-19.209159258951814,26.954070254452915,39.997184514385204,0,0.3138888888888889,0.7649995213577054,0.3605092004366446,2288.2621008325905,0.21666666666666667,0.31675933145867236,14,4
Mumbai Suburban,2022-04-11,4,7,12,26.737943936677578,8.605297079614454,29.117632495598173,35.619450378860215,0,0.3138888888888889,0.7649995213577054,0.3605092004366446,2288.2621008325905,0.21666666666666667,0.31675933145867236,15,4
Mumbai Suburban,2022-04-18,2,2,8,20.326952252532706,-11.183058172065438,25.230899779964165,43.30689094945854,0,0.3138888888888889,0.7649995213577054,0.3605092004366446,2288.2621008325905,0.21666666666666667,0.31675933145867236,16,4
Mumbai Suburban,2022-04-25,1,5,15,26.556180611713827,-10.846106224362382,28.825026139922013,45.120494199205126,0,0.3138888888888889,0.7649995213577054,0.3605092004366446,2288.2621008325905,0.21666666666666667,0.31675933145867236,17,4
Mumbai Suburban,2022-05-02,1,3,11,9.355272538738276,-18.283953114415024,31.851962423444323,49.04457271041385,0,0.3138888888888889,0.7649995213577054,0.3605092004366446,2288.2621008325905,0.21666666666666667,0.31675933145867236,18,5
Mumbai Suburban,2022-05-09,1,3,11,9.364402705652825,1.9963501791151452,27.269899001035505,42.714291122387976,0,0.3138888888888889,0.7649995213577054,0.3605092004366446,2288.2621008325905,0.21666666666666667,0.31675933145867236,19,5
Mumbai Suburban,2022-05-16,1,8,16,15.500296181353509,-10.757359586452324,29.28316003413237,45.35652269464808,0,0.3138888888888889,0.7649995213577054,0.3605092004366446,2288.2621008325905,0.21666666666666667,0.31675933145867236,20,5
Mumbai Suburban,2022-05-23,1,9,13,0.0,-6.160490255561253,32.44300091392877,38.413566373737794,0,0.3138888888888889,0.7649995213577054,0.3605092004366446,2288.2621008325905,0.21666666666666667,0.31675933145867236,21,5
Mumbai Suburban,2022-05-30,5,3,14,36.04229104685014,-0.33294739516937566,28.06843603265309,36.61362907995361,0,0.3138888888888889,0.7649995213577054,0.3605092004366446,2288.2621008325905,0.21666666666666667,0.31675933145867236,22,5
Mumbai Suburban,2022-06-06,14,24,37,102.45371008995332,-53.29194889026884,30.692073732726158,81.07651314970757,1,0.3138888888888889,0.7649995213577054,0.3605092004366446,2288.2621008325905,0.21666666666666667,0.31675933145867236,23,6
Mumbai Suburban,2022-06-13,3,10,44,93.59509928144574,-8.12680881212812,31.52773981644403,76.3280612130435,1,0.3138888888888889,0.7649995213577054,0.3605092004366446,2288.2621008325905,0.21666666666666667,0.31675933145867236,24,6
Mumbai Suburban,2022-06-20,12,15,53,96.93302712174062,3.1407008966437804,35.3931733659417,73.29821895989399,1,0.3138888888888889,0.7649995213577054,0.3605092004366446,2288.2621008325905,0.21666666666666667,0.31675933145867236,25,6
Mumbai Suburban,2022-06-27,9,23,48,97.47937184596644,-23.579298237940662,31.42024876905026,80.9919058031322,1,0.3138888888888889,0.7649995213577054,0.3605092004366446,2288.2621008325905,0.21666666666666667,0.31675933145867236,26,6
Mumbai Suburban,2022-07-04,23,14,38,103.92010937365757,9.115122769126884,30.20922480657685,77.34589085935177,1,0.3138888888888889,0.7649995213577054,0.3605092004366446,2288.2621008325905,0.21666666666666667,0.31675933145867236,27,7
Mumbai Suburban,2022-07-11,9,10,62,111.22678254563739,-2.8258372605249993,28.170442654981823,85.94392057176937,1,0.3138888888888889,0.7649995213577054,0.3605092004366446,2288.2621008325905,0.21666666666666667,0.31675933145867236,28,7
Mumbai Suburban,2022-07-18,8,20,41,99.71916924895967,-19.80900348065967,31.556005724027422,82.38301483661989,1,0.3138888888888889,0.7649995213577054,0.3605092004366446,2288.2621008325905,0.21666666666666667,0.31675933145867236,29,7
Mumbai Suburban,2022-07-25,8,14,50,102.0541052696126,-14.342491732614734,33.00879805917308,77.53265895423063,1,0.3138888888888889,0.7649995213577054,0.3605092004366446,2288.2621008325905,0.21666666666666667,0.31675933145867236,30,7
Mumbai Suburban,2022-08-01,10,11,36,90.06302122893517,8.837785276751372,27.845279445575706,83.30018745895167,1,0.3138888888888889,0.7649995213577054,0.3605092004366446,2288.2621008325905,0.21666666666666667,0.31675933145867236,31,8
Mumbai Suburban,2022-08-08,6,15,48,95.07140231104441,-54.30639963260449,24.794561273939557,74.53552379450625,1,0.3138888888888889,0.7649995213577054,0.3605092004366446,2288.2621008325905,0.21666666666666667,0.31675933145867236,32,8
Mumbai Suburban,2022-08-15,8,11,44,105.30693938024733,-5.880128935350475,25.315694218535906,72.96542917199069,1,0.3138888888888889,0.7649995213577054,0.3605092004366446,2288.2621008325905,0.21666666666666667,0.31675933145867236,33,8
Mumbai Suburban,2022-08-22,18,16,51,90.84875340520499,12.217916812064056,26.774117458791487,74.2316254180012,1,0.3138888888888889,0.7649995213577054,0.3605092004366446,2288.2621008325905,0.21666666666666667,0.31675933145867236,34,8
Mumbai Suburban,2022-08-29,10,14,45,114.00881860312967,-31.418614391514314,24.40369328449033,81.05693237524133,1,0.3138888888888889,0.7649995213577054,0.3605092004366446,2288.2621008325905,0.21666666666666667,0.31675933145867236,35,8
Mumbai Suburban,2022-09-05,8,13,46,100.62698303236714,3.2260254016090326,20.43019627163807,83.8626990379138,1,0.3138888888888889,0.7649995213577054,0.3605092004366446,2288.2621008325905,0.21666666666666667,0.31675933145867236,36,9
Mumbai Suburban,2022-09-12,15,14,55,122.06525307140402,-15.713183356237062,20.84457803825072,85.34231033622149,1,0.3138888888888889,0.7649995213577054,0.3605092004366446,2288.2621008325905,0.21666666666666667,0.31675933145867236,37,9
Mumbai Suburban,2022-09-19,12,16,33,99.05034689407329,-9.96505589517016,25.407970214558773,81.97118824721015,1,0.3138888888888889,0.7649995213577054,0.3605092004366446,2288.2621008325905,0.21666666666666667,0.31675933145867236,38,9
Mumbai Suburban,2022-09-26,15,12,50,99.36491325561731,21.94477223822804,18.30651181423196,74.62213856928493,1,0.3138888888888889,0.7649995213577054,0.3605092004366446,2288.2621008325905,0.21666666666666667,0.31675933145867236,39,9
Mumbai Suburban,2022-10-03,1,5,11,14.784613552136166,-9.439535247220022,16.602316697304065,43.16710770513674,0,0.3138888888888889,0.7649995213577054,0.3605092004366446,2288.2621008325905,0.21666666666666667,0.31675933145867236,40,10
Mumbai Suburban,2022-10-10,0,7,11,23.35042367537413,0.5169832142861464,14.962057329527314,42.53864225819126,0,0.3138888888888889,0.7649995213577054,0.3605092004366446,2288.2621008325905,0.21666666666666667,0.31675933145867236,41,10
Mumbai Suburban,2022-10-17,2,5,11,25.48982874076911,7.260983614463345,12.137853024115797,35.00427554334494,0,0.3138888888888889,0.7649995213577054,0.3605092004366446,2288.2621008325905,0.21666666666666667,0.31675933145867236,42,10
Mumbai Suburban,2022-10-24,1,5,16,30.808562049508712,-2.943477235272498,13.087687607769288,42.18827836767153,0,0.3138888888888889,0.7649995213577054,0.3605092004366446,2288.2621008325905,0.21666666666666667,0.31675933145867236,43,10
Mumbai Suburban,2022-10-31,3,5,10,13.507370803898638,-14.855620032310714,14.18535889205801,36.158221702260434,0,0.3138888888888889,0.7649995213577054,0.3605092004366446,2288.2621008325905,0.21666666666666667,0.31675933145867236,44,10
Mumbai Suburban,2022-11-07,1,5,14,10.765202200666963,-10.439440714686421,9.529497312153632,39.549037933113055,0,0.3138888888888889,0.7649995213577054,0.3605092004366446,2288.2621008325905,0.21666666666666667,0.31675933145867236,45,11
Mumbai Suburban,2022-11-14,3,5,11,19.452955631507287,11.656720898838191,7.534531204847424,39.577400592442636,0,0.3138888888888889,0.7649995213577054,0.3605092004366446,2288.2621008325905,0.21666666666666667,0.31675933145867236,46,11
Mumbai Suburban,2022-11-21,2,2,9,24.776107297567705,7.893665556697053,10.824598627446097,38.928625287227675,0,0.3138888888888889,0.7649995213577054,0.3605092004366446,2288.2621008325905,0.21666666666666667,0.31675933145867236,47,11
Mumbai Suburban,2022-11-28,2,4,8,14.534622069716221,-19.84143223128996,12.078189931207282,40.066777957718365,0,0.3138888888888889,0.7649995213577054,0.3605092004366446,2288.2621008325905,0.21666666666666667,0.31675933145867236,48,11
Mumbai Suburban,2022-12-05,3,2,14,32.02700806536146,-4.266049830590996,10.329888890376255,44.638711997756026,0,0.3138888888888889,0.7649995213577054,0.3605092004366446,2288.2621008325905,0.21666666666666667,0.31675933145867236,49,12
Mumbai Suburban,2022-12-12,2,6,12,15.067781544940893,19.353811835291097,8.026751625431725,46.45514527592068,0,0.3138888888888889,0.7649995213577054,0.3605092004366446,2288.2621008325905,0.21666666666666667,0.31675933145867236,50,12
Mumbai Suburban,2022-12-19,3,4,16,32.57778950869443,11.402532809442803,8.023432835438731,28.08305648521319,0,0.3138888888888889,0.7649995213577054,0.3605092004366446,2288.2621008325905,0.21666666666666667,0.31675933145867236,51,12
Mumbai Suburban,2022-12-26,3,5,17,34.79462143852193,-1.900716729007449,3.8904773846494125,39.05706933496995,0,0.3138888888888889,0.7649995213577054,0.3605092004366446,2288.2621008325905,0.21666666666666667,0.31675933145867236,52,12
Mumbai Suburban,2023-01-02,5,2,19,21.50081130345024,3.239902562721444,12.02622429143749,47.85667908041184,0,0.3138888888888889,0.7649995213577054,0.3605092004366446,2288.2621008325905,0.21666666666666667,0.31675933145867236,1,1
Mumbai Suburban,2023-01-09,1,11,8,17.615636490196973,-1.1477794900192264,12.793519332832352,38.226513485201615,0,0.3138888888888889,0.7649995213577054,0.3605092004366446,2288.2621008325905,0.21666666666666667,0.31675933145867236,2,1
Mumbai Suburban,2023-01-16,5,5,13,23.08799276848166,-8.874638247421597,7.288016583052805,37.79044991460155,0,0.3138888888888889,0.7649995213577054,0.3605092004366446,2288.2621008325905,0.21666666666666667,0.31675933145867236,3,1
Mumbai Suburban,2023-01-23,4,5,7,14.642851272305998,-9.01034029254952,12.759050338928056,31.486106940533453,0,0.3138888888888889,0.7649995213577054,0.3605092004366446,2288.2621008325905,0.21666666666666667,0.31675933145867236,4,1
Mumbai Suburban,2023-01-30,1,7,20,41.06884733278146,-5.768484731483126,9.574021707119885,49.11027610671421,0,0.3138888888888889,0.7649995213577054,0.3605092004366446,2288.2621008325905,0.21666666666666667,0.31675933145867236,5,1
Mumbai Suburban,2023-02-06,0,7,13,10.2838122698704,7.39692508412923,15.638686194119494,53.01813149375205,0,0.3138888888888889,0.7649995213577054,0.3605092004366446,2288.2621008325905,0.21666666666666667,0.31675933145867236,6,2
Mumbai Suburban,2023-02-13,2,3,10,13.954013838204592,-18.42384462030672,10.166805064963578,33.70293466646933,0,0.3138888888888889,0.7649995213577054,0.3605092004366446,2288.2621008325905,0.21666666666666667,0.31675933145867236,7,2
Mumbai Suburban,2023-02-20,5,4,12,15.389737194191618,-4.332326566230212,14.6554929399039,42.92084536676145,0,0.3138888888888889,0.7649995213577054,0.3605092004366446,2288.2621008325905,0.21666666666666667,0.31675933145867236,8,2
Mumbai Suburban,2023-02-27,2,6,10,28.479587434636997,13.777362362747443,13.995499510991685,44.076580360858166,0,0.3138888888888889,0.7649995213577054,0.3605092004366446,2288.2621008325905,0.21666666666666667,0.31675933145867236,9,2
Mumbai Suburban,2023-03-06,3,3,13,24.84453439248422,12.177251874511363,21.83884735329397,47.6085022636848,0,0.3138888888888889,0.7649995213577054,0.3605092004366446,2288.2621008325905,0.21666666666666667,0.31675933145867236,10,3
Mumbai Suburban,2023-03-13,3,3,13,34.359940177677146,5.55240074279424,16.57705368053908,38.92377771711923,0,0.3138888888888889,0.7649995213577054,0.3605092004366446,2288.2621008325905,0.21666666666666667,0.31675933145867236,11,3
Mumbai Suburban,2023-03-20,2,6,13,14.580165997738074,11.482564245159883,21.084390571448512,41.22340962743675,0,0.3138888888888889,0.7649995213577054,0.3605092004366446,2288.2621008325905,0.21666666666666667,0.31675933145867236,12,3
Mumbai Suburban,2023-03-27,2,10,21,19.54441873245459,-4.871135608151781,19.3762173754892,50.10319849387916,0,0.3138888888888889,0.7649995213577054,0.3605092004366446,2288.2621008325905,0.21666666666666667,0.31675933145867236,13,3
Mumbai Suburban,2023-04-03,2,7,17,31.335687028756247,-9.41537602229801,26.402689706429843,42.19758072145714,0,0.3138888888888889,0.7649995213577054,0.3605092004366446,2288.2621008325905,0.21666666666666667,0.31675933145867236,14,4
Mumbai Suburban,2023-04-10,7,7,17,29.679988045538643,-0.8695997560602091,26.67961714898086,42.30109319717532,0,0.3138888888888889,0.7649995213577054,0.3605092004366446,2288.2621008325905,0.21666666666666667,0.31675933145867236,15,4
Mumbai Suburban,2023-04-17,1,8,16,22.047066860205298,11.789545785916484,24.205014058290676,35.035765960830304,0,0.3138888888888889,0.7649995213577054,0.3605092004366446,2288.2621008325905,0.21666666666666667,0.31675933145867236,16,4
Mumbai Suburban,2023-04-24,3,10,10,13.154439758201994,-6.830918015851747,29.074715103795604,41.05730076181958,0,0.3138888888888889,0.7649995213577054,0.3605092004366446,2288.2621008325905,0.21666666666666667,0.31675933145867236,17,4
Mumbai Suburban,2023-05-01,3,5,16,14.148115510729884,5.886401517374027,30.216491870674833,35.1530071113069,0,0.3138888888888889,0.7649995213577054,0.3605092004366446,2288.2621008325905,0.21666666666666667,0.31675933145867236,18,5
Mumbai Suburban,2023-05-08,3,6,10,19.792936358937663,-5.859182104515849,30.928630407323897,35.24731896407129,0,0.3138888888888889,0.7649995213577054,0.3605092004366446,2288.2621008325905,0.21666666666666667,0.31675933145867236,19,5
Mumbai Suburban,2023-05-15,3,6,14,34.359781248017754,-4.643803921954484,31.362701308368678,38.80191422282677,0,0.3138888888888889,0.7649995213577054,0.3605092004366446,2288.2621008325905,0.21666666666666667,0.31675933145867236,20,5
Mumbai Suburban,2023-05-22,8,7,12,32.86842262645503,-19.097629057462807,27.833311253585467,34.83983877419211,0,0.3138888888888889,0.7649995213577054,0.3605092004366446,2288.2621008325905,0.21666666666666667,0.31675933145867236,21,5
Mumbai Suburban,2023-05-29,1,8,17,20.675554840808246,1.1493391158101274,30.7161435799834,45.196845224592764,0,0.3138888888888889,0.7649995213577054,0.3605092004366446,2288.2621008325905,0.21666666666666667,0.31675933145867236,22,5
Mumbai Suburban,2023-06-05,4,10,42,99.74360939652325,-12.083488233187191,30.111154243193816,78.82424676692783,1,0.3138888888888889,0.7649995213577054,0.3605092004366446,2288.2621008325905,0.21666666666666667,0.31675933145867236,23,6
Mumbai Suburban,2023-06-12,2,16,49,110.460522510479,-14.095957476587182,31.66644853199603,83.74882776829061,1,0.3138888888888889,0.7649995213577054,0.3605092004366446,2288.2621008325905,0.21666666666666667,0.31675933145867236,24,6
Mumbai Suburban,2023-06-19,13,12,52,106.38759381675978,9.94625085401078,33.500296526464666,84.35987749859504,1,0.3138888888888889,0.7649995213577054,0.3605092004366446,2288.2621008325905,0.21666666666666667,0.31675933145867236,25,6
Mumbai Suburban,2023-06-26,12,12,45,108.2571364142531,23.096879438242933,33.93545077355895,82.88354180771701,1,0.3138888888888889,0.7649995213577054,0.3605092004366446,2288.2621008325905,0.21666666666666667,0.31675933145867236,26,6
Mumbai Suburban,2023-07-03,9,14,44,115.04506718589226,-19.832072874214205,31.394475710658195,85.32988814871567,1,0.3138888888888889,0.7649995213577054,0.3605092004366446,2288.2621008325905,0.21666666666666667,0.31675933145867236,27,7
Mumbai Suburban,2023-07-10,9,17,36,92.14203730617227,-15.488927905845257,32.59304620680771,83.37803316582239,1,0.3138888888888889,0.7649995213577054,0.3605092004366446,2288.2621008325905,0.21666666666666667,0.31675933145867236,28,7
Mumbai Suburban,2023-07-17,6,15,47,96.35571581935758,-12.615250303106727,29.324712966094847,80.03603530188185,1,0.3138888888888889,0.7649995213577054,0.3605092004366446,2288.2621008325905,0.21666666666666667,0.31675933145867236,29,7
Mumbai Suburban,2023-07-24,11,16,44,102.9891815258415,20.279365674207703,28.329900708534094,80.04586624091064,1,0.3138888888888889,0.7649995213577054,0.3605092004366446,2288.2621008325905,0.21666666666666667,0.31675933145867236,30,7
Mumbai Suburban,2023-07-31,19,22,50,102.30672302380626,35.89018456110741,30.54310393170539,79.16062965286844,1,0.3138888888888889,0.7649995213577054,0.3605092004366446,2288.2621008325905,0.21666666666666667,0.31675933145867236,31,7
Mumbai Suburban,2023-08-07,6,7,49,93.79178614319412,23.58597805958743,27.951968100588104,79.224348552338,1,0.3138888888888889,0.7649995213577054,0.3605092004366446,2288.2621008325905,0.21666666666666667,0.31675933145867236,32,8
Mumbai Suburban,2023-08-14,13,12,43,130.59531228996823,-32.58220747837437,23.48523505003726,82.55069357806721,1,0.3138888888888889,0.7649995213577054,0.3605092004366446,2288.2621008325905,0.21666666666666667,0.31675933145867236,33,8
Mumbai Suburban,2023-08-21,11,10,34,77.57172378389566,-39.66587898262346,24.925612411973162,75.84357082024462,1,0.3138888888888889,0.7649995213577054,0.3605092004366446,2288.2621008325905,0.21666666666666667,0.31675933145867236,34,8
Mumbai Suburban,2023-08-28,11,14,46,100.78617669531788,-25.884000587198102,27.617095499204037,77.19775595102814,1,0.3138888888888889,0.7649995213577054,0.3605092004366446,2288.2621008325905,0.21666666666666667,0.31675933145867236,35,8
Mumbai Suburban,2023-09-04,11,8,33,105.4387700411218,-14.549691727851721,23.77584794305893,79.99440139001055,1,0.3138888888888889,0.7649995213577054,0.3605092004366446,2288.2621008325905,0.21666666666666667,0.31675933145867236,36,9
Mumbai Suburban,2023-09-11,8,15,50,109.12152395976779,-21.659836192101352,20.44857879883385,73.63523785630133,1,0.3138888888888889,0.7649995213577054,0.3605092004366446,2288.2621008325905,0.21666666666666667,0.31675933145867236,37,9
Mumbai Suburban,2023-09-18,8,8,49,108.69675756694491,35.345545584515534,22.112771172061766,76.2239029029149,1,0.3138888888888889,0.7649995213577054,0.3605092004366446,2288.2621008325905,0.21666666666666667,0.31675933145867236,38,9
Mumbai Suburban,2023-09-25,13,11,62,112.65159945488327,0.7334616575935995,19.413193817872052,79.33949393593437,1,0.3138888888888889,0.7649995213577054,0.3605092004366446,2288.2621008325905,0.21666666666666667,0.31675933145867236,39,9
Mumbai Suburban,2023-10-02,2,5,10,27.54861892474043,-2.9456875466161137,8.967809608454472,29.359152290070938,0,0.3138888888888889,0.7649995213577054,0.3605092004366446,2288.2621008325905,0.21666666666666667,0.31675933145867236,40,10
Mumbai Suburban,2023-10-09,2,10,15,34.09906217275028,-6.8161455253043375,18.06280032955701,39.837628380412724,0,0.3138888888888889,0.7649995213577054,0.3605092004366446,2288.2621008325905,0.21666666666666667,0.31675933145867236,41,10
Mumbai Suburban,2023-10-16,2,5,13,6.786359283547307,-4.470725918678646,14.421069341578496,47.93001915479933,0,0.3138888888888889,0.7649995213577054,0.3605092004366446,2288.2621008325905,0.21666666666666667,0.31675933145867236,42,10
Mumbai Suburban,2023-10-23,5,5,9,16.658792666196916,12.49022696873495,15.375384370235567,49.83063735687795,0,0.3138888888888889,0.7649995213577054,0.3605092004366446,2288.2621008325905,0.21666666666666667,0.31675933145867236,43,10
Mumbai Suburban,2023-10-30,1,2,16,30.57189270241366,3.786393238380356,9.910543473990362,33.87304100265446,0,0.3138888888888889,0.7649995213577054,0.3605092004366446,2288.2621008325905,0.21666666666666667,0.31675933145867236,44,10
Mumbai Suburban,2023-11-06,3,5,10,25.7185918263671,-12.295073973595978,10.32195250712938,45.45791809688736,0,0.3138888888888889,0.7649995213577054,0.3605092004366446,2288.2621008325905,0.21666666666666667,0.31675933145867236,45,11
Mumbai Suburban,2023-11-13,2,5,15,25.228437607490303,8.889831804046482,12.454814099116803,44.97929362186181,0,0.3138888888888889,0.7649995213577054,0.3605092004366446,2288.2621008325905,0.21666666666666667,0.31675933145867236,46,11
Mumbai Suburban,2023-11-20,3,6,16,44.718090760554695,1.7050818601964934,9.027563606712235,40.02066441327433,0,0.3138888888888889,0.7649995213577054,0.3605092004366446,2288.2621008325905,0.21666666666666667,0.31675933145867236,47,11
Mumbai Suburban,2023-11-27,2,6,9,30.480295776172525,-4.664165060074345,7.390089204710659,41.14730182229215,0,0.3138888888888889,0.7649995213577054,0.3605092004366446,2288.2621008325905,0.21666666666666667,0.31675933145867236,48,11
Mumbai Suburban,2023-12-04,2,2,8,8.662289745802717,13.28478810791731,6.6870277863625525,50.066232273973,0,0.3138888888888889,0.7649995213577054,0.3605092004366446,2288.2621008325905,0.21666666666666667,0.31675933145867236,49,12
Mumbai Suburban,2023-12-11,2,1,12,11.870259753598194,2.3511994315166507,10.430964832995388,48.079912120810235,0,0.3138888888888889,0.7649995213577054,0.3605092004366446,2288.2621008325905,0.21666666666666667,0.31675933145867236,50,12
Mumbai Suburban,2023-12-18,5,2,6,23.33549011636205,1.855133065847436,9.375304969018025,42.730559154462235,0,0.3138888888888889,0.7649995213577054,0.3605092004366446,2288.2621008325905,0.21666666666666667,0.31675933145867236,51,12
Mumbai Suburban,2023-12-25,1,2,9,8.750706448978454,12.657749251665555,10.131370349440095,42.68716927113668,0,0.3138888888888889,0.7649995213577054,0.3605092004366446,2288.2621008325905,0.21666666666666667,0.31675933145867236,52,12
Nagpur,2022-01-03,2,4,3,42.06447379816809,-4.525699546941054,7.346667099756022,43.017564186622835,0,0.7305555555555556,0.2399441345365967,0.7949721531687137,2514.7593097081485,0.7166666666666668,0.7622222565823884,1,1
Nagpur,2022-01-10,1,2,8,1.8967455598804719,7.052367391088932,14.048081125597047,28.817881448663062,0,0.7305555555555556,0.2399441345365967,0.7949721531687137,2514.7593097081485,0.7166666666666668,0.7622222565823884,2,1
Nagpur,2022-01-17,0,2,7,14.0909692368106,-0.4414419078123425,10.190577806667788,41.872272712553325,0,0.7305555555555556,0.2399441345365967,0.7949721531687137,2514.7593097081485,0.7166666666666668,0.7622222565823884,3,1
Nagpur,2022-01-24,0,2,2,23.381975661581958,-9.339437169112403,9.688683245128738,36.12792596990302,0,0.7305555555555556,0.2399441345365967,0.7949721531687137,2514.7593097081485,0.7166666666666668,0.7622222565823884,4,1
Nagpur,2022-01-31,0,1,5,14.385002007083951,-3.8168161201053423,6.00187045210148,36.35357766099524,0,0.7305555555555556,0.2399441345365967,0.7949721531687137,2514.7593097081485,0.7166666666666668,0.7622222565823884,5,1
Nagpur,2022-02-07,2,5,5,24.81760478485896,3.59108214252633,14.020871678818724,36.82396888781709,0,0.7305555555555556,0.2399441345365967,0.7949721531687137,2514.7593097081485,0.7166666666666668,0.7622222565823884,6,2
Nagpur,2022-02-14,0,3,9,22.0865292097056,0.7797907132432526,12.109052340022775,46.690914681348495,0,0.7305555555555556,0.2399441345365967,0.7949721531687137,2514.7593097081485,0.7166666666666668,0.7622222565823884,7,2
Nagpur,2022-02-21,2,4,5,23.074782777298747,9.270627824533456,14.594455765494157,43.94113507849119,0,0.7305555555555556,0.2399441345365967,0.7949721531687137,2514.7593097081485,0.7166666666666668,0.7622222565823884,8,2
Nagpur,2022-02-28,3,2,7,17.361086143802485,-2.4464821190946253,13.35004540250305,39.07486940682776,0,0.7305555555555556,0.2399441345365967,0.7949721531687137,2514.7593097081485,0.7166666666666668,0.7622222565823884,9,2
Nagpur,2022-03-07,0,3,7,23.448381253884396,6.076113180937401,20.432790669361495,41.96787106920368,0,0.7305555555555556,0.2399441345365967,0.7949721531687137,2514.7593097081485,0.7166666666666668,0.7622222565823884,10,3
Nagpur,2022-03-14,0,2,5,15.272513660968464,0.5668023537366871,21.579311969897915,46.37774286534052,0,0.7305555555555556,0.2399441345365967,0.7949721531687137,2514.7593097081485,0.7166666666666668,0.7622222565823884,11,3
Nagpur,2022-03-21,1,1,6,29.569400600707034,8.134477327645111,22.90547813059351,41.088753829379364,0,0.7305555555555556,0.2399441345365967,0.7949721531687137,2514.7593097081485,0.7166666666666668,0.7622222565823884,12,3
Nagpur,2022-03-28,2,1,8,17.20564722788766,1.5080235612400548,18.63523013908344,35.68905165157454,0,0.7305555555555556,0.2399441345365967,0.7949721531687137,2514.7593097081485,0.7166666666666668,0.7622222565823884,13,3
Nagpur,2022-04-04,1,3,5,12.058317871107203,-0.3470227951186086,26.710103810367066,40.3422048939883,0,0.7305555555555556,0.2399441345365967,0.7949721531687137,2514.7593097081485,0.7166666666666668,0.7622222565823884,14,4
Nagpur,2022-04-11,0,4,7,36.649023735853106,-4.778095442180224,20.59597585371043,34.54317211477115,0,0.7305555555555556,0.2399441345365967,0.7949721531687137,2514.7593097081485,0.7166666666666668,0.7622222565823884,15,4
Nagpur,2022-04-18,2,3,8,5.556373353276083,4.606898911097304,27.02735662289633,34.253767789691295,0,0.7305555555555556,0.2399441345365967,0.7949721531687137,2514.7593097081485,0.7166666666666668,0.7622222565823884,16,4
Nagpur,2022-04-25,0,5,7,18.99807520953537,2.1894662080599088,24.14999127311784,47.22508808683906,0,0.7305555555555556,0.2399441345365967,0.7949721531687137,2514.7593097081485,0.7166666666666668,0.7622222565823884,17,4
Nagpur,2022-05-02,1,3,6,26.89764842781269,2.5465157976064043,32.62480027095826,48.21803880493866,0,0.7305555555555556,0.2399441345365967,0.7949721531687137,2514.7593097081485,0.7166666666666668,0.7622222565823884,18,5
Nagpur,2022-05-09,2,4,6,34.74474046343383,-5.189959214981639,27.946890297169574,47.78492208449191,0,0.7305555555555556,0.2399441345365967,0.7949721531687137,2514.7593097081485,0.7166666666666668,0.7622222565823884,19,5
Nagpur,2022-05-16,2,7,2,7.321963674977177,-6.533627004498465,34.70374891107997,35.44060816527007,0,0.7305555555555556,0.2399441345365967,0.7949721531687137,2514.7593097081485,0.7166666666666668,0.7622222565823884,20,5
Nagpur,2022-05-23,2,8,9,21.08170842569796,-3.6974330397115103,31.522399089549857,36.13109141182031,0,0.7305555555555556,0.2399441345365967,0.7949721531687137,2514.7593097081485,0.7166666666666668,0.7622222565823884,21,5
Nagpur,2022-05-30,2,3,6,7.49709651043807,-5.8063899988636685,34.37929610405406,45.83412600632507,0,0.7305555555555556,0.2399441345365967,0.7949721531687137,2514.7593097081485,0.7166666666666668,0.7622222565823884,22,5
Nagpur,2022-06-06,9,12,10,91.78557343888397,-14.259268523908766,28.803024660014678,78.74084330671738,1,0.7305555555555556,0.2399441345365967,0.7949721531687137,2514.7593097081485,0.7166666666666668,0.7622222565823884,23,6
Nagpur,2022-06-13,11,5,26,111.66709389353824,11.182372965784042,34.34118070652249,81.4156932827941,1,0.7305555555555556,0.2399441345365967,0.7949721531687137,2514.7593097081485,0.7166666666666668,0.7622222565823884,24,6
Nagpur,2022-06-20,5,13,28,115.04778389686172,-6.989764654630613,30.477541368791844,81.73484246454862,1,0.7305555555555556,0.2399441345365967,0.7949721531687137,2514.7593097081485,0.7166666666666668,0.7622222565823884,25,6
Nagpur,2022-06-27,6,4,17,91.15531908076238,13.446291101550766,33.103648038355914,83.84296149253238,1,0.7305555555555556,0.2399441345365967,0.7949721531687137,2514.7593097081485,0.7166666666666668,0.7622222565823884,26,6
Nagpur,2022-07-04,7,11,22,97.26116604451475,16.237937145288512,30.37956220894093,77.80144700722266,1,0.7305555555555556,0.2399441345365967,0.7949721531687137,2514.7593097081485,0.7166666666666668,0.7622222565823884,27,7
Nagpur,2022-07-11,2,4,19,99.99333821836525,-28.59436285197527,31.95730806930636,81.87325045005105,1,0.7305555555555556,0.2399441345365967,0.7949721531687137,2514.7593097081485,0.7166666666666668,0.7622222565823884,28,7
Nagpur,2022-07-18,6,4,25,93.25264558671587,17.42733782152095,27.354322894427035,79.56910079513618,1,0.7305555555555556,0.2399441345365967,0.7949721531687137,2514.7593097081485,0.7166666666666668,0.7622222565823884,29,7
Nagpur,2022-07-25,5,13,22,105.37884468466035,7.870747023142136,27.786104083451043,91.56677408082365,1,0.7305555555555556,0.2399441345365967,0.7949721531687137,2514.7593097081485,0.7166666666666668,0.7622222565823884,30,7
Nagpur,2022-08-01,1,8,16,81.6370543535495,-31.14679857259137,26.922083926360404,76.34589503098314,1,0.7305555555555556,0.2399441345365967,0.7949721531687137,2514.7593097081485,0.7166666666666668,0.7622222565823884,31,8
Nagpur,2022-08-08,7,7,24,101.34459934840243,-18.722371795099207,27.874154821927984,80.256944765112,1,0.7305555555555556,0.2399441345365967,0.7949721531687137,2514.7593097081485,0.7166666666666668,0.7622222565823884,32,8
Nagpur,2022-08-15,8,10,24,104.4045394174112,10.932777335874595,27.230671564324407,79.83891236553319,1,0.7305555555555556,0.2399441345365967,0.7949721531687137,2514.7593097081485,0.7166666666666668,0.7622222565823884,33,8
Nagpur,2022-08-22,5,9,18,105.64571065029364,13.290770359172885,27.58020888824768,74.32838495900988,1,0.7305555555555556,0.2399441345365967,0.7949721531687137,2514.7593097081485,0.7166666666666668,0.7622222565823884,34,8
Nagpur,2022-08-29,6,5,21,106.05550350677024,17.271383083930953,26.565970602631648,74.46773239733282,1,0.7305555555555556,0.2399441345365967,0.7949721531687137,2514.7593097081485,0.7166666666666668,0.7622222565823884,35,8
Nagpur,2022-09-05,7,5,28,84.70015663430313,-18.04757796964181,18.84153051673224,80.53029944419319,1,0.7305555555555556,0.2399441345365967,0.7949721531687137,2514.7593097081485,0.7166666666666668,0.7622222565823884,36,9
Nagpur,2022-09-12,3,8,24,106.16357622753,-2.795600529993599,17.80726482243523,83.28149180732017,1,0.7305555555555556,0.2399441345365967,0.7949721531687137,2514.7593097081485,0.7166666666666668,0.7622222565823884,37,9
Nagpur,2022-09-19,8,8,19,107.1556276684292,-28.763693376966557,23.98561002519817,82.79117647957341,1,0.7305555555555556,0.2399441345365967,0.7949721531687137,2514.7593097081485,0.7166666666666668,0.7622222565823884,38,9
Nagpur,2022-09-26,4,7,25,106.05413967229477,-58.09992352981786,19.227247727812976,86.84992205593115,1,0.7305555555555556,0.2399441345365967,0.7949721531687137,2514.7593097081485,0.7166666666666668,0.7622222565823884,39,9
Nagpur,2022-10-03,0,0,7,19.39126204248286,-25.132131670848615,16.036349482604248,40.39716747755913,0,0.7305555555555556,0.2399441345365967,0.7949721531687137,2514.7593097081485,0.7166666666666668,0.7622222565823884,40,10
Nagpur,2022-10-10,2,7,8,35.395035437608755,11.615180375069782,15.943244656293562,47.353603439283795,0,0.7305555555555556,0.2399441345365967,0.7949721531687137,2514.7593097081485,0.7166666666666668,0.7622222565823884,41,10
Nagpur,2022-10-17,1,4,7,22.446635374115438,4.095050914459185,13.245078908195962,31.456245611501643,0,0.7305555555555556,0.2399441345365967,0.7949721531687137,2514.7593097081485,0.7166666666666668,0.7622222565823884,42,10
Nagpur,2022-10-24,4,0,13,28.463621586502338,10.432965544001346,15.50939192304605,46.161521015816625,0,0.7305555555555556,0.2399441345365967,0.7949721531687137,2514.7593097081485,0.7166666666666668,0.7622222565823884,43,10
Nagpur,2022-10-31,1,1,4,20.13094789804533,-8.249558755568701,10.64379998131058,39.260021047320826,0,0.7305555555555556,0.2399441345365967,0.7949721531687137,2514.7593097081485,0.7166666666666668,0.7622222565823884,44,10
Nagpur,2022-11-07,1,5,11,26.418937693753527,4.166431121473821,12.513200748568385,40.49902255677262,0,0.7305555555555556,0.2399441345365967,0.7949721531687137,2514.7593097081485,0.7166666666666668,0.7622222565823884,45,11
Nagpur,2022-11-14,1,3,2,31.686353011760893,1.9021599862036433,5.464307467150492,34.37921506814608,0,0.7305555555555556,0.2399441345365967,0.7949721531687137,2514.7593097081485,0.7166666666666668,0.7622222565823884,46,11
Nagpur,2022-11-21,1,4,3,23.34573531909648,-6.246680183152486,6.41072393354891,38.23720743173211,0,0.7305555555555556,0.2399441345365967,0.7949721531687137,2514.7593097081485,0.7166666666666668,0.7622222565823884,47,11
Nagpur,2022-11-28,1,2,5,19.0412695832765,18.338801252101362,7.085833449510169,36.04203702672808,0,0.7305555555555556,0.2399441345365967,0.7949721531687137,2514.7593097081485,0.7166666666666668,0.7622222565823884,48,11
Nagpur,2022-12-05,1,1,7,15.493948731291216,-6.156699610900916,8.99229655177816,40.695621592088706,0,0.7305555555555556,0.2399441345365967,0.7949721531687137,2514.7593097081485,0.7166666666666668,0.7622222565823884,49,12
Nagpur,2022-12-12,0,0,4,8.65952190034135,-3.9561195457146714,4.282484623209696,42.57337244108657,0,0.7305555555555556,0.2399441345365967,0.7949721531687137,2514.7593097081485,0.7166666666666668,0.7622222565823884,50,12
Nagpur,2022-12-19,1,3,4,28.608110591147568,-1.5067960306474462,8.070736367305004,43.059952859511995,0,0.7305555555555556,0.2399441345365967,0.7949721531687137,2514.7593097081485,0.7166666666666668,0.7622222565823884,51,12
Nagpur,2022-12-26,1,5,4,19.858971406954215,10.191190172400246,6.9653577610845145,33.88801513813225,0,0.7305555555555556,0.2399441345365967,0.7949721531687137,2514.7593097081485,0.7166666666666668,0.7622222565823884,52,12
Nagpur,2023-01-02,3,1,5,36.534504465807004,2.1273738603828467,7.492327298527396,40.60075236734541,0,0.7305555555555556,0.2399441345365967,0.7949721531687137,2514.7593097081485,0.7166666666666668,0.7622222565823884,1,1
Nagpur,2023-01-09,1,1,3,11.941340099588958,-1.117067977751983,12.23325011934317,34.06142331312962,0,0.7305555555555556,0.2399441345365967,0.7949721531687137,2514.7593097081485,0.7166666666666668,0.7622222565823884,2,1
Nagpur,2023-01-16,2,4,1,12.346944028537564,-1.719658448062168,8.860457483863003,46.78359508332963,0,0.7305555555555556,0.2399441345365967,0.7949721531687137,2514.7593097081485,0.7166666666666668,0.7622222565823884,3,1
Nagpur,2023-01-23,3,2,9,36.21771169804157,4.668720594320553,10.339482983046706,50.0477926315626,0,0.7305555555555556,0.2399441345365967,0.7949721531687137,2514.7593097081485,0.7166666666666668,0.7622222565823884,4,1
Nagpur,2023-01-30,0,0,5,19.514778453878108,-0.6882651299538983,9.375777669221984,46.084770946712055,0,0.7305555555555556,0.2399441345365967,0.7949721531687137,2514.7593097081485,0.7166666666666668,0.7622222565823884,5,1
Nagpur,2023-02-06,1,5,13,29.767331727278876,3.879833793827167,14.580463708833848,47.28598166113778,0,0.7305555555555556,0.2399441345365967,0.7949721531687137,2514.7593097081485,0.7166666666666668,0.7622222565823884,6,2
Nagpur,2023-02-13,0,2,12,44.98053555193202,0.564800283676564,12.864704470265478,47.13835025068789,0,0.7305555555555556,0.2399441345365967,0.7949721531687137,2514.7593097081485,0.7166666666666668,0.7622222565823884,7,2
Nagpur,2023-02-20,1,3,6,28.335334244241906,1.8155354560327865,16.81076353878743,38.651196302490135,0,0.7305555555555556,0.2399441345365967,0.7949721531687137,2514.7593097081485,0.7166666666666668,0.7622222565823884,8,2
Nagpur,2023-02-27,0,1,4,12.764703322501909,-11.044164486422323,13.08319933751185,42.82029148643741,0,0.7305555555555556,0.2399441345365967,0.7949721531687137,2514.7593097081485,0.7166666666666668,0.7622222565823884,9,2
Nagpur,2023-03-06,1,7,2,11.851352723636268,1.6181715523140943,22.43121755169758,46.339140635478124,0,0.7305555555555556,0.2399441345365967,0.7949721531687137,2514.7593097081485,0.7166666666666668,0.7622222565823884,10,3
Nagpur,2023-03-13,2,2,6,33.859218143229526,-17.163184630403414,20.38638835127844,42.51436921689763,0,0.7305555555555556,0.2399441345365967,0.7949721531687137,2514.7593097081485,0.7166666666666668,0.7622222565823884,11,3
Nagpur,2023-03-20,2,5,4,2.2358786955428727,10.175331945297962,21.76014803016879,40.34064732367921,0,0.7305555555555556,0.2399441345365967,0.7949721531687137,2514.7593097081485,0.7166666666666668,0.7622222565823884,12,3
Nagpur,2023-03-27,5,6,12,32.85114542184843,-1.4344080199804994,18.480904210447115,38.82998502135519,0,0.7305555555555556,0.2399441345365967,0.7949721531687137,2514.7593097081485,0.7166666666666668,0.7622222565823884,13,3
Nagpur,2023-04-03,2,5,7,26.054741788707933,-6.4397689400938996,29.39988328777081,40.2073979399114,0,0.7305555555555556,0.2399441345365967,0.7949721531687137,2514.7593097081485,0.7166666666666668,0.7622222565823884,14,4
Nagpur,2023-04-10,0,2,6,18.056002017085795,2.9555303075781643,24.89961499032067,49.83545889929317,0,0.7305555555555556,0.2399441345365967,0.7949721531687137,2514.7593097081485,0.7166666666666668,0.7622222565823884,15,4
Nagpur,2023-04-17,3,1,6,25.6467271427683,-4.573166554481606,20.611813740525307,32.245774079764104,0,0.7305555555555556,0.2399441345365967,0.7949721531687137,2514.7593097081485,0.7166666666666668,0.7622222565823884,16,4
Nagpur,2023-04-24,2,4,9,25.693665919565888,14.20395416326041,26.41694745358333,46.22932626878964,0,0.7305555555555556,0.2399441345365967,0.7949721531687137,2514.7593097081485,0.7166666666666668,0.7622222565823884,17,4
Nagpur,2023-05-01,0,5,5,26.312655165291265,12.09576188868559,32.01967458412844,35.658139493101935,0,0.7305555555555556,0.2399441345365967,0.7949721531687137,2514.7593097081485,0.7166666666666668,0.7622222565823884,18,5
Nagpur,2023-05-08,2,6,4,31.26262576972454,-5.151747327687346,30.63145200963355,44.47445998311286,0,0.7305555555555556,0.2399441345365967,0.7949721531687137,2514.7593097081485,0.7166666666666668,0.7622222565823884,19,5
Nagpur,2023-05-15,2,7,8,25.242532827140472,-0.5676833403720936,29.924381541779475,52.00122700487712,0,0.7305555555555556,0.2399441345365967,0.7949721531687137,2514.7593097081485,0.7166666666666668,0.7622222565823884,20,5
Nagpur,2023-05-22,1,7,7,46.48827689418546,4.188601138923691,31.89893780360958,40.66440947989391,0,0.7305555555555556,0.2399441345365967,0.7949721531687137,2514.7593097081485,0.7166666666666668,0.7622222565823884,21,5
Nagpur,2023-05-29,1,3,5,17.226786813253067,14.345861175116672,30.31125001015458,38.82585368793542,0,0.7305555555555556,0.2399441345365967,0.7949721531687137,2514.7593097081485,0.7166666666666668,0.7622222565823884,22,5
Nagpur,2023-06-05,8,8,26,116.3661400794226,5.307510786649479,33.15125033331336,83.85268690365079,1,0.7305555555555556,0.2399441345365967,0.7949721531687137,2514.7593097081485,0.7166666666666668,0.7622222565823884,23,6
Nagpur,2023-06-12,6,8,32,111.17691286774293,62.90103441393078,32.34997528895191,89.31643097291484,1,0.7305555555555556,0.2399441345365967,0.7949721531687137,2514.7593097081485,0.7166666666666668,0.7622222565823884,24,6
Nagpur,2023-06-19,9,12,28,98.51769700791866,-9.751521338612513,30.62635976701526,86.18181875883528,1,0.7305555555555556,0.2399441345365967,0.7949721531687137,2514.7593097081485,0.7166666666666668,0.7622222565823884,25,6
Nagpur,2023-06-26,4,12,26,97.31386680584981,26.168802205411417,31.304953054491545,79.17108149418905,1,0.7305555555555556,0.2399441345365967,0.7949721531687137,2514.7593097081485,0.7166666666666668,0.7622222565823884,26,6
Nagpur,2023-07-03,4,6,37,87.84328927339425,36.26563420034592,28.237716025272917,87.64395684160088,1,0.7305555555555556,0.2399441345365967,0.7949721531687137,2514.7593097081485,0.7166666666666668,0.7622222565823884,27,7
Nagpur,2023-07-10,5,8,32,110.52170418816974,-0.4244723094065238,31.661802158356817,89.30498708589133,1,0.7305555555555556,0.2399441345365967,0.7949721531687137,2514.7593097081485,0.7166666666666668,0.7622222565823884,28,7
Nagpur,2023-07-17,9,6,29,109.45415303938175,-13.75755725763465,32.06234113127034,73.82437663689923,1,0.7305555555555556,0.2399441345365967,0.7949721531687137,2514.7593097081485,0.7166666666666668,0.7622222565823884,29,7
Nagpur,2023-07-24,4,7,22,113.06025380078155,20.597645697083816,32.706418147589545,82.31830355970946,1,0.7305555555555556,0.2399441345365967,0.7949721531687137,2514.7593097081485,0.7166666666666668,0.7622222565823884,30,7
Nagpur,2023-07-31,4,11,21,110.94531680937575,12.776494546438386,26.19751231123911,83.37046078476126,1,0.7305555555555556,0.2399441345365967,0.7949721531687137,2514.7593097081485,0.7166666666666668,0.7622222565823884,31,7
Nagpur,2023-08-07,8,10,26,83.10451487934448,-24.915687341783432,27.427582482280123,79.24805551069996,1,0.7305555555555556,0.2399441345365967,0.7949721531687137,2514.7593097081485,0.7166666666666668,0.7622222565823884,32,8
Nagpur,2023-08-14,7,4,21,106.54747848678551,-54.27971273922017,23.42373643851049,82.92851159047574,1,0.7305555555555556,0.2399441345365967,0.7949721531687137,2514.7593097081485,0.7166666666666668,0.7622222565823884,33,8
Nagpur,2023-08-21,4,5,29,93.49846365744257,45.812697401347876,24.853109624036566,77.13855781231192,1,0.7305555555555556,0.2399441345365967,0.7949721531687137,2514.7593097081485,0.7166666666666668,0.7622222565823884,34,8
Nagpur,2023-08-28,3,7,22,84.70019812501006,32.97012669775128,26.395500326290197,70.70565798476305,1,0.7305555555555556,0.2399441345365967,0.7949721531687137,2514.7593097081485,0.7166666666666668,0.7622222565823884,35,8
Nagpur,2023-09-04,4,8,22,90.91995122023047,25.616852594280342,21.58714867589404,81.98995497277095,1,0.7305555555555556,0.2399441345365967,0.7949721531687137,2514.7593097081485,0.7166666666666668,0.7622222565823884,36,9
Nagpur,2023-09-11,9,7,19,126.70751634705152,36.4649959523917,19.358506680482158,78.63988116936308,1,0.7305555555555556,0.2399441345365967,0.7949721531687137,2514.7593097081485,0.7166666666666668,0.7622222565823884,37,9
Nagpur,2023-09-18,1,12,25,85.49974699440376,-38.97214319246074,20.405716682118285,91.42966273499894,1,0.7305555555555556,0.2399441345365967,0.7949721531687137,2514.7593097081485,0.7166666666666668,0.7622222565823884,38,9
Nagpur,2023-09-25,10,8,28,95.05567427301398,-43.36094474285541,19.4312718608087,86.53921221583023,1,0.7305555555555556,0.2399441345365967,0.7949721531687137,2514.7593097081485,0.7166666666666668,0.7622222565823884,39,9
Nagpur,2023-10-02,0,1,5,25.11446298791789,-16.73565618323226,11.640175395824132,43.29561400844559,0,0.7305555555555556,0.2399441345365967,0.7949721531687137,2514.7593097081485,0.7166666666666668,0.7622222565823884,40,10
Nagpur,2023-10-09,2,5,12,34.34715958977327,11.808273194855282,16.66110408195582,44.001356648370134,0,0.7305555555555556,0.2399441345365967,0.7949721531687137,2514.7593097081485,0.7166666666666668,0.7622222565823884,41,10
Nagpur,2023-10-16,3,4,9,19.903453815366895,-16.560275983728165,13.322459798316784,36.112841604072536,0,0.7305555555555556,0.2399441345365967,0.7949721531687137,2514.7593097081485,0.7166666666666668,0.7622222565823884,42,10
Nagpur,2023-10-23,1,3,7,17.158107470242676,-14.798606867781192,13.576366998175878,32.23481046145751,0,0.7305555555555556,0.2399441345365967,0.7949721531687137,2514.7593097081485,0.7166666666666668,0.7622222565823884,43,10
Nagpur,2023-10-30,1,2,7,29.643135255254553,-14.001298819279544,12.17547012928782,38.04597736632625,0,0.7305555555555556,0.2399441345365967,0.7949721531687137,2514.7593097081485,0.7166666666666668,0.7622222565823884,44,10
Nagpur,2023-11-06,1,2,9,9.018546167973057,-8.07776488448215,11.25735877967113,37.49848470841868,0,0.7305555555555556,0.2399441345365967,0.7949721531687137,2514.7593097081485,0.7166666666666668,0.7622222565823884,45,11
Nagpur,2023-11-13,1,1,4,14.909661064644906,-8.762772175776503,10.147340887072668,44.92135150240057,0,0.7305555555555556,0.2399441345365967,0.7949721531687137,2514.7593097081485,0.7166666666666668,0.7622222565823884,46,11
Nagpur,2023-11-20,0,0,6,24.738729592959587,6.257626659239266,6.600090952413891,36.58866554974806,0,0.7305555555555556,0.2399441345365967,0.7949721531687137,2514.7593097081485,0.7166666666666668,0.7622222565823884,47,11
Nagpur,2023-11-27,0,1,9,18.364127775000775,13.027962973948874,10.020404912369905,40.86481363395173,0,0.7305555555555556,0.2399441345365967,0.7949721531687137,2514.7593097081485,0.7166666666666668,0.7622222565823884,48,11
Nagpur,2023-12-04,0,3,4,23.72242384400495,-17.288498544999094,10.096777567796991,44.722443006003715,0,0.7305555555555556,0.2399441345365967,0.7949721531687137,2514.7593097081485,0.7166666666666668,0.7622222565823884,49,12
Nagpur,2023-12-11,2,1,5,30.840989672214327,-9.022935468845763,7.2139558093878255,49.315148409945294,0,0.7305555555555556,0.2399441345365967,0.7949721531687137,2514.7593097081485,0.7166666666666668,0.7622222565823884,50,12
Nagpur,2023-12-18,1,2,9,7.693556465253714,-0.8112846113038847,8.196867496068384,35.19079711975305,0,0.7305555555555556,0.2399441345365967,0.7949721531687137,2514.7593097081485,0.7166666666666668,0.7622222565823884,51,12
Nagpur,2023-12-25,2,0,7,16.123983909394923,18.41022277591311,6.917680606430645,44.791587377426715,0,0.7305555555555556,0.2399441345365967,0.7949721531687137,2514.7593097081485,0.7166666666666668,0.7622222565823884,52,12
Nanded,2022-01-03,0,1,6,9.407303885751364,17.92213606912966,15.076588095473145,38.79530201834591,0,0.6055555555555556,0.33147558126663423,0.63477700543474,2054.815346354154,0.5666666666666667,0.6298379081427914,1,1
Nanded,2022-01-10,0,1,4,16.82972931359737,-8.007542502246652,8.336300551989252,43.25608141178025,0,0.6055555555555556,0.33147558126663423,0.63477700543474,2054.815346354154,0.5666666666666667,0.6298379081427914,2,1
Nanded,2022-01-17,1,4,11,16.705108854920336,10.68269789302457,11.555870574233872,38.51430977688263,0,0.6055555555555556,0.33147558126663423,0.63477700543474,2054.815346354154,0.5666666666666667,0.6298379081427914,3,1
Nanded,2022-01-24,1,3,4,7.100813728793495,-5.41518515575479,11.024156487329758,47.89646824747629,0,0.6055555555555556,0.33147558126663423,0.63477700543474,2054.815346354154,0.5666666666666667,0.6298379081427914,4,1
Nanded,2022-01-31,3,6,13,24.28598637098868,8.346895331261244,13.20060809771583,34.48740110606793,0,0.6055555555555556,0.33147558126663423,0.63477700543474,2054.815346354154,0.5666666666666667,0.6298379081427914,5,1
Nanded,2022-02-07,0,2,10,8.993586668804827,-11.412927748267137,13.653205721741932,40.51531540876598,0,0.6055555555555556,0.33147558126663423,0.63477700543474,2054.815346354154,0.5666666666666667,0.6298379081427914,6,2
Nanded,2022-02-14,2,0,4,31.41224242867257,16.058789625926092,12.159253809492107,27.399466872048436,0,0.6055555555555556,0.33147558126663423,0.63477700543474,2054.815346354154,0.5666666666666667,0.6298379081427914,7,2
Nanded,2022-02-21,1,2,10,25.449751398365365,-4.510049170334224,11.472274824177632,36.3700101588138,0,0.6055555555555556,0.33147558126663423,0.63477700543474,2054.815346354154,0.5666666666666667,0.6298379081427914,8,2
Nanded,2022-02-28,0,3,7,14.980058811806968,7.981807503908129,13.021708686573124,46.688107514881715,0,0.6055555555555556,0.33147558126663423,0.63477700543474,2054.815346354154,0.5666666666666667,0.6298379081427914,9,2
Nanded,2022-03-07,0,1,2,12.067763496234623,-1.6021408894553602,16.975836275076148,35.58271763196343,0,0.6055555555555556,0.33147558126663423,0.63477700543474,2054.815346354154,0.5666666666666667,0.6298379081427914,10,3
Nanded,2022-03-14,2,6,3,24.0734882302483,5.641471371396609,18.082139180395817,41.07015262425785,0,0.6055555555555556,0.33147558126663423,0.63477700543474,2054.815346354154,0.5666666666666667,0.6298379081427914,11,3
Nanded,2022-03-21,2,7,9,13.698237559449836,4.804172825866752,18.96675168568697,31.246665674912148,0,0.6055555555555556,0.33147558126663423,0.63477700543474,2054.815346354154,0.5666666666666667,0.6298379081427914,12,3
Nanded,2022-03-28,7,6,10,43.64154068216233,5.562468200767726,18.31910867360642,50.27095982110891,0,0.6055555555555556,0.33147558126663423,0.63477700543474,2054.815346354154,0.5666666666666667,0.6298379081427914,13,3
Nanded,2022-04-04,0,9,5,2.3373238669447467,7.377618973545221,26.684601546915005,39.63682308260554,0,0.6055555555555556,0.33147558126663423,0.63477700543474,2054.815346354154,0.5666666666666667,0.6298379081427914,14,4
Nanded,2022-04-11,0,3,6,14.239473078643462,-6.240006973690388,24.17229011701153,42.1840826026737,0,0.6055555555555556,0.33147558126663423,0.63477700543474,2054.815346354154,0.5666666666666667,0.6298379081427914,15,4
Nanded,2022-04-18,1,3,5,19.2478115315732,-8.350535421429848,27.05460083811074,39.427391422468105,0,0.6055555555555556,0.33147558126663423,0.63477700543474,2054.815346354154,0.5666666666666667,0.6298379081427914,16,4
Nanded,2022-04-25,2,4,5,0.8230863693373074,6.741101204147074,27.0568850501687,32.577059553126645,0,0.6055555555555556,0.33147558126663423,0.63477700543474,2054.815346354154,0.5666666666666667,0.6298379081427914,17,4
Nanded,2022-05-02,0,6,11,22.13419504790327,-13.856107801248651,30.444263186732446,40.234297945195706,0,0.6055555555555556,0.33147558126663423,0.63477700543474,2054.815346354154,0.5666666666666667,0.6298379081427914,18,5
Nanded,2022-05-09,4,4,5,23.60639465204059,14.941918750925861,31.534756020375497,36.15065526555734,0,0.6055555555555556,0.33147558126663423,0.63477700543474,2054.815346354154,0.5666666666666667,0.6298379081427914,19,5
Nanded,2022-05-16,2,6,13,10.406416161176388,-14.965838978375889,30.196739045756054,34.29881111530765,0,0.6055555555555556,0.33147558126663423,0.63477700543474,2054.815346354154,0.5666666666666667,0.6298379081427914,20,5
Nanded,2022-05-23,0,4,8,18.276556101316867,-4.713476038685911,34.71208690794462,37.691760734475515,0,0.6055555555555556,0.33147558126663423,0.63477700543474,2054.815346354154,0.5666666666666667,0.6298379081427914,21,5
Nanded,2022-05-30,2,4,4,11.577141585872647,-2.188287814689793,29.896063529424744,34.30438145692674,0,0.6055555555555556,0.33147558126663423,0.63477700543474,2054.815346354154,0.5666666666666667,0.6298379081427914,22,5
Nanded,2022-06-06,11,11,29,105.93825775749596,36.43795414098713,28.157758695928496,83.15229593165081,1,0.6055555555555556,0.33147558126663423,0.63477700543474,2054.815346354154,0.5666666666666667,0.6298379081427914,23,6
Nanded,2022-06-13,9,8,35,105.96487430774114,20.21773567716768,32.5250282387909,82.44946867242514,1,0.6055555555555556,0.33147558126663423,0.63477700543474,2054.815346354154,0.5666666666666667,0.6298379081427914,24,6
Nanded,2022-06-20,5,14,44,89.87603524831538,-75.54907688441946,31.01037316579128,72.50201133163782,1,0.6055555555555556,0.33147558126663423,0.63477700543474,2054.815346354154,0.5666666666666667,0.6298379081427914,25,6
Nanded,2022-06-27,7,6,20,95.09093063590313,-16.808520991188747,32.48128433710194,74.3203286841556,1,0.6055555555555556,0.33147558126663423,0.63477700543474,2054.815346354154,0.5666666666666667,0.6298379081427914,26,6
Nanded,2022-07-04,8,12,35,101.83940647077026,1.058867197430805,29.10053003311528,82.85740466615609,1,0.6055555555555556,0.33147558126663423,0.63477700543474,2054.815346354154,0.5666666666666667,0.6298379081427914,27,7
Nanded,2022-07-11,3,13,31,92.82022737376053,-21.749492851211873,27.192189585592935,80.68036615081031,1,0.6055555555555556,0.33147558126663423,0.63477700543474,2054.815346354154,0.5666666666666667,0.6298379081427914,28,7
Nanded,2022-07-18,10,9,23,95.40553251291911,-2.3619553331159446,28.89046210440178,71.32868094626171,1,0.6055555555555556,0.33147558126663423,0.63477700543474,2054.815346354154,0.5666666666666667,0.6298379081427914,29,7
Nanded,2022-07-25,6,11,29,92.17386892068711,-22.681762776437022,30.148506501961325,83.0955216244275,1,0.6055555555555556,0.33147558126663423,0.63477700543474,2054.815346354154,0.5666666666666667,0.6298379081427914,30,7
Nanded,2022-08-01,3,5,39,103.87318690738223,18.6638538196137,25.510258514641382,84.54926667322644,1,0.6055555555555556,0.33147558126663423,0.63477700543474,2054.815346354154,0.5666666666666667,0.6298379081427914,31,8
Nanded,2022-08-08,7,7,30,86.20083492446102,-9.263706934830633,24.67076065762988,90.5162123835562,1,0.6055555555555556,0.33147558126663423,0.63477700543474,2054.815346354154,0.5666666666666667,0.6298379081427914,32,8
Nanded,2022-08-15,9,13,31,98.90958308007055,-44.05004693223932,24.669495637387964,78.29985812991471,1,0.6055555555555556,0.33147558126663423,0.63477700543474,2054.815346354154,0.5666666666666667,0.6298379081427914,33,8
Nanded,2022-08-22,8,10,29,104.55566051105423,24.42685677316009,23.869246361869628,82.26700154203517,1,0.6055555555555556,0.33147558126663423,0.63477700543474,2054.815346354154,0.5666666666666667,0.6298379081427914,34,8
Nanded,2022-08-29,9,8,33,92.88083213849286,-27.814756614797062,23.59076209319135,81.02513176820965,1,0.6055555555555556,0.33147558126663423,0.63477700543474,2054.815346354154,0.5666666666666667,0.6298379081427914,35,8
Nanded,2022-09-05,4,7,31,109.64181885145082,-16.708104812322272,20.10210639444785,77.95187372848248,1,0.6055555555555556,0.33147558126663423,0.63477700543474,2054.815346354154,0.5666666666666667,0.6298379081427914,36,9
Nanded,2022-09-12,11,6,28,105.40661591661048,43.851927664056,17.98268667168372,82.6922337128389,1,0.6055555555555556,0.33147558126663423,0.63477700543474,2054.815346354154,0.5666666666666667,0.6298379081427914,37,9
Nanded,2022-09-19,5,9,25,86.32499136413945,-21.123563299181143,21.73002395547361,77.59553460880184,1,0.6055555555555556,0.33147558126663423,0.63477700543474,2054.815346354154,0.5666666666666667,0.6298379081427914,38,9
Nanded,2022-09-26,13,7,34,102.11905295889245,-2.5198439178072776,21.923781256576213,75.85718137607698,1,0.6055555555555556,0.33147558126663423,0.63477700543474,2054.815346354154,0.5666666666666667,0.6298379081427914,39,9
Nanded,2022-10-03,1,4,6,33.2958653421765,15.825704620195449,13.151272007475258,36.444258383257356,0,0.6055555555555556,0.33147558126663423,0.63477700543474,2054.815346354154,0.5666666666666667,0.6298379081427914,40,10
Nanded,2022-10-10,1,3,8,29.66892391940819,-6.6320236648633415,14.003603280177098,32.697282663192155,0,0.6055555555555556,0.33147558126663423,0.63477700543474,2054.815346354154,0.5666666666666667,0.6298379081427914,41,10
Nanded,2022-10-17,2,3,6,11.353700333346724,12.30407843095737,9.097776270834203,40.55635702100101,0,0.6055555555555556,0.33147558126663423,0.63477700543474,2054.815346354154,0.5666666666666667,0.6298379081427914,42,10
Nanded,2022-10-24,4,5,4,23.06715976190357,25.12856475437541,15.371688453957079,46.7244895096167,0,0.6055555555555556,0.33147558126663423,0.63477700543474,2054.815346354154,0.5666666666666667,0.6298379081427914,43,10
Nanded,2022-10-31,2,6,4,20.728461757056174,-8.308503814398044,12.082730735922052,31.77979533431345,0,0.6055555555555556,0.33147558126663423,0.63477700543474,2054.815346354154,0.5666666666666667,0.6298379081427914,44,10
Nanded,2022-11-07,4,2,10,17.902582411295803,-24.96964510534354,10.087545987521633,30.124572706391934,0,0.6055555555555556,0.33147558126663423,0.63477700543474,2054.815346354154,0.5666666666666667,0.6298379081427914,45,11
Nanded,2022-11-14,1,5,6,17.78343740718108,-4.5944696666103955,8.763299129307738,43.944394279092556,0,0.6055555555555556,0.33147558126663423,0.63477700543474,2054.815346354154,0.5666666666666667,0.6298379081427914,46,11
Nanded,2022-11-21,2,0,6,31.255096971306315,-12.36502033741898,7.563442390317232,34.80762180522727,0,0.6055555555555556,0.33147558126663423,0.63477700543474,2054.815346354154,0.5666666666666667,0.6298379081427914,47,11
Nanded,2022-11-28,0,5,4,28.51729233479697,5.711223207814131,12.188898923808075,36.4146149939019,0,0.6055555555555556,0.33147558126663423,0.63477700543474,2054.815346354154,0.5666666666666667,0.6298379081427914,48,11
Nanded,2022-12-05,1,2,6,6.862094028887331,-6.765227071425208,7.107972314991608,39.81930591967149,0,0.6055555555555556,0.33147558126663423,0.63477700543474,2054.815346354154,0.5666666666666667,0.6298379081427914,49,12
Nanded,2022-12-12,4,3,11,30.549371540639303,-7.392626332159596,6.618883274546413,34.195316448915094,0,0.6055555555555556,0.33147558126663423,0.63477700543474,2054.815346354154,0.5666666666666667,0.6298379081427914,50,12
Nanded,2022-12-19,0,0,10,25.21237369971881,-3.332009752283149,10.342324669335502,39.319888781596404,0,0.6055555555555556,0.33147558126663423,0.63477700543474,2054.815346354154,0.5666666666666667,0.6298379081427914,51,12
Nanded,2022-12-26,1,1,4,30.078357910419186,-2.2383142342084796,5.660919269416176,34.05337103184189,0,0.6055555555555556,0.33147558126663423,0.63477700543474,2054.815346354154,0.5666666666666667,0.6298379081427914,52,12
Nanded,2023-01-02,2,5,9,17.882398962040163,4.318422925012092,10.392366279961305,31.39482370443877,0,0.6055555555555556,0.33147558126663423,0.63477700543474,2054.815346354154,0.5666666666666667,0.6298379081427914,1,1
Nanded,2023-01-09,0,2,8,14.712483213399636,-11.168896950411805,8.15265272259859,34.50774729897161,0,0.6055555555555556,0.33147558126663423,0.63477700543474,2054.815346354154,0.5666666666666667,0.6298379081427914,2,1
Nanded,2023-01-16,1,1,10,30.319537568457218,-5.365100596436233,8.850564660415777,37.01525380178203,0,0.6055555555555556,0.33147558126663423,0.63477700543474,2054.815346354154,0.5666666666666667,0.6298379081427914,3,1
Nanded,2023-01-23,0,3,13,31.95335109804597,-7.486224893711956,8.463912994547304,44.06589133724188,0,0.6055555555555556,0.33147558126663423,0.63477700543474,2054.815346354154,0.5666666666666667,0.6298379081427914,4,1
Nanded,2023-01-30,4,2,10,39.88514783972025,-34.97716114422002,9.512050444777909,45.87194870712926,0,0.6055555555555556,0.33147558126663423,0.63477700543474,2054.815346354154,0.5666666666666667,0.6298379081427914,5,1
Nanded,2023-02-06,3,2,6,27.675049125732006,-10.564291981889761,15.742658156908352,40.95146983375046,0,0.6055555555555556,0.33147558126663423,0.63477700543474,2054.815346354154,0.5666666666666667,0.6298379081427914,6,2
Nanded,2023-02-13,2,8,6,9.878648872450933,-8.814644681640555,15.608200329120013,40.131355769763516,0,0.6055555555555556,0.33147558126663423,0.63477700543474,2054.815346354154,0.5666666666666667,0.6298379081427914,7,2
Nanded,2023-02-20,0,4,10,5.299906867563003,14.402672524386555,12.818037617257252,38.68840938664538,0,0.6055555555555556,0.33147558126663423,0.63477700543474,2054.815346354154,0.5666666666666667,0.6298379081427914,8,2
Nanded,2023-02-27,2,1,9,24.742285832335124,6.199369615555454,15.114399727375561,37.916592061304925,0,0.6055555555555556,0.33147558126663423,0.63477700543474,2054.815346354154,0.5666666666666667,0.6298379081427914,9,2
Nanded,2023-03-06,4,4,6,13.984055654847626,6.961569241191425,22.484845483129735,34.712957578718246,0,0.6055555555555556,0.33147558126663423,0.63477700543474,2054.815346354154,0.5666666666666667,0.6298379081427914,10,3
Nanded,2023-03-13,4,5,3,12.007833191985775,2.407754627272571,17.380204086386183,40.746133467416726,0,0.6055555555555556,0.33147558126663423,0.63477700543474,2054.815346354154,0.5666666666666667,0.6298379081427914,11,3
Nanded,2023-03-20,2,4,2,7.775265161728111,-19.593449553037082,16.60773852120262,40.22851751985591,0,0.6055555555555556,0.33147558126663423,0.63477700543474,2054.815346354154,0.5666666666666667,0.6298379081427914,12,3
Nanded,2023-03-27,0,6,7,8.151790891908215,-20.08169786237915,24.18650529670417,39.764899813051926,0,0.6055555555555556,0.33147558126663423,0.63477700543474,2054.815346354154,0.5666666666666667,0.6298379081427914,13,3
Nanded,2023-04-03,1,1,6,17.504288672637852,-2.2925772252025918,25.470696088431957,30.979938305924918,0,0.6055555555555556,0.33147558126663423,0.63477700543474,2054.815346354154,0.5666666666666667,0.6298379081427914,14,4
Nanded,2023-04-10,3,5,5,0.0,2.4800940658966613,26.285958677179913,37.29039859263106,0,0.6055555555555556,0.33147558126663423,0.63477700543474,2054.815346354154,0.5666666666666667,0.6298379081427914,15,4
Nanded,2023-04-17,3,4,6,26.501184507924734,-2.093648674610194,24.25435218368656,32.49700751322792,0,0.6055555555555556,0.33147558126663423,0.63477700543474,2054.815346354154,0.5666666666666667,0.6298379081427914,16,4
Nanded,2023-04-24,2,4,8,18.368890055940145,-4.692116565099809,20.10487184462027,42.63593560516292,0,0.6055555555555556,0.33147558126663423,0.63477700543474,2054.815346354154,0.5666666666666667,0.6298379081427914,17,4
Nanded,2023-05-01,2,4,8,19.2184738922042,13.878025839302063,30.14010944690081,35.83058835485619,0,0.6055555555555556,0.33147558126663423,0.63477700543474,2054.815346354154,0.5666666666666667,0.6298379081427914,18,5
Nanded,2023-05-08,1,8,12,19.600462893599598,11.944748686605793,30.0802799361465,39.076299449452016,0,0.6055555555555556,0.33147558126663423,0.63477700543474,2054.815346354154,0.5666666666666667,0.6298379081427914,19,5
Nanded,2023-05-15,0,3,8,28.4321686438399,-25.617676731150063,35.993690583372086,37.94732750068819,0,0.6055555555555556,0.33147558126663423,0.63477700543474,2054.815346354154,0.5666666666666667,0.6298379081427914,20,5
Nanded,2023-05-22,1,5,5,17.407192148236334,9.730841490861158,33.26873945338751,45.495751880949655,0,0.6055555555555556,0.33147558126663423,0.63477700543474,2054.815346354154,0.5666666666666667,0.6298379081427914,21,5
Nanded,2023-05-29,0,4,7,16.46652361741478,-11.639194922671257,31.98275447825219,34.91294685427727,0,0.6055555555555556,0.33147558126663423,0.63477700543474,2054.815346354154,0.5666666666666667,0.6298379081427914,22,5
Nanded,2023-06-05,7,2,24,99.31534168464007,27.611984226719937,30.758561244948414,86.37092510242076,1,0.6055555555555556,0.33147558126663423,0.63477700543474,2054.815346354154,0.5666666666666667,0.6298379081427914,23,6
Nanded,2023-06-12,8,9,25,92.69397590129637,28.792126990002075,34.88174677583976,77.04087728093958,1,0.6055555555555556,0.33147558126663423,0.63477700543474,2054.815346354154,0.5666666666666667,0.6298379081427914,24,6
Nanded,2023-06-19,6,8,23,81.39012708082839,42.05712779216515,32.21281593559316,81.55205863243987,1,0.6055555555555556,0.33147558126663423,0.63477700543474,2054.815346354154,0.5666666666666667,0.6298379081427914,25,6
Nanded,2023-06-26,5,12,22,109.1190740993941,-13.61403728648898,26.980141043339522,77.68508046867046,1,0.6055555555555556,0.33147558126663423,0.63477700543474,2054.815346354154,0.5666666666666667,0.6298379081427914,26,6
Nanded,2023-07-03,5,9,26,87.6987142847902,-39.7937084336294,30.232312748500327,71.78874308628824,1,0.6055555555555556,0.33147558126663423,0.63477700543474,2054.815346354154,0.5666666666666667,0.6298379081427914,27,7
Nanded,2023-07-10,11,6,28,89.1375684900314,-4.484194336614667,29.338711933275544,79.63073253519288,1,0.6055555555555556,0.33147558126663423,0.63477700543474,2054.815346354154,0.5666666666666667,0.6298379081427914,28,7
Nanded,2023-07-17,6,10,33,117.72938183989284,32.72204255929551,34.252152875200224,88.40290911591474,1,0.6055555555555556,0.33147558126663423,0.63477700543474,2054.815346354154,0.5666666666666667,0.6298379081427914,29,7
Nanded,2023-07-24,7,13,35,107.42173437463907,41.05329702339533,32.718482111177075,76.60288978020002,1,0.6055555555555556,0.33147558126663423,0.63477700543474,2054.815346354154,0.5666666666666667,0.6298379081427914,30,7
Nanded,2023-07-31,3,13,24,109.4085996994157,-13.970695049250976,33.22798635853332,85.74400648284285,1,0.6055555555555556,0.33147558126663423,0.63477700543474,2054.815346354154,0.5666666666666667,0.6298379081427914,31,7
Nanded,2023-08-07,5,11,39,75.7618736481289,21.786685007770693,27.01233194048172,78.48636784296839,1,0.6055555555555556,0.33147558126663423,0.63477700543474,2054.815346354154,0.5666666666666667,0.6298379081427914,32,8
Nanded,2023-08-14,8,11,25,102.42040241980641,-20.022606768946243,25.00408609404064,66.95793364612763,1,0.6055555555555556,0.33147558126663423,0.63477700543474,2054.815346354154,0.5666666666666667,0.6298379081427914,33,8
Nanded,2023-08-21,8,8,43,98.19951560260535,-21.81849527509637,23.059656288697095,79.55997855483686,1,0.6055555555555556,0.33147558126663423,0.63477700543474,2054.815346354154,0.5666666666666667,0.6298379081427914,34,8
Nanded,2023-08-28,4,11,24,104.55244703601421,-74.6625051583259,28.302804218025855,77.72356161040368,1,0.6055555555555556,0.33147558126663423,0.63477700543474,2054.815346354154,0.5666666666666667,0.6298379081427914,35,8
Nanded,2023-09-04,5,10,35,104.63514549883894,5.418315541285841,19.59583311126502,81.78403604922914,1,0.6055555555555556,0.33147558126663423,0.63477700543474,2054.815346354154,0.5666666666666667,0.6298379081427914,36,9
Nanded,2023-09-11,7,8,39,102.40074420855768,23.94592717514477,16.85902770170145,76.67465886595559,1,0.6055555555555556,0.33147558126663423,0.63477700543474,2054.815346354154,0.5666666666666667,0.6298379081427914,37,9
Nanded,2023-09-18,8,11,24,109.5690128051237,28.135955688093105,17.704418077825316,81.46726997740161,1,0.6055555555555556,0.33147558126663423,0.63477700543474,2054.815346354154,0.5666666666666667,0.6298379081427914,38,9
Nanded,2023-09-25,6,10,25,102.26686897356232,12.107348538696472,13.218554041533933,77.3424146855826,1,0.6055555555555556,0.33147558126663423,0.63477700543474,2054.815346354154,0.5666666666666667,0.6298379081427914,39,9
Nanded,2023-10-02,1,1,10,22.90909557256596,-9.510286923113018,11.12659409696998,38.10955015080214,0,0.6055555555555556,0.33147558126663423,0.63477700543474,2054.815346354154,0.5666666666666667,0.6298379081427914,40,10
Nanded,2023-10-09,4,3,6,24.517612133091532,-10.694768351958658,12.07136014024417,39.287019260974766,0,0.6055555555555556,0.33147558126663423,0.63477700543474,2054.815346354154,0.5666666666666667,0.6298379081427914,41,10
Nanded,2023-10-16,0,4,8,14.746016465055185,8.722866012520491,16.12554148554117,43.06744934677518,0,0.6055555555555556,0.33147558126663423,0.63477700543474,2054.815346354154,0.5666666666666667,0.6298379081427914,42,10
Nanded,2023-10-23,3,2,10,17.60040611490276,22.78025840025141,14.524104417268694,42.82759475438138,0,0.6055555555555556,0.33147558126663423,0.63477700543474,2054.815346354154,0.5666666666666667,0.6298379081427914,43,10
Nanded,2023-10-30,0,2,10,11.761802850673282,12.562637520650588,11.228372329424825,36.68902765875256,0,0.6055555555555556,0.33147558126663423,0.63477700543474,2054.815346354154,0.5666666666666667,0.6298379081427914,44,10
Nanded,2023-11-06,5,4,8,28.782264446250025,2.167118597328204,10.545052749480242,36.06585219710288,0,0.6055555555555556,0.33147558126663423,0.63477700543474,2054.815346354154,0.5666666666666667,0.6298379081427914,45,11
Nanded,2023-11-13,1,3,8,23.843108069502065,6.261906350272613,11.43607867294443,40.53647684556644,0,0.6055555555555556,0.33147558126663423,0.63477700543474,2054.815346354154,0.5666666666666667,0.6298379081427914,46,11
Nanded,2023-11-20,1,5,8,19.162404547481675,-4.76203210273191,11.928130587850294,30.858415956853598,0,0.6055555555555556,0.33147558126663423,0.63477700543474,2054.815346354154,0.5666666666666667,0.6298379081427914,47,11
Nanded,2023-11-27,3,3,9,24.628554234921836,-2.9887384816977534,10.877595557872553,47.713491383631776,0,0.6055555555555556,0.33147558126663423,0.63477700543474,2054.815346354154,0.5666666666666667,0.6298379081427914,48,11
Nanded,2023-12-04,1,3,4,10.088107848040032,-11.262445951664809,10.550138369005559,42.094648546439565,0,0.6055555555555556,0.33147558126663423,0.63477700543474,2054.815346354154,0.5666666666666667,0.6298379081427914,49,12
Nanded,2023-12-11,3,1,6,24.993416327330518,8.73058520872241,3.6709368996808625,41.6880854537279,0,0.6055555555555556,0.33147558126663423,0.63477700543474,2054.815346354154,0.5666666666666667,0.6298379081427914,50,12
Nanded,2023-12-18,1,2,7,3.51959325018759,-9.536626133061482,9.781847068932297,37.691849573406586,0,0.6055555555555556,0.33147558126663423,0.63477700543474,2054.815346354154,0.5666666666666667,0.6298379081427914,51,12
Nanded,2023-12-25,2,2,13,20.80199334538496,14.597680420883254,8.038089395759755,37.5173868797404,0,0.6055555555555556,0.33147558126663423,0.63477700543474,2054.815346354154,0.5666666666666667,0.6298379081427914,52,12
Nandurbar,2022-01-03,2,1,15,25.89330811497969,-3.9114180865788506,8.301526428007225,45.124487534710696,0,0.425,0.5667286007297707,0.5014188165002608,284.15228302497286,0.35,0.4572218064541502,1,1
Nandurbar,2022-01-10,1,4,11,25.318881192017994,13.747189904956274,9.62468869086318,43.45165502502308,0,0.425,0.5667286007297707,0.5014188165002608,284.15228302497286,0.35,0.4572218064541502,2,1
Nandurbar,2022-01-17,4,2,10,9.739595409537225,1.698149087460972,6.763972799236963,43.10357865359869,0,0.425,0.5667286007297707,0.5014188165002608,284.15228302497286,0.35,0.4572218064541502,3,1
Nandurbar,2022-01-24,2,3,12,14.222568578069126,-7.592317545099526,10.09663636732455,47.74709976869889,0,0.425,0.5667286007297707,0.5014188165002608,284.15228302497286,0.35,0.4572218064541502,4,1
Nandurbar,2022-01-31,4,4,14,25.213510495946142,-2.046809983778194,11.330000948564813,33.02884153724892,0,0.425,0.5667286007297707,0.5014188165002608,284.15228302497286,0.35,0.4572218064541502,5,1
Nandurbar,2022-02-07,2,6,8,19.612806935229358,12.90757461078476,15.756458676432892,42.12707492305946,0,0.425,0.5667286007297707,0.5014188165002608,284.15228302497286,0.35,0.4572218064541502,6,2
Nandurbar,2022-02-14,0,7,10,17.53686276417768,17.672952381553557,14.801671753717345,41.094133144805184,0,0.425,0.5667286007297707,0.5014188165002608,284.15228302497286,0.35,0.4572218064541502,7,2
Nandurbar,2022-02-21,0,7,10,18.251594960416565,7.381042438762555,16.703619967355923,29.963859311047205,0,0.425,0.5667286007297707,0.5014188165002608,284.15228302497286,0.35,0.4572218064541502,8,2
Nandurbar,2022-02-28,2,6,8,26.93709952462658,10.564161220028556,15.992878624325423,42.13805116421568,0,0.425,0.5667286007297707,0.5014188165002608,284.15228302497286,0.35,0.4572218064541502,9,2
Nandurbar,2022-03-07,2,6,7,3.6747486368358366,-1.3511600792534901,18.314881901608977,33.70883073007852,0,0.425,0.5667286007297707,0.5014188165002608,284.15228302497286,0.35,0.4572218064541502,10,3
Nandurbar,2022-03-14,4,5,10,10.60826967903888,-12.993666792404774,21.612644852057723,36.215370748017925,0,0.425,0.5667286007297707,0.5014188165002608,284.15228302497286,0.35,0.4572218064541502,11,3
Nandurbar,2022-03-21,2,5,13,22.322780312543724,-14.492623847813766,20.145190094204015,35.62391835869896,0,0.425,0.5667286007297707,0.5014188165002608,284.15228302497286,0.35,0.4572218064541502,12,3
Nandurbar,2022-03-28,1,4,8,3.7693952831966087,12.844812434196992,23.309048075291653,43.829087481307496,0,0.425,0.5667286007297707,0.5014188165002608,284.15228302497286,0.35,0.4572218064541502,13,3
Nandurbar,2022-04-04,2,5,9,24.404136877397963,5.0912038613275925,25.740165640041987,38.32179867424741,0,0.425,0.5667286007297707,0.5014188165002608,284.15228302497286,0.35,0.4572218064541502,14,4
Nandurbar,2022-04-11,0,6,5,13.019061751026527,-4.334444579530772,30.228071274205504,36.590934673422865,0,0.425,0.5667286007297707,0.5014188165002608,284.15228302497286,0.35,0.4572218064541502,15,4
Nandurbar,2022-04-18,11,5,11,27.175584126276654,8.73566317633677,28.939458678387403,34.04828500847082,0,0.425,0.5667286007297707,0.5014188165002608,284.15228302497286,0.35,0.4572218064541502,16,4
Nandurbar,2022-04-25,4,10,9,16.150848127541135,9.525005395920662,26.271828804615126,38.53590822114777,0,0.425,0.5667286007297707,0.5014188165002608,284.15228302497286,0.35,0.4572218064541502,17,4
Nandurbar,2022-05-02,0,4,11,27.45864499783432,4.160166303837617,32.227875535204724,37.42643988708391,0,0.425,0.5667286007297707,0.5014188165002608,284.15228302497286,0.35,0.4572218064541502,18,5
Nandurbar,2022-05-09,5,2,8,32.52858569157914,-21.667350431236162,32.732072074564165,35.44263249271849,0,0.425,0.5667286007297707,0.5014188165002608,284.15228302497286,0.35,0.4572218064541502,19,5
Nandurbar,2022-05-16,3,8,10,13.301171936209991,6.727812796983775,30.455741111328884,38.91129921616755,0,0.425,0.5667286007297707,0.5014188165002608,284.15228302497286,0.35,0.4572218064541502,20,5
Nandurbar,2022-05-23,2,3,9,17.430888224694236,-9.15126315776875,32.1464430404157,39.49088891355299,0,0.425,0.5667286007297707,0.5014188165002608,284.15228302497286,0.35,0.4572218064541502,21,5
Nandurbar,2022-05-30,2,5,7,32.11729092112009,19.564217732345757,31.510621804754923,42.71552611186765,0,0.425,0.5667286007297707,0.5014188165002608,284.15228302497286,0.35,0.4572218064541502,22,5
Nandurbar,2022-06-06,9,7,48,112.463647094762,0.22011227493368943,36.4683493616521,83.73082616746454,1,0.425,0.5667286007297707,0.5014188165002608,284.15228302497286,0.35,0.4572218064541502,23,6
Nandurbar,2022-06-13,10,15,53,93.65846059903906,11.620310287599946,34.785321296951125,82.58183720127587,1,0.425,0.5667286007297707,0.5014188165002608,284.15228302497286,0.35,0.4572218064541502,24,6
Nandurbar,2022-06-20,8,15,40,92.01333095892964,-18.105117464832627,28.286470321496502,81.45423000706793,1,0.425,0.5667286007297707,0.5014188165002608,284.15228302497286,0.35,0.4572218064541502,25,6
Nandurbar,2022-06-27,2,16,42,87.32020538510703,2.863430598286965,32.002959982373696,70.93098826458565,1,0.425,0.5667286007297707,0.5014188165002608,284.15228302497286,0.35,0.4572218064541502,26,6
Nandurbar,2022-07-04,13,17,41,100.66867650844775,16.897626667424465,31.320637531030084,79.50390618093228,1,0.425,0.5667286007297707,0.5014188165002608,284.15228302497286,0.35,0.4572218064541502,27,7
Nandurbar,2022-07-11,7,9,41,87.73866768956599,-2.6710106737431456,30.761715835428674,83.91362833439585,1,0.425,0.5667286007297707,0.5014188165002608,284.15228302497286,0.35,0.4572218064541502,28,7
Nandurbar,2022-07-18,10,15,33,112.4122452405965,-14.286200957230529,32.582659738234035,80.60187923584522,1,0.425,0.5667286007297707,0.5014188165002608,284.15228302497286,0.35,0.4572218064541502,29,7
Nandurbar,2022-07-25,9,11,42,89.50904007662965,-24.170443147725884,32.761439927195774,72.23826577320389,1,0.425,0.5667286007297707,0.5014188165002608,284.15228302497286,0.35,0.4572218064541502,30,7
Nandurbar,2022-08-01,15,13,38,106.4340304267933,-3.350782995124322,25.008765375890043,87.39996849548761,1,0.425,0.5667286007297707,0.5014188165002608,284.15228302497286,0.35,0.4572218064541502,31,8
Nandurbar,2022-08-08,10,13,40,95.74492805802372,-42.992730204109876,31.089533545504196,79.81494689755962,1,0.425,0.5667286007297707,0.5014188165002608,284.15228302497286,0.35,0.4572218064541502,32,8
Nandurbar,2022-08-15,10,11,52,108.96836479855882,-2.594613630302442,29.398278885859916,78.07997357827597,1,0.425,0.5667286007297707,0.5014188165002608,284.15228302497286,0.35,0.4572218064541502,33,8
Nandurbar,2022-08-22,8,14,32,89.38873031872195,9.942785366001067,23.81846329464328,77.21063277964865,1,0.425,0.5667286007297707,0.5014188165002608,284.15228302497286,0.35,0.4572218064541502,34,8
Nandurbar,2022-08-29,10,10,41,96.74627485834858,-32.063132942565616,23.14472219449428,71.6464492617885,1,0.425,0.5667286007297707,0.5014188165002608,284.15228302497286,0.35,0.4572218064541502,35,8
Nandurbar,2022-09-05,11,14,42,86.97161086912443,12.218705395205372,19.16076903866199,81.46851392787771,1,0.425,0.5667286007297707,0.5014188165002608,284.15228302497286,0.35,0.4572218064541502,36,9
Nandurbar,2022-09-12,6,15,33,100.72064352489546,70.57799049433714,21.603019083466616,88.05574794413496,1,0.425,0.5667286007297707,0.5014188165002608,284.15228302497286,0.35,0.4572218064541502,37,9
Nandurbar,2022-09-19,8,10,45,105.48638071833606,-19.31079918189167,21.46103527866042,79.93220413572885,1,0.425,0.5667286007297707,0.5014188165002608,284.15228302497286,0.35,0.4572218064541502,38,9
Nandurbar,2022-09-26,8,10,37,96.24633501121549,-21.38907452197958,16.798333421513174,84.28889325583792,1,0.425,0.5667286007297707,0.5014188165002608,284.15228302497286,0.35,0.4572218064541502,39,9
Nandurbar,2022-10-03,3,9,7,1.9251524348258329,-13.448996964004923,13.663890056069485,39.45855775435785,0,0.425,0.5667286007297707,0.5014188165002608,284.15228302497286,0.35,0.4572218064541502,40,10
Nandurbar,2022-10-10,1,5,11,10.681884689018977,0.5645067984894327,17.20243380740243,42.48822539018101,0,0.425,0.5667286007297707,0.5014188165002608,284.15228302497286,0.35,0.4572218064541502,41,10
Nandurbar,2022-10-17,1,1,13,32.45004953798362,10.49751799276634,11.286577581378577,39.28337950575584,0,0.425,0.5667286007297707,0.5014188165002608,284.15228302497286,0.35,0.4572218064541502,42,10
Nandurbar,2022-10-24,3,7,8,30.4421347321442,5.136449558123697,15.500744480561652,38.66691089264816,0,0.425,0.5667286007297707,0.5014188165002608,284.15228302497286,0.35,0.4572218064541502,43,10
Nandurbar,2022-10-31,2,0,15,36.39562565230618,-15.89011222209338,11.26575293497694,32.82186762749738,0,0.425,0.5667286007297707,0.5014188165002608,284.15228302497286,0.35,0.4572218064541502,44,10
Nandurbar,2022-11-07,1,3,13,25.131727897849043,-1.8613850565368635,7.207052127628152,42.87142722679029,0,0.425,0.5667286007297707,0.5014188165002608,284.15228302497286,0.35,0.4572218064541502,45,11
Nandurbar,2022-11-14,1,2,11,25.113329740388725,10.358742547319128,8.375729584232392,43.33967833590266,0,0.425,0.5667286007297707,0.5014188165002608,284.15228302497286,0.35,0.4572218064541502,46,11
Nandurbar,2022-11-21,1,4,6,4.105217090633467,-5.26035410543114,10.417228179885248,40.428611376206426,0,0.425,0.5667286007297707,0.5014188165002608,284.15228302497286,0.35,0.4572218064541502,47,11
Nandurbar,2022-11-28,3,7,5,5.469035689302306,16.22199499006043,8.565492806981043,47.8751788745626,0,0.425,0.5667286007297707,0.5014188165002608,284.15228302497286,0.35,0.4572218064541502,48,11
Nandurbar,2022-12-05,3,4,12,16.421536308089674,-2.767691011096277,8.155509726031923,44.603982387966376,0,0.425,0.5667286007297707,0.5014188165002608,284.15228302497286,0.35,0.4572218064541502,49,12
Nandurbar,2022-12-12,3,3,10,8.178491920456018,9.740340688897366,12.540386555284503,37.16379944595826,0,0.425,0.5667286007297707,0.5014188165002608,284.15228302497286,0.35,0.4572218064541502,50,12
Nandurbar,2022-12-19,4,4,12,22.993077162033174,-11.292160847034342,8.234564587147428,45.10717796134138,0,0.425,0.5667286007297707,0.5014188165002608,284.15228302497286,0.35,0.4572218064541502,51,12
Nandurbar,2022-12-26,1,5,8,13.093100597253756,8.592521140760645,8.466140587453491,39.65413335276705,0,0.425,0.5667286007297707,0.5014188165002608,284.15228302497286,0.35,0.4572218064541502,52,12
Nandurbar,2023-01-02,1,3,11,9.543425447023266,12.812528334283822,10.427119166273748,45.07414747796507,0,0.425,0.5667286007297707,0.5014188165002608,284.15228302497286,0.35,0.4572218064541502,1,1
Nandurbar,2023-01-09,4,7,11,20.219827305719836,9.487279358149685,12.900012652139623,42.6030736704978,0,0.425,0.5667286007297707,0.5014188165002608,284.15228302497286,0.35,0.4572218064541502,2,1
Nandurbar,2023-01-16,3,5,14,25.817804434096217,2.5913209383079456,8.222562128028077,34.20604189596433,0,0.425,0.5667286007297707,0.5014188165002608,284.15228302497286,0.35,0.4572218064541502,3,1
Nandurbar,2023-01-23,2,8,16,26.962155518302442,-5.776608143666831,14.21181530144689,39.87808323853024,0,0.425,0.5667286007297707,0.5014188165002608,284.15228302497286,0.35,0.4572218064541502,4,1
Nandurbar,2023-01-30,0,5,12,15.317688882688842,3.641308968735852,10.928665602640303,32.029624630145854,0,0.425,0.5667286007297707,0.5014188165002608,284.15228302497286,0.35,0.4572218064541502,5,1
Nandurbar,2023-02-06,2,4,16,2.002556682346036,10.922232405680578,15.406130987588686,45.84244465414234,0,0.425,0.5667286007297707,0.5014188165002608,284.15228302497286,0.35,0.4572218064541502,6,2
Nandurbar,2023-02-13,2,5,9,11.782898738360402,2.859789791293865,14.569163491102234,39.103756785719085,0,0.425,0.5667286007297707,0.5014188165002608,284.15228302497286,0.35,0.4572218064541502,7,2
Nandurbar,2023-02-20,0,5,9,12.308265260750241,-4.608742825797306,14.920551424321427,43.31129937885201,0,0.425,0.5667286007297707,0.5014188165002608,284.15228302497286,0.35,0.4572218064541502,8,2
Nandurbar,2023-02-27,2,2,12,18.02262770381886,-9.87576122628769,15.147861230732856,46.755753098862066,0,0.425,0.5667286007297707,0.5014188165002608,284.15228302497286,0.35,0.4572218064541502,9,2
Nandurbar,2023-03-06,3,4,18,28.96488623673884,26.335955805393603,20.192618163214593,38.55470780879215,0,0.425,0.5667286007297707,0.5014188165002608,284.15228302497286,0.35,0.4572218064541502,10,3
Nandurbar,2023-03-13,1,8,10,21.69778462713099,1.0781472625287398,20.45434434115096,32.78397847456976,0,0.425,0.5667286007297707,0.5014188165002608,284.15228302497286,0.35,0.4572218064541502,11,3
Nandurbar,2023-03-20,6,3,9,21.973884463114707,0.1988470986269033,17.680487569577807,41.323780555344555,0,0.425,0.5667286007297707,0.5014188165002608,284.15228302497286,0.35,0.4572218064541502,12,3
Nandurbar,2023-03-27,1,8,8,28.010714920673202,-8.451596472798208,19.519702217644333,42.96821708121601,0,0.425,0.5667286007297707,0.5014188165002608,284.15228302497286,0.35,0.4572218064541502,13,3
Nandurbar,2023-04-03,1,9,8,11.123701159605787,17.247483710747343,26.72884876633569,40.08431749644355,0,0.425,0.5667286007297707,0.5014188165002608,284.15228302497286,0.35,0.4572218064541502,14,4
Nandurbar,2023-04-10,1,6,9,25.696114076247163,-6.690360998432167,27.866286060802295,43.66733893675667,0,0.425,0.5667286007297707,0.5014188165002608,284.15228302497286,0.35,0.4572218064541502,15,4
Nandurbar,2023-04-17,2,5,13,14.461974033389767,4.046733549242198,26.138767412275566,34.52421960043584,0,0.425,0.5667286007297707,0.5014188165002608,284.15228302497286,0.35,0.4572218064541502,16,4
Nandurbar,2023-04-24,3,5,6,17.894310367270574,-5.989900460835171,24.59636033358226,38.74956202177744,0,0.425,0.5667286007297707,0.5014188165002608,284.15228302497286,0.35,0.4572218064541502,17,4
Nandurbar,2023-05-01,1,6,14,24.621016575185067,-2.494079067952576,33.16492473577686,47.82556673782045,0,0.425,0.5667286007297707,0.5014188165002608,284.15228302497286,0.35,0.4572218064541502,18,5
Nandurbar,2023-05-08,1,3,8,14.931519451646743,-0.5252736872317244,29.40452324593705,38.64741034306812,0,0.425,0.5667286007297707,0.5014188165002608,284.15228302497286,0.35,0.4572218064541502,19,5
Nandurbar,2023-05-15,4,6,7,13.664491644886093,-15.757968039197848,32.935497576870475,41.92722957805544,0,0.425,0.5667286007297707,0.5014188165002608,284.15228302497286,0.35,0.4572218064541502,20,5
Nandurbar,2023-05-22,4,7,15,23.87198355703652,-11.748701365740278,29.673727955357744,36.785534256702974,0,0.425,0.5667286007297707,0.5014188165002608,284.15228302497286,0.35,0.4572218064541502,21,5
Nandurbar,2023-05-29,4,2,11,35.897298447133984,2.1713575185929006,27.566291944595733,46.05175216246472,0,0.425,0.5667286007297707,0.5014188165002608,284.15228302497286,0.35,0.4572218064541502,22,5
Nandurbar,2023-06-05,10,21,44,95.74620568408135,34.158707485389904,29.951758864822658,78.59019198477628,1,0.425,0.5667286007297707,0.5014188165002608,284.15228302497286,0.35,0.4572218064541502,23,6
Nandurbar,2023-06-12,8,13,48,104.30073195510039,-22.051135036840208,31.22406385528451,73.32148580149003,1,0.425,0.5667286007297707,0.5014188165002608,284.15228302497286,0.35,0.4572218064541502,24,6
Nandurbar,2023-06-19,14,10,34,112.36356918077304,52.48646486352065,34.75812068647066,87.33108787011084,1,0.425,0.5667286007297707,0.5014188165002608,284.15228302497286,0.35,0.4572218064541502,25,6
Nandurbar,2023-06-26,8,14,39,118.2920229786523,22.120258067788253,31.95604873683952,71.90090852889091,1,0.425,0.5667286007297707,0.5014188165002608,284.15228302497286,0.35,0.4572218064541502,26,6
Nandurbar,2023-07-03,9,15,51,113.24927608505018,2.4142684016870195,30.669943578224693,78.57374783701046,1,0.425,0.5667286007297707,0.5014188165002608,284.15228302497286,0.35,0.4572218064541502,27,7
Nandurbar,2023-07-10,8,10,36,104.1665473179199,-26.42510993502234,30.666155015457278,84.43563202737784,1,0.425,0.5667286007297707,0.5014188165002608,284.15228302497286,0.35,0.4572218064541502,28,7
Nandurbar,2023-07-17,8,10,32,107.40083853582468,-26.418874942557682,29.852702606468046,84.8845363207615,1,0.425,0.5667286007297707,0.5014188165002608,284.15228302497286,0.35,0.4572218064541502,29,7
Nandurbar,2023-07-24,13,8,46,111.66801052791138,27.860072980813474,31.585998497652422,78.39331322426466,1,0.425,0.5667286007297707,0.5014188165002608,284.15228302497286,0.35,0.4572218064541502,30,7
Nandurbar,2023-07-31,8,25,50,99.23747346179898,13.261430530059332,31.322886716311462,78.9879480570646,1,0.425,0.5667286007297707,0.5014188165002608,284.15228302497286,0.35,0.4572218064541502,31,7
Nandurbar,2023-08-07,6,11,37,89.14315571302251,26.07580009691638,22.03530757236149,81.42852223365598,1,0.425,0.5667286007297707,0.5014188165002608,284.15228302497286,0.35,0.4572218064541502,32,8
Nandurbar,2023-08-14,13,7,42,111.11452830432995,2.8035056863125876,26.75193321565026,72.9865803305222,1,0.425,0.5667286007297707,0.5014188165002608,284.15228302497286,0.35,0.4572218064541502,33,8
Nandurbar,2023-08-21,8,13,35,99.71391964746229,25.30113103902554,26.089785665245653,80.06760713063433,1,0.425,0.5667286007297707,0.5014188165002608,284.15228302497286,0.35,0.4572218064541502,34,8
Nandurbar,2023-08-28,2,13,32,100.21759840797327,-4.359808795633143,27.128493799370357,77.05803313546397,1,0.425,0.5667286007297707,0.5014188165002608,284.15228302497286,0.35,0.4572218064541502,35,8
Nandurbar,2023-09-04,6,18,44,121.58982230696907,47.06830477048122,20.845137632364967,93.02993144179663,1,0.425,0.5667286007297707,0.5014188165002608,284.15228302497286,0.35,0.4572218064541502,36,9
Nandurbar,2023-09-11,14,10,52,115.41580124141646,14.018288055154429,17.422299940241736,85.4769135062003,1,0.425,0.5667286007297707,0.5014188165002608,284.15228302497286,0.35,0.4572218064541502,37,9
Nandurbar,2023-09-18,11,9,40,111.86139034877277,-27.85856449064548,24.041804000921957,86.37388470857496,1,0.425,0.5667286007297707,0.5014188165002608,284.15228302497286,0.35,0.4572218064541502,38,9
Nandurbar,2023-09-25,6,13,33,97.53381126795787,-22.991178623151182,20.94074342865398,83.70137153745776,1,0.425,0.5667286007297707,0.5014188165002608,284.15228302497286,0.35,0.4572218064541502,39,9
Nandurbar,2023-10-02,2,2,13,30.08850840270126,7.742354415187956,15.437615142325962,32.50974928242982,0,0.425,0.5667286007297707,0.5014188165002608,284.15228302497286,0.35,0.4572218064541502,40,10
Nandurbar,2023-10-09,2,0,11,11.132743671673564,-7.567908029698762,9.22719063726459,43.1675673694246,0,0.425,0.5667286007297707,0.5014188165002608,284.15228302497286,0.35,0.4572218064541502,41,10
Nandurbar,2023-10-16,3,8,5,20.024618355876164,-5.444608900142378,13.726264221266666,49.787150009589965,0,0.425,0.5667286007297707,0.5014188165002608,284.15228302497286,0.35,0.4572218064541502,42,10
Nandurbar,2023-10-23,1,5,8,0.0,-11.087090034624454,14.794049522088342,41.18806930468225,0,0.425,0.5667286007297707,0.5014188165002608,284.15228302497286,0.35,0.4572218064541502,43,10
Nandurbar,2023-10-30,1,5,12,29.047672604499443,1.3724897668255225,13.258920224833082,32.68027672882484,0,0.425,0.5667286007297707,0.5014188165002608,284.15228302497286,0.35,0.4572218064541502,44,10
Nandurbar,2023-11-06,4,4,7,16.133682656359802,11.262123863476818,11.379315433737512,45.440531463754155,0,0.425,0.5667286007297707,0.5014188165002608,284.15228302497286,0.35,0.4572218064541502,45,11
Nandurbar,2023-11-13,2,3,9,17.692410516242354,-13.165691716418412,10.239165885438634,36.188276276607745,0,0.425,0.5667286007297707,0.5014188165002608,284.15228302497286,0.35,0.4572218064541502,46,11
Nandurbar,2023-11-20,2,5,11,43.53788076462313,-1.5556118109919748,10.81759039905947,43.593747996679895,0,0.425,0.5667286007297707,0.5014188165002608,284.15228302497286,0.35,0.4572218064541502,47,11
Nandurbar,2023-11-27,3,2,13,34.594152018525875,1.7035025992471433,10.938633509088747,45.405288350252484,0,0.425,0.5667286007297707,0.5014188165002608,284.15228302497286,0.35,0.4572218064541502,48,11
Nandurbar,2023-12-04,3,4,12,31.65088787327389,6.266778824519463,8.80861992332832,41.14503700522386,0,0.425,0.5667286007297707,0.5014188165002608,284.15228302497286,0.35,0.4572218064541502,49,12
Nandurbar,2023-12-11,2,1,5,31.650111872681762,5.912074951367997,9.205938075931215,38.63878602145875,0,0.425,0.5667286007297707,0.5014188165002608,284.15228302497286,0.35,0.4572218064541502,50,12
Nandurbar,2023-12-18,0,4,17,25.340489395039608,-0.317934801752158,7.002419005323196,35.26295918880537,0,0.425,0.5667286007297707,0.5014188165002608,284.15228302497286,0.35,0.4572218064541502,51,12
Nandurbar,2023-12-25,8,5,15,23.27870881931,7.991267895980826,3.8667214742918574,37.535716681480565,0,0.425,0.5667286007297707,0.5014188165002608,284.15228302497286,0.35,0.4572218064541502,52,12
Nashik,2022-01-03,2,2,9,26.688109004773214,-0.036784540622458096,10.048402820200657,38.7566655394632,0,0.3972222222222222,0.6956341454249332,0.4606303806071095,314.4286942948081,0.31666666666666665,0.4040142120467461,1,1
Nashik,2022-01-10,4,2,10,43.259117167153136,0.7119561873949704,10.605696949180624,37.296872557173884,0,0.3972222222222222,0.6956341454249332,0.4606303806071095,314.4286942948081,0.31666666666666665,0.4040142120467461,2,1
Nashik,2022-01-17,0,2,16,16.84511518081303,-0.9028997534997509,6.889142061774711,47.56609360724692,0,0.3972222222222222,0.6956341454249332,0.4606303806071095,314.4286942948081,0.31666666666666665,0.4040142120467461,3,1
Nashik,2022-01-24,0,6,14,37.16427481477082,2.4887107676645703,12.748196901810475,43.96200566195202,0,0.3972222222222222,0.6956341454249332,0.4606303806071095,314.4286942948081,0.31666666666666665,0.4040142120467461,4,1
Nashik,2022-01-31,3,3,13,21.830496008171348,-9.041214070421015,11.405059919549133,39.5538238176696,0,0.3972222222222222,0.6956341454249332,0.4606303806071095,314.4286942948081,0.31666666666666665,0.4040142120467461,5,1
Nashik,2022-02-07,1,7,13,18.61824127591526,6.33138398182844,12.429894272397842,39.54696858669411,0,0.3972222222222222,0.6956341454249332,0.4606303806071095,314.4286942948081,0.31666666666666665,0.4040142120467461,6,2
Nashik,2022-02-14,2,3,7,26.47834673095567,2.256469257111892,13.076818001708126,41.63841843513971,0,0.3972222222222222,0.6956341454249332,0.4606303806071095,314.4286942948081,0.31666666666666665,0.4040142120467461,7,2
Nashik,2022-02-21,3,3,9,24.349846021317937,-0.1963896249504307,11.835641567537628,36.736610067063694,0,0.3972222222222222,0.6956341454249332,0.4606303806071095,314.4286942948081,0.31666666666666665,0.4040142120467461,8,2
Nashik,2022-02-28,3,5,12,48.29219162208502,1.9409162950317882,13.864738921447966,35.065390526246745,0,0.3972222222222222,0.6956341454249332,0.4606303806071095,314.4286942948081,0.31666666666666665,0.4040142120467461,9,2
Nashik,2022-03-07,3,2,14,28.41416382134366,4.7403433057432,15.60672889900193,43.476783504888935,0,0.3972222222222222,0.6956341454249332,0.4606303806071095,314.4286942948081,0.31666666666666665,0.4040142120467461,10,3
Nashik,2022-03-14,1,7,15,30.740370879876142,-8.196131598597145,22.903174743691977,44.734266267575734,0,0.3972222222222222,0.6956341454249332,0.4606303806071095,314.4286942948081,0.31666666666666665,0.4040142120467461,11,3
Nashik,2022-03-21,0,4,11,22.05146708908418,-16.93098990285393,20.78367549986098,40.79965788362948,0,0.3972222222222222,0.6956341454249332,0.4606303806071095,314.4286942948081,0.31666666666666665,0.4040142120467461,12,3
Nashik,2022-03-28,1,4,10,40.17362737225639,8.73938254186005,23.08259329882806,32.303927595704764,0,0.3972222222222222,0.6956341454249332,0.4606303806071095,314.4286942948081,0.31666666666666665,0.4040142120467461,13,3
Nashik,2022-04-04,4,7,7,20.725280526359676,21.055880368415036,25.296023774985887,37.725213760880294,0,0.3972222222222222,0.6956341454249332,0.4606303806071095,314.4286942948081,0.31666666666666665,0.4040142120467461,14,4
Nashik,2022-04-11,1,3,12,2.047268766481743,-2.4052117427109803,25.48741278186155,32.03841269725094,0,0.3972222222222222,0.6956341454249332,0.4606303806071095,314.4286942948081,0.31666666666666665,0.4040142120467461,15,4
Nashik,2022-04-18,3,5,14,10.290607769236003,6.858973598434033,24.6275060639611,37.160259265011234,0,0.3972222222222222,0.6956341454249332,0.4606303806071095,314.4286942948081,0.31666666666666665,0.4040142120467461,16,4
Nashik,2022-04-25,6,9,16,20.02515316459091,-6.482773740771043,27.175351075925704,35.91870094471486,0,0.3972222222222222,0.6956341454249332,0.4606303806071095,314.4286942948081,0.31666666666666665,0.4040142120467461,17,4
Nashik,2022-05-02,2,4,7,20.564148620258504,-8.16803265830362,30.103721439205195,43.76890409367498,0,0.3972222222222222,0.6956341454249332,0.4606303806071095,314.4286942948081,0.31666666666666665,0.4040142120467461,18,5
Nashik,2022-05-09,3,11,12,18.5462440210584,-11.259551056841715,31.971600194991634,37.912195134444836,0,0.3972222222222222,0.6956341454249332,0.4606303806071095,314.4286942948081,0.31666666666666665,0.4040142120467461,19,5
Nashik,2022-05-16,1,9,7,17.885002539031472,-26.551622445456967,28.118731863305854,39.371452701406376,0,0.3972222222222222,0.6956341454249332,0.4606303806071095,314.4286942948081,0.31666666666666665,0.4040142120467461,20,5
Nashik,2022-05-23,3,4,6,14.722442220906787,9.013585827468928,31.89774745513525,42.43694509571174,0,0.3972222222222222,0.6956341454249332,0.4606303806071095,314.4286942948081,0.31666666666666665,0.4040142120467461,21,5
Nashik,2022-05-30,1,7,11,9.410583117685086,-0.5696912081861103,30.03197074955458,42.47655020853716,0,0.3972222222222222,0.6956341454249332,0.4606303806071095,314.4286942948081,0.31666666666666665,0.4040142120467461,22,5
Nashik,2022-06-06,10,20,33,94.44789902998416,-17.15025195855493,36.287883876472264,76.57489615680278,1,0.3972222222222222,0.6956341454249332,0.4606303806071095,314.4286942948081,0.31666666666666665,0.4040142120467461,23,6
Nashik,2022-06-13,13,17,30,107.30656605812118,-11.642650053030561,29.465081516322968,71.9811392237165,1,0.3972222222222222,0.6956341454249332,0.4606303806071095,314.4286942948081,0.31666666666666665,0.4040142120467461,24,6
Nashik,2022-06-20,16,16,39,113.81734063655809,62.324994957368595,34.56025853794322,74.1146424717488,1,0.3972222222222222,0.6956341454249332,0.4606303806071095,314.4286942948081,0.31666666666666665,0.4040142120467461,25,6
Nashik,2022-06-27,11,14,49,94.94284798040849,-4.365447884316466,30.418970586947424,80.54005902267158,1,0.3972222222222222,0.6956341454249332,0.4606303806071095,314.4286942948081,0.31666666666666665,0.4040142120467461,26,6
Nashik,2022-07-04,13,18,32,95.14811318832858,-55.70070729565156,32.936440618767676,78.77821172019097,1,0.3972222222222222,0.6956341454249332,0.4606303806071095,314.4286942948081,0.31666666666666665,0.4040142120467461,27,7
Nashik,2022-07-11,5,14,43,89.47315827883469,7.8303453899430195,29.301801908078147,73.9159843688245,1,0.3972222222222222,0.6956341454249332,0.4606303806071095,314.4286942948081,0.31666666666666665,0.4040142120467461,28,7
Nashik,2022-07-18,8,11,49,104.91440294864472,-38.27291864251401,33.0027939122334,82.11069294509122,1,0.3972222222222222,0.6956341454249332,0.4606303806071095,314.4286942948081,0.31666666666666665,0.4040142120467461,29,7
Nashik,2022-07-25,7,14,46,112.88117217831035,-7.25314487396269,30.049621779443267,75.83370487558913,1,0.3972222222222222,0.6956341454249332,0.4606303806071095,314.4286942948081,0.31666666666666665,0.4040142120467461,30,7
Nashik,2022-08-01,10,15,46,110.67483216264611,3.8539858737232318,24.780359123522757,79.38426797453188,1,0.3972222222222222,0.6956341454249332,0.4606303806071095,314.4286942948081,0.31666666666666665,0.4040142120467461,31,8
Nashik,2022-08-08,10,9,39,94.03586591589068,40.91659723062172,25.996510685159596,75.72043776904043,1,0.3972222222222222,0.6956341454249332,0.4606303806071095,314.4286942948081,0.31666666666666665,0.4040142120467461,32,8
Nashik,2022-08-15,9,9,41,100.24440641667516,0.7217310918954069,25.66958975853695,75.71291276824223,1,0.3972222222222222,0.6956341454249332,0.4606303806071095,314.4286942948081,0.31666666666666665,0.4040142120467461,33,8
Nashik,2022-08-22,10,6,42,103.35474702194296,1.7097375498749998,29.46101367470571,69.43424776273233,1,0.3972222222222222,0.6956341454249332,0.4606303806071095,314.4286942948081,0.31666666666666665,0.4040142120467461,34,8
Nashik,2022-08-29,16,9,46,101.3315757968305,65.76011832889294,25.138960337622798,88.02705021493155,1,0.3972222222222222,0.6956341454249332,0.4606303806071095,314.4286942948081,0.31666666666666665,0.4040142120467461,35,8
Nashik,2022-09-05,15,15,47,91.75725259649147,11.016087646574666,23.856665888934213,81.25806126550178,1,0.3972222222222222,0.6956341454249332,0.4606303806071095,314.4286942948081,0.31666666666666665,0.4040142120467461,36,9
Nashik,2022-09-12,7,15,43,86.15593868390981,-35.57361640853002,19.455622201137434,73.6379857104098,1,0.3972222222222222,0.6956341454249332,0.4606303806071095,314.4286942948081,0.31666666666666665,0.4040142120467461,37,9
Nashik,2022-09-19,9,18,54,105.6404886524357,-38.60530786341788,19.368453649675214,74.5423527171721,1,0.3972222222222222,0.6956341454249332,0.4606303806071095,314.4286942948081,0.31666666666666665,0.4040142120467461,38,9
Nashik,2022-09-26,7,12,37,94.72101672674152,-12.991986177809313,21.1998008679658,85.9226962275719,1,0.3972222222222222,0.6956341454249332,0.4606303806071095,314.4286942948081,0.31666666666666665,0.4040142120467461,39,9
Nashik,2022-10-03,3,9,7,20.899604115482088,12.397229643551753,15.353812529795642,31.889151818947596,0,0.3972222222222222,0.6956341454249332,0.4606303806071095,314.4286942948081,0.31666666666666665,0.4040142120467461,40,10
Nashik,2022-10-10,1,4,9,19.61395904123107,1.7857709444821344,9.739703283697754,42.19062746220474,0,0.3972222222222222,0.6956341454249332,0.4606303806071095,314.4286942948081,0.31666666666666665,0.4040142120467461,41,10
Nashik,2022-10-17,3,7,15,18.224199301982715,8.546131950644288,11.547362321405458,42.89279129392091,0,0.3972222222222222,0.6956341454249332,0.4606303806071095,314.4286942948081,0.31666666666666665,0.4040142120467461,42,10
Nashik,2022-10-24,2,4,12,7.2830344570030725,-8.727574584469666,12.377035026039962,39.09626595942554,0,0.3972222222222222,0.6956341454249332,0.4606303806071095,314.4286942948081,0.31666666666666665,0.4040142120467461,43,10
Nashik,2022-10-31,1,2,14,22.961970020330114,-1.771358798776383,12.09023077738503,39.27231703818664,0,0.3972222222222222,0.6956341454249332,0.4606303806071095,314.4286942948081,0.31666666666666665,0.4040142120467461,44,10
Nashik,2022-11-07,4,3,9,7.409674593467759,-10.709502386249344,9.46870124501375,50.666653652160974,0,0.3972222222222222,0.6956341454249332,0.4606303806071095,314.4286942948081,0.31666666666666665,0.4040142120467461,45,11
Nashik,2022-11-14,4,4,9,21.459987585641535,17.15421097799233,10.66433580114449,35.675730099310115,0,0.3972222222222222,0.6956341454249332,0.4606303806071095,314.4286942948081,0.31666666666666665,0.4040142120467461,46,11
Nashik,2022-11-21,3,3,7,18.841720996330995,-2.411019059701483,10.118904324689725,42.28762271640448,0,0.3972222222222222,0.6956341454249332,0.4606303806071095,314.4286942948081,0.31666666666666665,0.4040142120467461,47,11
Nashik,2022-11-28,4,4,12,19.678018685973928,4.128565179975563,11.338421073240527,39.883134290020536,0,0.3972222222222222,0.6956341454249332,0.4606303806071095,314.4286942948081,0.31666666666666665,0.4040142120467461,48,11
Nashik,2022-12-05,1,4,13,31.225981847545704,-3.7741003144673897,8.209330731101156,42.13241202115143,0,0.3972222222222222,0.6956341454249332,0.4606303806071095,314.4286942948081,0.31666666666666665,0.4040142120467461,49,12
Nashik,2022-12-12,2,4,13,22.55403111271419,-2.7071042103777643,8.48342244476641,42.084506195419195,0,0.3972222222222222,0.6956341454249332,0.4606303806071095,314.4286942948081,0.31666666666666665,0.4040142120467461,50,12
Nashik,2022-12-19,3,5,14,32.02173831430896,13.803847340611906,8.916864337971063,51.800686248287676,0,0.3972222222222222,0.6956341454249332,0.4606303806071095,314.4286942948081,0.31666666666666665,0.4040142120467461,51,12
Nashik,2022-12-26,4,4,11,18.216670231508434,-8.160081934600862,7.56446462406653,54.6182167880233,0,0.3972222222222222,0.6956341454249332,0.4606303806071095,314.4286942948081,0.31666666666666665,0.4040142120467461,52,12
Nashik,2023-01-02,3,4,12,12.056238601461555,-0.8977924967120604,11.379997060553283,39.61757114526565,0,0.3972222222222222,0.6956341454249332,0.4606303806071095,314.4286942948081,0.31666666666666665,0.4040142120467461,1,1
Nashik,2023-01-09,4,5,16,33.345249030919575,8.576614951660694,8.147641379000614,43.00044777631301,0,0.3972222222222222,0.6956341454249332,0.4606303806071095,314.4286942948081,0.31666666666666665,0.4040142120467461,2,1
Nashik,2023-01-16,2,4,14,13.642054553855722,-3.2533393506854353,10.31791010121843,40.36610605233497,0,0.3972222222222222,0.6956341454249332,0.4606303806071095,314.4286942948081,0.31666666666666665,0.4040142120467461,3,1
Nashik,2023-01-23,3,2,3,34.97566136087136,1.632516265382057,9.056963535255193,47.72069000603324,0,0.3972222222222222,0.6956341454249332,0.4606303806071095,314.4286942948081,0.31666666666666665,0.4040142120467461,4,1
Nashik,2023-01-30,5,4,9,15.381207328630786,-5.776693847451298,11.658811866022138,31.620791137051196,0,0.3972222222222222,0.6956341454249332,0.4606303806071095,314.4286942948081,0.31666666666666665,0.4040142120467461,5,1
Nashik,2023-02-06,3,6,7,9.975645286795874,-12.804130129469637,12.839177276273714,40.649655644975,0,0.3972222222222222,0.6956341454249332,0.4606303806071095,314.4286942948081,0.31666666666666665,0.4040142120467461,6,2
Nashik,2023-02-13,3,1,5,7.48920759931047,-7.09623754094118,13.561019469850018,51.560332756014816,0,0.3972222222222222,0.6956341454249332,0.4606303806071095,314.4286942948081,0.31666666666666665,0.4040142120467461,7,2
Nashik,2023-02-20,5,7,9,39.58326272811516,-0.3593960196129861,13.964856478936667,37.08976658943962,0,0.3972222222222222,0.6956341454249332,0.4606303806071095,314.4286942948081,0.31666666666666665,0.4040142120467461,8,2
Nashik,2023-02-27,0,7,15,18.79473305542281,1.0782914744085477,13.297233881769143,30.905543023045738,0,0.3972222222222222,0.6956341454249332,0.4606303806071095,314.4286942948081,0.31666666666666665,0.4040142120467461,9,2
Nashik,2023-03-06,1,9,13,19.942798198280425,-5.206669646091963,20.6628642080731,42.287195080615355,0,0.3972222222222222,0.6956341454249332,0.4606303806071095,314.4286942948081,0.31666666666666665,0.4040142120467461,10,3
Nashik,2023-03-13,4,3,10,20.74989631912828,24.834239000812165,19.269959186945822,31.963996841503512,0,0.3972222222222222,0.6956341454249332,0.4606303806071095,314.4286942948081,0.31666666666666665,0.4040142120467461,11,3
Nashik,2023-03-20,1,2,9,4.542004040006425,30.26651591695066,22.95634688884662,46.70091283445607,0,0.3972222222222222,0.6956341454249332,0.4606303806071095,314.4286942948081,0.31666666666666665,0.4040142120467461,12,3
Nashik,2023-03-27,2,6,7,13.463028262174898,-5.509745875188154,17.73270029695875,32.193317032488636,0,0.3972222222222222,0.6956341454249332,0.4606303806071095,314.4286942948081,0.31666666666666665,0.4040142120467461,13,3
Nashik,2023-04-03,2,7,17,26.913069300927592,-6.90081766600774,25.89393511117607,37.312286157185255,0,0.3972222222222222,0.6956341454249332,0.4606303806071095,314.4286942948081,0.31666666666666665,0.4040142120467461,14,4
Nashik,2023-04-10,0,5,9,17.06704477794589,10.344293862270394,26.245849235614642,42.53816712253346,0,0.3972222222222222,0.6956341454249332,0.4606303806071095,314.4286942948081,0.31666666666666665,0.4040142120467461,15,4
Nashik,2023-04-17,1,5,7,4.507372421712896,19.854063611115244,24.686999500740445,49.51730149910573,0,0.3972222222222222,0.6956341454249332,0.4606303806071095,314.4286942948081,0.31666666666666665,0.4040142120467461,16,4
Nashik,2023-04-24,2,3,15,20.51823327600366,4.629659995461305,24.2743987856472,36.82042889304346,0,0.3972222222222222,0.6956341454249332,0.4606303806071095,314.4286942948081,0.31666666666666665,0.4040142120467461,17,4
Nashik,2023-05-01,5,9,12,14.497782485632104,-0.9703024235522073,31.21877049142111,37.97343528604816,0,0.3972222222222222,0.6956341454249332,0.4606303806071095,314.4286942948081,0.31666666666666665,0.4040142120467461,18,5
Nashik,2023-05-08,2,7,6,16.144327980247503,11.671373676115625,30.050362267347392,35.85428181916917,0,0.3972222222222222,0.6956341454249332,0.4606303806071095,314.4286942948081,0.31666666666666665,0.4040142120467461,19,5
Nashik,2023-05-15,4,3,7,8.038722678432439,-20.04143883513601,30.073884070534394,42.863042810866204,0,0.3972222222222222,0.6956341454249332,0.4606303806071095,314.4286942948081,0.31666666666666665,0.4040142120467461,20,5
Nashik,2023-05-22,3,10,10,12.00176428483801,-10.968346860906003,32.65579446662525,39.10559295116637,0,0.3972222222222222,0.6956341454249332,0.4606303806071095,314.4286942948081,0.31666666666666665,0.4040142120467461,21,5
Nashik,2023-05-29,3,8,13,35.46647183317276,-1.8476372001034997,30.509745829902332,33.05748265972314,0,0.3972222222222222,0.6956341454249332,0.4606303806071095,314.4286942948081,0.31666666666666665,0.4040142120467461,22,5
Nashik,2023-06-05,5,15,52,101.25056191111891,26.30119732127592,30.873337046037253,84.42688776449563,1,0.3972222222222222,0.6956341454249332,0.4606303806071095,314.4286942948081,0.31666666666666665,0.4040142120467461,23,6
Nashik,2023-06-12,7,8,28,92.69263615367194,2.476621158609544,32.13311398087244,75.89909180320579,1,0.3972222222222222,0.6956341454249332,0.4606303806071095,314.4286942948081,0.31666666666666665,0.4040142120467461,24,6
Nashik,2023-06-19,11,10,39,95.84426112221917,19.602585333580535,33.87113205131225,81.37231769404272,1,0.3972222222222222,0.6956341454249332,0.4606303806071095,314.4286942948081,0.31666666666666665,0.4040142120467461,25,6
Nashik,2023-06-26,6,16,50,97.05585079441681,-17.59262081877638,30.724038507937486,81.12790903353182,1,0.3972222222222222,0.6956341454249332,0.4606303806071095,314.4286942948081,0.31666666666666665,0.4040142120467461,26,6
Nashik,2023-07-03,11,12,35,88.55596463856561,27.564572003551387,29.448447973829754,81.41879502176235,1,0.3972222222222222,0.6956341454249332,0.4606303806071095,314.4286942948081,0.31666666666666665,0.4040142120467461,27,7
Nashik,2023-07-10,8,10,52,113.70941669078746,-49.13250099544614,28.801288490994448,84.06686344736663,1,0.3972222222222222,0.6956341454249332,0.4606303806071095,314.4286942948081,0.31666666666666665,0.4040142120467461,28,7
Nashik,2023-07-17,14,11,31,78.64804401913241,-6.5868100477198315,30.449468384512155,82.7376872243992,1,0.3972222222222222,0.6956341454249332,0.4606303806071095,314.4286942948081,0.31666666666666665,0.4040142120467461,29,7
Nashik,2023-07-24,8,14,49,108.00719830341107,4.439279736723666,30.684838684412988,78.17503156640645,1,0.3972222222222222,0.6956341454249332,0.4606303806071095,314.4286942948081,0.31666666666666665,0.4040142120467461,30,7
Nashik,2023-07-31,7,8,45,117.90796088611044,21.31507240990924,29.81631106341501,75.32273427017677,1,0.3972222222222222,0.6956341454249332,0.4606303806071095,314.4286942948081,0.31666666666666665,0.4040142120467461,31,7
Nashik,2023-08-07,7,12,40,95.12527885198435,2.5442511854943284,28.49677715199614,76.47372249140524,1,0.3972222222222222,0.6956341454249332,0.4606303806071095,314.4286942948081,0.31666666666666665,0.4040142120467461,32,8
Nashik,2023-08-14,9,11,42,103.60948714348679,-9.339709544499181,23.99559247084528,76.07551680496756,1,0.3972222222222222,0.6956341454249332,0.4606303806071095,314.4286942948081,0.31666666666666665,0.4040142120467461,33,8
Nashik,2023-08-21,8,14,46,87.72149869486586,-50.00015807446173,24.474446662100426,82.93836610301176,1,0.3972222222222222,0.6956341454249332,0.4606303806071095,314.4286942948081,0.31666666666666665,0.4040142120467461,34,8
Nashik,2023-08-28,9,11,35,108.60786469849232,6.21340290344481,29.1584084200736,85.21358056966343,1,0.3972222222222222,0.6956341454249332,0.4606303806071095,314.4286942948081,0.31666666666666665,0.4040142120467461,35,8
Nashik,2023-09-04,10,8,51,108.48401056203797,17.42554278802536,21.099785053124055,76.04624108971754,1,0.3972222222222222,0.6956341454249332,0.4606303806071095,314.4286942948081,0.31666666666666665,0.4040142120467461,36,9
Nashik,2023-09-11,15,14,32,88.61229105984589,-20.419551424188146,20.949579637368743,81.7668329301352,1,0.3972222222222222,0.6956341454249332,0.4606303806071095,314.4286942948081,0.31666666666666665,0.4040142120467461,37,9
Nashik,2023-09-18,11,5,38,125.38505564984268,35.237013622414295,19.423183098080326,77.3831412644938,1,0.3972222222222222,0.6956341454249332,0.4606303806071095,314.4286942948081,0.31666666666666665,0.4040142120467461,38,9
Nashik,2023-09-25,9,15,43,104.44397862479423,-2.680222009875429,21.383184035214562,80.43221569184092,1,0.3972222222222222,0.6956341454249332,0.4606303806071095,314.4286942948081,0.31666666666666665,0.4040142120467461,39,9
Nashik,2023-10-02,3,5,11,49.58334669358155,-7.394039200345133,18.210550193721332,43.741836917937334,0,0.3972222222222222,0.6956341454249332,0.4606303806071095,314.4286942948081,0.31666666666666665,0.4040142120467461,40,10
Nashik,2023-10-09,1,5,9,21.692353159913438,-0.9680126481014333,11.406747858430094,38.33496804654121,0,0.3972222222222222,0.6956341454249332,0.4606303806071095,314.4286942948081,0.31666666666666665,0.4040142120467461,41,10
Nashik,2023-10-16,2,9,8,20.7276786392136,10.651783616224522,15.865476216949256,47.93094753892582,0,0.3972222222222222,0.6956341454249332,0.4606303806071095,314.4286942948081,0.31666666666666665,0.4040142120467461,42,10
Nashik,2023-10-23,1,2,13,12.640683506095199,-11.474369157517213,10.569349547082442,32.804495944290174,0,0.3972222222222222,0.6956341454249332,0.4606303806071095,314.4286942948081,0.31666666666666665,0.4040142120467461,43,10
Nashik,2023-10-30,1,3,9,21.61479430312382,1.7400498904095705,11.938885192153705,40.4762619872373,0,0.3972222222222222,0.6956341454249332,0.4606303806071095,314.4286942948081,0.31666666666666665,0.4040142120467461,44,10
Nashik,2023-11-06,1,3,8,32.332154065194594,-19.1655787870177,11.198916480032379,45.32185081209711,0,0.3972222222222222,0.6956341454249332,0.4606303806071095,314.4286942948081,0.31666666666666665,0.4040142120467461,45,11
Nashik,2023-11-13,2,3,14,29.394513059793105,-8.279199876821014,9.303604993465042,42.5845839538204,0,0.3972222222222222,0.6956341454249332,0.4606303806071095,314.4286942948081,0.31666666666666665,0.4040142120467461,46,11
Nashik,2023-11-20,0,8,15,3.8723719636540324,-17.715823589485723,6.310806259064131,42.13177587059646,0,0.3972222222222222,0.6956341454249332,0.4606303806071095,314.4286942948081,0.31666666666666665,0.4040142120467461,47,11
Nashik,2023-11-27,2,5,10,26.327281029445587,-22.192218213441613,10.517337105860756,37.091509696152016,0,0.3972222222222222,0.6956341454249332,0.4606303806071095,314.4286942948081,0.31666666666666665,0.4040142120467461,48,11
Nashik,2023-12-04,5,4,17,42.427407235897675,9.150707541680891,8.41241225361618,42.16265274884459,0,0.3972222222222222,0.6956341454249332,0.4606303806071095,314.4286942948081,0.31666666666666665,0.4040142120467461,49,12
Nashik,2023-12-11,3,2,11,30.901340044757244,15.860555320964014,8.473929328136233,39.82133465859655,0,0.3972222222222222,0.6956341454249332,0.4606303806071095,314.4286942948081,0.31666666666666665,0.4040142120467461,50,12
Nashik,2023-12-18,2,1,7,32.72533133986626,-8.487700905479784,7.326883569741286,36.17458651820095,0,0.3972222222222222,0.6956341454249332,0.4606303806071095,314.4286942948081,0.31666666666666665,0.4040142120467461,51,12
Nashik,2023-12-25,6,3,14,32.241108919195604,3.2693841259627625,7.687089394149507,41.79040022239656,0,0.3972222222222222,0.6956341454249332,0.4606303806071095,314.4286942948081,0.31666666666666665,0.4040142120467461,52,12
Osmanabad,2022-01-03,1,3,6,19.773626654565042,12.922507162902683,9.92432784281587,41.04626243645724,0,0.5777777777777777,0.5008086072652161,0.6622299300955651,961.9744460422288,0.5333333333333333,0.595841361696294,1,1
Osmanabad,2022-01-10,0,3,13,26.110285802972044,14.339710375230707,6.026556860349567,39.85009160623075,0,0.5777777777777777,0.5008086072652161,0.6622299300955651,961.9744460422288,0.5333333333333333,0.595841361696294,2,1
Osmanabad,2022-01-17,0,1,4,18.639739041449385,12.56612797568279,9.735164386740722,39.81275158618017,0,0.5777777777777777,0.5008086072652161,0.6622299300955651,961.9744460422288,0.5333333333333333,0.595841361696294,3,1
Osmanabad,2022-01-24,1,2,11,9.383196141764438,-21.418320715818457,12.575179311387817,35.496066706531835,0,0.5777777777777777,0.5008086072652161,0.6622299300955651,961.9744460422288,0.5333333333333333,0.595841361696294,4,1
Osmanabad,2022-01-31,2,5,11,22.347610393061423,6.471387151307634,9.06220206171429,50.360897465002736,0,0.5777777777777777,0.5008086072652161,0.6622299300955651,961.9744460422288,0.5333333333333333,0.595841361696294,5,1
Osmanabad,2022-02-07,0,10,5,16.976584543721692,3.6643033899172823,13.843519271800668,30.19732857188854,0,0.5777777777777777,0.5008086072652161,0.6622299300955651,961.9744460422288,0.5333333333333333,0.595841361696294,6,2
Osmanabad,2022-02-14,1,2,14,32.71757193484697,6.755192083461314,9.259980859539144,45.00877041613429,0,0.5777777777777777,0.5008086072652161,0.6622299300955651,961.9744460422288,0.5333333333333333,0.595841361696294,7,2
Osmanabad,2022-02-21,4,5,10,16.315731405294663,6.180929533429865,14.971985160323399,45.45643523131173,0,0.5777777777777777,0.5008086072652161,0.6622299300955651,961.9744460422288,0.5333333333333333,0.595841361696294,8,2
Osmanabad,2022-02-28,2,6,8,32.674903541379464,-18.33828154051541,14.450789399156541,37.96050261441681,0,0.5777777777777777,0.5008086072652161,0.6622299300955651,961.9744460422288,0.5333333333333333,0.595841361696294,9,2
Osmanabad,2022-03-07,2,5,10,21.404531765123952,-4.489091303264969,20.804772222624194,39.6905640725232,0,0.5777777777777777,0.5008086072652161,0.6622299300955651,961.9744460422288,0.5333333333333333,0.595841361696294,10,3
Osmanabad,2022-03-14,0,6,13,12.360227753533838,0.7924202824045898,18.706094478681134,46.53545505581089,0,0.5777777777777777,0.5008086072652161,0.6622299300955651,961.9744460422288,0.5333333333333333,0.595841361696294,11,3
Osmanabad,2022-03-21,2,5,5,21.20076362832718,12.739574474824948,21.991546797546764,34.2236960715623,0,0.5777777777777777,0.5008086072652161,0.6622299300955651,961.9744460422288,0.5333333333333333,0.595841361696294,12,3
Osmanabad,2022-03-28,2,2,8,13.141551962811338,-12.558096658915769,21.203310826740903,38.54407435086439,0,0.5777777777777777,0.5008086072652161,0.6622299300955651,961.9744460422288,0.5333333333333333,0.595841361696294,13,3
Osmanabad,2022-04-04,2,3,6,36.93964713033341,8.38146757944067,27.033657078799152,39.29108838219004,0,0.5777777777777777,0.5008086072652161,0.6622299300955651,961.9744460422288,0.5333333333333333,0.595841361696294,14,4
Osmanabad,2022-04-11,3,5,12,29.92204525715745,0.38894305882457797,25.837760604103774,34.239563713927154,0,0.5777777777777777,0.5008086072652161,0.6622299300955651,961.9744460422288,0.5333333333333333,0.595841361696294,15,4
Osmanabad,2022-04-18,0,5,8,26.375974960089295,22.535520058851958,26.035443672712734,40.91660829338621,0,0.5777777777777777,0.5008086072652161,0.6622299300955651,961.9744460422288,0.5333333333333333,0.595841361696294,16,4
Osmanabad,2022-04-25,3,4,5,15.956671510948347,6.18805942645916,26.56068614728531,36.80831719391359,0,0.5777777777777777,0.5008086072652161,0.6622299300955651,961.9744460422288,0.5333333333333333,0.595841361696294,17,4
Osmanabad,2022-05-02,3,5,5,20.34889511781288,-3.508647163888287,29.86843414081005,40.46980573670768,0,0.5777777777777777,0.5008086072652161,0.6622299300955651,961.9744460422288,0.5333333333333333,0.595841361696294,18,5
Osmanabad,2022-05-09,0,6,2,3.9269318046228534,-0.8665934457329629,28.793145691477513,28.597026681175798,0,0.5777777777777777,0.5008086072652161,0.6622299300955651,961.9744460422288,0.5333333333333333,0.595841361696294,19,5
Osmanabad,2022-05-16,1,2,13,9.460276496909895,-11.656407667963409,30.973430016817687,37.95823123540522,0,0.5777777777777777,0.5008086072652161,0.6622299300955651,961.9744460422288,0.5333333333333333,0.595841361696294,20,5
Osmanabad,2022-05-23,2,6,5,29.33551073188481,5.721768619515481,30.132415224518642,42.6531526276899,0,0.5777777777777777,0.5008086072652161,0.6622299300955651,961.9744460422288,0.5333333333333333,0.595841361696294,21,5
Osmanabad,2022-05-30,1,7,8,24.915896765987384,-17.618935462917598,28.168047587433925,37.56527333787071,0,0.5777777777777777,0.5008086072652161,0.6622299300955651,961.9744460422288,0.5333333333333333,0.595841361696294,22,5
Osmanabad,2022-06-06,7,10,26,93.56437466229082,13.443383513553608,31.485323402169143,79.85667911822517,1,0.5777777777777777,0.5008086072652161,0.6622299300955651,961.9744460422288,0.5333333333333333,0.595841361696294,23,6
Osmanabad,2022-06-13,8,12,21,107.19746579144673,-24.051204655762756,34.166110082205215,78.12958703897164,1,0.5777777777777777,0.5008086072652161,0.6622299300955651,961.9744460422288,0.5333333333333333,0.595841361696294,24,6
Osmanabad,2022-06-20,5,9,34,93.50232343590206,-22.169603923582883,31.059565228435662,75.0555993747063,1,0.5777777777777777,0.5008086072652161,0.6622299300955651,961.9744460422288,0.5333333333333333,0.595841361696294,25,6
Osmanabad,2022-06-27,8,9,28,87.30465682642988,25.05399492779595,30.8985041415378,78.46963189824507,1,0.5777777777777777,0.5008086072652161,0.6622299300955651,961.9744460422288,0.5333333333333333,0.595841361696294,26,6
Osmanabad,2022-07-04,8,10,30,99.89458649882731,-1.4020430591669761,30.96309329648434,80.29216963789932,1,0.5777777777777777,0.5008086072652161,0.6622299300955651,961.9744460422288,0.5333333333333333,0.595841361696294,27,7
Osmanabad,2022-07-11,6,13,46,113.04629478753176,19.064271059474958,33.32499191952595,72.33005000925394,1,0.5777777777777777,0.5008086072652161,0.6622299300955651,961.9744460422288,0.5333333333333333,0.595841361696294,28,7
Osmanabad,2022-07-18,8,14,29,104.74759426190879,-25.98999422151903,28.716633211328272,78.14608517016981,1,0.5777777777777777,0.5008086072652161,0.6622299300955651,961.9744460422288,0.5333333333333333,0.595841361696294,29,7
Osmanabad,2022-07-25,7,9,29,99.79530102847376,4.029747566794943,30.659503410883406,76.6652702764488,1,0.5777777777777777,0.5008086072652161,0.6622299300955651,961.9744460422288,0.5333333333333333,0.595841361696294,30,7
Osmanabad,2022-08-01,15,7,32,118.36386717224744,34.17959712065987,26.56920931277312,85.81351614776607,1,0.5777777777777777,0.5008086072652161,0.6622299300955651,961.9744460422288,0.5333333333333333,0.595841361696294,31,8
Osmanabad,2022-08-08,7,11,22,93.65528390340788,27.145533586232318,25.5430454807847,92.98705920716303,1,0.5777777777777777,0.5008086072652161,0.6622299300955651,961.9744460422288,0.5333333333333333,0.595841361696294,32,8
Osmanabad,2022-08-15,12,11,28,80.53543406318238,-10.337740955763335,26.09432068560429,63.635167265475985,1,0.5777777777777777,0.5008086072652161,0.6622299300955651,961.9744460422288,0.5333333333333333,0.595841361696294,33,8
Osmanabad,2022-08-22,6,13,35,108.8764809876355,43.327613725128764,26.918579884315506,69.74824237922013,1,0.5777777777777777,0.5008086072652161,0.6622299300955651,961.9744460422288,0.5333333333333333,0.595841361696294,34,8
Osmanabad,2022-08-29,2,8,24,101.28015346828502,8.33975190911006,25.48389874436381,84.63677586282056,1,0.5777777777777777,0.5008086072652161,0.6622299300955651,961.9744460422288,0.5333333333333333,0.595841361696294,35,8
Osmanabad,2022-09-05,8,6,33,94.89071684752457,-8.989295052157878,20.012254815440457,74.01599194501249,1,0.5777777777777777,0.5008086072652161,0.6622299300955651,961.9744460422288,0.5333333333333333,0.595841361696294,36,9
Osmanabad,2022-09-12,9,10,28,103.97324283730461,18.900951381285346,20.50603872025964,77.63130073418783,1,0.5777777777777777,0.5008086072652161,0.6622299300955651,961.9744460422288,0.5333333333333333,0.595841361696294,37,9
Osmanabad,2022-09-19,3,15,26,108.60292453059397,30.585458403265136,21.454638328130226,85.18815577451063,1,0.5777777777777777,0.5008086072652161,0.6622299300955651,961.9744460422288,0.5333333333333333,0.595841361696294,38,9
Osmanabad,2022-09-26,5,6,39,84.70511805869349,4.7385523922247055,18.788636842724774,78.26662119518146,1,0.5777777777777777,0.5008086072652161,0.6622299300955651,961.9744460422288,0.5333333333333333,0.595841361696294,39,9
Osmanabad,2022-10-03,2,3,11,26.318158189181723,-21.48325272498505,16.88981570526523,40.7482335990582,0,0.5777777777777777,0.5008086072652161,0.6622299300955651,961.9744460422288,0.5333333333333333,0.595841361696294,40,10
Osmanabad,2022-10-10,1,5,12,12.48462462922948,23.143882946328034,16.365583731087945,43.64181492059396,0,0.5777777777777777,0.5008086072652161,0.6622299300955651,961.9744460422288,0.5333333333333333,0.595841361696294,41,10
Osmanabad,2022-10-17,3,5,6,8.11973627483609,2.659355425457636,18.171370891299816,35.75606807776203,0,0.5777777777777777,0.5008086072652161,0.6622299300955651,961.9744460422288,0.5333333333333333,0.595841361696294,42,10
Osmanabad,2022-10-24,1,6,5,4.487881827567804,-11.85044964247514,15.915980736490654,46.926700986241194,0,0.5777777777777777,0.5008086072652161,0.6622299300955651,961.9744460422288,0.5333333333333333,0.595841361696294,43,10
Osmanabad,2022-10-31,3,4,10,10.990905196421147,-0.12251567193944163,12.651266222761812,36.21144558932015,0,0.5777777777777777,0.5008086072652161,0.6622299300955651,961.9744460422288,0.5333333333333333,0.595841361696294,44,10
Osmanabad,2022-11-07,3,3,13,40.32325585760414,4.750882765034668,8.748028350343466,37.025645317150605,0,0.5777777777777777,0.5008086072652161,0.6622299300955651,961.9744460422288,0.5333333333333333,0.595841361696294,45,11
Osmanabad,2022-11-14,0,5,7,31.199155161717407,11.920493544366026,8.54141838518612,42.61742667582475,0,0.5777777777777777,0.5008086072652161,0.6622299300955651,961.9744460422288,0.5333333333333333,0.595841361696294,46,11
Osmanabad,2022-11-21,3,6,11,25.69104563233715,16.200122179766375,5.5985496142970845,39.67305255344882,0,0.5777777777777777,0.5008086072652161,0.6622299300955651,961.9744460422288,0.5333333333333333,0.595841361696294,47,11
Osmanabad,2022-11-28,1,3,10,28.091079212385807,-6.692514572056414,11.55599123944835,50.99793459116005,0,0.5777777777777777,0.5008086072652161,0.6622299300955651,961.9744460422288,0.5333333333333333,0.595841361696294,48,11
Osmanabad,2022-12-05,2,5,11,31.396630926022432,10.174990287815769,10.540590174252506,36.06768402971468,0,0.5777777777777777,0.5008086072652161,0.6622299300955651,961.9744460422288,0.5333333333333333,0.595841361696294,49,12
Osmanabad,2022-12-12,2,4,11,12.971039206200167,5.592161472169606,7.114573903446684,35.706526943818666,0,0.5777777777777777,0.5008086072652161,0.6622299300955651,961.9744460422288,0.5333333333333333,0.595841361696294,50,12
Osmanabad,2022-12-19,4,2,12,20.788202390914243,10.494377529982247,4.259391903902205,41.384874078281214,0,0.5777777777777777,0.5008086072652161,0.6622299300955651,961.9744460422288,0.5333333333333333,0.595841361696294,51,12
Osmanabad,2022-12-26,2,0,3,16.06441937413221,10.819083521121302,6.338477189172204,45.915265042361064,0,0.5777777777777777,0.5008086072652161,0.6622299300955651,961.9744460422288,0.5333333333333333,0.595841361696294,52,12
Osmanabad,2023-01-02,5,4,8,26.630523007869453,-12.69268462147388,9.525855346787585,34.49247987666354,0,0.5777777777777777,0.5008086072652161,0.6622299300955651,961.9744460422288,0.5333333333333333,0.595841361696294,1,1
Osmanabad,2023-01-09,5,4,2,19.33548797972381,3.775410380313003,11.417661846232098,41.32010671534927,0,0.5777777777777777,0.5008086072652161,0.6622299300955651,961.9744460422288,0.5333333333333333,0.595841361696294,2,1
Osmanabad,2023-01-16,1,3,9,23.47823398006763,-6.8959514178017525,9.4703082912008,33.427480654793705,0,0.5777777777777777,0.5008086072652161,0.6622299300955651,961.9744460422288,0.5333333333333333,0.595841361696294,3,1
Osmanabad,2023-01-23,0,6,8,14.745313289396904,15.12305516935309,8.732746654727181,32.418148565859354,0,0.5777777777777777,0.5008086072652161,0.6622299300955651,961.9744460422288,0.5333333333333333,0.595841361696294,4,1
Osmanabad,2023-01-30,1,5,10,30.268066591088168,-6.467772016330438,9.961339388187566,38.20517892224933,0,0.5777777777777777,0.5008086072652161,0.6622299300955651,961.9744460422288,0.5333333333333333,0.595841361696294,5,1
Osmanabad,2023-02-06,0,2,9,5.5290346878665435,-3.1714340843520143,14.708837697548525,40.490079641229734,0,0.5777777777777777,0.5008086072652161,0.6622299300955651,961.9744460422288,0.5333333333333333,0.595841361696294,6,2
Osmanabad,2023-02-13,0,4,16,18.46070627315539,-4.800657630224757,16.150652618859123,47.084857434151246,0,0.5777777777777777,0.5008086072652161,0.6622299300955651,961.9744460422288,0.5333333333333333,0.595841361696294,7,2
Osmanabad,2023-02-20,1,4,8,3.288060753840469,-4.346792744227058,12.863005533344085,42.09281404493916,0,0.5777777777777777,0.5008086072652161,0.6622299300955651,961.9744460422288,0.5333333333333333,0.595841361696294,8,2
Osmanabad,2023-02-27,0,3,7,23.886090982925566,-11.809671900160463,13.08187565480434,33.605991418004514,0,0.5777777777777777,0.5008086072652161,0.6622299300955651,961.9744460422288,0.5333333333333333,0.595841361696294,9,2
Osmanabad,2023-03-06,1,7,12,13.124642640425508,-5.862227990956298,21.087787791224546,39.01420522179564,0,0.5777777777777777,0.5008086072652161,0.6622299300955651,961.9744460422288,0.5333333333333333,0.595841361696294,10,3
Osmanabad,2023-03-13,1,6,12,24.909733899508026,-5.745578200175339,19.71576569936204,38.253894614786525,0,0.5777777777777777,0.5008086072652161,0.6622299300955651,961.9744460422288,0.5333333333333333,0.595841361696294,11,3
Osmanabad,2023-03-20,3,4,5,11.652696894366306,-4.198086077441673,22.4562140779239,45.266827588993216,0,0.5777777777777777,0.5008086072652161,0.6622299300955651,961.9744460422288,0.5333333333333333,0.595841361696294,12,3
Osmanabad,2023-03-27,0,4,13,14.80750731387759,5.40907449547678,17.569215272635805,39.279972935078355,0,0.5777777777777777,0.5008086072652161,0.6622299300955651,961.9744460422288,0.5333333333333333,0.595841361696294,13,3
Osmanabad,2023-04-03,0,3,6,7.315814154499423,-0.5995953123999115,25.30397809072147,34.60971919583386,0,0.5777777777777777,0.5008086072652161,0.6622299300955651,961.9744460422288,0.5333333333333333,0.595841361696294,14,4
Osmanabad,2023-04-10,2,6,8,33.29252087140757,12.603717922886162,26.012318456124465,42.06643065488836,0,0.5777777777777777,0.5008086072652161,0.6622299300955651,961.9744460422288,0.5333333333333333,0.595841361696294,15,4
Osmanabad,2023-04-17,0,5,9,23.15802248442266,-0.11797761831695719,24.571995722071318,39.87984414648402,0,0.5777777777777777,0.5008086072652161,0.6622299300955651,961.9744460422288,0.5333333333333333,0.595841361696294,16,4
Osmanabad,2023-04-24,1,4,5,31.67853292264045,-16.606491348332174,25.58038492219616,51.86609200487787,0,0.5777777777777777,0.5008086072652161,0.6622299300955651,961.9744460422288,0.5333333333333333,0.595841361696294,17,4
Osmanabad,2023-05-01,1,4,9,17.413237617412747,4.298754296966671,27.11945760667856,41.34813449803651,0,0.5777777777777777,0.5008086072652161,0.6622299300955651,961.9744460422288,0.5333333333333333,0.595841361696294,18,5
Osmanabad,2023-05-08,1,3,2,20.898684649806327,-9.222659074139598,28.52693109309739,39.59226651477341,0,0.5777777777777777,0.5008086072652161,0.6622299300955651,961.9744460422288,0.5333333333333333,0.595841361696294,19,5
Osmanabad,2023-05-15,4,7,2,10.906424688687608,-3.0823485497711207,31.344067947519207,42.58841758847323,0,0.5777777777777777,0.5008086072652161,0.6622299300955651,961.9744460422288,0.5333333333333333,0.595841361696294,20,5
Osmanabad,2023-05-22,1,0,11,19.07791449149918,-19.983427477727975,28.773293472686206,51.354297248622174,0,0.5777777777777777,0.5008086072652161,0.6622299300955651,961.9744460422288,0.5333333333333333,0.595841361696294,21,5
Osmanabad,2023-05-29,1,2,3,13.7820897962532,5.600804668576727,31.656844533300077,40.344126617724775,0,0.5777777777777777,0.5008086072652161,0.6622299300955651,961.9744460422288,0.5333333333333333,0.595841361696294,22,5
Osmanabad,2023-06-05,9,13,34,107.74517864075331,-8.358643361066989,27.81814761319166,79.12822639394643,1,0.5777777777777777,0.5008086072652161,0.6622299300955651,961.9744460422288,0.5333333333333333,0.595841361696294,23,6
Osmanabad,2023-06-12,5,11,28,76.92678441273324,15.527024037412625,34.3624659775906,79.38409114286976,1,0.5777777777777777,0.5008086072652161,0.6622299300955651,961.9744460422288,0.5333333333333333,0.595841361696294,24,6
Osmanabad,2023-06-19,8,7,29,92.6899575385117,28.50651251544569,28.81335552771331,92.01594873661574,1,0.5777777777777777,0.5008086072652161,0.6622299300955651,961.9744460422288,0.5333333333333333,0.595841361696294,25,6
Osmanabad,2023-06-26,14,15,22,108.88005254989031,10.818364011666358,34.59852397348381,77.5073550473609,1,0.5777777777777777,0.5008086072652161,0.6622299300955651,961.9744460422288,0.5333333333333333,0.595841361696294,26,6
Osmanabad,2023-07-03,6,9,23,96.90062209043202,-19.340058814418455,30.755387080868104,75.4689631841947,1,0.5777777777777777,0.5008086072652161,0.6622299300955651,961.9744460422288,0.5333333333333333,0.595841361696294,27,7
Osmanabad,2023-07-10,6,10,25,89.46204701819131,39.999287734973414,31.416182588174653,84.82486252822527,1,0.5777777777777777,0.5008086072652161,0.6622299300955651,961.9744460422288,0.5333333333333333,0.595841361696294,28,7
Osmanabad,2023-07-17,11,10,27,94.7441825796637,-18.073148489518314,26.8244052699267,81.80638539965176,1,0.5777777777777777,0.5008086072652161,0.6622299300955651,961.9744460422288,0.5333333333333333,0.595841361696294,29,7
Osmanabad,2023-07-24,4,13,19,101.6540926076194,-1.4582140102287149,32.03169301826706,87.92369097038848,1,0.5777777777777777,0.5008086072652161,0.6622299300955651,961.9744460422288,0.5333333333333333,0.595841361696294,30,7
Osmanabad,2023-07-31,11,6,29,86.8772425769612,56.94156706598774,26.694299274108843,72.72899467101287,1,0.5777777777777777,0.5008086072652161,0.6622299300955651,961.9744460422288,0.5333333333333333,0.595841361696294,31,7
Osmanabad,2023-08-07,11,11,31,101.18678778772788,23.435927972663187,23.959592761193647,83.38463066661335,1,0.5777777777777777,0.5008086072652161,0.6622299300955651,961.9744460422288,0.5333333333333333,0.595841361696294,32,8
Osmanabad,2023-08-14,14,10,36,85.13020689491061,2.5159162748583883,21.608545764751135,78.53917797648471,1,0.5777777777777777,0.5008086072652161,0.6622299300955651,961.9744460422288,0.5333333333333333,0.595841361696294,33,8
Osmanabad,2023-08-21,8,12,44,96.87907775393462,1.9886314320044498,25.649814281110118,83.52892267933852,1,0.5777777777777777,0.5008086072652161,0.6622299300955651,961.9744460422288,0.5333333333333333,0.595841361696294,34,8
Osmanabad,2023-08-28,9,9,32,97.83159614377637,-61.414355450258014,24.580346946700647,75.2661730037078,1,0.5777777777777777,0.5008086072652161,0.6622299300955651,961.9744460422288,0.5333333333333333,0.595841361696294,35,8
Osmanabad,2023-09-04,9,9,47,119.32545948587557,5.258592155958075,21.111931018385466,83.51761179926707,1,0.5777777777777777,0.5008086072652161,0.6622299300955651,961.9744460422288,0.5333333333333333,0.595841361696294,36,9
Osmanabad,2023-09-11,8,9,36,109.66378540575694,11.75684136786852,21.300410123893528,85.66781546773498,1,0.5777777777777777,0.5008086072652161,0.6622299300955651,961.9744460422288,0.5333333333333333,0.595841361696294,37,9
Osmanabad,2023-09-18,5,9,32,83.65255780217396,55.465030803789816,19.932951613070507,78.83578103207236,1,0.5777777777777777,0.5008086072652161,0.6622299300955651,961.9744460422288,0.5333333333333333,0.595841361696294,38,9
Osmanabad,2023-09-25,6,7,37,89.27263315738553,10.142839099038653,22.12459322607812,80.70965878369138,1,0.5777777777777777,0.5008086072652161,0.6622299300955651,961.9744460422288,0.5333333333333333,0.595841361696294,39,9
Osmanabad,2023-10-02,1,4,6,10.999653564181113,2.3396626670626652,18.887410892278297,29.138533975083128,0,0.5777777777777777,0.5008086072652161,0.6622299300955651,961.9744460422288,0.5333333333333333,0.595841361696294,40,10
Osmanabad,2023-10-09,3,5,10,33.5736919467846,3.7447750508844986,15.539067132049302,47.04384145908263,0,0.5777777777777777,0.5008086072652161,0.6622299300955651,961.9744460422288,0.5333333333333333,0.595841361696294,41,10
Osmanabad,2023-10-16,2,4,17,28.07814889422469,-10.823645849243771,13.970007938018696,37.796584823024546,0,0.5777777777777777,0.5008086072652161,0.6622299300955651,961.9744460422288,0.5333333333333333,0.595841361696294,42,10
Osmanabad,2023-10-23,1,3,5,21.272065132046297,2.5876861256376387,16.35918986044527,31.06852454934509,0,0.5777777777777777,0.5008086072652161,0.6622299300955651,961.9744460422288,0.5333333333333333,0.595841361696294,43,10
Osmanabad,2023-10-30,6,2,8,22.2872337877012,-15.508926054018186,16.92623089435055,36.31180397575797,0,0.5777777777777777,0.5008086072652161,0.6622299300955651,961.9744460422288,0.5333333333333333,0.595841361696294,44,10
Osmanabad,2023-11-06,1,1,10,3.117324249657109,-6.282236641905039,9.880127384295681,42.26489259659788,0,0.5777777777777777,0.5008086072652161,0.6622299300955651,961.9744460422288,0.5333333333333333,0.595841361696294,45,11
Osmanabad,2023-11-13,2,4,4,24.368945744832924,-2.54350147491116,10.49975710101538,40.77315966909891,0,0.5777777777777777,0.5008086072652161,0.6622299300955651,961.9744460422288,0.5333333333333333,0.595841361696294,46,11
Osmanabad,2023-11-20,1,3,8,8.580899198202285,-3.6784557081547247,8.125549067387901,33.87447245492294,0,0.5777777777777777,0.5008086072652161,0.6622299300955651,961.9744460422288,0.5333333333333333,0.595841361696294,47,11
Osmanabad,2023-11-27,1,3,7,12.406424883003075,-6.489114818772418,11.650583526267312,37.82993976461074,0,0.5777777777777777,0.5008086072652161,0.6622299300955651,961.9744460422288,0.5333333333333333,0.595841361696294,48,11
Osmanabad,2023-12-04,0,4,8,24.575027562091048,16.979189236264578,7.535897810402979,49.864403054296716,0,0.5777777777777777,0.5008086072652161,0.6622299300955651,961.9744460422288,0.5333333333333333,0.595841361696294,49,12
Osmanabad,2023-12-11,2,1,6,16.47087312808934,9.647581614551475,6.749166862623261,29.04179281922862,0,0.5777777777777777,0.5008086072652161,0.6622299300955651,961.9744460422288,0.5333333333333333,0.595841361696294,50,12
Osmanabad,2023-12-18,2,2,7,17.305508165843126,-0.5480978265844048,11.54261938839537,43.220092449434375,0,0.5777777777777777,0.5008086072652161,0.6622299300955651,961.9744460422288,0.5333333333333333,0.595841361696294,51,12
Osmanabad,2023-12-25,3,1,11,19.81236411193102,11.379647136626534,8.775405195220998,40.968680233647696,0,0.5777777777777777,0.5008086072652161,0.6622299300955651,961.9744460422288,0.5333333333333333,0.595841361696294,52,12
Palghar,2022-01-03,3,2,8,25.517282690437803,4.264474161982751,8.485896972899084,45.54712094596029,0,0.3416666666666667,0.6794426664052053,0.4242373183689173,618.8818784037043,0.25,0.3704730607331926,1,1
Palghar,2022-01-10,2,4,15,19.491533828907183,-3.566114765593062,10.101900284247577,45.6474115647396,0,0.3416666666666667,0.6794426664052053,0.4242373183689173,618.8818784037043,0.25,0.3704730607331926,2,1
Palghar,2022-01-17,0,6,9,12.188575077172212,8.99825832128283,11.234210512026015,39.761226907557294,0,0.3416666666666667,0.6794426664052053,0.4242373183689173,618.8818784037043,0.25,0.3704730607331926,3,1
Palghar,2022-01-24,4,4,14,28.663974003575994,2.5032329319046314,10.618230186452276,32.852508808182655,0,0.3416666666666667,0.6794426664052053,0.4242373183689173,618.8818784037043,0.25,0.3704730607331926,4,1
Palghar,2022-01-31,2,4,8,10.108042283693212,10.59753610818235,6.6114744712906415,48.00437561838546,0,0.3416666666666667,0.6794426664052053,0.4242373183689173,618.8818784037043,0.25,0.3704730607331926,5,1
Palghar,2022-02-07,3,4,11,20.31565667289915,-3.483843510623214,16.454582293284385,35.74896312430471,0,0.3416666666666667,0.6794426664052053,0.4242373183689173,618.8818784037043,0.25,0.3704730607331926,6,2
Palghar,2022-02-14,3,4,13,31.412659695103695,-8.807179207114416,14.700424995717052,44.230867315139314,0,0.3416666666666667,0.6794426664052053,0.4242373183689173,618.8818784037043,0.25,0.3704730607331926,7,2
Palghar,2022-02-21,2,5,12,14.315579162822527,-0.6580332107218435,14.134362219307963,38.06658178755858,0,0.3416666666666667,0.6794426664052053,0.4242373183689173,618.8818784037043,0.25,0.3704730607331926,8,2
Palghar,2022-02-28,2,5,13,13.495795473268048,-4.526189396539441,13.508899669598629,46.4192256341465,0,0.3416666666666667,0.6794426664052053,0.4242373183689173,618.8818784037043,0.25,0.3704730607331926,9,2
Palghar,2022-03-07,0,2,13,21.874676721725276,-10.027785562791145,16.927830081910553,34.304219622328596,0,0.3416666666666667,0.6794426664052053,0.4242373183689173,618.8818784037043,0.25,0.3704730607331926,10,3
Palghar,2022-03-14,2,6,10,16.78657469962754,-2.011897634947503,24.074255793919626,31.189998814981937,0,0.3416666666666667,0.6794426664052053,0.4242373183689173,618.8818784037043,0.25,0.3704730607331926,11,3
Palghar,2022-03-21,4,5,14,11.005597604309125,-3.325966607715127,24.306935854341756,40.47847688798128,0,0.3416666666666667,0.6794426664052053,0.4242373183689173,618.8818784037043,0.25,0.3704730607331926,12,3
Palghar,2022-03-28,2,4,12,17.216335596989015,4.413586925299495,19.302454637597396,41.13029794551013,0,0.3416666666666667,0.6794426664052053,0.4242373183689173,618.8818784037043,0.25,0.3704730607331926,13,3
Palghar,2022-04-04,5,2,18,32.551584167047224,3.0817508872508226,25.108640887893582,29.58879378185063,0,0.3416666666666667,0.6794426664052053,0.4242373183689173,618.8818784037043,0.25,0.3704730607331926,14,4
Palghar,2022-04-11,3,5,16,23.569088492157046,-10.883077930546925,28.39363341819225,40.5115516690443,0,0.3416666666666667,0.6794426664052053,0.4242373183689173,618.8818784037043,0.25,0.3704730607331926,15,4
Palghar,2022-04-18,2,4,9,34.957067211800286,10.566098490416067,27.367257458959443,35.44344255633164,0,0.3416666666666667,0.6794426664052053,0.4242373183689173,618.8818784037043,0.25,0.3704730607331926,16,4
Palghar,2022-04-25,2,6,7,17.355812872752963,-7.5690987276506485,25.677541137638396,49.44689773008677,0,0.3416666666666667,0.6794426664052053,0.4242373183689173,618.8818784037043,0.25,0.3704730607331926,17,4
Palghar,2022-05-02,0,9,15,26.08890516577031,-9.040891661490804,29.065605962084344,43.13288194895502,0,0.3416666666666667,0.6794426664052053,0.4242373183689173,618.8818784037043,0.25,0.3704730607331926,18,5
Palghar,2022-05-09,0,7,14,25.616618078027354,11.267648082610354,28.967495098708945,42.93291168666741,0,0.3416666666666667,0.6794426664052053,0.4242373183689173,618.8818784037043,0.25,0.3704730607331926,19,5
Palghar,2022-05-16,1,6,11,14.361253234475415,-6.772979420670316,31.249800420320355,45.387392713598416,0,0.3416666666666667,0.6794426664052053,0.4242373183689173,618.8818784037043,0.25,0.3704730607331926,20,5
Palghar,2022-05-23,3,2,16,24.246844532057544,-8.152864287945347,30.996387155613913,43.90465789054594,0,0.3416666666666667,0.6794426664052053,0.4242373183689173,618.8818784037043,0.25,0.3704730607331926,21,5
Palghar,2022-05-30,6,3,11,28.834121740905903,-7.767511536063209,32.5793740218458,37.99685540114994,0,0.3416666666666667,0.6794426664052053,0.4242373183689173,618.8818784037043,0.25,0.3704730607331926,22,5
Palghar,2022-06-06,6,16,43,107.13047565204533,-23.13488286299836,28.69719633515413,74.37929740917819,1,0.3416666666666667,0.6794426664052053,0.4242373183689173,618.8818784037043,0.25,0.3704730607331926,23,6
Palghar,2022-06-13,3,6,46,109.03800129401435,-31.478905077414225,31.99400071305892,85.09753530100662,1,0.3416666666666667,0.6794426664052053,0.4242373183689173,618.8818784037043,0.25,0.3704730607331926,24,6
Palghar,2022-06-20,12,18,40,100.7286823782849,1.0322248795658262,29.90314471493095,84.00897954950224,1,0.3416666666666667,0.6794426664052053,0.4242373183689173,618.8818784037043,0.25,0.3704730607331926,25,6
Palghar,2022-06-27,5,13,41,93.14468387146948,-29.521455690575564,30.722847619245957,80.49855188162046,1,0.3416666666666667,0.6794426664052053,0.4242373183689173,618.8818784037043,0.25,0.3704730607331926,26,6
Palghar,2022-07-04,5,11,42,97.47242309465575,32.27116874479184,35.01596709669892,75.26468586453024,1,0.3416666666666667,0.6794426664052053,0.4242373183689173,618.8818784037043,0.25,0.3704730607331926,27,7
Palghar,2022-07-11,9,9,44,97.65034006502154,0.31725616587225225,31.983015672999418,88.23246537741916,1,0.3416666666666667,0.6794426664052053,0.4242373183689173,618.8818784037043,0.25,0.3704730607331926,28,7
Palghar,2022-07-18,9,12,56,100.81387836425078,-28.097934528307476,30.416163911806397,80.0652696283772,1,0.3416666666666667,0.6794426664052053,0.4242373183689173,618.8818784037043,0.25,0.3704730607331926,29,7
Palghar,2022-07-25,11,18,40,92.39387046989519,0.06447241283057582,27.78427233095742,88.13615570831786,1,0.3416666666666667,0.6794426664052053,0.4242373183689173,618.8818784037043,0.25,0.3704730607331926,30,7
Palghar,2022-08-01,10,12,39,89.00538113219497,30.489696076220977,30.463572290984782,83.63198256599479,1,0.3416666666666667,0.6794426664052053,0.4242373183689173,618.8818784037043,0.25,0.3704730607331926,31,8
Palghar,2022-08-08,7,9,43,99.98427995530804,3.3054173334407406,23.910382211386825,80.5324309730134,1,0.3416666666666667,0.6794426664052053,0.4242373183689173,618.8818784037043,0.25,0.3704730607331926,32,8
Palghar,2022-08-15,11,16,48,97.6504929622543,-44.08996326210915,23.998948631685217,78.03049063577849,1,0.3416666666666667,0.6794426664052053,0.4242373183689173,618.8818784037043,0.25,0.3704730607331926,33,8
Palghar,2022-08-22,11,12,48,103.87161779116363,1.4677447404046857,25.44938157527589,81.83572188443102,1,0.3416666666666667,0.6794426664052053,0.4242373183689173,618.8818784037043,0.25,0.3704730607331926,34,8
Palghar,2022-08-29,9,18,48,103.35845672885824,-22.087946704265846,25.6287781303859,84.24433268017535,1,0.3416666666666667,0.6794426664052053,0.4242373183689173,618.8818784037043,0.25,0.3704730607331926,35,8
Palghar,2022-09-05,8,21,44,99.02940874125859,42.78980930700102,23.419069231252536,87.39164550220114,1,0.3416666666666667,0.6794426664052053,0.4242373183689173,618.8818784037043,0.25,0.3704730607331926,36,9
Palghar,2022-09-12,7,9,51,92.4687560620904,26.174955064291606,22.21669515576008,76.90341337688402,1,0.3416666666666667,0.6794426664052053,0.4242373183689173,618.8818784037043,0.25,0.3704730607331926,37,9
Palghar,2022-09-19,10,22,42,103.79344349180613,-28.346688528067794,18.468824173423354,84.63625253672943,1,0.3416666666666667,0.6794426664052053,0.4242373183689173,618.8818784037043,0.25,0.3704730607331926,38,9
Palghar,2022-09-26,11,13,44,114.618408593936,-22.20988097516136,19.915827896727226,83.09782603062771,1,0.3416666666666667,0.6794426664052053,0.4242373183689173,618.8818784037043,0.25,0.3704730607331926,39,9
Palghar,2022-10-03,1,8,15,27.13069281851587,-9.824552586675914,11.93272866896218,42.45965100678155,0,0.3416666666666667,0.6794426664052053,0.4242373183689173,618.8818784037043,0.25,0.3704730607331926,40,10
Palghar,2022-10-10,1,2,15,25.26557250493574,5.587978521423151,14.7752515430295,41.99489817369617,0,0.3416666666666667,0.6794426664052053,0.4242373183689173,618.8818784037043,0.25,0.3704730607331926,41,10
Palghar,2022-10-17,2,4,12,31.314243705027295,1.880740342990372,14.400935442152505,40.606202723385216,0,0.3416666666666667,0.6794426664052053,0.4242373183689173,618.8818784037043,0.25,0.3704730607331926,42,10
Palghar,2022-10-24,4,6,20,11.730341564530592,-0.04828372276610007,15.736132997702349,30.31999435457935,0,0.3416666666666667,0.6794426664052053,0.4242373183689173,618.8818784037043,0.25,0.3704730607331926,43,10
Palghar,2022-10-31,2,5,13,23.071083625824215,-0.6563068188658654,12.751917120241583,40.378957749821765,0,0.3416666666666667,0.6794426664052053,0.4242373183689173,618.8818784037043,0.25,0.3704730607331926,44,10
Palghar,2022-11-07,1,4,11,35.27532064757255,11.4599030831256,7.103990730226915,38.67962015004069,0,0.3416666666666667,0.6794426664052053,0.4242373183689173,618.8818784037043,0.25,0.3704730607331926,45,11
Palghar,2022-11-14,4,2,21,24.374484348615333,11.756854032310164,6.08152396611888,45.94168269179468,0,0.3416666666666667,0.6794426664052053,0.4242373183689173,618.8818784037043,0.25,0.3704730607331926,46,11
Palghar,2022-11-21,4,2,14,27.77216536456126,12.871702425080878,8.537636245969988,44.63613242844395,0,0.3416666666666667,0.6794426664052053,0.4242373183689173,618.8818784037043,0.25,0.3704730607331926,47,11
Palghar,2022-11-28,2,4,8,27.155380517039994,-6.2663155951253255,8.238527776931027,40.494577393815554,0,0.3416666666666667,0.6794426664052053,0.4242373183689173,618.8818784037043,0.25,0.3704730607331926,48,11
Palghar,2022-12-05,6,7,15,19.94232453817217,-13.298910224405812,9.455572300620378,39.73520668168486,0,0.3416666666666667,0.6794426664052053,0.4242373183689173,618.8818784037043,0.25,0.3704730607331926,49,12
Palghar,2022-12-12,3,4,5,18.3887648254363,-10.631487101554228,7.719849117550079,35.12381844123683,0,0.3416666666666667,0.6794426664052053,0.4242373183689173,618.8818784037043,0.25,0.3704730607331926,50,12
Palghar,2022-12-19,3,4,9,11.18372317523699,6.354093010182902,9.773380150812192,35.0717191551666,0,0.3416666666666667,0.6794426664052053,0.4242373183689173,618.8818784037043,0.25,0.3704730607331926,51,12
Palghar,2022-12-26,1,3,5,0.0,-2.0742823669681036,6.910858536210176,43.918798836989,0,0.3416666666666667,0.6794426664052053,0.4242373183689173,618.8818784037043,0.25,0.3704730607331926,52,12
Palghar,2023-01-02,2,3,15,7.74669318417401,1.7111389853127061,10.459124343756551,42.01182674209911,0,0.3416666666666667,0.6794426664052053,0.4242373183689173,618.8818784037043,0.25,0.3704730607331926,1,1
Palghar,2023-01-09,4,1,8,28.120962126845995,-9.875177798486947,10.964500905180003,43.201511838328685,0,0.3416666666666667,0.6794426664052053,0.4242373183689173,618.8818784037043,0.25,0.3704730607331926,2,1
Palghar,2023-01-16,5,6,8,26.101305037971095,-0.43450634508925956,9.940592842483191,41.78570962214436,0,0.3416666666666667,0.6794426664052053,0.4242373183689173,618.8818784037043,0.25,0.3704730607331926,3,1
Palghar,2023-01-23,3,4,7,27.18621625391053,-1.5802122874684088,10.728751705132424,36.83578272573941,0,0.3416666666666667,0.6794426664052053,0.4242373183689173,618.8818784037043,0.25,0.3704730607331926,4,1
Palghar,2023-01-30,1,6,6,18.75667179151099,1.9593206444396905,11.336852057158485,38.2819945279981,0,0.3416666666666667,0.6794426664052053,0.4242373183689173,618.8818784037043,0.25,0.3704730607331926,5,1
Palghar,2023-02-06,5,9,14,21.579333488346954,-5.643132377612419,15.5662730705449,39.06300389548008,0,0.3416666666666667,0.6794426664052053,0.4242373183689173,618.8818784037043,0.25,0.3704730607331926,6,2
Palghar,2023-02-13,4,5,12,21.014000334052568,2.294564744446623,14.939072734031653,44.60665098938843,0,0.3416666666666667,0.6794426664052053,0.4242373183689173,618.8818784037043,0.25,0.3704730607331926,7,2
Palghar,2023-02-20,3,6,14,15.15100007221165,12.28815002716605,14.804630782713232,18.054427075675818,0,0.3416666666666667,0.6794426664052053,0.4242373183689173,618.8818784037043,0.25,0.3704730607331926,8,2
Palghar,2023-02-27,2,8,13,1.3861024477897814,6.918640223370643,17.49950783889259,45.64790427113729,0,0.3416666666666667,0.6794426664052053,0.4242373183689173,618.8818784037043,0.25,0.3704730607331926,9,2
Palghar,2023-03-06,4,6,14,21.687475952281897,3.7887691202017395,20.488483486461146,38.67828151367165,0,0.3416666666666667,0.6794426664052053,0.4242373183689173,618.8818784037043,0.25,0.3704730607331926,10,3
Palghar,2023-03-13,4,4,12,23.82895095161692,2.315468252783205,21.699340504896988,37.34271548846603,0,0.3416666666666667,0.6794426664052053,0.4242373183689173,618.8818784037043,0.25,0.3704730607331926,11,3
Palghar,2023-03-20,2,5,14,34.37259080436076,6.5891058448087225,24.402206277509187,41.243611301595095,0,0.3416666666666667,0.6794426664052053,0.4242373183689173,618.8818784037043,0.25,0.3704730607331926,12,3
Palghar,2023-03-27,3,4,13,21.66735169633359,-7.96957653281206,21.734363628224024,24.340475906279096,0,0.3416666666666667,0.6794426664052053,0.4242373183689173,618.8818784037043,0.25,0.3704730607331926,13,3
Palghar,2023-04-03,4,4,11,51.79864488823514,1.5134693365674112,26.39056419697941,31.447659752133625,0,0.3416666666666667,0.6794426664052053,0.4242373183689173,618.8818784037043,0.25,0.3704730607331926,14,4
Palghar,2023-04-10,3,3,17,31.34532448697219,7.656955258921091,28.26463188509469,42.91762545916671,0,0.3416666666666667,0.6794426664052053,0.4242373183689173,618.8818784037043,0.25,0.3704730607331926,15,4
Palghar,2023-04-17,0,4,17,31.48495298580351,-8.723851082937928,26.477152220100944,35.760842261390806,0,0.3416666666666667,0.6794426664052053,0.4242373183689173,618.8818784037043,0.25,0.3704730607331926,16,4
Palghar,2023-04-24,3,6,10,21.325193858280578,-4.871158103976272,29.30398367488668,39.4750764684706,0,0.3416666666666667,0.6794426664052053,0.4242373183689173,618.8818784037043,0.25,0.3704730607331926,17,4
Palghar,2023-05-01,4,6,11,19.440630059395772,17.690833257701193,31.46429045526371,35.43960744905103,0,0.3416666666666667,0.6794426664052053,0.4242373183689173,618.8818784037043,0.25,0.3704730607331926,18,5
Palghar,2023-05-08,1,5,10,6.0588415624658545,7.010360268721067,32.62797364651271,38.44546663963714,0,0.3416666666666667,0.6794426664052053,0.4242373183689173,618.8818784037043,0.25,0.3704730607331926,19,5
Palghar,2023-05-15,0,3,11,15.868900472032852,2.725526229714672,29.854243876891942,42.1923181238833,0,0.3416666666666667,0.6794426664052053,0.4242373183689173,618.8818784037043,0.25,0.3704730607331926,20,5
Palghar,2023-05-22,3,8,13,29.653421122427755,25.283564752089504,29.60990983877194,37.306440517254664,0,0.3416666666666667,0.6794426664052053,0.4242373183689173,618.8818784037043,0.25,0.3704730607331926,21,5
Palghar,2023-05-29,3,11,8,27.327109427693564,9.621645431462449,33.28451306529954,42.84853940761349,0,0.3416666666666667,0.6794426664052053,0.4242373183689173,618.8818784037043,0.25,0.3704730607331926,22,5
Palghar,2023-06-05,6,10,54,83.50933668640802,-8.624133961675085,34.649473931254505,82.30371005059231,1,0.3416666666666667,0.6794426664052053,0.4242373183689173,618.8818784037043,0.25,0.3704730607331926,23,6
Palghar,2023-06-12,8,14,43,108.28711406128974,51.178208361263195,35.99657796668267,85.9344567229954,1,0.3416666666666667,0.6794426664052053,0.4242373183689173,618.8818784037043,0.25,0.3704730607331926,24,6
Palghar,2023-06-19,11,11,28,117.18099996239822,-7.191413355924054,32.10522415182276,75.67311169796746,1,0.3416666666666667,0.6794426664052053,0.4242373183689173,618.8818784037043,0.25,0.3704730607331926,25,6
Palghar,2023-06-26,9,14,54,105.28018679694523,9.418954574976432,32.116528774502974,80.68876846138565,1,0.3416666666666667,0.6794426664052053,0.4242373183689173,618.8818784037043,0.25,0.3704730607331926,26,6
Palghar,2023-07-03,4,16,37,87.40528795623942,-28.714584834244494,30.185728015336153,84.47890255518628,1,0.3416666666666667,0.6794426664052053,0.4242373183689173,618.8818784037043,0.25,0.3704730607331926,27,7
Palghar,2023-07-10,10,12,32,106.11061200073944,-55.18964969407393,27.42517147331006,83.31607720128248,1,0.3416666666666667,0.6794426664052053,0.4242373183689173,618.8818784037043,0.25,0.3704730607331926,28,7
Palghar,2023-07-17,11,10,41,132.08160913916495,-68.19532890363377,31.78305914113456,70.9591864320313,1,0.3416666666666667,0.6794426664052053,0.4242373183689173,618.8818784037043,0.25,0.3704730607331926,29,7
Palghar,2023-07-24,6,15,43,112.4163726289874,-12.277509198305479,27.586923490607084,87.97468411670349,1,0.3416666666666667,0.6794426664052053,0.4242373183689173,618.8818784037043,0.25,0.3704730607331926,30,7
Palghar,2023-07-31,9,13,42,115.2630319998644,13.125531401013449,30.744890087606183,79.00060206450846,1,0.3416666666666667,0.6794426664052053,0.4242373183689173,618.8818784037043,0.25,0.3704730607331926,31,7
Palghar,2023-08-07,9,9,47,99.24272463671157,21.132350056682952,21.042486964198332,82.8415565448294,1,0.3416666666666667,0.6794426664052053,0.4242373183689173,618.8818784037043,0.25,0.3704730607331926,32,8
Palghar,2023-08-14,8,16,42,102.25116727038403,-1.6002888674018376,27.728087252148462,83.03366588705863,1,0.3416666666666667,0.6794426664052053,0.4242373183689173,618.8818784037043,0.25,0.3704730607331926,33,8
Palghar,2023-08-21,11,14,48,98.34800840869563,-2.8750349892857137,22.58382458917335,79.26641684935707,1,0.3416666666666667,0.6794426664052053,0.4242373183689173,618.8818784037043,0.25,0.3704730607331926,34,8
Palghar,2023-08-28,11,9,45,107.57423818050381,63.99481554009972,25.87623352974521,73.27802598358348,1,0.3416666666666667,0.6794426664052053,0.4242373183689173,618.8818784037043,0.25,0.3704730607331926,35,8
Palghar,2023-09-04,9,18,50,98.41700826550274,-21.975121659718475,19.198003042395232,74.01472822288382,1,0.3416666666666667,0.6794426664052053,0.4242373183689173,618.8818784037043,0.25,0.3704730607331926,36,9
Palghar,2023-09-11,12,13,39,104.99022600717744,49.28544506559549,20.70750095674499,83.21996339265617,1,0.3416666666666667,0.6794426664052053,0.4242373183689173,618.8818784037043,0.25,0.3704730607331926,37,9
Palghar,2023-09-18,10,17,48,102.90050091663755,2.384881892743486,14.814566969195463,90.27738429309309,1,0.3416666666666667,0.6794426664052053,0.4242373183689173,618.8818784037043,0.25,0.3704730607331926,38,9
Palghar,2023-09-25,13,19,43,96.64960977264681,-15.565359398435326,20.928899914990843,85.08510903209095,1,0.3416666666666667,0.6794426664052053,0.4242373183689173,618.8818784037043,0.25,0.3704730607331926,39,9
Palghar,2023-10-02,1,2,13,6.863718909958367,-11.28146737092067,13.033682889405389,37.81602219946085,0,0.3416666666666667,0.6794426664052053,0.4242373183689173,618.8818784037043,0.25,0.3704730607331926,40,10
Palghar,2023-10-09,1,10,14,24.910546048087856,12.859973646782837,13.578340573287669,39.29110426899801,0,0.3416666666666667,0.6794426664052053,0.4242373183689173,618.8818784037043,0.25,0.3704730607331926,41,10
Palghar,2023-10-16,0,7,11,0.0,12.870922599469116,12.716735121723971,35.99280610122402,0,0.3416666666666667,0.6794426664052053,0.4242373183689173,618.8818784037043,0.25,0.3704730607331926,42,10
Palghar,2023-10-23,3,7,8,7.984805340812786,17.111015603628704,14.488556564551821,36.16102220134282,0,0.3416666666666667,0.6794426664052053,0.4242373183689173,618.8818784037043,0.25,0.3704730607331926,43,10
Palghar,2023-10-30,3,6,11,28.549597531646885,-13.263486680493447,13.558233586898286,37.72137494579745,0,0.3416666666666667,0.6794426664052053,0.4242373183689173,618.8818784037043,0.25,0.3704730607331926,44,10
Palghar,2023-11-06,2,6,16,30.26071970153533,-6.213766080475112,8.356685850795218,46.06561625232733,0,0.3416666666666667,0.6794426664052053,0.4242373183689173,618.8818784037043,0.25,0.3704730607331926,45,11
Palghar,2023-11-13,1,4,15,20.23864421189582,-2.9790831428531024,9.547648258969796,44.469091767787916,0,0.3416666666666667,0.6794426664052053,0.4242373183689173,618.8818784037043,0.25,0.3704730607331926,46,11
Palghar,2023-11-20,0,4,12,6.8335857134198985,-10.36726846758685,8.546361375108551,45.67914924425065,0,0.3416666666666667,0.6794426664052053,0.4242373183689173,618.8818784037043,0.25,0.3704730607331926,47,11
Palghar,2023-11-27,2,6,6,22.41139692000022,-2.6762706489607857,11.044391077248413,45.036495336790566,0,0.3416666666666667,0.6794426664052053,0.4242373183689173,618.8818784037043,0.25,0.3704730607331926,48,11
Palghar,2023-12-04,2,7,14,8.530372717335704,4.288032178339101,10.26277352391662,39.60397979505994,0,0.3416666666666667,0.6794426664052053,0.4242373183689173,618.8818784037043,0.25,0.3704730607331926,49,12
Palghar,2023-12-11,2,6,14,22.81829624418614,-12.80687251341067,10.465607378537719,35.22058705986037,0,0.3416666666666667,0.6794426664052053,0.4242373183689173,618.8818784037043,0.25,0.3704730607331926,50,12
Palghar,2023-12-18,6,3,17,35.705436007190144,-7.1750042222822685,7.5239765542402415,34.60211639831374,0,0.3416666666666667,0.6794426664052053,0.4242373183689173,618.8818784037043,0.25,0.3704730607331926,51,12
Palghar,2023-12-25,6,6,13,37.60902386127607,19.484265541011464,7.876065573931034,37.338110753503834,0,0.3416666666666667,0.6794426664052053,0.4242373183689173,618.8818784037043,0.25,0.3704730607331926,52,12
Parbhani,2022-01-03,0,5,9,18.423400867829386,-8.314381255035007,11.780517303503842,38.443526337480094,0,0.6194444444444445,0.4112543796865823,0.7277188287903918,1869.064701565536,0.5833333333333333,0.6566144333566181,1,1
Parbhani,2022-01-10,1,2,7,11.189821825846094,6.297778171423506,12.39124484691298,41.71242054445786,0,0.6194444444444445,0.4112543796865823,0.7277188287903918,1869.064701565536,0.5833333333333333,0.6566144333566181,2,1
Parbhani,2022-01-17,1,2,11,21.044551734850714,18.148601125372394,10.523141491709815,40.07811839866315,0,0.6194444444444445,0.4112543796865823,0.7277188287903918,1869.064701565536,0.5833333333333333,0.6566144333566181,3,1
Parbhani,2022-01-24,0,5,4,15.741266032591966,8.065405304152893,11.274190127751686,45.48517473765535,0,0.6194444444444445,0.4112543796865823,0.7277188287903918,1869.064701565536,0.5833333333333333,0.6566144333566181,4,1
Parbhani,2022-01-31,2,2,6,19.512502103566458,5.675609385894581,9.037357581723878,48.378855737010916,0,0.6194444444444445,0.4112543796865823,0.7277188287903918,1869.064701565536,0.5833333333333333,0.6566144333566181,5,1
Parbhani,2022-02-07,7,2,13,32.320932565095255,12.438034420019788,16.141512660802302,43.93611363180651,0,0.6194444444444445,0.4112543796865823,0.7277188287903918,1869.064701565536,0.5833333333333333,0.6566144333566181,6,2
Parbhani,2022-02-14,0,1,9,21.4071929019547,-9.673550260904815,15.357191800190858,35.06385488774458,0,0.6194444444444445,0.4112543796865823,0.7277188287903918,1869.064701565536,0.5833333333333333,0.6566144333566181,7,2
Parbhani,2022-02-21,2,4,7,14.612059020209253,10.487944788315296,16.017913582856256,39.02555275280393,0,0.6194444444444445,0.4112543796865823,0.7277188287903918,1869.064701565536,0.5833333333333333,0.6566144333566181,8,2
Parbhani,2022-02-28,2,5,6,15.537350847440335,-1.8156780534513492,16.29013414608105,43.468911340444926,0,0.6194444444444445,0.4112543796865823,0.7277188287903918,1869.064701565536,0.5833333333333333,0.6566144333566181,9,2
Parbhani,2022-03-07,0,5,8,15.679532126552454,3.3383246747666067,19.917050618946163,33.873241612896756,0,0.6194444444444445,0.4112543796865823,0.7277188287903918,1869.064701565536,0.5833333333333333,0.6566144333566181,10,3
Parbhani,2022-03-14,3,3,4,21.187611338940265,-8.665823335233089,20.182503796915796,42.0713471142782,0,0.6194444444444445,0.4112543796865823,0.7277188287903918,1869.064701565536,0.5833333333333333,0.6566144333566181,11,3
Parbhani,2022-03-21,2,7,14,18.973532257164138,-13.234719025898585,19.51580303659372,40.352573463606646,0,0.6194444444444445,0.4112543796865823,0.7277188287903918,1869.064701565536,0.5833333333333333,0.6566144333566181,12,3
Parbhani,2022-03-28,1,3,15,20.862973134301004,-23.565021314531002,21.348430663099474,40.42934726052662,0,0.6194444444444445,0.4112543796865823,0.7277188287903918,1869.064701565536,0.5833333333333333,0.6566144333566181,13,3
Parbhani,2022-04-04,1,3,5,26.144024789327126,-14.0156638434397,26.909797727755823,42.02123917377753,0,0.6194444444444445,0.4112543796865823,0.7277188287903918,1869.064701565536,0.5833333333333333,0.6566144333566181,14,4
Parbhani,2022-04-11,0,4,7,4.358270559121225,6.428445045057071,28.258658727377462,43.37750610474998,0,0.6194444444444445,0.4112543796865823,0.7277188287903918,1869.064701565536,0.5833333333333333,0.6566144333566181,15,4
Parbhani,2022-04-18,1,7,4,20.715171522831398,3.468457584191336,29.170108608227444,38.90805392145293,0,0.6194444444444445,0.4112543796865823,0.7277188287903918,1869.064701565536,0.5833333333333333,0.6566144333566181,16,4
Parbhani,2022-04-25,1,6,13,28.65917359524945,2.929673758869847,25.86659792935746,37.97948258872029,0,0.6194444444444445,0.4112543796865823,0.7277188287903918,1869.064701565536,0.5833333333333333,0.6566144333566181,17,4
Parbhani,2022-05-02,2,5,7,30.738485817999802,18.424313482035725,26.591151315495345,24.207733730687004,0,0.6194444444444445,0.4112543796865823,0.7277188287903918,1869.064701565536,0.5833333333333333,0.6566144333566181,18,5
Parbhani,2022-05-09,1,8,9,17.066111230748053,9.143830150392526,33.44674876621895,46.617253956733485,0,0.6194444444444445,0.4112543796865823,0.7277188287903918,1869.064701565536,0.5833333333333333,0.6566144333566181,19,5
Parbhani,2022-05-16,2,1,8,4.257737777197759,-8.547900737825916,29.30081182786806,40.19413548295792,0,0.6194444444444445,0.4112543796865823,0.7277188287903918,1869.064701565536,0.5833333333333333,0.6566144333566181,20,5
Parbhani,2022-05-23,3,12,6,12.136146705586379,-9.417770360359661,33.89508870928104,40.516519789732435,0,0.6194444444444445,0.4112543796865823,0.7277188287903918,1869.064701565536,0.5833333333333333,0.6566144333566181,21,5
Parbhani,2022-05-30,4,6,9,27.90487974203063,-6.468236656531827,32.54258526496322,41.88004608915937,0,0.6194444444444445,0.4112543796865823,0.7277188287903918,1869.064701565536,0.5833333333333333,0.6566144333566181,22,5
Parbhani,2022-06-06,6,10,41,88.71977242626713,79.29560738879769,30.138869517912532,80.16761729262015,1,0.6194444444444445,0.4112543796865823,0.7277188287903918,1869.064701565536,0.5833333333333333,0.6566144333566181,23,6
Parbhani,2022-06-13,5,14,28,89.99387397192672,38.81018460802034,28.888441101578973,81.86200828331263,1,0.6194444444444445,0.4112543796865823,0.7277188287903918,1869.064701565536,0.5833333333333333,0.6566144333566181,24,6
Parbhani,2022-06-20,4,9,40,106.85297674871809,21.036169140058064,29.1715021564698,80.4816989890413,1,0.6194444444444445,0.4112543796865823,0.7277188287903918,1869.064701565536,0.5833333333333333,0.6566144333566181,25,6
Parbhani,2022-06-27,8,9,33,98.50273214449435,-24.230464414251216,33.9385082633412,69.9879226958081,1,0.6194444444444445,0.4112543796865823,0.7277188287903918,1869.064701565536,0.5833333333333333,0.6566144333566181,26,6
Parbhani,2022-07-04,6,14,34,100.78211788378728,45.75983873194399,30.750634935750227,80.22307857159328,1,0.6194444444444445,0.4112543796865823,0.7277188287903918,1869.064701565536,0.5833333333333333,0.6566144333566181,27,7
Parbhani,2022-07-11,5,6,24,91.80867266071603,13.608662364955308,27.483010832814482,81.34991137542296,1,0.6194444444444445,0.4112543796865823,0.7277188287903918,1869.064701565536,0.5833333333333333,0.6566144333566181,28,7
Parbhani,2022-07-18,7,10,28,109.62095642644827,18.498174746018428,28.35315120486937,82.23900871665197,1,0.6194444444444445,0.4112543796865823,0.7277188287903918,1869.064701565536,0.5833333333333333,0.6566144333566181,29,7
Parbhani,2022-07-25,8,9,35,101.9061262137108,7.816588007000339,32.40562147114612,73.92477122205894,1,0.6194444444444445,0.4112543796865823,0.7277188287903918,1869.064701565536,0.5833333333333333,0.6566144333566181,30,7
Parbhani,2022-08-01,6,12,31,89.75727722465982,-12.63211295212091,25.32731453937576,86.28832907857249,1,0.6194444444444445,0.4112543796865823,0.7277188287903918,1869.064701565536,0.5833333333333333,0.6566144333566181,31,8
Parbhani,2022-08-08,7,7,31,100.83557916132848,63.982976438076385,28.10119011088498,76.6285948486014,1,0.6194444444444445,0.4112543796865823,0.7277188287903918,1869.064701565536,0.5833333333333333,0.6566144333566181,32,8
Parbhani,2022-08-15,7,5,33,94.15740667466852,40.9854067183543,27.233528007976524,81.01626762688211,1,0.6194444444444445,0.4112543796865823,0.7277188287903918,1869.064701565536,0.5833333333333333,0.6566144333566181,33,8
Parbhani,2022-08-22,6,11,37,94.78551507218657,18.986450364220822,28.23699266303581,77.11118018580643,1,0.6194444444444445,0.4112543796865823,0.7277188287903918,1869.064701565536,0.5833333333333333,0.6566144333566181,34,8
Parbhani,2022-08-29,5,12,28,89.99582420177624,-39.27994886855176,29.139049539502512,84.24386495229508,1,0.6194444444444445,0.4112543796865823,0.7277188287903918,1869.064701565536,0.5833333333333333,0.6566144333566181,35,8
Parbhani,2022-09-05,5,11,23,94.52107552235229,37.823400172356045,19.109736708586738,82.42176565125324,1,0.6194444444444445,0.4112543796865823,0.7277188287903918,1869.064701565536,0.5833333333333333,0.6566144333566181,36,9
Parbhani,2022-09-12,6,10,21,104.44846765531945,-23.126442882760177,22.018934716870255,84.72785542045729,1,0.6194444444444445,0.4112543796865823,0.7277188287903918,1869.064701565536,0.5833333333333333,0.6566144333566181,37,9
Parbhani,2022-09-19,9,13,31,88.61931516925513,-28.190508443480944,19.498541326348636,81.19979136600453,1,0.6194444444444445,0.4112543796865823,0.7277188287903918,1869.064701565536,0.5833333333333333,0.6566144333566181,38,9
Parbhani,2022-09-26,6,9,37,122.59092389832884,-35.82165577971499,20.042542795966632,82.48429224111126,1,0.6194444444444445,0.4112543796865823,0.7277188287903918,1869.064701565536,0.5833333333333333,0.6566144333566181,39,9
Parbhani,2022-10-03,3,5,4,33.832165815059625,-4.089201318271799,13.368788361899206,44.59065666296681,0,0.6194444444444445,0.4112543796865823,0.7277188287903918,1869.064701565536,0.5833333333333333,0.6566144333566181,40,10
Parbhani,2022-10-10,2,4,7,24.683367726260926,-16.617086674688984,12.475830713919612,38.35108575885471,0,0.6194444444444445,0.4112543796865823,0.7277188287903918,1869.064701565536,0.5833333333333333,0.6566144333566181,41,10
Parbhani,2022-10-17,2,4,7,15.435208284005672,9.157127942582857,11.814514738452807,35.78838442399791,0,0.6194444444444445,0.4112543796865823,0.7277188287903918,1869.064701565536,0.5833333333333333,0.6566144333566181,42,10
Parbhani,2022-10-24,1,6,3,17.262376958504,9.993191625619225,16.635420070868268,48.51402353208812,0,0.6194444444444445,0.4112543796865823,0.7277188287903918,1869.064701565536,0.5833333333333333,0.6566144333566181,43,10
Parbhani,2022-10-31,2,1,6,14.04233269151809,-22.519117869763456,16.324956082322196,32.6503383540502,0,0.6194444444444445,0.4112543796865823,0.7277188287903918,1869.064701565536,0.5833333333333333,0.6566144333566181,44,10
Parbhani,2022-11-07,1,2,4,4.508705631203409,-2.9669687841985137,12.80442206435222,44.60934454307926,0,0.6194444444444445,0.4112543796865823,0.7277188287903918,1869.064701565536,0.5833333333333333,0.6566144333566181,45,11
Parbhani,2022-11-14,1,3,10,17.444773689806375,2.6987637007340726,9.96864334123197,36.40122104300257,0,0.6194444444444445,0.4112543796865823,0.7277188287903918,1869.064701565536,0.5833333333333333,0.6566144333566181,46,11
Parbhani,2022-11-21,0,2,19,35.4300264397182,3.0499150102821604,8.630027765924464,47.40036259738498,0,0.6194444444444445,0.4112543796865823,0.7277188287903918,1869.064701565536,0.5833333333333333,0.6566144333566181,47,11
Parbhani,2022-11-28,2,3,5,10.617453520597117,7.71629420451259,10.251079522536752,42.59415162402597,0,0.6194444444444445,0.4112543796865823,0.7277188287903918,1869.064701565536,0.5833333333333333,0.6566144333566181,48,11
Parbhani,2022-12-05,2,4,5,24.02910174108166,-5.119296943234451,11.263480067952328,41.78512014232193,0,0.6194444444444445,0.4112543796865823,0.7277188287903918,1869.064701565536,0.5833333333333333,0.6566144333566181,49,12
Parbhani,2022-12-12,5,2,8,36.82321307315364,-4.804487200808555,10.283541684215923,37.84168623359455,0,0.6194444444444445,0.4112543796865823,0.7277188287903918,1869.064701565536,0.5833333333333333,0.6566144333566181,50,12
Parbhani,2022-12-19,2,2,4,12.0640890739982,-9.037011194235259,8.584402796335736,40.219670471667584,0,0.6194444444444445,0.4112543796865823,0.7277188287903918,1869.064701565536,0.5833333333333333,0.6566144333566181,51,12
Parbhani,2022-12-26,1,0,9,34.34584209916304,2.8292288816264346,5.008078996291982,43.22190660978103,0,0.6194444444444445,0.4112543796865823,0.7277188287903918,1869.064701565536,0.5833333333333333,0.6566144333566181,52,12
Parbhani,2023-01-02,1,2,6,0.0,-0.1539937327511608,9.075967297191333,46.11922258294773,0,0.6194444444444445,0.4112543796865823,0.7277188287903918,1869.064701565536,0.5833333333333333,0.6566144333566181,1,1
Parbhani,2023-01-09,2,3,5,10.048951101110406,1.9851321316546815,8.48819783511456,38.15833597005691,0,0.6194444444444445,0.4112543796865823,0.7277188287903918,1869.064701565536,0.5833333333333333,0.6566144333566181,2,1
Parbhani,2023-01-16,5,3,6,15.170569489210884,6.386100374241254,8.563236988313834,37.192580470263,0,0.6194444444444445,0.4112543796865823,0.7277188287903918,1869.064701565536,0.5833333333333333,0.6566144333566181,3,1
Parbhani,2023-01-23,3,1,8,22.965614982585414,10.275163076341812,10.34922997425355,37.979798288591795,0,0.6194444444444445,0.4112543796865823,0.7277188287903918,1869.064701565536,0.5833333333333333,0.6566144333566181,4,1
Parbhani,2023-01-30,1,4,8,21.06713509102763,-8.99542384282485,11.928853853789718,45.3504283905873,0,0.6194444444444445,0.4112543796865823,0.7277188287903918,1869.064701565536,0.5833333333333333,0.6566144333566181,5,1
Parbhani,2023-02-06,0,3,9,25.11446789511907,10.10580466636368,9.970184621116786,36.009840573256945,0,0.6194444444444445,0.4112543796865823,0.7277188287903918,1869.064701565536,0.5833333333333333,0.6566144333566181,6,2
Parbhani,2023-02-13,2,3,8,29.830279994086045,14.711529125957725,10.809724862685437,41.14513185556421,0,0.6194444444444445,0.4112543796865823,0.7277188287903918,1869.064701565536,0.5833333333333333,0.6566144333566181,7,2
Parbhani,2023-02-20,0,3,8,14.662805118067332,-0.6156331357849922,15.228306785487538,48.560468696564364,0,0.6194444444444445,0.4112543796865823,0.7277188287903918,1869.064701565536,0.5833333333333333,0.6566144333566181,8,2
Parbhani,2023-02-27,1,2,7,24.50444553655518,13.03196196029565,13.958237882435377,41.30873755503499,0,0.6194444444444445,0.4112543796865823,0.7277188287903918,1869.064701565536,0.5833333333333333,0.6566144333566181,9,2
Parbhani,2023-03-06,2,1,10,25.21585305739024,5.1252205349979345,21.845085414694914,39.98301212842245,0,0.6194444444444445,0.4112543796865823,0.7277188287903918,1869.064701565536,0.5833333333333333,0.6566144333566181,10,3
Parbhani,2023-03-13,2,4,10,13.959316172908162,-1.398083672755852,20.179257342017188,35.3382415948779,0,0.6194444444444445,0.4112543796865823,0.7277188287903918,1869.064701565536,0.5833333333333333,0.6566144333566181,11,3
Parbhani,2023-03-20,1,2,11,18.13268342407112,-8.000772494363055,17.810010499467015,47.56990621195033,0,0.6194444444444445,0.4112543796865823,0.7277188287903918,1869.064701565536,0.5833333333333333,0.6566144333566181,12,3
Parbhani,2023-03-27,0,4,10,11.946922816703106,2.1574125438265175,20.62085171955664,37.350058340273804,0,0.6194444444444445,0.4112543796865823,0.7277188287903918,1869.064701565536,0.5833333333333333,0.6566144333566181,13,3
Parbhani,2023-04-03,1,10,6,11.461195846559981,-10.071019033238427,26.764219004491373,43.32624403658684,0,0.6194444444444445,0.4112543796865823,0.7277188287903918,1869.064701565536,0.5833333333333333,0.6566144333566181,14,4
Parbhani,2023-04-10,0,5,8,11.96190653701058,-3.0209113907804745,27.575736712584575,34.656806831491295,0,0.6194444444444445,0.4112543796865823,0.7277188287903918,1869.064701565536,0.5833333333333333,0.6566144333566181,15,4
Parbhani,2023-04-17,2,6,13,26.688359478228662,3.372989573105811,28.45261141445035,44.02057756394649,0,0.6194444444444445,0.4112543796865823,0.7277188287903918,1869.064701565536,0.5833333333333333,0.6566144333566181,16,4
Parbhani,2023-04-24,1,3,9,14.171893761182593,9.913836745869041,24.16727345482377,42.11377005756278,0,0.6194444444444445,0.4112543796865823,0.7277188287903918,1869.064701565536,0.5833333333333333,0.6566144333566181,17,4
Parbhani,2023-05-01,1,4,6,25.46383563209643,14.462242133495394,28.269012955682797,37.57781469252863,0,0.6194444444444445,0.4112543796865823,0.7277188287903918,1869.064701565536,0.5833333333333333,0.6566144333566181,18,5
Parbhani,2023-05-08,2,8,12,33.8695187942762,13.138334491305905,31.99982534900767,35.762786380367416,0,0.6194444444444445,0.4112543796865823,0.7277188287903918,1869.064701565536,0.5833333333333333,0.6566144333566181,19,5
Parbhani,2023-05-15,3,3,9,22.797265920562545,7.071575360416339,33.489998043319204,42.93327104173481,0,0.6194444444444445,0.4112543796865823,0.7277188287903918,1869.064701565536,0.5833333333333333,0.6566144333566181,20,5
Parbhani,2023-05-22,2,4,10,20.627126931679044,7.494570673690751,31.45524541157383,36.243662139009075,0,0.6194444444444445,0.4112543796865823,0.7277188287903918,1869.064701565536,0.5833333333333333,0.6566144333566181,21,5
Parbhani,2023-05-29,5,4,6,18.919803006758812,-18.373304147630016,31.991399159472355,41.98603348416367,0,0.6194444444444445,0.4112543796865823,0.7277188287903918,1869.064701565536,0.5833333333333333,0.6566144333566181,22,5
Parbhani,2023-06-05,6,12,27,99.14332260949016,6.322091546332464,32.43280161558761,87.19090264086687,1,0.6194444444444445,0.4112543796865823,0.7277188287903918,1869.064701565536,0.5833333333333333,0.6566144333566181,23,6
Parbhani,2023-06-12,5,10,31,71.52677256394938,18.58221289242565,31.648518000458076,77.29101339634101,1,0.6194444444444445,0.4112543796865823,0.7277188287903918,1869.064701565536,0.5833333333333333,0.6566144333566181,24,6
Parbhani,2023-06-19,6,14,33,93.8328890111044,14.405684675461941,28.811450293042263,77.60107121783801,1,0.6194444444444445,0.4112543796865823,0.7277188287903918,1869.064701565536,0.5833333333333333,0.6566144333566181,25,6
Parbhani,2023-06-26,4,18,18,91.12072480492384,-9.532705218479581,28.948528121572863,75.59169753829326,1,0.6194444444444445,0.4112543796865823,0.7277188287903918,1869.064701565536,0.5833333333333333,0.6566144333566181,26,6
Parbhani,2023-07-03,7,9,26,96.19024964290232,-3.424622233645087,28.32558616738466,71.6612953255514,1,0.6194444444444445,0.4112543796865823,0.7277188287903918,1869.064701565536,0.5833333333333333,0.6566144333566181,27,7
Parbhani,2023-07-10,10,9,26,98.45749482133964,-5.296468415660069,31.352197142768468,74.80098480772776,1,0.6194444444444445,0.4112543796865823,0.7277188287903918,1869.064701565536,0.5833333333333333,0.6566144333566181,28,7
Parbhani,2023-07-17,6,10,24,104.67491211097962,8.382755623398129,34.8253132631696,83.71084765448103,1,0.6194444444444445,0.4112543796865823,0.7277188287903918,1869.064701565536,0.5833333333333333,0.6566144333566181,29,7
Parbhani,2023-07-24,13,11,28,98.18392534251119,-0.10797708399562907,26.830146051023057,85.12215616978698,1,0.6194444444444445,0.4112543796865823,0.7277188287903918,1869.064701565536,0.5833333333333333,0.6566144333566181,30,7
Parbhani,2023-07-31,9,11,32,94.84170476671247,13.597483693491828,29.356683029981983,79.37234126136346,1,0.6194444444444445,0.4112543796865823,0.7277188287903918,1869.064701565536,0.5833333333333333,0.6566144333566181,31,7
Parbhani,2023-08-07,6,17,37,109.66562936786163,22.759483060467886,27.974830510067193,79.9323594386532,1,0.6194444444444445,0.4112543796865823,0.7277188287903918,1869.064701565536,0.5833333333333333,0.6566144333566181,32,8
Parbhani,2023-08-14,10,7,25,97.65808358982603,7.257018227756054,26.797100181655768,81.1243788257646,1,0.6194444444444445,0.4112543796865823,0.7277188287903918,1869.064701565536,0.5833333333333333,0.6566144333566181,33,8
Parbhani,2023-08-21,2,8,45,109.03794147040368,42.4301611571761,26.84234284487812,72.44514407844848,1,0.6194444444444445,0.4112543796865823,0.7277188287903918,1869.064701565536,0.5833333333333333,0.6566144333566181,34,8
Parbhani,2023-08-28,6,9,26,91.16449543700583,2.996375570518757,27.612938433667495,69.83314184906467,1,0.6194444444444445,0.4112543796865823,0.7277188287903918,1869.064701565536,0.5833333333333333,0.6566144333566181,35,8
Parbhani,2023-09-04,6,10,31,101.46953534595706,54.96987940425616,18.084323577525762,86.9606692413423,1,0.6194444444444445,0.4112543796865823,0.7277188287903918,1869.064701565536,0.5833333333333333,0.6566144333566181,36,9
Parbhani,2023-09-11,6,9,26,101.6943317581859,-33.75219334654987,19.097273118555034,78.5085658741104,1,0.6194444444444445,0.4112543796865823,0.7277188287903918,1869.064701565536,0.5833333333333333,0.6566144333566181,37,9
Parbhani,2023-09-18,13,5,38,111.99020763117164,-12.56452633220251,21.189804967846953,87.50880811332473,1,0.6194444444444445,0.4112543796865823,0.7277188287903918,1869.064701565536,0.5833333333333333,0.6566144333566181,38,9
Parbhani,2023-09-25,9,11,36,108.45773718520793,-33.059384095805,22.23233254665696,83.9781674148359,1,0.6194444444444445,0.4112543796865823,0.7277188287903918,1869.064701565536,0.5833333333333333,0.6566144333566181,39,9
Parbhani,2023-10-02,1,3,7,12.228857602304853,2.4675067585644554,18.130626966129142,47.97284812323026,0,0.6194444444444445,0.4112543796865823,0.7277188287903918,1869.064701565536,0.5833333333333333,0.6566144333566181,40,10
Parbhani,2023-10-09,0,5,6,33.250183456873366,1.3644289779471477,14.097717370111923,42.26510463100134,0,0.6194444444444445,0.4112543796865823,0.7277188287903918,1869.064701565536,0.5833333333333333,0.6566144333566181,41,10
Parbhani,2023-10-16,3,2,11,24.02066586700892,2.4884882058974074,13.61017706378908,43.418615036738835,0,0.6194444444444445,0.4112543796865823,0.7277188287903918,1869.064701565536,0.5833333333333333,0.6566144333566181,42,10
Parbhani,2023-10-23,1,3,12,29.69244187225506,3.944723211564089,11.13802839260351,39.31608552302766,0,0.6194444444444445,0.4112543796865823,0.7277188287903918,1869.064701565536,0.5833333333333333,0.6566144333566181,43,10
Parbhani,2023-10-30,0,3,5,26.197511205708484,-0.7836162353123335,12.832185668121422,39.132473176688656,0,0.6194444444444445,0.4112543796865823,0.7277188287903918,1869.064701565536,0.5833333333333333,0.6566144333566181,44,10
Parbhani,2023-11-06,1,1,5,18.999142543992537,-1.5972826360453118,8.385953932601385,41.879288351855266,0,0.6194444444444445,0.4112543796865823,0.7277188287903918,1869.064701565536,0.5833333333333333,0.6566144333566181,45,11
Parbhani,2023-11-13,5,4,9,13.444497090611534,4.428194949450645,7.531986924797602,34.14902875974218,0,0.6194444444444445,0.4112543796865823,0.7277188287903918,1869.064701565536,0.5833333333333333,0.6566144333566181,46,11
Parbhani,2023-11-20,0,2,10,18.92055974099447,7.563496992187383,6.531839341960346,39.69153908347992,0,0.6194444444444445,0.4112543796865823,0.7277188287903918,1869.064701565536,0.5833333333333333,0.6566144333566181,47,11
Parbhani,2023-11-27,2,3,5,1.362697551220318,-4.544549275369902,10.021286161113238,41.21389177308749,0,0.6194444444444445,0.4112543796865823,0.7277188287903918,1869.064701565536,0.5833333333333333,0.6566144333566181,48,11
Parbhani,2023-12-04,3,5,4,13.59860614590344,-10.088500871529195,7.151146066803205,40.80844174624792,0,0.6194444444444445,0.4112543796865823,0.7277188287903918,1869.064701565536,0.5833333333333333,0.6566144333566181,49,12
Parbhani,2023-12-11,5,3,10,33.06872776772495,5.718600587562013,6.283662840156792,55.675236496992845,0,0.6194444444444445,0.4112543796865823,0.7277188287903918,1869.064701565536,0.5833333333333333,0.6566144333566181,50,12
Parbhani,2023-12-18,2,4,4,26.44493112418048,8.598614647227418,7.389657057035033,33.43363049755734,0,0.6194444444444445,0.4112543796865823,0.7277188287903918,1869.064701565536,0.5833333333333333,0.6566144333566181,51,12
Parbhani,2023-12-25,0,4,7,15.311781972529511,7.486022667358476,7.279285027131486,40.573943126116596,0,0.6194444444444445,0.4112543796865823,0.7277188287903918,1869.064701565536,0.5833333333333333,0.6566144333566181,52,12
Pune,2022-01-03,6,5,6,18.29476087701732,-1.6888794028147804,12.572600279090846,35.2799239554544,0,0.4666666666666667,0.5427515679267405,0.5863120552538513,927.4945791365803,0.4,0.5126411751828591,1,1
Pune,2022-01-10,2,3,6,1.807401186225448,-10.553802760857103,8.133430263633757,47.77691695200367,0,0.4666666666666667,0.5427515679267405,0.5863120552538513,927.4945791365803,0.4,0.5126411751828591,2,1
Pune,2022-01-17,5,4,10,25.112404704296793,17.135547882300834,11.262707820516868,48.70479223190486,0,0.4666666666666667,0.5427515679267405,0.5863120552538513,927.4945791365803,0.4,0.5126411751828591,3,1
Pune,2022-01-24,2,2,14,20.328072074560843,-8.158457535945644,12.676763342773466,34.61183276632255,0,0.4666666666666667,0.5427515679267405,0.5863120552538513,927.4945791365803,0.4,0.5126411751828591,4,1
Pune,2022-01-31,2,6,9,13.24353001449067,-3.152798783378871,10.833311516238586,39.150128574856815,0,0.4666666666666667,0.5427515679267405,0.5863120552538513,927.4945791365803,0.4,0.5126411751828591,5,1
Pune,2022-02-07,2,1,8,4.094247754015923,-3.375318972369645,13.645024923386867,43.98498390179256,0,0.4666666666666667,0.5427515679267405,0.5863120552538513,927.4945791365803,0.4,0.5126411751828591,6,2
Pune,2022-02-14,1,6,10,22.623530303221784,-16.288178959393623,11.884910571394723,38.173035819583816,0,0.4666666666666667,0.5427515679267405,0.5863120552538513,927.4945791365803,0.4,0.5126411751828591,7,2
Pune,2022-02-21,2,2,11,31.00392189953648,-18.259108560397628,12.102608229412859,38.44449215160944,0,0.4666666666666667,0.5427515679267405,0.5863120552538513,927.4945791365803,0.4,0.5126411751828591,8,2
Pune,2022-02-28,1,4,7,7.9996716977387745,-27.01163913485515,16.563684964071452,36.91751106871231,0,0.4666666666666667,0.5427515679267405,0.5863120552538513,927.4945791365803,0.4,0.5126411751828591,9,2
Pune,2022-03-07,2,9,9,0.0,16.134686895722737,20.66080990714675,46.67325635839002,0,0.4666666666666667,0.5427515679267405,0.5863120552538513,927.4945791365803,0.4,0.5126411751828591,10,3
Pune,2022-03-14,6,5,9,41.8527176211538,-13.412389906348752,13.623707344123641,37.921628665270426,0,0.4666666666666667,0.5427515679267405,0.5863120552538513,927.4945791365803,0.4,0.5126411751828591,11,3
Pune,2022-03-21,3,3,4,9.34631712575976,5.6096482661202485,21.453418342675526,38.62793659421459,0,0.4666666666666667,0.5427515679267405,0.5863120552538513,927.4945791365803,0.4,0.5126411751828591,12,3
Pune,2022-03-28,6,8,5,24.630868161622686,-14.15156939485918,19.10214814486467,41.06425506973698,0,0.4666666666666667,0.5427515679267405,0.5863120552538513,927.4945791365803,0.4,0.5126411751828591,13,3
Pune,2022-04-04,3,2,13,23.879855843888144,-3.702363622686849,24.97779020121484,50.23494441144834,0,0.4666666666666667,0.5427515679267405,0.5863120552538513,927.4945791365803,0.4,0.5126411751828591,14,4
Pune,2022-04-11,3,10,8,20.91045703329973,4.8255466634489625,25.642085514868093,41.46232725340393,0,0.4666666666666667,0.5427515679267405,0.5863120552538513,927.4945791365803,0.4,0.5126411751828591,15,4
Pune,2022-04-18,2,5,11,30.49316534862222,-1.6201563389323612,24.45217680096315,28.447161872623436,0,0.4666666666666667,0.5427515679267405,0.5863120552538513,927.4945791365803,0.4,0.5126411751828591,16,4
Pune,2022-04-25,0,3,8,30.65668069030618,-5.2268768471156255,24.153775057227147,27.504420802249058,0,0.4666666666666667,0.5427515679267405,0.5863120552538513,927.4945791365803,0.4,0.5126411751828591,17,4
Pune,2022-05-02,3,11,10,18.83309940063343,16.864256759352592,31.868602678079334,37.92069573127929,0,0.4666666666666667,0.5427515679267405,0.5863120552538513,927.4945791365803,0.4,0.5126411751828591,18,5
Pune,2022-05-09,1,8,13,22.15069172557521,6.493748593883674,31.467111016695956,47.12502780149885,0,0.4666666666666667,0.5427515679267405,0.5863120552538513,927.4945791365803,0.4,0.5126411751828591,19,5
Pune,2022-05-16,4,6,10,17.842231488464588,6.036754821556082,29.695763788486634,45.336076375840804,0,0.4666666666666667,0.5427515679267405,0.5863120552538513,927.4945791365803,0.4,0.5126411751828591,20,5
Pune,2022-05-23,1,4,15,20.108320604792468,-1.1645497871559964,31.608550643737416,48.89030804344762,0,0.4666666666666667,0.5427515679267405,0.5863120552538513,927.4945791365803,0.4,0.5126411751828591,21,5
Pune,2022-05-30,2,4,9,12.222938731690284,-17.46710687341196,31.050768718049138,41.22708949933678,0,0.4666666666666667,0.5427515679267405,0.5863120552538513,927.4945791365803,0.4,0.5126411751828591,22,5
Pune,2022-06-06,10,19,29,98.41986263477663,5.522034623085677,31.02208915224131,72.24723339332235,1,0.4666666666666667,0.5427515679267405,0.5863120552538513,927.4945791365803,0.4,0.5126411751828591,23,6
Pune,2022-06-13,5,14,38,109.7983978144799,-60.37861834869385,32.563341740059116,69.01204703578368,1,0.4666666666666667,0.5427515679267405,0.5863120552538513,927.4945791365803,0.4,0.5126411751828591,24,6
Pune,2022-06-20,5,12,28,103.95577266225243,-5.082268171690389,30.236794399813935,76.64968750157104,1,0.4666666666666667,0.5427515679267405,0.5863120552538513,927.4945791365803,0.4,0.5126411751828591,25,6
Pune,2022-06-27,3,23,35,96.28347773952345,-2.183200016578843,31.621611160315485,72.59932735137303,1,0.4666666666666667,0.5427515679267405,0.5863120552538513,927.4945791365803,0.4,0.5126411751828591,26,6
Pune,2022-07-04,10,9,38,98.73878264088617,-17.475892291225936,28.413486341371815,68.93212688452357,1,0.4666666666666667,0.5427515679267405,0.5863120552538513,927.4945791365803,0.4,0.5126411751828591,27,7
Pune,2022-07-11,10,18,38,113.95775164970507,10.02366632167573,35.944544160485535,78.76288422203245,1,0.4666666666666667,0.5427515679267405,0.5863120552538513,927.4945791365803,0.4,0.5126411751828591,28,7
Pune,2022-07-18,5,11,46,115.22896069369992,4.489397953378593,31.52332708872221,77.0577139102945,1,0.4666666666666667,0.5427515679267405,0.5863120552538513,927.4945791365803,0.4,0.5126411751828591,29,7
Pune,2022-07-25,13,11,43,114.51936300628525,-73.03419248608604,28.759579795638547,84.14784805927447,1,0.4666666666666667,0.5427515679267405,0.5863120552538513,927.4945791365803,0.4,0.5126411751828591,30,7
Pune,2022-08-01,9,15,42,88.00835780013766,-24.182577720511585,24.552617090260455,86.61559401125224,1,0.4666666666666667,0.5427515679267405,0.5863120552538513,927.4945791365803,0.4,0.5126411751828591,31,8
Pune,2022-08-08,7,15,37,96.06715428726942,-17.713099117203377,27.791631294990587,67.73587712055901,1,0.4666666666666667,0.5427515679267405,0.5863120552538513,927.4945791365803,0.4,0.5126411751828591,32,8
Pune,2022-08-15,10,9,36,95.00319041398951,-31.37628422068285,24.83105253323867,84.90747635025393,1,0.4666666666666667,0.5427515679267405,0.5863120552538513,927.4945791365803,0.4,0.5126411751828591,33,8
Pune,2022-08-22,10,12,44,94.89275958774148,40.41326912541857,28.551276553523444,72.51716277528824,1,0.4666666666666667,0.5427515679267405,0.5863120552538513,927.4945791365803,0.4,0.5126411751828591,34,8
Pune,2022-08-29,2,14,39,91.39830137159119,-40.565181429726536,27.04004006141066,87.50260554430606,1,0.4666666666666667,0.5427515679267405,0.5863120552538513,927.4945791365803,0.4,0.5126411751828591,35,8
Pune,2022-09-05,8,15,32,106.86884162195553,15.090621616606413,18.640225743695133,79.71467358521251,1,0.4666666666666667,0.5427515679267405,0.5863120552538513,927.4945791365803,0.4,0.5126411751828591,36,9
Pune,2022-09-12,7,12,29,105.94253432667813,-34.5508554423604,16.928727513965775,81.9908569432905,1,0.4666666666666667,0.5427515679267405,0.5863120552538513,927.4945791365803,0.4,0.5126411751828591,37,9
Pune,2022-09-19,6,15,43,98.16821963792202,23.207003043043397,18.77420845765971,80.45389129946207,1,0.4666666666666667,0.5427515679267405,0.5863120552538513,927.4945791365803,0.4,0.5126411751828591,38,9
Pune,2022-09-26,4,9,32,105.2107041458124,19.822510572912346,19.6779962168256,74.38665297355024,1,0.4666666666666667,0.5427515679267405,0.5863120552538513,927.4945791365803,0.4,0.5126411751828591,39,9
Pune,2022-10-03,3,3,8,16.871602497148153,9.496474848360986,14.27681950892387,41.3387911879202,0,0.4666666666666667,0.5427515679267405,0.5863120552538513,927.4945791365803,0.4,0.5126411751828591,40,10
Pune,2022-10-10,4,1,13,30.201901394674444,12.817940401233752,17.199779175915953,41.131522193896885,0,0.4666666666666667,0.5427515679267405,0.5863120552538513,927.4945791365803,0.4,0.5126411751828591,41,10
Pune,2022-10-17,2,6,9,26.515632657194786,14.197377702319631,14.620751698071881,45.21560225259638,0,0.4666666666666667,0.5427515679267405,0.5863120552538513,927.4945791365803,0.4,0.5126411751828591,42,10
Pune,2022-10-24,1,5,14,20.11457241498961,10.923885674907957,14.683585926659475,44.295600839104154,0,0.4666666666666667,0.5427515679267405,0.5863120552538513,927.4945791365803,0.4,0.5126411751828591,43,10
Pune,2022-10-31,0,9,14,14.230935373292677,-5.528781038116881,13.41550591259553,37.4239587513407,0,0.4666666666666667,0.5427515679267405,0.5863120552538513,927.4945791365803,0.4,0.5126411751828591,44,10
Pune,2022-11-07,1,2,12,10.66310694626808,1.8558032741011987,11.352419337813355,37.986470522966016,0,0.4666666666666667,0.5427515679267405,0.5863120552538513,927.4945791365803,0.4,0.5126411751828591,45,11
Pune,2022-11-14,4,4,8,7.4838177003831685,-6.276001760942014,10.351269765762904,47.537713271735974,0,0.4666666666666667,0.5427515679267405,0.5863120552538513,927.4945791365803,0.4,0.5126411751828591,46,11
Pune,2022-11-21,1,2,9,12.589057104084342,9.639765858222498,6.91250245066751,41.53275483969413,0,0.4666666666666667,0.5427515679267405,0.5863120552538513,927.4945791365803,0.4,0.5126411751828591,47,11
Pune,2022-11-28,3,5,9,10.077870812425207,-6.5855302768127455,6.876999825016437,39.217292627077946,0,0.4666666666666667,0.5427515679267405,0.5863120552538513,927.4945791365803,0.4,0.5126411751828591,48,11
Pune,2022-12-05,7,4,6,28.926060522578716,-7.965542527560597,7.200616106435918,38.48961028758814,0,0.4666666666666667,0.5427515679267405,0.5863120552538513,927.4945791365803,0.4,0.5126411751828591,49,12
Pune,2022-12-12,2,2,13,26.387974862278913,-5.6655167422710795,7.780126047163418,41.8509050087786,0,0.4666666666666667,0.5427515679267405,0.5863120552538513,927.4945791365803,0.4,0.5126411751828591,50,12
Pune,2022-12-19,1,1,9,4.697735584070475,-0.2671652899829002,11.7029676951258,39.85704276050364,0,0.4666666666666667,0.5427515679267405,0.5863120552538513,927.4945791365803,0.4,0.5126411751828591,51,12
Pune,2022-12-26,3,6,6,19.188126494605967,-3.5065448223628093,8.88842205827316,39.148396395100605,0,0.4666666666666667,0.5427515679267405,0.5863120552538513,927.4945791365803,0.4,0.5126411751828591,52,12
Pune,2023-01-02,3,2,13,22.672200981968967,-15.652164674642234,8.549011414097839,41.83676574090619,0,0.4666666666666667,0.5427515679267405,0.5863120552538513,927.4945791365803,0.4,0.5126411751828591,1,1
Pune,2023-01-09,4,4,10,19.65763182756884,4.804670970032451,7.545375162294031,30.166179693372914,0,0.4666666666666667,0.5427515679267405,0.5863120552538513,927.4945791365803,0.4,0.5126411751828591,2,1
Pune,2023-01-16,3,5,10,17.748335383830376,-0.3289055308232672,9.534777688682409,40.909738781717685,0,0.4666666666666667,0.5427515679267405,0.5863120552538513,927.4945791365803,0.4,0.5126411751828591,3,1
Pune,2023-01-23,4,1,10,26.8705083043224,-0.3964261368558437,5.943489278827013,38.223837330085914,0,0.4666666666666667,0.5427515679267405,0.5863120552538513,927.4945791365803,0.4,0.5126411751828591,4,1
Pune,2023-01-30,0,5,9,10.975787687260665,-10.97440494941047,13.509665035188844,39.95116026752496,0,0.4666666666666667,0.5427515679267405,0.5863120552538513,927.4945791365803,0.4,0.5126411751828591,5,1
Pune,2023-02-06,1,0,12,8.658989217369458,9.00163267640583,13.444529875318805,38.51272903491658,0,0.4666666666666667,0.5427515679267405,0.5863120552538513,927.4945791365803,0.4,0.5126411751828591,6,2
Pune,2023-02-13,3,0,4,17.84825711941686,-10.995891634130304,12.04195646060142,52.11092973483392,0,0.4666666666666667,0.5427515679267405,0.5863120552538513,927.4945791365803,0.4,0.5126411751828591,7,2
Pune,2023-02-20,1,5,8,20.522391848663762,-0.4360073508674361,14.763067262472982,48.69986900705232,0,0.4666666666666667,0.5427515679267405,0.5863120552538513,927.4945791365803,0.4,0.5126411751828591,8,2
Pune,2023-02-27,5,3,12,20.838828611563155,-10.52421786175074,11.325996697025092,38.97530080155434,0,0.4666666666666667,0.5427515679267405,0.5863120552538513,927.4945791365803,0.4,0.5126411751828591,9,2
Pune,2023-03-06,4,5,8,9.822785730477952,-0.12282303305984794,21.649982166695313,35.61788884769742,0,0.4666666666666667,0.5427515679267405,0.5863120552538513,927.4945791365803,0.4,0.5126411751828591,10,3
Pune,2023-03-13,1,8,11,31.904539741519027,13.21292530547531,22.10022934898045,39.09719423316851,0,0.4666666666666667,0.5427515679267405,0.5863120552538513,927.4945791365803,0.4,0.5126411751828591,11,3
Pune,2023-03-20,1,5,11,18.83532343633405,8.027101876999836,19.524989841836152,37.04959853871336,0,0.4666666666666667,0.5427515679267405,0.5863120552538513,927.4945791365803,0.4,0.5126411751828591,12,3
Pune,2023-03-27,3,4,20,30.95612037126704,5.4755387899420525,17.53209990081823,30.508068085814514,0,0.4666666666666667,0.5427515679267405,0.5863120552538513,927.4945791365803,0.4,0.5126411751828591,13,3
Pune,2023-04-03,5,6,10,21.184947981637794,0.06761061388356532,25.713970953885514,38.08696385676504,0,0.4666666666666667,0.5427515679267405,0.5863120552538513,927.4945791365803,0.4,0.5126411751828591,14,4
Pune,2023-04-10,4,7,6,14.30472412265285,6.493311122795312,25.992137120780047,42.52253564253457,0,0.4666666666666667,0.5427515679267405,0.5863120552538513,927.4945791365803,0.4,0.5126411751828591,15,4
Pune,2023-04-17,0,8,7,13.46203340096256,-5.835069352132099,26.123214530985894,29.79338692015157,0,0.4666666666666667,0.5427515679267405,0.5863120552538513,927.4945791365803,0.4,0.5126411751828591,16,4
Pune,2023-04-24,3,8,13,25.93236700614874,13.975436186143861,25.186796257368073,47.8138087512173,0,0.4666666666666667,0.5427515679267405,0.5863120552538513,927.4945791365803,0.4,0.5126411751828591,17,4
Pune,2023-05-01,3,4,9,30.645719950739164,3.3171608186131647,29.10924795994133,38.5654063790863,0,0.4666666666666667,0.5427515679267405,0.5863120552538513,927.4945791365803,0.4,0.5126411751828591,18,5
Pune,2023-05-08,6,7,6,23.98938933773151,0.7259232424309638,30.970047390258408,34.11967455541998,0,0.4666666666666667,0.5427515679267405,0.5863120552538513,927.4945791365803,0.4,0.5126411751828591,19,5
Pune,2023-05-15,1,12,9,20.60461305001495,-7.9846867917219955,32.335570864899424,43.64395692419391,0,0.4666666666666667,0.5427515679267405,0.5863120552538513,927.4945791365803,0.4,0.5126411751828591,20,5
Pune,2023-05-22,2,6,9,30.444578738347207,11.513222997781046,27.494328278336454,34.74471920899168,0,0.4666666666666667,0.5427515679267405,0.5863120552538513,927.4945791365803,0.4,0.5126411751828591,21,5
Pune,2023-05-29,1,7,7,7.212792843783086,11.657202577777237,26.96170567520377,39.47722174065947,0,0.4666666666666667,0.5427515679267405,0.5863120552538513,927.4945791365803,0.4,0.5126411751828591,22,5
Pune,2023-06-05,7,16,39,102.43812499066624,7.901965172852306,33.76779115248967,83.34353310152649,1,0.4666666666666667,0.5427515679267405,0.5863120552538513,927.4945791365803,0.4,0.5126411751828591,23,6
Pune,2023-06-12,1,13,38,112.58098998719208,21.335633870216718,31.130900136976663,85.5179688861904,1,0.4666666666666667,0.5427515679267405,0.5863120552538513,927.4945791365803,0.4,0.5126411751828591,24,6
Pune,2023-06-19,11,8,41,118.29717591456303,-22.357039491703958,29.18197182788648,84.28049568334345,1,0.4666666666666667,0.5427515679267405,0.5863120552538513,927.4945791365803,0.4,0.5126411751828591,25,6
Pune,2023-06-26,7,14,46,93.64672867468589,4.889624266403833,30.443420629459737,77.87951634749741,1,0.4666666666666667,0.5427515679267405,0.5863120552538513,927.4945791365803,0.4,0.5126411751828591,26,6
Pune,2023-07-03,5,16,30,108.02385154930505,-8.106165612375651,27.341344553560365,79.02455888869335,1,0.4666666666666667,0.5427515679267405,0.5863120552538513,927.4945791365803,0.4,0.5126411751828591,27,7
Pune,2023-07-10,6,8,40,94.7572412036221,29.811594543508946,27.623662573913837,75.72131286479458,1,0.4666666666666667,0.5427515679267405,0.5863120552538513,927.4945791365803,0.4,0.5126411751828591,28,7
Pune,2023-07-17,9,13,26,97.66856843223367,42.215809245444376,32.24224628422184,80.92169033102125,1,0.4666666666666667,0.5427515679267405,0.5863120552538513,927.4945791365803,0.4,0.5126411751828591,29,7
Pune,2023-07-24,14,17,41,114.3824660693089,-27.119520731026736,35.48986741862444,75.24083118307951,1,0.4666666666666667,0.5427515679267405,0.5863120552538513,927.4945791365803,0.4,0.5126411751828591,30,7
Pune,2023-07-31,12,11,27,97.7121522573649,-47.11571277579512,29.938963167820557,82.6324120019751,1,0.4666666666666667,0.5427515679267405,0.5863120552538513,927.4945791365803,0.4,0.5126411751828591,31,7
Pune,2023-08-07,7,13,30,96.75045274780301,39.38067274303894,25.775757959201144,77.68343232674684,1,0.4666666666666667,0.5427515679267405,0.5863120552538513,927.4945791365803,0.4,0.5126411751828591,32,8
Pune,2023-08-14,2,5,35,99.15682755985826,7.875885514442932,27.03877816248946,81.34867612068236,1,0.4666666666666667,0.5427515679267405,0.5863120552538513,927.4945791365803,0.4,0.5126411751828591,33,8
Pune,2023-08-21,6,14,34,90.57621507769181,1.0574131142106693,26.982326170418904,80.0160918776889,1,0.4666666666666667,0.5427515679267405,0.5863120552538513,927.4945791365803,0.4,0.5126411751828591,34,8
Pune,2023-08-28,7,15,37,100.80335105239809,-17.082187265893275,28.661713456459633,79.8033707490918,1,0.4666666666666667,0.5427515679267405,0.5863120552538513,927.4945791365803,0.4,0.5126411751828591,35,8
Pune,2023-09-04,9,9,34,108.02637708830291,-88.42239197963025,19.854433488348647,79.48503765666771,1,0.4666666666666667,0.5427515679267405,0.5863120552538513,927.4945791365803,0.4,0.5126411751828591,36,9
Pune,2023-09-11,2,14,40,105.68162131919534,3.19956126807552,18.411470834875995,78.89018867943399,1,0.4666666666666667,0.5427515679267405,0.5863120552538513,927.4945791365803,0.4,0.5126411751828591,37,9
Pune,2023-09-18,11,20,35,102.1931031412208,-6.913120582943697,19.666622950237567,78.23025128353902,1,0.4666666666666667,0.5427515679267405,0.5863120552538513,927.4945791365803,0.4,0.5126411751828591,38,9
Pune,2023-09-25,13,13,37,126.91574713048216,37.25771752047408,21.664230574768645,74.7976118282135,1,0.4666666666666667,0.5427515679267405,0.5863120552538513,927.4945791365803,0.4,0.5126411751828591,39,9
Pune,2023-10-02,1,3,10,12.724016672325298,5.333219529159293,13.629673155510126,46.80542486539204,0,0.4666666666666667,0.5427515679267405,0.5863120552538513,927.4945791365803,0.4,0.5126411751828591,40,10
Pune,2023-10-09,4,7,12,32.285868990015935,2.9528621360115204,14.15131592739974,41.30068079561586,0,0.4666666666666667,0.5427515679267405,0.5863120552538513,927.4945791365803,0.4,0.5126411751828591,41,10
Pune,2023-10-16,4,2,12,33.607830986511765,-13.107808705415497,18.20354576302873,49.38018762912314,0,0.4666666666666667,0.5427515679267405,0.5863120552538513,927.4945791365803,0.4,0.5126411751828591,42,10
Pune,2023-10-23,2,7,4,13.83570486270685,0.9564146659734256,15.96608104121569,46.399211551729195,0,0.4666666666666667,0.5427515679267405,0.5863120552538513,927.4945791365803,0.4,0.5126411751828591,43,10
Pune,2023-10-30,1,5,9,9.649953115509643,-12.924462636913837,12.950818899395967,42.425496542161795,0,0.4666666666666667,0.5427515679267405,0.5863120552538513,927.4945791365803,0.4,0.5126411751828591,44,10
Pune,2023-11-06,3,3,12,30.481896414881824,-8.211550417688823,11.11397162482747,35.090074594369106,0,0.4666666666666667,0.5427515679267405,0.5863120552538513,927.4945791365803,0.4,0.5126411751828591,45,11
Pune,2023-11-13,2,4,4,21.242772715415242,-13.653701638542566,6.849530312117467,38.17645790508805,0,0.4666666666666667,0.5427515679267405,0.5863120552538513,927.4945791365803,0.4,0.5126411751828591,46,11
Pune,2023-11-20,1,3,8,25.257222810988356,11.855433372609887,8.097443002953588,44.72152338948624,0,0.4666666666666667,0.5427515679267405,0.5863120552538513,927.4945791365803,0.4,0.5126411751828591,47,11
Pune,2023-11-27,0,4,10,21.89645521663223,8.558731210790134,9.014213698255837,46.80196460778329,0,0.4666666666666667,0.5427515679267405,0.5863120552538513,927.4945791365803,0.4,0.5126411751828591,48,11
Pune,2023-12-04,4,5,17,26.792928806699194,14.881707557791632,10.475140132234372,34.575608834456155,0,0.4666666666666667,0.5427515679267405,0.5863120552538513,927.4945791365803,0.4,0.5126411751828591,49,12
Pune,2023-12-11,1,1,8,25.08135391469566,-14.22934257014142,6.496227406804023,33.66414866296322,0,0.4666666666666667,0.5427515679267405,0.5863120552538513,927.4945791365803,0.4,0.5126411751828591,50,12
Pune,2023-12-18,2,5,10,15.044225061864573,-6.355968038704153,7.882009609926262,39.05132551000134,0,0.4666666666666667,0.5427515679267405,0.5863120552538513,927.4945791365803,0.4,0.5126411751828591,51,12
Pune,2023-12-25,2,0,7,7.773887207524684,1.6946665976348838,8.959769096163866,39.93174440040769,0,0.4666666666666667,0.5427515679267405,0.5863120552538513,927.4945791365803,0.4,0.5126411751828591,52,12
Raigad,2022-01-03,0,3,13,6.377505201325404,12.555773659193829,9.668188284298644,38.779065404491654,0,0.3555555555555555,0.5634577097538574,0.3637706210342003,2753.042811237633,0.26666666666666666,0.3750389286851309,1,1
Raigad,2022-01-10,3,3,10,26.414329847337164,0.08931873110698613,10.373721455490104,35.91576048812273,0,0.3555555555555555,0.5634577097538574,0.3637706210342003,2753.042811237633,0.26666666666666666,0.3750389286851309,2,1
Raigad,2022-01-17,1,2,13,20.347060671421225,-5.234466424801542,8.914822650216536,48.55711399466245,0,0.3555555555555555,0.5634577097538574,0.3637706210342003,2753.042811237633,0.26666666666666666,0.3750389286851309,3,1
Raigad,2022-01-24,3,5,5,13.393230562281957,1.4330116864769595,6.0595017600181285,43.42477278327504,0,0.3555555555555555,0.5634577097538574,0.3637706210342003,2753.042811237633,0.26666666666666666,0.3750389286851309,4,1
Raigad,2022-01-31,2,5,14,19.297180779856497,-13.99405718282421,10.378327057533719,39.9499155244185,0,0.3555555555555555,0.5634577097538574,0.3637706210342003,2753.042811237633,0.26666666666666666,0.3750389286851309,5,1
Raigad,2022-02-07,6,2,11,17.50965294056197,-11.297953982960518,12.70328317275015,48.79055458107169,0,0.3555555555555555,0.5634577097538574,0.3637706210342003,2753.042811237633,0.26666666666666666,0.3750389286851309,6,2
Raigad,2022-02-14,1,1,8,34.86038893515148,9.646793941636172,11.7326166289064,46.210693093137905,0,0.3555555555555555,0.5634577097538574,0.3637706210342003,2753.042811237633,0.26666666666666666,0.3750389286851309,7,2
Raigad,2022-02-21,1,1,9,22.056589208860057,9.006470828554399,16.185743236185424,43.918025471486494,0,0.3555555555555555,0.5634577097538574,0.3637706210342003,2753.042811237633,0.26666666666666666,0.3750389286851309,8,2
Raigad,2022-02-28,3,1,13,37.215769172969146,16.219241279552314,13.983648386153355,37.73224211347192,0,0.3555555555555555,0.5634577097538574,0.3637706210342003,2753.042811237633,0.26666666666666666,0.3750389286851309,9,2
Raigad,2022-03-07,2,7,9,22.654240456396074,-3.75395066920231,21.807651377219035,46.44416196155495,0,0.3555555555555555,0.5634577097538574,0.3637706210342003,2753.042811237633,0.26666666666666666,0.3750389286851309,10,3
Raigad,2022-03-14,5,8,16,19.522829818295698,-21.05539278208984,18.911356415454502,38.76193483437787,0,0.3555555555555555,0.5634577097538574,0.3637706210342003,2753.042811237633,0.26666666666666666,0.3750389286851309,11,3
Raigad,2022-03-21,3,5,12,28.679799343482603,4.5122938552183305,24.459590230389942,46.2555474115609,0,0.3555555555555555,0.5634577097538574,0.3637706210342003,2753.042811237633,0.26666666666666666,0.3750389286851309,12,3
Raigad,2022-03-28,4,5,10,18.62288559219433,-19.27521135716747,17.08888615737582,34.26366754269268,0,0.3555555555555555,0.5634577097538574,0.3637706210342003,2753.042811237633,0.26666666666666666,0.3750389286851309,13,3
Raigad,2022-04-04,2,5,16,17.0953682585955,-3.05790465651731,28.30536575496314,47.85697498475385,0,0.3555555555555555,0.5634577097538574,0.3637706210342003,2753.042811237633,0.26666666666666666,0.3750389286851309,14,4
Raigad,2022-04-11,4,4,9,19.604172850275514,-0.30427164902642684,29.37599088293693,25.82877608683391,0,0.3555555555555555,0.5634577097538574,0.3637706210342003,2753.042811237633,0.26666666666666666,0.3750389286851309,15,4
Raigad,2022-04-18,1,4,4,2.59680434665578,4.615539179612787,25.097997541106412,46.30767537405526,0,0.3555555555555555,0.5634577097538574,0.3637706210342003,2753.042811237633,0.26666666666666666,0.3750389286851309,16,4
Raigad,2022-04-25,1,7,11,2.401897364635076,-16.030000815284385,26.979252287744806,30.254807155410376,0,0.3555555555555555,0.5634577097538574,0.3637706210342003,2753.042811237633,0.26666666666666666,0.3750389286851309,17,4
Raigad,2022-05-02,3,6,11,22.22899163003838,7.198279809313747,27.703690598362005,39.271694634012825,0,0.3555555555555555,0.5634577097538574,0.3637706210342003,2753.042811237633,0.26666666666666666,0.3750389286851309,18,5
Raigad,2022-05-09,4,10,15,18.59716212259401,-10.892581201383017,33.230116942803875,41.96249468500807,0,0.3555555555555555,0.5634577097538574,0.3637706210342003,2753.042811237633,0.26666666666666666,0.3750389286851309,19,5
Raigad,2022-05-16,2,5,12,14.33001664058758,-10.439156413224373,29.2059918307371,40.098250475682846,0,0.3555555555555555,0.5634577097538574,0.3637706210342003,2753.042811237633,0.26666666666666666,0.3750389286851309,20,5
Raigad,2022-05-23,2,4,14,17.844366253374183,10.716318398890722,26.77141343669664,49.83434321456333,0,0.3555555555555555,0.5634577097538574,0.3637706210342003,2753.042811237633,0.26666666666666666,0.3750389286851309,21,5
Raigad,2022-05-30,5,4,5,13.575733202915638,-1.3735298691952278,29.59671403376212,42.74043852041071,0,0.3555555555555555,0.5634577097538574,0.3637706210342003,2753.042811237633,0.26666666666666666,0.3750389286851309,22,5
Raigad,2022-06-06,8,12,34,95.0180757656563,-32.617059647650606,31.421330023494033,77.67125995797319,1,0.3555555555555555,0.5634577097538574,0.3637706210342003,2753.042811237633,0.26666666666666666,0.3750389286851309,23,6
Raigad,2022-06-13,9,22,44,95.95143667658152,5.527656672136601,30.435844252663276,75.04224843712653,1,0.3555555555555555,0.5634577097538574,0.3637706210342003,2753.042811237633,0.26666666666666666,0.3750389286851309,24,6
Raigad,2022-06-20,17,10,53,86.30156534787855,17.87243720135149,33.352274769553716,88.92563900982945,1,0.3555555555555555,0.5634577097538574,0.3637706210342003,2753.042811237633,0.26666666666666666,0.3750389286851309,25,6
Raigad,2022-06-27,13,17,52,87.90878695319044,52.05221887542827,35.09322282152715,84.4189248063098,1,0.3555555555555555,0.5634577097538574,0.3637706210342003,2753.042811237633,0.26666666666666666,0.3750389286851309,26,6
Raigad,2022-07-04,10,15,56,115.56894600097432,34.64655932177048,30.329135346987,74.22925532206536,1,0.3555555555555555,0.5634577097538574,0.3637706210342003,2753.042811237633,0.26666666666666666,0.3750389286851309,27,7
Raigad,2022-07-11,10,18,49,93.77179163477176,22.332262010931455,29.6415045174628,81.77846691056855,1,0.3555555555555555,0.5634577097538574,0.3637706210342003,2753.042811237633,0.26666666666666666,0.3750389286851309,28,7
Raigad,2022-07-18,4,6,38,92.41015136006901,23.338026600826286,29.611894257080202,81.7477897431603,1,0.3555555555555555,0.5634577097538574,0.3637706210342003,2753.042811237633,0.26666666666666666,0.3750389286851309,29,7
Raigad,2022-07-25,11,15,67,98.7124142427033,-30.166558226847627,35.08377092333528,85.29559330104092,1,0.3555555555555555,0.5634577097538574,0.3637706210342003,2753.042811237633,0.26666666666666666,0.3750389286851309,30,7
Raigad,2022-08-01,10,14,40,117.74182223503769,-23.71165961046671,27.485654679911107,79.70165759719735,1,0.3555555555555555,0.5634577097538574,0.3637706210342003,2753.042811237633,0.26666666666666666,0.3750389286851309,31,8
Raigad,2022-08-08,9,23,40,95.80416157348998,0.34273546083938405,23.98592355142978,88.24287361486934,1,0.3555555555555555,0.5634577097538574,0.3637706210342003,2753.042811237633,0.26666666666666666,0.3750389286851309,32,8
Raigad,2022-08-15,8,11,41,98.63800291216022,-36.36952284875873,27.519513946036287,75.62080022988454,1,0.3555555555555555,0.5634577097538574,0.3637706210342003,2753.042811237633,0.26666666666666666,0.3750389286851309,33,8
Raigad,2022-08-22,13,15,48,89.4882405273291,-11.23445668457454,23.236737352129847,84.70690975245172,1,0.3555555555555555,0.5634577097538574,0.3637706210342003,2753.042811237633,0.26666666666666666,0.3750389286851309,34,8
Raigad,2022-08-29,7,12,45,94.07095985670726,20.551468909515417,30.276348940970415,71.85181954757853,1,0.3555555555555555,0.5634577097538574,0.3637706210342003,2753.042811237633,0.26666666666666666,0.3750389286851309,35,8
Raigad,2022-09-05,13,11,52,97.70000803972218,-22.710886975513993,20.410462183405954,72.9927442613791,1,0.3555555555555555,0.5634577097538574,0.3637706210342003,2753.042811237633,0.26666666666666666,0.3750389286851309,36,9
Raigad,2022-09-12,9,11,49,107.06380146424586,-6.1569651581210225,19.91732543807218,78.3108133432487,1,0.3555555555555555,0.5634577097538574,0.3637706210342003,2753.042811237633,0.26666666666666666,0.3750389286851309,37,9
Raigad,2022-09-19,14,13,46,97.11385121230506,43.327511892071385,16.26587963821007,82.80228887479403,1,0.3555555555555555,0.5634577097538574,0.3637706210342003,2753.042811237633,0.26666666666666666,0.3750389286851309,38,9
Raigad,2022-09-26,8,9,44,100.76094478922516,14.119487583122153,17.0785493880561,75.54695851496207,1,0.3555555555555555,0.5634577097538574,0.3637706210342003,2753.042811237633,0.26666666666666666,0.3750389286851309,39,9
Raigad,2022-10-03,2,3,10,13.38421115576438,14.778363000082734,14.976409279467148,35.96443239679339,0,0.3555555555555555,0.5634577097538574,0.3637706210342003,2753.042811237633,0.26666666666666666,0.3750389286851309,40,10
Raigad,2022-10-10,4,4,9,25.066059096794557,-1.8045002712716605,17.360614211956673,40.39235039088506,0,0.3555555555555555,0.5634577097538574,0.3637706210342003,2753.042811237633,0.26666666666666666,0.3750389286851309,41,10
Raigad,2022-10-17,1,4,13,21.410953821621394,5.714492255163438,15.45225811223111,41.36941969129841,0,0.3555555555555555,0.5634577097538574,0.3637706210342003,2753.042811237633,0.26666666666666666,0.3750389286851309,42,10
Raigad,2022-10-24,4,9,19,34.95544015201735,0.26793443119438404,16.122180515205162,36.55760544567103,0,0.3555555555555555,0.5634577097538574,0.3637706210342003,2753.042811237633,0.26666666666666666,0.3750389286851309,43,10
Raigad,2022-10-31,0,3,19,30.39143831484181,-1.3511303090662863,15.751481927521901,44.34033949222922,0,0.3555555555555555,0.5634577097538574,0.3637706210342003,2753.042811237633,0.26666666666666666,0.3750389286851309,44,10
Raigad,2022-11-07,6,1,18,28.318314520963796,-5.467784222642238,10.2684706658987,46.198534535345615,0,0.3555555555555555,0.5634577097538574,0.3637706210342003,2753.042811237633,0.26666666666666666,0.3750389286851309,45,11
Raigad,2022-11-14,2,6,12,25.612805264012167,-9.819723056156512,11.588228149996624,45.83391581095119,0,0.3555555555555555,0.5634577097538574,0.3637706210342003,2753.042811237633,0.26666666666666666,0.3750389286851309,46,11
Raigad,2022-11-21,2,3,10,11.985205992569758,-7.708446264578068,8.531354721489928,40.094125482905234,0,0.3555555555555555,0.5634577097538574,0.3637706210342003,2753.042811237633,0.26666666666666666,0.3750389286851309,47,11
Raigad,2022-11-28,4,5,16,10.899611107988523,9.090615078050972,9.185770595845375,37.801020752552965,0,0.3555555555555555,0.5634577097538574,0.3637706210342003,2753.042811237633,0.26666666666666666,0.3750389286851309,48,11
Raigad,2022-12-05,2,4,6,7.487612144050084,-0.900721958086051,8.442372970682335,37.919574393667354,0,0.3555555555555555,0.5634577097538574,0.3637706210342003,2753.042811237633,0.26666666666666666,0.3750389286851309,49,12
Raigad,2022-12-12,2,6,6,15.115883439344636,15.44058048000524,10.772088640772159,42.22196701788835,0,0.3555555555555555,0.5634577097538574,0.3637706210342003,2753.042811237633,0.26666666666666666,0.3750389286851309,50,12
Raigad,2022-12-19,4,3,10,14.274333483787613,-5.28925059145744,5.855896455252644,45.078311416928315,0,0.3555555555555555,0.5634577097538574,0.3637706210342003,2753.042811237633,0.26666666666666666,0.3750389286851309,51,12
Raigad,2022-12-26,1,1,9,14.756233330620155,-8.149693066660209,10.57981105352334,43.82402135863295,0,0.3555555555555555,0.5634577097538574,0.3637706210342003,2753.042811237633,0.26666666666666666,0.3750389286851309,52,12
Raigad,2023-01-02,3,4,11,10.474633337043144,-14.791325541417619,6.480088154175394,38.142869361526806,0,0.3555555555555555,0.5634577097538574,0.3637706210342003,2753.042811237633,0.26666666666666666,0.3750389286851309,1,1
Raigad,2023-01-09,4,2,9,29.18232526533449,-3.384557462419147,11.73276218720657,34.386884057058424,0,0.3555555555555555,0.5634577097538574,0.3637706210342003,2753.042811237633,0.26666666666666666,0.3750389286851309,2,1
Raigad,2023-01-16,1,5,9,0.0,-11.215910116531237,10.541048750748265,33.43780573899738,0,0.3555555555555555,0.5634577097538574,0.3637706210342003,2753.042811237633,0.26666666666666666,0.3750389286851309,3,1
Raigad,2023-01-23,4,5,20,24.211790836642262,-5.399391785927399,10.839595028882885,49.312460860261865,0,0.3555555555555555,0.5634577097538574,0.3637706210342003,2753.042811237633,0.26666666666666666,0.3750389286851309,4,1
Raigad,2023-01-30,2,4,9,4.384029548734707,5.439896143226191,8.814763390493718,47.69925743265122,0,0.3555555555555555,0.5634577097538574,0.3637706210342003,2753.042811237633,0.26666666666666666,0.3750389286851309,5,1
Raigad,2023-02-06,2,1,15,20.489383927081114,0.7126471557856422,14.32776153815208,37.00586827271608,0,0.3555555555555555,0.5634577097538574,0.3637706210342003,2753.042811237633,0.26666666666666666,0.3750389286851309,6,2
Raigad,2023-02-13,1,8,12,17.200721737971456,-8.56115187030605,17.25839602961778,40.094309233624756,0,0.3555555555555555,0.5634577097538574,0.3637706210342003,2753.042811237633,0.26666666666666666,0.3750389286851309,7,2
Raigad,2023-02-20,4,2,8,26.729874241644772,-4.52868685379135,11.925498107468755,45.73372302724849,0,0.3555555555555555,0.5634577097538574,0.3637706210342003,2753.042811237633,0.26666666666666666,0.3750389286851309,8,2
Raigad,2023-02-27,1,2,10,7.700555117417764,6.6706685052495,13.606743259501958,40.26183161595068,0,0.3555555555555555,0.5634577097538574,0.3637706210342003,2753.042811237633,0.26666666666666666,0.3750389286851309,9,2
Raigad,2023-03-06,4,1,13,20.57127613453561,2.007068581616011,17.931478281719766,40.73745327216469,0,0.3555555555555555,0.5634577097538574,0.3637706210342003,2753.042811237633,0.26666666666666666,0.3750389286851309,10,3
Raigad,2023-03-13,5,3,14,33.493180484506716,6.478608174865064,21.37373392266971,43.03115102942173,0,0.3555555555555555,0.5634577097538574,0.3637706210342003,2753.042811237633,0.26666666666666666,0.3750389286851309,11,3
Raigad,2023-03-20,1,3,11,30.905735873738482,-1.6162576402483733,21.39266176280343,41.01606881147346,0,0.3555555555555555,0.5634577097538574,0.3637706210342003,2753.042811237633,0.26666666666666666,0.3750389286851309,12,3
Raigad,2023-03-27,1,11,17,0.0,5.724155825631939,21.81519113861799,36.17916121057888,0,0.3555555555555555,0.5634577097538574,0.3637706210342003,2753.042811237633,0.26666666666666666,0.3750389286851309,13,3
Raigad,2023-04-03,2,4,17,33.51184328459001,14.444752993730932,27.505568874728745,35.09689594616289,0,0.3555555555555555,0.5634577097538574,0.3637706210342003,2753.042811237633,0.26666666666666666,0.3750389286851309,14,4
Raigad,2023-04-10,0,6,15,30.891371839133615,2.1111074362112996,28.49485267364736,45.66801179002999,0,0.3555555555555555,0.5634577097538574,0.3637706210342003,2753.042811237633,0.26666666666666666,0.3750389286851309,15,4
Raigad,2023-04-17,3,5,12,19.475542335044995,3.509129698101024,25.691506345207813,45.24634174442905,0,0.3555555555555555,0.5634577097538574,0.3637706210342003,2753.042811237633,0.26666666666666666,0.3750389286851309,16,4
Raigad,2023-04-24,4,10,15,32.24396479928777,6.355104445203324,23.954069667555196,40.904317123274154,0,0.3555555555555555,0.5634577097538574,0.3637706210342003,2753.042811237633,0.26666666666666666,0.3750389286851309,17,4
Raigad,2023-05-01,3,5,15,17.294387984867235,2.198773630233658,29.365312343017152,31.047244902740513,0,0.3555555555555555,0.5634577097538574,0.3637706210342003,2753.042811237633,0.26666666666666666,0.3750389286851309,18,5
Raigad,2023-05-08,3,7,10,7.863972218608577,3.0097927443815884,30.708898919849094,44.80227538735835,0,0.3555555555555555,0.5634577097538574,0.3637706210342003,2753.042811237633,0.26666666666666666,0.3750389286851309,19,5
Raigad,2023-05-15,1,6,17,35.52367006662473,4.2141090704854,31.298427057201867,55.5835212066196,0,0.3555555555555555,0.5634577097538574,0.3637706210342003,2753.042811237633,0.26666666666666666,0.3750389286851309,20,5
Raigad,2023-05-22,6,9,13,27.57637829515743,4.71067274849391,30.94368631089736,43.424990363834134,0,0.3555555555555555,0.5634577097538574,0.3637706210342003,2753.042811237633,0.26666666666666666,0.3750389286851309,21,5
Raigad,2023-05-29,0,5,14,24.53080074687763,-0.14135259210628073,30.006929593239608,39.48882136018929,0,0.3555555555555555,0.5634577097538574,0.3637706210342003,2753.042811237633,0.26666666666666666,0.3750389286851309,22,5
Raigad,2023-06-05,12,13,47,88.14925956696744,59.29166210493597,30.08603386632377,85.73053319525874,1,0.3555555555555555,0.5634577097538574,0.3637706210342003,2753.042811237633,0.26666666666666666,0.3750389286851309,23,6
Raigad,2023-06-12,9,15,39,99.82712557109012,-2.441556134466514,31.18978965653882,85.89982869728794,1,0.3555555555555555,0.5634577097538574,0.3637706210342003,2753.042811237633,0.26666666666666666,0.3750389286851309,24,6
Raigad,2023-06-19,10,8,44,83.1303376139146,-5.679609677036936,31.393887629268622,85.14034009980162,1,0.3555555555555555,0.5634577097538574,0.3637706210342003,2753.042811237633,0.26666666666666666,0.3750389286851309,25,6
Raigad,2023-06-26,7,10,45,98.59864871571993,-56.51624885811489,25.996544316221325,72.3530696709586,1,0.3555555555555555,0.5634577097538574,0.3637706210342003,2753.042811237633,0.26666666666666666,0.3750389286851309,26,6
Raigad,2023-07-03,7,17,45,94.5760849053171,32.24520527107821,30.126711939531944,76.52743248465114,1,0.3555555555555555,0.5634577097538574,0.3637706210342003,2753.042811237633,0.26666666666666666,0.3750389286851309,27,7
Raigad,2023-07-10,9,7,39,97.12903191804433,15.96698058794743,30.153321024533273,70.67813401122308,1,0.3555555555555555,0.5634577097538574,0.3637706210342003,2753.042811237633,0.26666666666666666,0.3750389286851309,28,7
Raigad,2023-07-17,7,13,57,95.06417748671933,19.60503964615539,29.370479521879915,78.88008918127115,1,0.3555555555555555,0.5634577097538574,0.3637706210342003,2753.042811237633,0.26666666666666666,0.3750389286851309,29,7
Raigad,2023-07-24,13,19,51,92.76992457276796,-34.71385945781745,33.00487561845187,85.60502203458151,1,0.3555555555555555,0.5634577097538574,0.3637706210342003,2753.042811237633,0.26666666666666666,0.3750389286851309,30,7
Raigad,2023-07-31,8,7,47,110.7843607640868,-13.094534350950493,30.341026185646918,82.80922209119286,1,0.3555555555555555,0.5634577097538574,0.3637706210342003,2753.042811237633,0.26666666666666666,0.3750389286851309,31,7
Raigad,2023-08-07,6,16,47,108.54242985318491,18.668859181751277,23.40317904207612,74.15167801953241,1,0.3555555555555555,0.5634577097538574,0.3637706210342003,2753.042811237633,0.26666666666666666,0.3750389286851309,32,8
Raigad,2023-08-14,10,11,48,103.11429373800064,-8.491115426129511,27.050641936106103,81.11862079163102,1,0.3555555555555555,0.5634577097538574,0.3637706210342003,2753.042811237633,0.26666666666666666,0.3750389286851309,33,8
Raigad,2023-08-21,6,13,59,110.58814467132795,-2.761013771839484,23.782317237425463,92.75816636645061,1,0.3555555555555555,0.5634577097538574,0.3637706210342003,2753.042811237633,0.26666666666666666,0.3750389286851309,34,8
Raigad,2023-08-28,8,17,44,91.01559533245918,43.27591182035427,24.26118311029066,82.81149922363068,1,0.3555555555555555,0.5634577097538574,0.3637706210342003,2753.042811237633,0.26666666666666666,0.3750389286851309,35,8
Raigad,2023-09-04,6,15,41,93.70655389435603,-82.50445476015446,21.29751059576773,74.81869355965615,1,0.3555555555555555,0.5634577097538574,0.3637706210342003,2753.042811237633,0.26666666666666666,0.3750389286851309,36,9
Raigad,2023-09-11,11,12,42,121.22197504272245,8.46215988681899,21.105202360709235,85.9583571781232,1,0.3555555555555555,0.5634577097538574,0.3637706210342003,2753.042811237633,0.26666666666666666,0.3750389286851309,37,9
Raigad,2023-09-18,17,11,50,76.1395852763593,-5.7168694337100385,18.493906521613553,84.59035816807541,1,0.3555555555555555,0.5634577097538574,0.3637706210342003,2753.042811237633,0.26666666666666666,0.3750389286851309,38,9
Raigad,2023-09-25,7,13,45,92.1348488600092,26.212987621685873,19.880998943426526,85.31323682015902,1,0.3555555555555555,0.5634577097538574,0.3637706210342003,2753.042811237633,0.26666666666666666,0.3750389286851309,39,9
Raigad,2023-10-02,2,2,17,26.21550760459876,-0.04178793412658349,13.040638046591486,38.06518701347284,0,0.3555555555555555,0.5634577097538574,0.3637706210342003,2753.042811237633,0.26666666666666666,0.3750389286851309,40,10
Raigad,2023-10-09,3,1,15,14.786641677979963,-7.429207679090358,15.482733061861813,42.87445958956965,0,0.3555555555555555,0.5634577097538574,0.3637706210342003,2753.042811237633,0.26666666666666666,0.3750389286851309,41,10
Raigad,2023-10-16,2,6,10,15.220410874324338,-6.72325600147821,14.235672151035265,42.91734063315907,0,0.3555555555555555,0.5634577097538574,0.3637706210342003,2753.042811237633,0.26666666666666666,0.3750389286851309,42,10
Raigad,2023-10-23,4,3,9,12.713856374607147,10.90166033690662,12.533211330643905,37.295511548686015,0,0.3555555555555555,0.5634577097538574,0.3637706210342003,2753.042811237633,0.26666666666666666,0.3750389286851309,43,10
Raigad,2023-10-30,1,4,16,15.863841476492926,12.7776636359166,11.144332734173371,48.22018157682443,0,0.3555555555555555,0.5634577097538574,0.3637706210342003,2753.042811237633,0.26666666666666666,0.3750389286851309,44,10
Raigad,2023-11-06,2,3,7,4.583386554173746,20.520196237632938,7.422623187042507,47.135247291196045,0,0.3555555555555555,0.5634577097538574,0.3637706210342003,2753.042811237633,0.26666666666666666,0.3750389286851309,45,11
Raigad,2023-11-13,2,5,20,37.29712790749237,-6.1159580837911784,11.135887233290157,42.44557168121525,0,0.3555555555555555,0.5634577097538574,0.3637706210342003,2753.042811237633,0.26666666666666666,0.3750389286851309,46,11
Raigad,2023-11-20,4,3,9,23.165816747155297,-14.093332454653158,8.43822300011782,37.4712894771153,0,0.3555555555555555,0.5634577097538574,0.3637706210342003,2753.042811237633,0.26666666666666666,0.3750389286851309,47,11
Raigad,2023-11-27,6,3,15,18.136175740394837,-16.85371864816695,10.417439728024888,31.51715652212196,0,0.3555555555555555,0.5634577097538574,0.3637706210342003,2753.042811237633,0.26666666666666666,0.3750389286851309,48,11
Raigad,2023-12-04,2,7,18,26.144698673044424,9.44951525169213,9.83053677329309,41.07429944447396,0,0.3555555555555555,0.5634577097538574,0.3637706210342003,2753.042811237633,0.26666666666666666,0.3750389286851309,49,12
Raigad,2023-12-11,3,1,11,27.56486714921639,-20.677229317665248,6.9557790357116245,41.82257829636425,0,0.3555555555555555,0.5634577097538574,0.3637706210342003,2753.042811237633,0.26666666666666666,0.3750389286851309,50,12
Raigad,2023-12-18,3,3,18,16.84346291159386,1.1581268292209277,6.735259227168355,46.31741672091157,0,0.3555555555555555,0.5634577097538574,0.3637706210342003,2753.042811237633,0.26666666666666666,0.3750389286851309,51,12
Raigad,2023-12-25,4,6,8,36.31045543907952,7.08524054109816,5.235956900757756,40.986650654730106,0,0.3555555555555555,0.5634577097538574,0.3637706210342003,2753.042811237633,0.26666666666666666,0.3750389286851309,52,12
Ratnagiri,2022-01-03,3,4,19,60.258240427272646,6.912820989229157,9.80703956968041,33.5106851450392,0,0.36944444444444446,0.6534088012643987,0.4493229005493611,1113.1383326594373,0.2833333333333333,0.3968251777446425,1,1
Ratnagiri,2022-01-10,2,5,11,27.12430118493036,10.256866842334652,4.755878344717398,35.87722678933548,0,0.36944444444444446,0.6534088012643987,0.4493229005493611,1113.1383326594373,0.2833333333333333,0.3968251777446425,2,1
Ratnagiri,2022-01-17,4,2,13,29.22455733236207,-5.325930009214418,8.017484549627246,46.803594437704554,0,0.36944444444444446,0.6534088012643987,0.4493229005493611,1113.1383326594373,0.2833333333333333,0.3968251777446425,3,1
Ratnagiri,2022-01-24,2,5,16,26.49349114224157,-10.495748265349562,10.959939025186886,42.27151652869903,0,0.36944444444444446,0.6534088012643987,0.4493229005493611,1113.1383326594373,0.2833333333333333,0.3968251777446425,4,1
Ratnagiri,2022-01-31,2,5,15,23.497328166138352,-10.186138583994085,9.220320071287489,31.283501611463194,0,0.36944444444444446,0.6534088012643987,0.4493229005493611,1113.1383326594373,0.2833333333333333,0.3968251777446425,5,1
Ratnagiri,2022-02-07,3,5,8,6.379378234155446,-4.11551694957522,12.625998532172183,36.40226545520934,0,0.36944444444444446,0.6534088012643987,0.4493229005493611,1113.1383326594373,0.2833333333333333,0.3968251777446425,6,2
Ratnagiri,2022-02-14,3,7,7,18.748719717552618,-12.133966744092014,17.516109390626927,34.65058043209371,0,0.36944444444444446,0.6534088012643987,0.4493229005493611,1113.1383326594373,0.2833333333333333,0.3968251777446425,7,2
Ratnagiri,2022-02-21,6,5,10,24.972873680006643,-8.194289765982974,16.55937603134233,38.24017785587746,0,0.36944444444444446,0.6534088012643987,0.4493229005493611,1113.1383326594373,0.2833333333333333,0.3968251777446425,8,2
Ratnagiri,2022-02-28,0,3,14,15.79155153994726,5.761946893434926,11.287627628138342,36.63676924405254,0,0.36944444444444446,0.6534088012643987,0.4493229005493611,1113.1383326594373,0.2833333333333333,0.3968251777446425,9,2
Ratnagiri,2022-03-07,2,4,6,15.737351273222158,2.3193750862858806,20.821631178398913,40.99179583659417,0,0.36944444444444446,0.6534088012643987,0.4493229005493611,1113.1383326594373,0.2833333333333333,0.3968251777446425,10,3
Ratnagiri,2022-03-14,7,7,8,13.305427867894517,-1.6679546609287512,18.94592753587277,46.558349884084166,0,0.36944444444444446,0.6534088012643987,0.4493229005493611,1113.1383326594373,0.2833333333333333,0.3968251777446425,11,3
Ratnagiri,2022-03-21,4,4,19,31.30937796255025,-3.0707205885250843,18.014175252205437,38.42841285383183,0,0.36944444444444446,0.6534088012643987,0.4493229005493611,1113.1383326594373,0.2833333333333333,0.3968251777446425,12,3
Ratnagiri,2022-03-28,2,2,12,18.08034257537512,15.657885492389845,19.16385074203771,40.893059204473914,0,0.36944444444444446,0.6534088012643987,0.4493229005493611,1113.1383326594373,0.2833333333333333,0.3968251777446425,13,3
Ratnagiri,2022-04-04,3,6,13,25.664078826716057,3.1459500203114428,23.20603976844965,42.595847192132204,0,0.36944444444444446,0.6534088012643987,0.4493229005493611,1113.1383326594373,0.2833333333333333,0.3968251777446425,14,4
Ratnagiri,2022-04-11,5,6,9,25.28553483548331,6.969186624529615,25.712919106675965,30.723232457238776,0,0.36944444444444446,0.6534088012643987,0.4493229005493611,1113.1383326594373,0.2833333333333333,0.3968251777446425,15,4
Ratnagiri,2022-04-18,5,9,9,19.038235017238723,-15.535175422453069,29.006402828061375,45.644122314612524,0,0.36944444444444446,0.6534088012643987,0.4493229005493611,1113.1383326594373,0.2833333333333333,0.3968251777446425,16,4
Ratnagiri,2022-04-25,6,3,11,11.761712340934883,-2.98448925490107,27.747148404972727,37.42805490088977,0,0.36944444444444446,0.6534088012643987,0.4493229005493611,1113.1383326594373,0.2833333333333333,0.3968251777446425,17,4
Ratnagiri,2022-05-02,1,6,14,15.296369863594053,0.27688621076072817,34.23896620382618,30.200239583700547,0,0.36944444444444446,0.6534088012643987,0.4493229005493611,1113.1383326594373,0.2833333333333333,0.3968251777446425,18,5
Ratnagiri,2022-05-09,0,7,7,17.742768069803645,-11.591030933676016,31.359328237833456,38.07060943622377,0,0.36944444444444446,0.6534088012643987,0.4493229005493611,1113.1383326594373,0.2833333333333333,0.3968251777446425,19,5
Ratnagiri,2022-05-16,2,6,11,21.099468921476273,-16.633974123432438,32.409891923897526,39.561585387710466,0,0.36944444444444446,0.6534088012643987,0.4493229005493611,1113.1383326594373,0.2833333333333333,0.3968251777446425,20,5
Ratnagiri,2022-05-23,1,3,4,19.4578454133668,5.311744436838554,30.485024997912674,40.62302021372711,0,0.36944444444444446,0.6534088012643987,0.4493229005493611,1113.1383326594373,0.2833333333333333,0.3968251777446425,21,5
Ratnagiri,2022-05-30,5,5,10,29.769827306786315,-0.8877367937755288,28.418322134058187,46.68192368715961,0,0.36944444444444446,0.6534088012643987,0.4493229005493611,1113.1383326594373,0.2833333333333333,0.3968251777446425,22,5
Ratnagiri,2022-06-06,10,16,48,107.43406841278264,-16.993256639903862,29.767784014631324,81.9290923393599,1,0.36944444444444446,0.6534088012643987,0.4493229005493611,1113.1383326594373,0.2833333333333333,0.3968251777446425,23,6
Ratnagiri,2022-06-13,7,14,39,83.6685206418138,6.0960101430192655,36.08791394242522,73.56304593442202,1,0.36944444444444446,0.6534088012643987,0.4493229005493611,1113.1383326594373,0.2833333333333333,0.3968251777446425,24,6
Ratnagiri,2022-06-20,5,12,35,106.86747354161679,-12.390939750433652,31.51133321745266,84.9232074416663,1,0.36944444444444446,0.6534088012643987,0.4493229005493611,1113.1383326594373,0.2833333333333333,0.3968251777446425,25,6
Ratnagiri,2022-06-27,10,9,36,85.30558295280315,-1.119701371492084,31.36313935106811,74.13575572357959,1,0.36944444444444446,0.6534088012643987,0.4493229005493611,1113.1383326594373,0.2833333333333333,0.3968251777446425,26,6
Ratnagiri,2022-07-04,7,15,47,99.46814848282922,74.26254418793827,30.00278439195189,82.78078432599546,1,0.36944444444444446,0.6534088012643987,0.4493229005493611,1113.1383326594373,0.2833333333333333,0.3968251777446425,27,7
Ratnagiri,2022-07-11,8,9,46,97.39487845800281,28.435495325521657,33.366639232329646,76.14566913952311,1,0.36944444444444446,0.6534088012643987,0.4493229005493611,1113.1383326594373,0.2833333333333333,0.3968251777446425,28,7
Ratnagiri,2022-07-18,10,15,59,95.06614531466789,30.286264616082054,32.59921125483829,77.7517895466393,1,0.36944444444444446,0.6534088012643987,0.4493229005493611,1113.1383326594373,0.2833333333333333,0.3968251777446425,29,7
Ratnagiri,2022-07-25,8,12,46,116.39524015747423,50.20301943812706,26.780489707055622,81.49204800815478,1,0.36944444444444446,0.6534088012643987,0.4493229005493611,1113.1383326594373,0.2833333333333333,0.3968251777446425,30,7
Ratnagiri,2022-08-01,6,19,40,92.47054201566759,-24.71674634103752,26.15664138347786,78.9858601817,1,0.36944444444444446,0.6534088012643987,0.4493229005493611,1113.1383326594373,0.2833333333333333,0.3968251777446425,31,8
Ratnagiri,2022-08-08,7,16,43,64.70790046976262,1.7147950800548184,26.03561324297329,85.19284398706196,1,0.36944444444444446,0.6534088012643987,0.4493229005493611,1113.1383326594373,0.2833333333333333,0.3968251777446425,32,8
Ratnagiri,2022-08-15,13,10,41,102.25328671489203,6.50048485978245,27.322983467848346,81.25370309955663,1,0.36944444444444446,0.6534088012643987,0.4493229005493611,1113.1383326594373,0.2833333333333333,0.3968251777446425,33,8
Ratnagiri,2022-08-22,7,16,41,84.37696513075839,19.066079728020316,27.36899680573729,78.15931733053074,1,0.36944444444444446,0.6534088012643987,0.4493229005493611,1113.1383326594373,0.2833333333333333,0.3968251777446425,34,8
Ratnagiri,2022-08-29,8,8,40,111.26986252281121,-3.5569245891430197,25.603907658550444,65.74837947399318,1,0.36944444444444446,0.6534088012643987,0.4493229005493611,1113.1383326594373,0.2833333333333333,0.3968251777446425,35,8
Ratnagiri,2022-09-05,11,10,47,90.527500997707,-8.93927648428188,19.677919438407827,77.75939596172228,1,0.36944444444444446,0.6534088012643987,0.4493229005493611,1113.1383326594373,0.2833333333333333,0.3968251777446425,36,9
Ratnagiri,2022-09-12,12,12,36,111.77461752935332,2.7277802543543004,18.52029097950417,86.18071986364467,1,0.36944444444444446,0.6534088012643987,0.4493229005493611,1113.1383326594373,0.2833333333333333,0.3968251777446425,37,9
Ratnagiri,2022-09-19,9,15,38,102.81009255486812,-4.3904917152141065,19.498022358823278,75.65884412992644,1,0.36944444444444446,0.6534088012643987,0.4493229005493611,1113.1383326594373,0.2833333333333333,0.3968251777446425,38,9
Ratnagiri,2022-09-26,10,19,54,119.70489965483978,-20.959325876192455,21.727596028824877,77.60048796162519,1,0.36944444444444446,0.6534088012643987,0.4493229005493611,1113.1383326594373,0.2833333333333333,0.3968251777446425,39,9
Ratnagiri,2022-10-03,0,11,11,30.91205090586163,-6.852488933846869,16.813348417921954,41.36813637267306,0,0.36944444444444446,0.6534088012643987,0.4493229005493611,1113.1383326594373,0.2833333333333333,0.3968251777446425,40,10
Ratnagiri,2022-10-10,6,1,7,24.384052033823693,1.5830353709052618,8.580540514438104,38.38187379575755,0,0.36944444444444446,0.6534088012643987,0.4493229005493611,1113.1383326594373,0.2833333333333333,0.3968251777446425,41,10
Ratnagiri,2022-10-17,5,10,6,24.566798597822597,-3.4922829951416254,15.53424966403512,44.080209526275574,0,0.36944444444444446,0.6534088012643987,0.4493229005493611,1113.1383326594373,0.2833333333333333,0.3968251777446425,42,10
Ratnagiri,2022-10-24,3,1,7,24.199967500699923,-2.7706930703854016,13.799152584364307,43.807332075944956,0,0.36944444444444446,0.6534088012643987,0.4493229005493611,1113.1383326594373,0.2833333333333333,0.3968251777446425,43,10
Ratnagiri,2022-10-31,3,7,19,34.31246579290015,-11.571210541523476,10.699620216069238,40.66676070798158,0,0.36944444444444446,0.6534088012643987,0.4493229005493611,1113.1383326594373,0.2833333333333333,0.3968251777446425,44,10
Ratnagiri,2022-11-07,3,4,14,14.74692996371585,19.338143987456746,6.774236085258471,34.26079385924807,0,0.36944444444444446,0.6534088012643987,0.4493229005493611,1113.1383326594373,0.2833333333333333,0.3968251777446425,45,11
Ratnagiri,2022-11-14,1,1,11,14.79098438336766,-5.129411149897811,12.500324950454576,47.312586663099886,0,0.36944444444444446,0.6534088012643987,0.4493229005493611,1113.1383326594373,0.2833333333333333,0.3968251777446425,46,11
Ratnagiri,2022-11-21,3,7,10,15.002087358440015,-0.7147849366199094,7.5765618307757645,47.86589514436649,0,0.36944444444444446,0.6534088012643987,0.4493229005493611,1113.1383326594373,0.2833333333333333,0.3968251777446425,47,11
Ratnagiri,2022-11-28,3,10,9,18.8957809949159,-8.626703187070605,13.827665982753462,32.36652192239016,0,0.36944444444444446,0.6534088012643987,0.4493229005493611,1113.1383326594373,0.2833333333333333,0.3968251777446425,48,11
Ratnagiri,2022-12-05,0,4,7,9.052945171137512,5.648914068846425,9.226191381550166,44.470122015451295,0,0.36944444444444446,0.6534088012643987,0.4493229005493611,1113.1383326594373,0.2833333333333333,0.3968251777446425,49,12
Ratnagiri,2022-12-12,1,6,6,16.71227115328305,16.137508482389997,10.108561098185698,31.795795983763874,0,0.36944444444444446,0.6534088012643987,0.4493229005493611,1113.1383326594373,0.2833333333333333,0.3968251777446425,50,12
Ratnagiri,2022-12-19,3,2,7,15.827893307842528,11.52337024924303,10.59660493187956,44.77111827716698,0,0.36944444444444446,0.6534088012643987,0.4493229005493611,1113.1383326594373,0.2833333333333333,0.3968251777446425,51,12
Ratnagiri,2022-12-26,3,2,12,17.918280712912313,3.6404108111320266,7.834297746664906,32.24006923436957,0,0.36944444444444446,0.6534088012643987,0.4493229005493611,1113.1383326594373,0.2833333333333333,0.3968251777446425,52,12
Ratnagiri,2023-01-02,2,4,20,22.074064854011677,-20.11379861081323,8.413691637544641,42.306060593521735,0,0.36944444444444446,0.6534088012643987,0.4493229005493611,1113.1383326594373,0.2833333333333333,0.3968251777446425,1,1
Ratnagiri,2023-01-09,1,4,8,0.0,-4.483564600726221,12.459286101741245,40.03606231416818,0,0.36944444444444446,0.6534088012643987,0.4493229005493611,1113.1383326594373,0.2833333333333333,0.3968251777446425,2,1
Ratnagiri,2023-01-16,3,5,12,9.708081567289268,-3.7083488168651217,10.918347103745093,47.411448996808964,0,0.36944444444444446,0.6534088012643987,0.4493229005493611,1113.1383326594373,0.2833333333333333,0.3968251777446425,3,1
Ratnagiri,2023-01-23,3,7,11,12.77018653398941,3.954532632965579,10.984724350816418,40.249344220007366,0,0.36944444444444446,0.6534088012643987,0.4493229005493611,1113.1383326594373,0.2833333333333333,0.3968251777446425,4,1
Ratnagiri,2023-01-30,3,8,4,18.13633995304286,8.540320612351875,16.479550386555776,42.096603542629396,0,0.36944444444444446,0.6534088012643987,0.4493229005493611,1113.1383326594373,0.2833333333333333,0.3968251777446425,5,1
Ratnagiri,2023-02-06,2,4,6,29.047291501563997,15.128866747535358,10.663128015542915,35.46408442199466,0,0.36944444444444446,0.6534088012643987,0.4493229005493611,1113.1383326594373,0.2833333333333333,0.3968251777446425,6,2
Ratnagiri,2023-02-13,1,3,11,17.168956843438785,18.741318998610566,13.21162971376598,41.72075108095929,0,0.36944444444444446,0.6534088012643987,0.4493229005493611,1113.1383326594373,0.2833333333333333,0.3968251777446425,7,2
Ratnagiri,2023-02-20,2,5,13,14.50923198651183,-13.668907093503485,13.4714458117329,45.37884746853575,0,0.36944444444444446,0.6534088012643987,0.4493229005493611,1113.1383326594373,0.2833333333333333,0.3968251777446425,8,2
Ratnagiri,2023-02-27,1,3,10,18.824267420040805,5.446773971721118,15.662694102038266,42.387248020623026,0,0.36944444444444446,0.6534088012643987,0.4493229005493611,1113.1383326594373,0.2833333333333333,0.3968251777446425,9,2
Ratnagiri,2023-03-06,2,0,16,23.97754476075351,-19.712273940443676,18.705642898201,42.35134952932243,0,0.36944444444444446,0.6534088012643987,0.4493229005493611,1113.1383326594373,0.2833333333333333,0.3968251777446425,10,3
Ratnagiri,2023-03-13,1,9,9,20.92492411320607,-8.14010294878745,19.0839222752407,43.18477681543479,0,0.36944444444444446,0.6534088012643987,0.4493229005493611,1113.1383326594373,0.2833333333333333,0.3968251777446425,11,3
Ratnagiri,2023-03-20,5,6,8,20.809780793499893,2.477850588468807,20.191615022311797,39.09932684941217,0,0.36944444444444446,0.6534088012643987,0.4493229005493611,1113.1383326594373,0.2833333333333333,0.3968251777446425,12,3
Ratnagiri,2023-03-27,3,3,8,16.25843405610791,11.327623061066515,21.8461294037533,34.70979799310355,0,0.36944444444444446,0.6534088012643987,0.4493229005493611,1113.1383326594373,0.2833333333333333,0.3968251777446425,13,3
Ratnagiri,2023-04-03,4,7,15,15.463459537544338,10.490704183772468,29.140395441179344,36.133521434970035,0,0.36944444444444446,0.6534088012643987,0.4493229005493611,1113.1383326594373,0.2833333333333333,0.3968251777446425,14,4
Ratnagiri,2023-04-10,0,3,15,22.567586800379182,-9.604037319968523,25.381368795890978,49.01734663977903,0,0.36944444444444446,0.6534088012643987,0.4493229005493611,1113.1383326594373,0.2833333333333333,0.3968251777446425,15,4
Ratnagiri,2023-04-17,2,9,13,13.389226701490855,8.635455077311674,28.40405456794095,32.939802435602424,0,0.36944444444444446,0.6534088012643987,0.4493229005493611,1113.1383326594373,0.2833333333333333,0.3968251777446425,16,4
Ratnagiri,2023-04-24,4,6,9,24.324749054684155,1.2071035417796232,29.9486895533213,28.947734931400415,0,0.36944444444444446,0.6534088012643987,0.4493229005493611,1113.1383326594373,0.2833333333333333,0.3968251777446425,17,4
Ratnagiri,2023-05-01,3,1,13,32.973037604805015,32.334936632485125,32.83204649371403,37.17337107055122,0,0.36944444444444446,0.6534088012643987,0.4493229005493611,1113.1383326594373,0.2833333333333333,0.3968251777446425,18,5
Ratnagiri,2023-05-08,5,8,9,34.16273620598996,-14.113674540763434,35.096634712312174,32.3100377821521,0,0.36944444444444446,0.6534088012643987,0.4493229005493611,1113.1383326594373,0.2833333333333333,0.3968251777446425,19,5
Ratnagiri,2023-05-15,2,6,10,21.5971638439554,-0.43842631024961176,28.322772964312094,43.82186148171469,0,0.36944444444444446,0.6534088012643987,0.4493229005493611,1113.1383326594373,0.2833333333333333,0.3968251777446425,20,5
Ratnagiri,2023-05-22,1,6,20,19.339881417547673,-6.291191941453987,30.476303019701447,39.35234807031304,0,0.36944444444444446,0.6534088012643987,0.4493229005493611,1113.1383326594373,0.2833333333333333,0.3968251777446425,21,5
Ratnagiri,2023-05-29,1,9,18,26.35813262188768,-23.9673576944724,31.987034823812223,30.629921125348304,0,0.36944444444444446,0.6534088012643987,0.4493229005493611,1113.1383326594373,0.2833333333333333,0.3968251777446425,22,5
Ratnagiri,2023-06-05,10,18,46,100.75011422345982,-26.372916705421304,31.180728342168614,81.52313209739621,1,0.36944444444444446,0.6534088012643987,0.4493229005493611,1113.1383326594373,0.2833333333333333,0.3968251777446425,23,6
Ratnagiri,2023-06-12,6,11,39,95.63228393221416,-9.602323513147427,29.506412180180234,81.93677023997209,1,0.36944444444444446,0.6534088012643987,0.4493229005493611,1113.1383326594373,0.2833333333333333,0.3968251777446425,24,6
Ratnagiri,2023-06-19,12,22,40,97.39553716229464,5.426106792469597,33.754911644307285,81.9864728279751,1,0.36944444444444446,0.6534088012643987,0.4493229005493611,1113.1383326594373,0.2833333333333333,0.3968251777446425,25,6
Ratnagiri,2023-06-26,5,17,45,91.3732905574617,3.935864680301883,37.137175038180374,75.18815502587968,1,0.36944444444444446,0.6534088012643987,0.4493229005493611,1113.1383326594373,0.2833333333333333,0.3968251777446425,26,6
Ratnagiri,2023-07-03,8,19,40,84.81612030132396,61.198924802158785,28.389037239094115,79.01871096251726,1,0.36944444444444446,0.6534088012643987,0.4493229005493611,1113.1383326594373,0.2833333333333333,0.3968251777446425,27,7
Ratnagiri,2023-07-10,10,18,50,88.40010560306759,-38.9447703492185,28.643448027258017,75.14738391167873,1,0.36944444444444446,0.6534088012643987,0.4493229005493611,1113.1383326594373,0.2833333333333333,0.3968251777446425,28,7
Ratnagiri,2023-07-17,8,9,32,91.74709823762666,-26.575836491421256,31.312906907845626,78.56231889607844,1,0.36944444444444446,0.6534088012643987,0.4493229005493611,1113.1383326594373,0.2833333333333333,0.3968251777446425,29,7
Ratnagiri,2023-07-24,6,11,33,85.93851024184349,-22.56629194929168,27.0906903199661,83.2682837279282,1,0.36944444444444446,0.6534088012643987,0.4493229005493611,1113.1383326594373,0.2833333333333333,0.3968251777446425,30,7
Ratnagiri,2023-07-31,5,8,40,95.80930292854242,15.901775873133877,28.485409865292446,75.20806162507866,1,0.36944444444444446,0.6534088012643987,0.4493229005493611,1113.1383326594373,0.2833333333333333,0.3968251777446425,31,7
Ratnagiri,2023-08-07,7,10,45,87.78741397169628,54.77214260631282,25.979370681439697,84.66709402091584,1,0.36944444444444446,0.6534088012643987,0.4493229005493611,1113.1383326594373,0.2833333333333333,0.3968251777446425,32,8
Ratnagiri,2023-08-14,11,14,38,100.99925656601903,-12.08474013332454,24.849564319734434,78.15209786584785,1,0.36944444444444446,0.6534088012643987,0.4493229005493611,1113.1383326594373,0.2833333333333333,0.3968251777446425,33,8
Ratnagiri,2023-08-21,10,10,47,106.43585379433128,70.56941691937166,26.808111696240193,76.17393977705989,1,0.36944444444444446,0.6534088012643987,0.4493229005493611,1113.1383326594373,0.2833333333333333,0.3968251777446425,34,8
Ratnagiri,2023-08-28,5,10,30,101.23233230151546,-5.470828779083709,28.5424621005138,80.02745203768177,1,0.36944444444444446,0.6534088012643987,0.4493229005493611,1113.1383326594373,0.2833333333333333,0.3968251777446425,35,8
Ratnagiri,2023-09-04,9,23,22,106.42252150088298,46.24230114252304,19.263825781426867,86.67540417650359,1,0.36944444444444446,0.6534088012643987,0.4493229005493611,1113.1383326594373,0.2833333333333333,0.3968251777446425,36,9
Ratnagiri,2023-09-11,10,13,37,95.9268608269572,-2.483522990930026,23.18911901567666,77.78490796630054,1,0.36944444444444446,0.6534088012643987,0.4493229005493611,1113.1383326594373,0.2833333333333333,0.3968251777446425,37,9
Ratnagiri,2023-09-18,6,8,46,102.28810591938628,-41.5494936397724,20.61619306902816,77.23748321564341,1,0.36944444444444446,0.6534088012643987,0.4493229005493611,1113.1383326594373,0.2833333333333333,0.3968251777446425,38,9
Ratnagiri,2023-09-25,4,16,55,101.68935995758743,0.08587727781189174,21.058831286455504,79.98402858554468,1,0.36944444444444446,0.6534088012643987,0.4493229005493611,1113.1383326594373,0.2833333333333333,0.3968251777446425,39,9
Ratnagiri,2023-10-02,3,3,9,25.050563461996266,7.804481806100702,11.738972006989638,33.56157665112191,0,0.36944444444444446,0.6534088012643987,0.4493229005493611,1113.1383326594373,0.2833333333333333,0.3968251777446425,40,10
Ratnagiri,2023-10-09,2,8,13,0.0,-4.643356760806351,15.696983698153206,38.31356496079022,0,0.36944444444444446,0.6534088012643987,0.4493229005493611,1113.1383326594373,0.2833333333333333,0.3968251777446425,41,10
Ratnagiri,2023-10-16,1,2,8,2.930299952155476,3.229552929000445,9.912683827653746,38.4944820243223,0,0.36944444444444446,0.6534088012643987,0.4493229005493611,1113.1383326594373,0.2833333333333333,0.3968251777446425,42,10
Ratnagiri,2023-10-23,5,2,9,19.675389309130193,5.4244233785992435,14.522528775058388,41.77977340125905,0,0.36944444444444446,0.6534088012643987,0.4493229005493611,1113.1383326594373,0.2833333333333333,0.3968251777446425,43,10
Ratnagiri,2023-10-30,4,4,24,24.59744699448822,0.5201610926232676,16.688149915347093,35.89096550042699,0,0.36944444444444446,0.6534088012643987,0.4493229005493611,1113.1383326594373,0.2833333333333333,0.3968251777446425,44,10
Ratnagiri,2023-11-06,2,6,7,18.66252178241323,-14.894939023310872,15.259349092488558,37.52331415490653,0,0.36944444444444446,0.6534088012643987,0.4493229005493611,1113.1383326594373,0.2833333333333333,0.3968251777446425,45,11
Ratnagiri,2023-11-13,4,3,10,17.39065376604681,15.190836767328816,11.054174318971297,43.22362377032104,0,0.36944444444444446,0.6534088012643987,0.4493229005493611,1113.1383326594373,0.2833333333333333,0.3968251777446425,46,11
Ratnagiri,2023-11-20,2,1,6,7.8027666190012255,-2.9372203986787375,4.534964144184444,42.06496420086377,0,0.36944444444444446,0.6534088012643987,0.4493229005493611,1113.1383326594373,0.2833333333333333,0.3968251777446425,47,11
Ratnagiri,2023-11-27,1,2,8,8.527405767568501,6.224926232399093,6.325324694137905,30.850349188353093,0,0.36944444444444446,0.6534088012643987,0.4493229005493611,1113.1383326594373,0.2833333333333333,0.3968251777446425,48,11
Ratnagiri,2023-12-04,1,7,17,25.760174144844644,4.420178997082792,9.471968209731182,30.876926814764044,0,0.36944444444444446,0.6534088012643987,0.4493229005493611,1113.1383326594373,0.2833333333333333,0.3968251777446425,49,12
Ratnagiri,2023-12-11,3,3,10,16.164722067782044,8.94927691449249,8.454759977196835,31.771698881378494,0,0.36944444444444446,0.6534088012643987,0.4493229005493611,1113.1383326594373,0.2833333333333333,0.3968251777446425,50,12
Ratnagiri,2023-12-18,4,5,9,11.548344728730806,0.8892687043804186,7.764387824918155,55.32364018947388,0,0.36944444444444446,0.6534088012643987,0.4493229005493611,1113.1383326594373,0.2833333333333333,0.3968251777446425,51,12
Ratnagiri,2023-12-25,3,6,11,17.478237360186533,-17.20813158487053,9.079469034512702,36.5205105642498,0,0.36944444444444446,0.6534088012643987,0.4493229005493611,1113.1383326594373,0.2833333333333333,0.3968251777446425,52,12
Sangli,2022-01-03,3,1,5,27.66416895085273,0.928339523524697,8.188232514174036,40.89677043719627,0,0.49444444444444446,0.5637041190137477,0.6349704543385225,1348.5713931313119,0.43333333333333335,0.5390251357104372,1,1
Sangli,2022-01-10,2,2,13,9.686124998384996,5.066238221933962,10.132713951847673,46.16684229127661,0,0.49444444444444446,0.5637041190137477,0.6349704543385225,1348.5713931313119,0.43333333333333335,0.5390251357104372,2,1
Sangli,2022-01-17,6,9,7,20.842569592646647,-4.146865676936205,11.507435972390853,34.204862233696055,0,0.49444444444444446,0.5637041190137477,0.6349704543385225,1348.5713931313119,0.43333333333333335,0.5390251357104372,3,1
Sangli,2022-01-24,3,1,11,28.251844337621804,-4.537428662510696,7.811344857003318,41.94767720478021,0,0.49444444444444446,0.5637041190137477,0.6349704543385225,1348.5713931313119,0.43333333333333335,0.5390251357104372,4,1
Sangli,2022-01-31,3,1,7,28.228479168972086,-11.747477587184637,3.831072414651649,41.67752676151624,0,0.49444444444444446,0.5637041190137477,0.6349704543385225,1348.5713931313119,0.43333333333333335,0.5390251357104372,5,1
Sangli,2022-02-07,3,1,12,26.707697428073573,8.451363438779998,14.63662981280945,34.597223364834,0,0.49444444444444446,0.5637041190137477,0.6349704543385225,1348.5713931313119,0.43333333333333335,0.5390251357104372,6,2
Sangli,2022-02-14,2,2,4,16.44734491656721,4.370076306516379,10.56690107125999,40.90023957985667,0,0.49444444444444446,0.5637041190137477,0.6349704543385225,1348.5713931313119,0.43333333333333335,0.5390251357104372,7,2
Sangli,2022-02-21,2,3,10,16.76272424254976,-11.26343844580533,10.006788668981693,39.46770498310054,0,0.49444444444444446,0.5637041190137477,0.6349704543385225,1348.5713931313119,0.43333333333333335,0.5390251357104372,8,2
Sangli,2022-02-28,3,4,6,22.490107074245948,-3.2173798661214743,13.300194208716508,39.25921432666065,0,0.49444444444444446,0.5637041190137477,0.6349704543385225,1348.5713931313119,0.43333333333333335,0.5390251357104372,9,2
Sangli,2022-03-07,1,2,9,16.501950357193405,-9.675687617023202,21.016678236837727,36.23922114710545,0,0.49444444444444446,0.5637041190137477,0.6349704543385225,1348.5713931313119,0.43333333333333335,0.5390251357104372,10,3
Sangli,2022-03-14,1,2,7,15.248454270055502,-2.9637993643437244,20.333127575977205,40.179386872677156,0,0.49444444444444446,0.5637041190137477,0.6349704543385225,1348.5713931313119,0.43333333333333335,0.5390251357104372,11,3
Sangli,2022-03-21,0,4,9,25.079789640323185,-11.159579480990816,20.326066349536006,41.595977952107816,0,0.49444444444444446,0.5637041190137477,0.6349704543385225,1348.5713931313119,0.43333333333333335,0.5390251357104372,12,3
Sangli,2022-03-28,1,4,11,20.071252585317538,-2.410318814814819,22.785164221793092,39.77656246746983,0,0.49444444444444446,0.5637041190137477,0.6349704543385225,1348.5713931313119,0.43333333333333335,0.5390251357104372,13,3
Sangli,2022-04-04,2,13,3,12.148065837438951,-12.530131170349817,25.112198089059547,39.08751356619711,0,0.49444444444444446,0.5637041190137477,0.6349704543385225,1348.5713931313119,0.43333333333333335,0.5390251357104372,14,4
Sangli,2022-04-11,0,8,7,11.846049069871258,3.5656356238702136,26.455239127499173,36.124196132478275,0,0.49444444444444446,0.5637041190137477,0.6349704543385225,1348.5713931313119,0.43333333333333335,0.5390251357104372,15,4
Sangli,2022-04-18,3,2,13,14.838972107331365,-10.981807158935531,26.086514972051877,40.91076021453443,0,0.49444444444444446,0.5637041190137477,0.6349704543385225,1348.5713931313119,0.43333333333333335,0.5390251357104372,16,4
Sangli,2022-04-25,4,3,8,34.215460579259485,-10.893414176762263,27.57360852076052,40.42250438937592,0,0.49444444444444446,0.5637041190137477,0.6349704543385225,1348.5713931313119,0.43333333333333335,0.5390251357104372,17,4
Sangli,2022-05-02,2,8,13,29.058670594835803,8.510542877251781,29.49577714297679,33.58288761920007,0,0.49444444444444446,0.5637041190137477,0.6349704543385225,1348.5713931313119,0.43333333333333335,0.5390251357104372,18,5
Sangli,2022-05-09,3,6,13,18.68278516909956,14.218632908329962,29.89702585189538,38.90691533169948,0,0.49444444444444446,0.5637041190137477,0.6349704543385225,1348.5713931313119,0.43333333333333335,0.5390251357104372,19,5
Sangli,2022-05-16,2,2,10,33.298016422512404,11.848250064980183,29.390931336978277,37.000861079530154,0,0.49444444444444446,0.5637041190137477,0.6349704543385225,1348.5713931313119,0.43333333333333335,0.5390251357104372,20,5
Sangli,2022-05-23,1,5,8,17.85919559296537,-15.129692970010698,31.37670172662611,42.50885012888416,0,0.49444444444444446,0.5637041190137477,0.6349704543385225,1348.5713931313119,0.43333333333333335,0.5390251357104372,21,5
Sangli,2022-05-30,2,6,7,10.721565344583619,7.895422277588717,27.035292745542936,38.39789075532837,0,0.49444444444444446,0.5637041190137477,0.6349704543385225,1348.5713931313119,0.43333333333333335,0.5390251357104372,22,5
Sangli,2022-06-06,13,16,38,99.07773445994869,-18.157128191892365,33.48519119604334,81.45897730790155,1,0.49444444444444446,0.5637041190137477,0.6349704543385225,1348.5713931313119,0.43333333333333335,0.5390251357104372,23,6
Sangli,2022-06-13,10,8,41,101.88632307619686,-17.503428832584458,37.63828576645014,81.79756655594124,1,0.49444444444444446,0.5637041190137477,0.6349704543385225,1348.5713931313119,0.43333333333333335,0.5390251357104372,24,6
Sangli,2022-06-20,13,10,43,100.76133906778965,-12.86882063013617,30.740744297446355,80.94788033961238,1,0.49444444444444446,0.5637041190137477,0.6349704543385225,1348.5713931313119,0.43333333333333335,0.5390251357104372,25,6
Sangli,2022-06-27,12,11,39,102.69673820438089,0.7810518789718466,31.05172210538817,77.54642119646817,1,0.49444444444444446,0.5637041190137477,0.6349704543385225,1348.5713931313119,0.43333333333333335,0.5390251357104372,26,6
Sangli,2022-07-04,12,18,36,101.90071620494123,42.240675995327614,29.595443049722295,93.30507622167501,1,0.49444444444444446,0.5637041190137477,0.6349704543385225,1348.5713931313119,0.43333333333333335,0.5390251357104372,27,7
Sangli,2022-07-11,9,6,31,84.8488231926293,57.274206838381836,28.62347825356903,72.6392455663496,1,0.49444444444444446,0.5637041190137477,0.6349704543385225,1348.5713931313119,0.43333333333333335,0.5390251357104372,28,7
Sangli,2022-07-18,5,13,29,106.85556583086425,41.6328626483566,29.037223110739387,92.02241709334555,1,0.49444444444444446,0.5637041190137477,0.6349704543385225,1348.5713931313119,0.43333333333333335,0.5390251357104372,29,7
Sangli,2022-07-25,9,13,31,94.48290703138296,14.13973145188568,31.36420821872412,81.03238015958885,1,0.49444444444444446,0.5637041190137477,0.6349704543385225,1348.5713931313119,0.43333333333333335,0.5390251357104372,30,7
Sangli,2022-08-01,8,16,32,99.69042341928308,6.0124678229469115,27.515353562603572,83.62223304894937,1,0.49444444444444446,0.5637041190137477,0.6349704543385225,1348.5713931313119,0.43333333333333335,0.5390251357104372,31,8
Sangli,2022-08-08,16,16,24,90.08993108980852,-10.41731950011265,23.62012353276118,72.27331357857949,1,0.49444444444444446,0.5637041190137477,0.6349704543385225,1348.5713931313119,0.43333333333333335,0.5390251357104372,32,8
Sangli,2022-08-15,13,9,31,104.78601736748257,-14.302589595038036,22.189575072338528,75.12695288773793,1,0.49444444444444446,0.5637041190137477,0.6349704543385225,1348.5713931313119,0.43333333333333335,0.5390251357104372,33,8
Sangli,2022-08-22,4,12,40,97.04617584508193,3.470344437158334,27.191086614836504,76.93323369280066,1,0.49444444444444446,0.5637041190137477,0.6349704543385225,1348.5713931313119,0.43333333333333335,0.5390251357104372,34,8
Sangli,2022-08-29,8,15,38,116.76274502891071,8.653161497063062,24.679799835583246,84.27570437553806,1,0.49444444444444446,0.5637041190137477,0.6349704543385225,1348.5713931313119,0.43333333333333335,0.5390251357104372,35,8
Sangli,2022-09-05,7,9,30,91.96051690456987,-58.25125365181446,21.732857969387297,79.54567573555353,1,0.49444444444444446,0.5637041190137477,0.6349704543385225,1348.5713931313119,0.43333333333333335,0.5390251357104372,36,9
Sangli,2022-09-12,7,5,39,93.84928807795578,87.70374233446628,22.767108261302475,88.50947706067245,1,0.49444444444444446,0.5637041190137477,0.6349704543385225,1348.5713931313119,0.43333333333333335,0.5390251357104372,37,9
Sangli,2022-09-19,10,12,34,112.79327322719821,41.35316220770686,20.830813225990198,80.45094318664952,1,0.49444444444444446,0.5637041190137477,0.6349704543385225,1348.5713931313119,0.43333333333333335,0.5390251357104372,38,9
Sangli,2022-09-26,9,13,44,87.23060782677432,-0.38287225526393137,20.272149253046784,82.08262852375368,1,0.49444444444444446,0.5637041190137477,0.6349704543385225,1348.5713931313119,0.43333333333333335,0.5390251357104372,39,9
Sangli,2022-10-03,1,0,9,6.976796201955995,6.7747240046390065,15.414499479480561,37.68494921676675,0,0.49444444444444446,0.5637041190137477,0.6349704543385225,1348.5713931313119,0.43333333333333335,0.5390251357104372,40,10
Sangli,2022-10-10,1,2,10,15.495458218865455,-8.042073999941806,13.966266340006571,39.96308004354154,0,0.49444444444444446,0.5637041190137477,0.6349704543385225,1348.5713931313119,0.43333333333333335,0.5390251357104372,41,10
Sangli,2022-10-17,7,6,9,23.74222623940248,0.7896683847823306,11.223339851128472,42.415051043455335,0,0.49444444444444446,0.5637041190137477,0.6349704543385225,1348.5713931313119,0.43333333333333335,0.5390251357104372,42,10
Sangli,2022-10-24,1,7,11,16.468336846431058,-1.4232505845635055,15.943199605239128,40.98799837741144,0,0.49444444444444446,0.5637041190137477,0.6349704543385225,1348.5713931313119,0.43333333333333335,0.5390251357104372,43,10
Sangli,2022-10-31,3,3,5,11.139949530211743,-11.247698544713458,15.464163694953621,45.54419750683215,0,0.49444444444444446,0.5637041190137477,0.6349704543385225,1348.5713931313119,0.43333333333333335,0.5390251357104372,44,10
Sangli,2022-11-07,1,6,6,16.267462612264048,13.622242477345088,9.305023815567283,37.352755415251295,0,0.49444444444444446,0.5637041190137477,0.6349704543385225,1348.5713931313119,0.43333333333333335,0.5390251357104372,45,11
Sangli,2022-11-14,1,6,11,30.069564813565098,-5.474272320871467,9.823076455357878,35.33515998689772,0,0.49444444444444446,0.5637041190137477,0.6349704543385225,1348.5713931313119,0.43333333333333335,0.5390251357104372,46,11
Sangli,2022-11-21,6,1,13,24.875835398700367,-2.3821976916259646,6.126820856370122,44.09649756861324,0,0.49444444444444446,0.5637041190137477,0.6349704543385225,1348.5713931313119,0.43333333333333335,0.5390251357104372,47,11
Sangli,2022-11-28,2,2,7,14.385458935943735,-3.438298375143953,11.707085885309494,46.623874112219355,0,0.49444444444444446,0.5637041190137477,0.6349704543385225,1348.5713931313119,0.43333333333333335,0.5390251357104372,48,11
Sangli,2022-12-05,3,1,6,20.577377448556682,13.031840977178557,6.978043872967728,42.456150370145366,0,0.49444444444444446,0.5637041190137477,0.6349704543385225,1348.5713931313119,0.43333333333333335,0.5390251357104372,49,12
Sangli,2022-12-12,0,2,19,13.648148372317264,13.235179341800155,6.554663028890161,42.444147731148504,0,0.49444444444444446,0.5637041190137477,0.6349704543385225,1348.5713931313119,0.43333333333333335,0.5390251357104372,50,12
Sangli,2022-12-19,1,4,12,26.422172894524635,-11.783732788607814,7.1192306812094674,45.64520666633174,0,0.49444444444444446,0.5637041190137477,0.6349704543385225,1348.5713931313119,0.43333333333333335,0.5390251357104372,51,12
Sangli,2022-12-26,3,0,7,28.626985849222596,-8.317834518578197,6.318992932080192,43.93896160759768,0,0.49444444444444446,0.5637041190137477,0.6349704543385225,1348.5713931313119,0.43333333333333335,0.5390251357104372,52,12
Sangli,2023-01-02,2,5,26,20.31271130699694,-8.53730187241431,10.49985135769753,40.30334240396376,0,0.49444444444444446,0.5637041190137477,0.6349704543385225,1348.5713931313119,0.43333333333333335,0.5390251357104372,1,1
Sangli,2023-01-09,2,2,17,25.692781355928354,-0.48147359995204,11.608356829214094,38.93147880847678,0,0.49444444444444446,0.5637041190137477,0.6349704543385225,1348.5713931313119,0.43333333333333335,0.5390251357104372,2,1
Sangli,2023-01-16,2,6,8,17.571039717334255,18.364198951812398,7.385618526135461,40.50651718140108,0,0.49444444444444446,0.5637041190137477,0.6349704543385225,1348.5713931313119,0.43333333333333335,0.5390251357104372,3,1
Sangli,2023-01-23,2,0,13,16.666415597665132,2.5247283996301917,7.157263562794055,33.64328143200957,0,0.49444444444444446,0.5637041190137477,0.6349704543385225,1348.5713931313119,0.43333333333333335,0.5390251357104372,4,1
Sangli,2023-01-30,1,7,7,19.15832329406152,4.782116616689242,6.386887424774409,48.50542153109093,0,0.49444444444444446,0.5637041190137477,0.6349704543385225,1348.5713931313119,0.43333333333333335,0.5390251357104372,5,1
Sangli,2023-02-06,8,1,15,26.798593699929647,-17.56251777910139,12.287882010138699,41.99173437664873,0,0.49444444444444446,0.5637041190137477,0.6349704543385225,1348.5713931313119,0.43333333333333335,0.5390251357104372,6,2
Sangli,2023-02-13,2,5,10,15.996092363930478,-18.110347572590907,11.571384106134612,39.18289350937039,0,0.49444444444444446,0.5637041190137477,0.6349704543385225,1348.5713931313119,0.43333333333333335,0.5390251357104372,7,2
Sangli,2023-02-20,0,7,11,14.063883816405038,-20.52711519188836,13.506349523114281,32.752634753054224,0,0.49444444444444446,0.5637041190137477,0.6349704543385225,1348.5713931313119,0.43333333333333335,0.5390251357104372,8,2
Sangli,2023-02-27,2,3,5,8.075168690410678,7.5440013216680395,16.719067117101535,29.85671119226713,0,0.49444444444444446,0.5637041190137477,0.6349704543385225,1348.5713931313119,0.43333333333333335,0.5390251357104372,9,2
Sangli,2023-03-06,5,1,14,28.734160065089064,14.929833932340763,18.3727405767292,42.60387385942555,0,0.49444444444444446,0.5637041190137477,0.6349704543385225,1348.5713931313119,0.43333333333333335,0.5390251357104372,10,3
Sangli,2023-03-13,2,9,7,18.30543256427186,0.7610503795522071,19.779638156609025,38.95813026912098,0,0.49444444444444446,0.5637041190137477,0.6349704543385225,1348.5713931313119,0.43333333333333335,0.5390251357104372,11,3
Sangli,2023-03-20,5,4,8,22.211195302576883,-4.515764952939867,18.826155561497785,36.318381293110235,0,0.49444444444444446,0.5637041190137477,0.6349704543385225,1348.5713931313119,0.43333333333333335,0.5390251357104372,12,3
Sangli,2023-03-27,2,6,14,13.599359710329674,-12.381413802999877,20.778299387060496,46.78967751051208,0,0.49444444444444446,0.5637041190137477,0.6349704543385225,1348.5713931313119,0.43333333333333335,0.5390251357104372,13,3
Sangli,2023-04-03,2,6,12,13.932761563803133,-10.452523849590778,25.446762457022615,46.725176480341084,0,0.49444444444444446,0.5637041190137477,0.6349704543385225,1348.5713931313119,0.43333333333333335,0.5390251357104372,14,4
Sangli,2023-04-10,0,4,15,19.251388361433648,-1.8209288174713076,30.55799588862171,37.28776866038896,0,0.49444444444444446,0.5637041190137477,0.6349704543385225,1348.5713931313119,0.43333333333333335,0.5390251357104372,15,4
Sangli,2023-04-17,1,6,11,22.07347916792077,3.469278939366937,24.28653566034042,38.07492724307591,0,0.49444444444444446,0.5637041190137477,0.6349704543385225,1348.5713931313119,0.43333333333333335,0.5390251357104372,16,4
Sangli,2023-04-24,1,5,13,25.424037777063393,2.792923379321493,24.1427871179443,41.5857327183913,0,0.49444444444444446,0.5637041190137477,0.6349704543385225,1348.5713931313119,0.43333333333333335,0.5390251357104372,17,4
Sangli,2023-05-01,3,7,8,27.10138532156177,-2.1394688040223295,27.011245159952328,40.933232974233526,0,0.49444444444444446,0.5637041190137477,0.6349704543385225,1348.5713931313119,0.43333333333333335,0.5390251357104372,18,5
Sangli,2023-05-08,1,5,10,35.904657201577244,4.38552984723112,32.05333468263385,41.99531451411167,0,0.49444444444444446,0.5637041190137477,0.6349704543385225,1348.5713931313119,0.43333333333333335,0.5390251357104372,19,5
Sangli,2023-05-15,1,3,6,12.258805556606625,-29.01082432318823,29.040994821293605,43.58370350669071,0,0.49444444444444446,0.5637041190137477,0.6349704543385225,1348.5713931313119,0.43333333333333335,0.5390251357104372,20,5
Sangli,2023-05-22,2,2,9,26.49675032992064,-8.435490902853326,27.946761332607213,42.38680341136647,0,0.49444444444444446,0.5637041190137477,0.6349704543385225,1348.5713931313119,0.43333333333333335,0.5390251357104372,21,5
Sangli,2023-05-29,3,6,5,10.791962144978841,32.25993124147924,27.878662661756685,41.928343632053014,0,0.49444444444444446,0.5637041190137477,0.6349704543385225,1348.5713931313119,0.43333333333333335,0.5390251357104372,22,5
Sangli,2023-06-05,8,6,31,101.61745432966603,7.729952997143082,31.199502945709714,77.67178261692021,1,0.49444444444444446,0.5637041190137477,0.6349704543385225,1348.5713931313119,0.43333333333333335,0.5390251357104372,23,6
Sangli,2023-06-12,12,10,31,92.37498917033682,-18.95156103596887,33.34603165258527,86.5796027259637,1,0.49444444444444446,0.5637041190137477,0.6349704543385225,1348.5713931313119,0.43333333333333335,0.5390251357104372,24,6
Sangli,2023-06-19,8,11,24,110.69243132567895,-0.14469661648188734,31.112321733193987,78.76644975963639,1,0.49444444444444446,0.5637041190137477,0.6349704543385225,1348.5713931313119,0.43333333333333335,0.5390251357104372,25,6
Sangli,2023-06-26,14,16,39,111.8968753570843,70.48248375845512,31.143492043191884,75.67437684889946,1,0.49444444444444446,0.5637041190137477,0.6349704543385225,1348.5713931313119,0.43333333333333335,0.5390251357104372,26,6
Sangli,2023-07-03,9,8,35,99.8953822093016,9.945639474687239,25.114848335092898,85.57911348287189,1,0.49444444444444446,0.5637041190137477,0.6349704543385225,1348.5713931313119,0.43333333333333335,0.5390251357104372,27,7
Sangli,2023-07-10,12,11,41,114.03813571030906,5.451573631214635,31.949343498887302,82.54404683025075,1,0.49444444444444446,0.5637041190137477,0.6349704543385225,1348.5713931313119,0.43333333333333335,0.5390251357104372,28,7
Sangli,2023-07-17,11,8,46,104.02667447180934,20.45045760564282,30.39930569413382,76.28586695377716,1,0.49444444444444446,0.5637041190137477,0.6349704543385225,1348.5713931313119,0.43333333333333335,0.5390251357104372,29,7
Sangli,2023-07-24,11,11,30,106.22453613832846,-6.887377434304365,32.58387647665924,78.85724371513793,1,0.49444444444444446,0.5637041190137477,0.6349704543385225,1348.5713931313119,0.43333333333333335,0.5390251357104372,30,7
Sangli,2023-07-31,17,12,42,98.10315986209729,-59.952858219015944,32.04679370283712,85.66491426466257,1,0.49444444444444446,0.5637041190137477,0.6349704543385225,1348.5713931313119,0.43333333333333335,0.5390251357104372,31,7
Sangli,2023-08-07,10,9,42,99.21694717193634,49.05833783886815,24.360322994369472,79.65880047432134,1,0.49444444444444446,0.5637041190137477,0.6349704543385225,1348.5713931313119,0.43333333333333335,0.5390251357104372,32,8
Sangli,2023-08-14,12,13,47,106.99587171624634,50.31967263112943,23.089234225178537,78.21532918578262,1,0.49444444444444446,0.5637041190137477,0.6349704543385225,1348.5713931313119,0.43333333333333335,0.5390251357104372,33,8
Sangli,2023-08-21,7,14,55,92.2075310186141,-6.304229981727594,31.54182642106591,84.28194471151288,1,0.49444444444444446,0.5637041190137477,0.6349704543385225,1348.5713931313119,0.43333333333333335,0.5390251357104372,34,8
Sangli,2023-08-28,8,11,40,91.20258829793104,6.0557568845923075,28.47004592120564,72.1950250553315,1,0.49444444444444446,0.5637041190137477,0.6349704543385225,1348.5713931313119,0.43333333333333335,0.5390251357104372,35,8
Sangli,2023-09-04,12,15,42,106.04032474954899,32.26073493907794,22.02292398176955,79.90125751009994,1,0.49444444444444446,0.5637041190137477,0.6349704543385225,1348.5713931313119,0.43333333333333335,0.5390251357104372,36,9
Sangli,2023-09-11,7,9,36,95.89390636318291,47.54113247210749,19.078255373501882,78.26354547837344,1,0.49444444444444446,0.5637041190137477,0.6349704543385225,1348.5713931313119,0.43333333333333335,0.5390251357104372,37,9
Sangli,2023-09-18,4,12,25,78.04095353701007,30.739402221367698,16.279961676471178,84.64439641920154,1,0.49444444444444446,0.5637041190137477,0.6349704543385225,1348.5713931313119,0.43333333333333335,0.5390251357104372,38,9
Sangli,2023-09-25,3,9,28,85.50625807341333,-1.466115894835936,16.742744624487994,86.2082670852533,1,0.49444444444444446,0.5637041190137477,0.6349704543385225,1348.5713931313119,0.43333333333333335,0.5390251357104372,39,9
Sangli,2023-10-02,3,3,12,22.09944628607357,0.4436941260527091,14.487574387465457,37.82956512293945,0,0.49444444444444446,0.5637041190137477,0.6349704543385225,1348.5713931313119,0.43333333333333335,0.5390251357104372,40,10
Sangli,2023-10-09,2,7,7,23.365431727677922,-6.556913355511337,15.02051714939276,40.73265653238363,0,0.49444444444444446,0.5637041190137477,0.6349704543385225,1348.5713931313119,0.43333333333333335,0.5390251357104372,41,10
Sangli,2023-10-16,4,1,9,32.11014522824615,-9.499173990791544,13.218918762394289,38.469272101096664,0,0.49444444444444446,0.5637041190137477,0.6349704543385225,1348.5713931313119,0.43333333333333335,0.5390251357104372,42,10
Sangli,2023-10-23,2,4,13,28.487317539529187,-16.23006353462604,15.509363630744833,42.02103693888508,0,0.49444444444444446,0.5637041190137477,0.6349704543385225,1348.5713931313119,0.43333333333333335,0.5390251357104372,43,10
Sangli,2023-10-30,2,3,8,19.858772250705492,11.71263226152551,12.385430450074338,40.25595296391359,0,0.49444444444444446,0.5637041190137477,0.6349704543385225,1348.5713931313119,0.43333333333333335,0.5390251357104372,44,10
Sangli,2023-11-06,2,3,14,26.349603346555124,-6.561688118438619,8.623623830340287,35.995150917028944,0,0.49444444444444446,0.5637041190137477,0.6349704543385225,1348.5713931313119,0.43333333333333335,0.5390251357104372,45,11
Sangli,2023-11-13,3,5,4,17.286607940572654,5.439007373055086,9.575238615161217,42.932269502124484,0,0.49444444444444446,0.5637041190137477,0.6349704543385225,1348.5713931313119,0.43333333333333335,0.5390251357104372,46,11
Sangli,2023-11-20,4,8,11,25.19831642823662,6.999757042225968,9.224003194227645,36.84220097648761,0,0.49444444444444446,0.5637041190137477,0.6349704543385225,1348.5713931313119,0.43333333333333335,0.5390251357104372,47,11
Sangli,2023-11-27,4,1,18,16.53066976895428,-6.948391990740593,7.604128616188698,38.350878393823706,0,0.49444444444444446,0.5637041190137477,0.6349704543385225,1348.5713931313119,0.43333333333333335,0.5390251357104372,48,11
Sangli,2023-12-04,5,2,15,19.26512727027316,15.492701666334764,6.293924000573151,44.48717603876703,0,0.49444444444444446,0.5637041190137477,0.6349704543385225,1348.5713931313119,0.43333333333333335,0.5390251357104372,49,12
Sangli,2023-12-11,0,2,10,5.65825857476943,-7.348560441436768,7.435613221709486,41.66974410435839,0,0.49444444444444446,0.5637041190137477,0.6349704543385225,1348.5713931313119,0.43333333333333335,0.5390251357104372,50,12
Sangli,2023-12-18,2,4,7,28.24212355633557,-11.016058207050673,9.134939227992964,43.77494333985321,0,0.49444444444444446,0.5637041190137477,0.6349704543385225,1348.5713931313119,0.43333333333333335,0.5390251357104372,51,12
Sangli,2023-12-25,0,4,9,7.230638823957513,-31.501115504989276,7.384241616214298,41.802493241498496,0,0.49444444444444446,0.5637041190137477,0.6349704543385225,1348.5713931313119,0.43333333333333335,0.5390251357104372,52,12
Satara,2022-01-03,1,3,6,8.556570752294299,7.13817659461643,8.992937193610555,32.75281699174546,0,0.4805555555555555,0.4625197779414254,0.5392829011756749,1609.2601638863086,0.41666666666666663,0.5154314271042071,1,1
Satara,2022-01-10,2,7,6,7.555881240906778,-6.0226572349150835,8.477764060082581,38.43497093571804,0,0.4805555555555555,0.4625197779414254,0.5392829011756749,1609.2601638863086,0.41666666666666663,0.5154314271042071,2,1
Satara,2022-01-17,3,3,7,21.70578270672848,-11.536117239417166,8.067581735323479,40.30360631576215,0,0.4805555555555555,0.4625197779414254,0.5392829011756749,1609.2601638863086,0.41666666666666663,0.5154314271042071,3,1
Satara,2022-01-24,0,7,12,23.925926389649767,-15.152734796940642,10.856473669194315,35.58079089116485,0,0.4805555555555555,0.4625197779414254,0.5392829011756749,1609.2601638863086,0.41666666666666663,0.5154314271042071,4,1
Satara,2022-01-31,0,4,10,26.799929216352304,-8.858025723216734,9.613072676745007,47.188094561697056,0,0.4805555555555555,0.4625197779414254,0.5392829011756749,1609.2601638863086,0.41666666666666663,0.5154314271042071,5,1
Satara,2022-02-07,5,0,14,19.22017442323584,25.919226108406765,11.186923866753393,41.48779065528954,0,0.4805555555555555,0.4625197779414254,0.5392829011756749,1609.2601638863086,0.41666666666666663,0.5154314271042071,6,2
Satara,2022-02-14,1,4,15,27.410043595348156,-13.3698055041447,17.35565378277584,42.41630499041483,0,0.4805555555555555,0.4625197779414254,0.5392829011756749,1609.2601638863086,0.41666666666666663,0.5154314271042071,7,2
Satara,2022-02-21,4,3,5,19.783088735068603,23.770027057055767,15.738138275529417,44.633824548789626,0,0.4805555555555555,0.4625197779414254,0.5392829011756749,1609.2601638863086,0.41666666666666663,0.5154314271042071,8,2
Satara,2022-02-28,3,4,13,11.009959235867036,9.238891053320394,12.050850057169477,32.2256935444092,0,0.4805555555555555,0.4625197779414254,0.5392829011756749,1609.2601638863086,0.41666666666666663,0.5154314271042071,9,2
Satara,2022-03-07,3,3,5,19.012169795592662,-7.121216280448001,22.12822923183917,31.653522091697624,0,0.4805555555555555,0.4625197779414254,0.5392829011756749,1609.2601638863086,0.41666666666666663,0.5154314271042071,10,3
Satara,2022-03-14,2,6,6,21.177654070401385,-11.072901594818472,23.17159690822144,42.478505339140746,0,0.4805555555555555,0.4625197779414254,0.5392829011756749,1609.2601638863086,0.41666666666666663,0.5154314271042071,11,3
Satara,2022-03-21,4,2,11,29.421265918312002,-3.878115477832971,18.26123250308942,42.85001075611867,0,0.4805555555555555,0.4625197779414254,0.5392829011756749,1609.2601638863086,0.41666666666666663,0.5154314271042071,12,3
Satara,2022-03-28,0,6,6,14.46767515625898,-10.692291724792183,19.33554836615785,46.45746145675697,0,0.4805555555555555,0.4625197779414254,0.5392829011756749,1609.2601638863086,0.41666666666666663,0.5154314271042071,13,3
Satara,2022-04-04,2,7,6,3.6879530527994007,7.501577462616736,27.38148603974235,28.494670171516375,0,0.4805555555555555,0.4625197779414254,0.5392829011756749,1609.2601638863086,0.41666666666666663,0.5154314271042071,14,4
Satara,2022-04-11,3,6,7,26.5302008618617,-7.981741257542534,26.604398777734204,42.81275220070833,0,0.4805555555555555,0.4625197779414254,0.5392829011756749,1609.2601638863086,0.41666666666666663,0.5154314271042071,15,4
Satara,2022-04-18,2,4,8,16.63737757895889,-1.4126848696349261,24.70553679921575,34.835881511054026,0,0.4805555555555555,0.4625197779414254,0.5392829011756749,1609.2601638863086,0.41666666666666663,0.5154314271042071,16,4
Satara,2022-04-25,5,5,9,24.104773015785604,10.341217539638327,24.52497604117439,33.08408597671035,0,0.4805555555555555,0.4625197779414254,0.5392829011756749,1609.2601638863086,0.41666666666666663,0.5154314271042071,17,4
Satara,2022-05-02,1,1,6,16.66952207299748,3.6329861386057782,28.448429185127566,36.052312695380245,0,0.4805555555555555,0.4625197779414254,0.5392829011756749,1609.2601638863086,0.41666666666666663,0.5154314271042071,18,5
Satara,2022-05-09,2,1,12,32.641319062686584,6.625897616378072,28.965570797053147,38.279323181898704,0,0.4805555555555555,0.4625197779414254,0.5392829011756749,1609.2601638863086,0.41666666666666663,0.5154314271042071,19,5
Satara,2022-05-16,1,4,7,14.806217651493524,-2.8738616294741903,32.77595548144546,43.33890406332119,0,0.4805555555555555,0.4625197779414254,0.5392829011756749,1609.2601638863086,0.41666666666666663,0.5154314271042071,20,5
Satara,2022-05-23,3,4,12,30.956236560040367,-1.570988251961455,29.297394299403148,31.804625004188203,0,0.4805555555555555,0.4625197779414254,0.5392829011756749,1609.2601638863086,0.41666666666666663,0.5154314271042071,21,5
Satara,2022-05-30,1,5,14,38.438046145243845,3.9785247300674698,29.23894556814477,42.30534513777778,0,0.4805555555555555,0.4625197779414254,0.5392829011756749,1609.2601638863086,0.41666666666666663,0.5154314271042071,22,5
Satara,2022-06-06,3,12,36,101.88463760208728,-5.2046129339665965,33.40487774903223,81.13787420410287,1,0.4805555555555555,0.4625197779414254,0.5392829011756749,1609.2601638863086,0.41666666666666663,0.5154314271042071,23,6
Satara,2022-06-13,9,13,32,103.7104698525978,39.99087071373636,35.684645602900446,75.39390856564293,1,0.4805555555555555,0.4625197779414254,0.5392829011756749,1609.2601638863086,0.41666666666666663,0.5154314271042071,24,6
Satara,2022-06-20,9,8,31,106.78088874290913,29.641295733982812,32.82960174729199,89.04483784382667,1,0.4805555555555555,0.4625197779414254,0.5392829011756749,1609.2601638863086,0.41666666666666663,0.5154314271042071,25,6
Satara,2022-06-27,5,9,45,104.45398005039695,32.80228905375099,31.822573938575932,83.23954906570894,1,0.4805555555555555,0.4625197779414254,0.5392829011756749,1609.2601638863086,0.41666666666666663,0.5154314271042071,26,6
Satara,2022-07-04,7,16,35,89.3375914393425,14.454106872106555,32.46261760956617,91.06517081648461,1,0.4805555555555555,0.4625197779414254,0.5392829011756749,1609.2601638863086,0.41666666666666663,0.5154314271042071,27,7
Satara,2022-07-11,13,9,27,83.04562236310414,4.63883532325984,30.7276549452813,70.80590533268624,1,0.4805555555555555,0.4625197779414254,0.5392829011756749,1609.2601638863086,0.41666666666666663,0.5154314271042071,28,7
Satara,2022-07-18,9,12,45,112.16140964646567,5.412124337514875,32.894354840043846,77.38880991707344,1,0.4805555555555555,0.4625197779414254,0.5392829011756749,1609.2601638863086,0.41666666666666663,0.5154314271042071,29,7
Satara,2022-07-25,9,16,41,112.5390066325575,-33.833789297030165,28.55922161724446,79.26389111062008,1,0.4805555555555555,0.4625197779414254,0.5392829011756749,1609.2601638863086,0.41666666666666663,0.5154314271042071,30,7
Satara,2022-08-01,11,11,37,89.72704770089331,13.166419047710885,23.930499395478776,77.33397706754296,1,0.4805555555555555,0.4625197779414254,0.5392829011756749,1609.2601638863086,0.41666666666666663,0.5154314271042071,31,8
Satara,2022-08-08,12,19,38,104.00006736731085,18.462852455662993,27.08569610167308,79.24458361330827,1,0.4805555555555555,0.4625197779414254,0.5392829011756749,1609.2601638863086,0.41666666666666663,0.5154314271042071,32,8
Satara,2022-08-15,8,9,37,124.5766866883046,11.810102815570412,27.59766090120856,88.40780110420361,1,0.4805555555555555,0.4625197779414254,0.5392829011756749,1609.2601638863086,0.41666666666666663,0.5154314271042071,33,8
Satara,2022-08-22,6,5,37,104.53071503825913,42.38094342480046,24.10005362196894,90.07120896558085,1,0.4805555555555555,0.4625197779414254,0.5392829011756749,1609.2601638863086,0.41666666666666663,0.5154314271042071,34,8
Satara,2022-08-29,6,11,42,99.08481304888521,40.07450644812673,25.672755639446873,82.58767072659512,1,0.4805555555555555,0.4625197779414254,0.5392829011756749,1609.2601638863086,0.41666666666666663,0.5154314271042071,35,8
Satara,2022-09-05,9,7,46,100.8951359081296,-28.08891499732602,17.60754815114679,68.68693378137223,1,0.4805555555555555,0.4625197779414254,0.5392829011756749,1609.2601638863086,0.41666666666666663,0.5154314271042071,36,9
Satara,2022-09-12,10,13,34,101.99810874917159,15.133323667770787,18.750413832302705,81.11628209446673,1,0.4805555555555555,0.4625197779414254,0.5392829011756749,1609.2601638863086,0.41666666666666663,0.5154314271042071,37,9
Satara,2022-09-19,6,17,32,90.05608860694267,52.145199343942735,21.372314587610404,81.59345226486529,1,0.4805555555555555,0.4625197779414254,0.5392829011756749,1609.2601638863086,0.41666666666666663,0.5154314271042071,38,9
Satara,2022-09-26,5,15,46,102.20039047286734,57.988591122682514,21.506090974122653,80.2307974060653,1,0.4805555555555555,0.4625197779414254,0.5392829011756749,1609.2601638863086,0.41666666666666663,0.5154314271042071,39,9
Satara,2022-10-03,3,4,9,37.3829535180845,6.623794679114026,18.215631156660585,37.80504815067742,0,0.4805555555555555,0.4625197779414254,0.5392829011756749,1609.2601638863086,0.41666666666666663,0.5154314271042071,40,10
Satara,2022-10-10,1,1,9,0.0,11.959522260811317,10.248461473184172,39.36124588673059,0,0.4805555555555555,0.4625197779414254,0.5392829011756749,1609.2601638863086,0.41666666666666663,0.5154314271042071,41,10
Satara,2022-10-17,4,2,12,17.574266184431213,-3.644901614154208,13.117888268093653,41.94686379061207,0,0.4805555555555555,0.4625197779414254,0.5392829011756749,1609.2601638863086,0.41666666666666663,0.5154314271042071,42,10
Satara,2022-10-24,0,5,7,18.49245627124744,8.641097529128563,15.44594061713881,41.20422255496658,0,0.4805555555555555,0.4625197779414254,0.5392829011756749,1609.2601638863086,0.41666666666666663,0.5154314271042071,43,10
Satara,2022-10-31,3,3,11,21.230724792431374,7.150743838613415,12.716998708942816,44.36928395258228,0,0.4805555555555555,0.4625197779414254,0.5392829011756749,1609.2601638863086,0.41666666666666663,0.5154314271042071,44,10
Satara,2022-11-07,3,5,15,33.93610683992426,-10.237926962416985,8.910354698486504,37.66128915976195,0,0.4805555555555555,0.4625197779414254,0.5392829011756749,1609.2601638863086,0.41666666666666663,0.5154314271042071,45,11
Satara,2022-11-14,3,4,6,22.613849258469806,15.401893878724216,7.006017822470712,38.638168283867884,0,0.4805555555555555,0.4625197779414254,0.5392829011756749,1609.2601638863086,0.41666666666666663,0.5154314271042071,46,11
Satara,2022-11-21,2,3,8,20.809333258068555,11.024964410603724,12.206222038563869,31.215331523354024,0,0.4805555555555555,0.4625197779414254,0.5392829011756749,1609.2601638863086,0.41666666666666663,0.5154314271042071,47,11
Satara,2022-11-28,2,1,8,23.699592666555372,5.797991764666072,9.499262572022939,43.357449676815776,0,0.4805555555555555,0.4625197779414254,0.5392829011756749,1609.2601638863086,0.41666666666666663,0.5154314271042071,48,11
Satara,2022-12-05,5,2,7,22.577790799935922,-2.256977896665105,6.346257663213084,35.80279302731511,0,0.4805555555555555,0.4625197779414254,0.5392829011756749,1609.2601638863086,0.41666666666666663,0.5154314271042071,49,12
Satara,2022-12-12,1,2,10,11.087077205603434,-3.909716008034942,7.060725271369341,36.9581791213355,0,0.4805555555555555,0.4625197779414254,0.5392829011756749,1609.2601638863086,0.41666666666666663,0.5154314271042071,50,12
Satara,2022-12-19,2,5,17,24.69470970997796,-7.514238271449489,8.512421212809363,39.51828694404531,0,0.4805555555555555,0.4625197779414254,0.5392829011756749,1609.2601638863086,0.41666666666666663,0.5154314271042071,51,12
Satara,2022-12-26,1,2,11,22.413901279977814,-26.634895379565073,8.544934151782382,41.57699196497432,0,0.4805555555555555,0.4625197779414254,0.5392829011756749,1609.2601638863086,0.41666666666666663,0.5154314271042071,52,12
Satara,2023-01-02,0,3,7,15.359666344725595,-0.056386927413115816,12.299327095657468,42.34773205243272,0,0.4805555555555555,0.4625197779414254,0.5392829011756749,1609.2601638863086,0.41666666666666663,0.5154314271042071,1,1
Satara,2023-01-09,3,0,13,28.833786920007626,2.4664573482838335,16.262639727446626,38.49283257344745,0,0.4805555555555555,0.4625197779414254,0.5392829011756749,1609.2601638863086,0.41666666666666663,0.5154314271042071,2,1
Satara,2023-01-16,1,1,18,11.273637029222904,-1.6098397307789565,9.043323239139717,31.3690278943802,0,0.4805555555555555,0.4625197779414254,0.5392829011756749,1609.2601638863086,0.41666666666666663,0.5154314271042071,3,1
Satara,2023-01-23,0,2,7,9.84508219481774,-5.654835195351548,10.732836018442221,44.00733212707267,0,0.4805555555555555,0.4625197779414254,0.5392829011756749,1609.2601638863086,0.41666666666666663,0.5154314271042071,4,1
Satara,2023-01-30,6,7,4,12.42357592329916,-10.156940951837152,13.347472100279457,34.794177040320065,0,0.4805555555555555,0.4625197779414254,0.5392829011756749,1609.2601638863086,0.41666666666666663,0.5154314271042071,5,1
Satara,2023-02-06,4,6,8,23.996717617560627,5.37545717462374,15.931994463765633,41.25923798497444,0,0.4805555555555555,0.4625197779414254,0.5392829011756749,1609.2601638863086,0.41666666666666663,0.5154314271042071,6,2
Satara,2023-02-13,1,2,13,35.7119161671924,-11.110476260097947,12.497754979887677,54.49254659298936,0,0.4805555555555555,0.4625197779414254,0.5392829011756749,1609.2601638863086,0.41666666666666663,0.5154314271042071,7,2
Satara,2023-02-20,4,7,13,1.0601641883656292,-13.253815025727677,13.760898844866253,53.93835027929535,0,0.4805555555555555,0.4625197779414254,0.5392829011756749,1609.2601638863086,0.41666666666666663,0.5154314271042071,8,2
Satara,2023-02-27,4,4,10,22.040775000328026,-3.3652677387752843,14.302163714759441,44.82058989353227,0,0.4805555555555555,0.4625197779414254,0.5392829011756749,1609.2601638863086,0.41666666666666663,0.5154314271042071,9,2
Satara,2023-03-06,0,3,9,10.55317300178983,3.4619495233957576,14.747349807505476,30.352000500499692,0,0.4805555555555555,0.4625197779414254,0.5392829011756749,1609.2601638863086,0.41666666666666663,0.5154314271042071,10,3
Satara,2023-03-13,0,5,7,20.93036810610972,-4.457067568314786,17.540756974241063,43.83065872786852,0,0.4805555555555555,0.4625197779414254,0.5392829011756749,1609.2601638863086,0.41666666666666663,0.5154314271042071,11,3
Satara,2023-03-20,5,3,6,27.801545266128418,10.47634877105146,22.142491520495867,38.26776559354681,0,0.4805555555555555,0.4625197779414254,0.5392829011756749,1609.2601638863086,0.41666666666666663,0.5154314271042071,12,3
Satara,2023-03-27,2,6,9,25.713049534362362,0.6341368233007569,20.93695010782472,38.31279069795737,0,0.4805555555555555,0.4625197779414254,0.5392829011756749,1609.2601638863086,0.41666666666666663,0.5154314271042071,13,3
Satara,2023-04-03,2,5,7,0.0,-15.136008113932789,30.18458635820492,40.251221991041234,0,0.4805555555555555,0.4625197779414254,0.5392829011756749,1609.2601638863086,0.41666666666666663,0.5154314271042071,14,4
Satara,2023-04-10,5,7,7,18.358647220854046,12.534504145614775,28.611105865357747,36.86917119718126,0,0.4805555555555555,0.4625197779414254,0.5392829011756749,1609.2601638863086,0.41666666666666663,0.5154314271042071,15,4
Satara,2023-04-17,2,4,12,17.227805570989226,13.631908911233673,23.39468876172566,47.171105898155446,0,0.4805555555555555,0.4625197779414254,0.5392829011756749,1609.2601638863086,0.41666666666666663,0.5154314271042071,16,4
Satara,2023-04-24,0,6,13,17.65021985506583,1.6080114585409941,23.720066517531926,41.75338743967062,0,0.4805555555555555,0.4625197779414254,0.5392829011756749,1609.2601638863086,0.41666666666666663,0.5154314271042071,17,4
Satara,2023-05-01,2,7,12,35.18912983235384,4.018477503100204,32.91453085002792,54.476062817314414,0,0.4805555555555555,0.4625197779414254,0.5392829011756749,1609.2601638863086,0.41666666666666663,0.5154314271042071,18,5
Satara,2023-05-08,0,4,7,19.290232654926108,-1.1897150612377119,30.74613480803107,42.6462066047365,0,0.4805555555555555,0.4625197779414254,0.5392829011756749,1609.2601638863086,0.41666666666666663,0.5154314271042071,19,5
Satara,2023-05-15,1,4,6,0.8764872655328375,-0.7868459711268496,31.828029155304364,40.939108245596756,0,0.4805555555555555,0.4625197779414254,0.5392829011756749,1609.2601638863086,0.41666666666666663,0.5154314271042071,20,5
Satara,2023-05-22,3,6,12,15.299011973550341,7.396263665961039,30.90344912565196,37.522425884417764,0,0.4805555555555555,0.4625197779414254,0.5392829011756749,1609.2601638863086,0.41666666666666663,0.5154314271042071,21,5
Satara,2023-05-29,3,6,11,30.989927176487313,12.388958717762868,34.936259815726956,39.815972403418634,0,0.4805555555555555,0.4625197779414254,0.5392829011756749,1609.2601638863086,0.41666666666666663,0.5154314271042071,22,5
Satara,2023-06-05,8,9,40,93.1567250693408,48.282290033590826,35.52440289758036,79.3804881297883,1,0.4805555555555555,0.4625197779414254,0.5392829011756749,1609.2601638863086,0.41666666666666663,0.5154314271042071,23,6
Satara,2023-06-12,10,7,42,110.2579614814592,25.300761538193672,29.190964214856884,74.57993177095781,1,0.4805555555555555,0.4625197779414254,0.5392829011756749,1609.2601638863086,0.41666666666666663,0.5154314271042071,24,6
Satara,2023-06-19,8,14,47,111.68934268994742,72.57412571073806,32.80418141442094,79.75968406305849,1,0.4805555555555555,0.4625197779414254,0.5392829011756749,1609.2601638863086,0.41666666666666663,0.5154314271042071,25,6
Satara,2023-06-26,9,15,44,82.15167861066399,12.064178358257136,34.42349077864854,79.87046167473258,1,0.4805555555555555,0.4625197779414254,0.5392829011756749,1609.2601638863086,0.41666666666666663,0.5154314271042071,26,6
Satara,2023-07-03,5,16,36,85.17836158823903,10.67282606156564,28.288005609316336,82.4215163779944,1,0.4805555555555555,0.4625197779414254,0.5392829011756749,1609.2601638863086,0.41666666666666663,0.5154314271042071,27,7
Satara,2023-07-10,7,5,43,105.07392419343142,31.28834766787788,32.063575759195864,77.66665715221453,1,0.4805555555555555,0.4625197779414254,0.5392829011756749,1609.2601638863086,0.41666666666666663,0.5154314271042071,28,7
Satara,2023-07-17,11,6,38,115.4290501607859,5.277890357409407,32.77004260224802,70.23420766265512,1,0.4805555555555555,0.4625197779414254,0.5392829011756749,1609.2601638863086,0.41666666666666663,0.5154314271042071,29,7
Satara,2023-07-24,6,8,40,91.19719029991995,12.541399613987009,28.33745549567787,77.28475905126213,1,0.4805555555555555,0.4625197779414254,0.5392829011756749,1609.2601638863086,0.41666666666666663,0.5154314271042071,30,7
Satara,2023-07-31,12,13,38,109.13415415979055,23.724419527210536,32.207965035932254,82.01554969925667,1,0.4805555555555555,0.4625197779414254,0.5392829011756749,1609.2601638863086,0.41666666666666663,0.5154314271042071,31,7
Satara,2023-08-07,4,11,31,108.15295478477539,-5.131974867876029,27.078678137461736,73.60477630828319,1,0.4805555555555555,0.4625197779414254,0.5392829011756749,1609.2601638863086,0.41666666666666663,0.5154314271042071,32,8
Satara,2023-08-14,8,13,28,89.78921548680371,-18.120986023250428,27.067870281117333,79.88081985003826,1,0.4805555555555555,0.4625197779414254,0.5392829011756749,1609.2601638863086,0.41666666666666663,0.5154314271042071,33,8
Satara,2023-08-21,8,14,27,103.13612256135461,-20.559714127537514,27.477656158753174,81.46726910031437,1,0.4805555555555555,0.4625197779414254,0.5392829011756749,1609.2601638863086,0.41666666666666663,0.5154314271042071,34,8
Satara,2023-08-28,6,10,42,121.08054104007238,59.06663452650643,27.60192979047974,80.19348358775311,1,0.4805555555555555,0.4625197779414254,0.5392829011756749,1609.2601638863086,0.41666666666666663,0.5154314271042071,35,8
Satara,2023-09-04,7,7,36,82.57212810662884,-0.33747546563385783,20.158962353596735,80.40224482283092,1,0.4805555555555555,0.4625197779414254,0.5392829011756749,1609.2601638863086,0.41666666666666663,0.5154314271042071,36,9
Satara,2023-09-11,8,9,39,105.05716981564258,-31.7496758657321,18.26223909325226,78.6216606168466,1,0.4805555555555555,0.4625197779414254,0.5392829011756749,1609.2601638863086,0.41666666666666663,0.5154314271042071,37,9
Satara,2023-09-18,3,11,42,104.09911425097886,7.9054047243380605,20.675414579775932,88.4236861010392,1,0.4805555555555555,0.4625197779414254,0.5392829011756749,1609.2601638863086,0.41666666666666663,0.5154314271042071,38,9
Satara,2023-09-25,11,11,34,124.37946533897374,15.84824959124546,19.42068886844863,82.76339420232317,1,0.4805555555555555,0.4625197779414254,0.5392829011756749,1609.2601638863086,0.41666666666666663,0.5154314271042071,39,9
Satara,2023-10-02,5,4,18,37.95630282798052,-19.563460811772742,14.722464238204294,35.33896221684941,0,0.4805555555555555,0.4625197779414254,0.5392829011756749,1609.2601638863086,0.41666666666666663,0.5154314271042071,40,10
Satara,2023-10-09,4,5,20,29.854358742941127,20.424256432884373,13.75737933950249,40.47246349895256,0,0.4805555555555555,0.4625197779414254,0.5392829011756749,1609.2601638863086,0.41666666666666663,0.5154314271042071,41,10
Satara,2023-10-16,1,1,11,17.21269721213495,1.8096408892248974,10.695466653484168,43.2735783696775,0,0.4805555555555555,0.4625197779414254,0.5392829011756749,1609.2601638863086,0.41666666666666663,0.5154314271042071,42,10
Satara,2023-10-23,0,2,5,3.068252758970978,2.11045520667232,16.938746426710598,34.792455586940676,0,0.4805555555555555,0.4625197779414254,0.5392829011756749,1609.2601638863086,0.41666666666666663,0.5154314271042071,43,10
Satara,2023-10-30,1,1,8,6.7378793403920785,-9.643286539702169,15.208003604396339,38.48644047841513,0,0.4805555555555555,0.4625197779414254,0.5392829011756749,1609.2601638863086,0.41666666666666663,0.5154314271042071,44,10
Satara,2023-11-06,3,3,4,1.6832106027491456,2.413092743812357,12.88806101371885,41.09993343352233,0,0.4805555555555555,0.4625197779414254,0.5392829011756749,1609.2601638863086,0.41666666666666663,0.5154314271042071,45,11
Satara,2023-11-13,3,2,15,25.27884943392604,5.238757415913376,8.305288689679614,37.02172050183457,0,0.4805555555555555,0.4625197779414254,0.5392829011756749,1609.2601638863086,0.41666666666666663,0.5154314271042071,46,11
Satara,2023-11-20,1,5,11,10.357059820583483,-10.285960942212329,7.596425786063774,39.34301831117368,0,0.4805555555555555,0.4625197779414254,0.5392829011756749,1609.2601638863086,0.41666666666666663,0.5154314271042071,47,11
Satara,2023-11-27,0,3,18,21.949475013950916,1.4699691728869864,8.302918782340456,42.95804567050178,0,0.4805555555555555,0.4625197779414254,0.5392829011756749,1609.2601638863086,0.41666666666666663,0.5154314271042071,48,11
Satara,2023-12-04,0,7,3,30.18073841563032,14.179863692441252,8.616463419383853,37.71475550839132,0,0.4805555555555555,0.4625197779414254,0.5392829011756749,1609.2601638863086,0.41666666666666663,0.5154314271042071,49,12
Satara,2023-12-11,0,6,13,33.37569334148321,-0.6630492879003086,6.111227714995228,35.8644682518866,0,0.4805555555555555,0.4625197779414254,0.5392829011756749,1609.2601638863086,0.41666666666666663,0.5154314271042071,50,12
Satara,2023-12-18,2,4,14,17.122460968507824,1.0147733577392528,9.328485712850473,38.32341820984286,0,0.4805555555555555,0.4625197779414254,0.5392829011756749,1609.2601638863086,0.41666666666666663,0.5154314271042071,51,12
Satara,2023-12-25,1,4,9,15.599264976938226,-20.019509690482806,8.90547937668887,31.10743222278302,0,0.4805555555555555,0.4625197779414254,0.5392829011756749,1609.2601638863086,0.41666666666666663,0.5154314271042071,52,12
Sindhudurg,2022-01-03,0,7,8,1.1105257295733466,0.810816844115734,10.636760205335648,43.185762076552436,0,0.3833333333333333,0.5783003069945979,0.49405038710184873,1938.5495233277447,0.3,0.4352934267751532,1,1
Sindhudurg,2022-01-10,0,1,6,17.783600991490566,4.733398908330222,6.481733451308571,37.13750412009398,0,0.3833333333333333,0.5783003069945979,0.49405038710184873,1938.5495233277447,0.3,0.4352934267751532,2,1
Sindhudurg,2022-01-17,2,6,3,13.749959538005278,0.7696438325195544,10.823574222065615,49.80725911881824,0,0.3833333333333333,0.5783003069945979,0.49405038710184873,1938.5495233277447,0.3,0.4352934267751532,3,1
Sindhudurg,2022-01-24,1,2,12,32.33154926316337,-12.341170815392214,9.118200806980193,38.0625763392082,0,0.3833333333333333,0.5783003069945979,0.49405038710184873,1938.5495233277447,0.3,0.4352934267751532,4,1
Sindhudurg,2022-01-31,3,4,7,14.940809585173481,18.383123796867856,13.376714546616629,49.9534489719802,0,0.3833333333333333,0.5783003069945979,0.49405038710184873,1938.5495233277447,0.3,0.4352934267751532,5,1
Sindhudurg,2022-02-07,1,5,4,27.86599734660454,-1.9889253688506612,11.089605161094033,42.84477803186967,0,0.3833333333333333,0.5783003069945979,0.49405038710184873,1938.5495233277447,0.3,0.4352934267751532,6,2
Sindhudurg,2022-02-14,2,2,18,30.42991437327153,7.954892582045359,16.043502175303423,26.137231949731486,0,0.3833333333333333,0.5783003069945979,0.49405038710184873,1938.5495233277447,0.3,0.4352934267751532,7,2
Sindhudurg,2022-02-21,5,3,11,30.749283445863558,-0.8729414487949709,13.518583908374548,42.61359909758064,0,0.3833333333333333,0.5783003069945979,0.49405038710184873,1938.5495233277447,0.3,0.4352934267751532,8,2
Sindhudurg,2022-02-28,0,6,12,9.607243707684356,-12.807174367183787,16.445382965141786,35.151711933161735,0,0.3833333333333333,0.5783003069945979,0.49405038710184873,1938.5495233277447,0.3,0.4352934267751532,9,2
Sindhudurg,2022-03-07,3,5,10,26.963700717220878,-6.270959337094042,23.240212278917287,39.68410085916784,0,0.3833333333333333,0.5783003069945979,0.49405038710184873,1938.5495233277447,0.3,0.4352934267751532,10,3
Sindhudurg,2022-03-14,6,7,10,27.696865166227177,8.658072149327747,19.613499986336333,42.00197200022862,0,0.3833333333333333,0.5783003069945979,0.49405038710184873,1938.5495233277447,0.3,0.4352934267751532,11,3
Sindhudurg,2022-03-21,4,3,16,23.206019563548598,5.9951699006576185,21.10196457189134,50.43857018147577,0,0.3833333333333333,0.5783003069945979,0.49405038710184873,1938.5495233277447,0.3,0.4352934267751532,12,3
Sindhudurg,2022-03-28,2,4,14,1.614056082509375,-7.550030226998042,21.040224464845593,39.488092599756094,0,0.3833333333333333,0.5783003069945979,0.49405038710184873,1938.5495233277447,0.3,0.4352934267751532,13,3
Sindhudurg,2022-04-04,5,5,9,23.588515363809684,-17.511158614855972,23.755319258494886,27.445355674764304,0,0.3833333333333333,0.5783003069945979,0.49405038710184873,1938.5495233277447,0.3,0.4352934267751532,14,4
Sindhudurg,2022-04-11,1,8,18,7.224619826418696,-1.3174352571197194,26.414677939225637,37.48391467860738,0,0.3833333333333333,0.5783003069945979,0.49405038710184873,1938.5495233277447,0.3,0.4352934267751532,15,4
Sindhudurg,2022-04-18,4,1,8,11.981530099600107,8.000686529467139,22.722440686869493,33.29524309782095,0,0.3833333333333333,0.5783003069945979,0.49405038710184873,1938.5495233277447,0.3,0.4352934267751532,16,4
Sindhudurg,2022-04-25,0,5,13,24.36637577686489,-10.0567841714885,25.869386535669037,40.59813507936407,0,0.3833333333333333,0.5783003069945979,0.49405038710184873,1938.5495233277447,0.3,0.4352934267751532,17,4
Sindhudurg,2022-05-02,4,8,14,21.821897008835403,4.502450170375484,28.98134354735254,45.10036708214934,0,0.3833333333333333,0.5783003069945979,0.49405038710184873,1938.5495233277447,0.3,0.4352934267751532,18,5
Sindhudurg,2022-05-09,1,4,13,15.285089784982432,-2.132795956797711,30.470878488554366,38.28173361788479,0,0.3833333333333333,0.5783003069945979,0.49405038710184873,1938.5495233277447,0.3,0.4352934267751532,19,5
Sindhudurg,2022-05-16,1,3,14,5.457072034809913,-4.997853412436041,30.187585377433752,45.3503680518523,0,0.3833333333333333,0.5783003069945979,0.49405038710184873,1938.5495233277447,0.3,0.4352934267751532,20,5
Sindhudurg,2022-05-23,3,8,11,0.0,17.65356156493623,28.788114199288053,38.768134781259846,0,0.3833333333333333,0.5783003069945979,0.49405038710184873,1938.5495233277447,0.3,0.4352934267751532,21,5
Sindhudurg,2022-05-30,2,5,9,28.13297353920207,10.128091542036001,30.9258885370026,35.927542560692956,0,0.3833333333333333,0.5783003069945979,0.49405038710184873,1938.5495233277447,0.3,0.4352934267751532,22,5
Sindhudurg,2022-06-06,11,14,36,106.71767216587465,-21.735005758347736,31.28593470129368,89.24390953877021,1,0.3833333333333333,0.5783003069945979,0.49405038710184873,1938.5495233277447,0.3,0.4352934267751532,23,6
Sindhudurg,2022-06-13,11,16,39,95.67118126819028,-15.968142198641338,34.261948855612545,78.5971380597282,1,0.3833333333333333,0.5783003069945979,0.49405038710184873,1938.5495233277447,0.3,0.4352934267751532,24,6
Sindhudurg,2022-06-20,15,13,49,105.61608750749602,24.612768879981257,33.993585371401736,78.69230744312128,1,0.3833333333333333,0.5783003069945979,0.49405038710184873,1938.5495233277447,0.3,0.4352934267751532,25,6
Sindhudurg,2022-06-27,14,8,42,112.52252447465621,2.2732448405657273,33.33950819342383,82.00875955002843,1,0.3833333333333333,0.5783003069945979,0.49405038710184873,1938.5495233277447,0.3,0.4352934267751532,26,6
Sindhudurg,2022-07-04,9,13,51,86.24494846586364,25.41484479208509,29.431754788164422,87.96059823994398,1,0.3833333333333333,0.5783003069945979,0.49405038710184873,1938.5495233277447,0.3,0.4352934267751532,27,7
Sindhudurg,2022-07-11,13,13,44,99.08318404953467,30.83189325441323,33.637987340141656,70.5277692604143,1,0.3833333333333333,0.5783003069945979,0.49405038710184873,1938.5495233277447,0.3,0.4352934267751532,28,7
Sindhudurg,2022-07-18,11,12,48,86.42306725686208,-47.01169349047143,29.27453059964997,89.77245455980724,1,0.3833333333333333,0.5783003069945979,0.49405038710184873,1938.5495233277447,0.3,0.4352934267751532,29,7
Sindhudurg,2022-07-25,10,10,37,85.56736612326677,-12.20593543664116,29.643044255258165,86.54841893333347,1,0.3833333333333333,0.5783003069945979,0.49405038710184873,1938.5495233277447,0.3,0.4352934267751532,30,7
Sindhudurg,2022-08-01,16,13,36,88.90352405991204,30.8435728792833,23.77272568869799,74.90886618199474,1,0.3833333333333333,0.5783003069945979,0.49405038710184873,1938.5495233277447,0.3,0.4352934267751532,31,8
Sindhudurg,2022-08-08,14,15,42,92.75890776896377,21.50199023116264,27.91278053268394,79.90620020288185,1,0.3833333333333333,0.5783003069945979,0.49405038710184873,1938.5495233277447,0.3,0.4352934267751532,32,8
Sindhudurg,2022-08-15,9,11,40,102.94243844658567,15.635272554415657,28.30877579928885,81.54425279151882,1,0.3833333333333333,0.5783003069945979,0.49405038710184873,1938.5495233277447,0.3,0.4352934267751532,33,8
Sindhudurg,2022-08-22,9,15,46,104.23505765927844,1.3503232647404322,23.685572393966222,79.07260012047873,1,0.3833333333333333,0.5783003069945979,0.49405038710184873,1938.5495233277447,0.3,0.4352934267751532,34,8
Sindhudurg,2022-08-29,10,11,45,112.68832995100576,24.49127825851843,24.907615097705563,82.47220774606438,1,0.3833333333333333,0.5783003069945979,0.49405038710184873,1938.5495233277447,0.3,0.4352934267751532,35,8
Sindhudurg,2022-09-05,9,16,60,85.57907002690125,3.008881929198188,17.99831072936763,85.60443831530566,1,0.3833333333333333,0.5783003069945979,0.49405038710184873,1938.5495233277447,0.3,0.4352934267751532,36,9
Sindhudurg,2022-09-12,7,11,54,89.99795800014225,30.905561958045052,21.4605139232337,74.7940641434813,1,0.3833333333333333,0.5783003069945979,0.49405038710184873,1938.5495233277447,0.3,0.4352934267751532,37,9
Sindhudurg,2022-09-19,7,12,44,84.50075160884626,-17.094312729683978,22.018792641883028,76.41862716665071,1,0.3833333333333333,0.5783003069945979,0.49405038710184873,1938.5495233277447,0.3,0.4352934267751532,38,9
Sindhudurg,2022-09-26,5,15,46,95.44896788138644,38.28336122839248,21.04530962172884,79.21624355258379,1,0.3833333333333333,0.5783003069945979,0.49405038710184873,1938.5495233277447,0.3,0.4352934267751532,39,9
Sindhudurg,2022-10-03,2,7,13,20.60765097644411,-17.684918655590522,14.989386267090516,46.43731131924236,0,0.3833333333333333,0.5783003069945979,0.49405038710184873,1938.5495233277447,0.3,0.4352934267751532,40,10
Sindhudurg,2022-10-10,1,2,8,29.731258730512437,13.984436503836541,14.85118050073654,39.44991604622103,0,0.3833333333333333,0.5783003069945979,0.49405038710184873,1938.5495233277447,0.3,0.4352934267751532,41,10
Sindhudurg,2022-10-17,3,8,9,18.73652988872456,10.86236904832839,15.868628959468612,32.66959118880178,0,0.3833333333333333,0.5783003069945979,0.49405038710184873,1938.5495233277447,0.3,0.4352934267751532,42,10
Sindhudurg,2022-10-24,2,2,11,28.477594895776882,14.074391139172276,14.49637056818432,46.270096176663934,0,0.3833333333333333,0.5783003069945979,0.49405038710184873,1938.5495233277447,0.3,0.4352934267751532,43,10
Sindhudurg,2022-10-31,5,5,13,0.0,8.31341370108287,13.250512227387315,38.69291350509866,0,0.3833333333333333,0.5783003069945979,0.49405038710184873,1938.5495233277447,0.3,0.4352934267751532,44,10
Sindhudurg,2022-11-07,7,4,11,16.273288372136182,19.86264680489528,9.62086746678584,43.59780915798967,0,0.3833333333333333,0.5783003069945979,0.49405038710184873,1938.5495233277447,0.3,0.4352934267751532,45,11
Sindhudurg,2022-11-14,2,8,10,29.944279697365545,11.293676231283529,8.533621287918868,29.319932252803262,0,0.3833333333333333,0.5783003069945979,0.49405038710184873,1938.5495233277447,0.3,0.4352934267751532,46,11
Sindhudurg,2022-11-21,1,3,18,31.55141466194844,4.161071482837128,7.6771941171236655,35.94341335212999,0,0.3833333333333333,0.5783003069945979,0.49405038710184873,1938.5495233277447,0.3,0.4352934267751532,47,11
Sindhudurg,2022-11-28,6,6,18,37.96779523791427,-9.782314121229712,9.90750174936796,32.67710244974917,0,0.3833333333333333,0.5783003069945979,0.49405038710184873,1938.5495233277447,0.3,0.4352934267751532,48,11
Sindhudurg,2022-12-05,3,7,17,36.60378818972972,-5.788217215868263,9.363011971638242,45.44481513692494,0,0.3833333333333333,0.5783003069945979,0.49405038710184873,1938.5495233277447,0.3,0.4352934267751532,49,12
Sindhudurg,2022-12-12,5,8,11,34.95501161383926,-0.3405069946277105,8.327913986884777,44.66033404488056,0,0.3833333333333333,0.5783003069945979,0.49405038710184873,1938.5495233277447,0.3,0.4352934267751532,50,12
Sindhudurg,2022-12-19,2,2,10,20.642130719613082,18.623209732487396,5.528518338004353,38.09230341774939,0,0.3833333333333333,0.5783003069945979,0.49405038710184873,1938.5495233277447,0.3,0.4352934267751532,51,12
Sindhudurg,2022-12-26,3,5,13,7.355546557107356,-2.5872954256520013,7.28158661669571,36.211016467983285,0,0.3833333333333333,0.5783003069945979,0.49405038710184873,1938.5495233277447,0.3,0.4352934267751532,52,12
Sindhudurg,2023-01-02,1,4,12,15.732356776714646,-24.313485579106118,9.141030472235544,37.460128813792416,0,0.3833333333333333,0.5783003069945979,0.49405038710184873,1938.5495233277447,0.3,0.4352934267751532,1,1
Sindhudurg,2023-01-09,2,3,11,5.1796052056381505,3.070036236254948,10.013501816733156,46.41380926417676,0,0.3833333333333333,0.5783003069945979,0.49405038710184873,1938.5495233277447,0.3,0.4352934267751532,2,1
Sindhudurg,2023-01-16,1,7,10,26.686099494824585,-18.701546165417547,8.55776045878822,33.43487669122875,0,0.3833333333333333,0.5783003069945979,0.49405038710184873,1938.5495233277447,0.3,0.4352934267751532,3,1
Sindhudurg,2023-01-23,0,2,7,17.32929461616911,-2.3510914840814796,8.531731300275124,31.44893921839155,0,0.3833333333333333,0.5783003069945979,0.49405038710184873,1938.5495233277447,0.3,0.4352934267751532,4,1
Sindhudurg,2023-01-30,2,5,12,20.088747714169614,10.939453535835113,8.411334810484343,38.703003697487546,0,0.3833333333333333,0.5783003069945979,0.49405038710184873,1938.5495233277447,0.3,0.4352934267751532,5,1
Sindhudurg,2023-02-06,1,5,9,32.20746442328864,-8.87733550399923,15.930445257946205,43.666589323001666,0,0.3833333333333333,0.5783003069945979,0.49405038710184873,1938.5495233277447,0.3,0.4352934267751532,6,2
Sindhudurg,2023-02-13,2,2,14,23.998756847335727,7.343402884719342,12.435056948289816,32.66701517256498,0,0.3833333333333333,0.5783003069945979,0.49405038710184873,1938.5495233277447,0.3,0.4352934267751532,7,2
Sindhudurg,2023-02-20,3,3,7,17.66924840880974,3.4780868217257996,11.170335684752567,44.984357851131605,0,0.3833333333333333,0.5783003069945979,0.49405038710184873,1938.5495233277447,0.3,0.4352934267751532,8,2
Sindhudurg,2023-02-27,2,3,14,20.452949643250825,0.49745250787830675,14.197962445205462,40.34657875470563,0,0.3833333333333333,0.5783003069945979,0.49405038710184873,1938.5495233277447,0.3,0.4352934267751532,9,2
Sindhudurg,2023-03-06,6,5,10,39.42641906426033,-6.921973865199604,15.288809291227873,45.15082754242697,0,0.3833333333333333,0.5783003069945979,0.49405038710184873,1938.5495233277447,0.3,0.4352934267751532,10,3
Sindhudurg,2023-03-13,1,2,10,19.973528687538966,2.8152360509292693,18.038283885925964,43.21287424969727,0,0.3833333333333333,0.5783003069945979,0.49405038710184873,1938.5495233277447,0.3,0.4352934267751532,11,3
Sindhudurg,2023-03-20,1,3,7,17.665163221273374,6.731736721563578,20.16846741145212,36.83942353530152,0,0.3833333333333333,0.5783003069945979,0.49405038710184873,1938.5495233277447,0.3,0.4352934267751532,12,3
Sindhudurg,2023-03-27,1,3,13,24.181120962930777,9.795176008871962,18.284755303678736,37.11260656885604,0,0.3833333333333333,0.5783003069945979,0.49405038710184873,1938.5495233277447,0.3,0.4352934267751532,13,3
Sindhudurg,2023-04-03,2,10,11,11.275640225109983,19.252130777592544,27.712617953911035,37.71670509303805,0,0.3833333333333333,0.5783003069945979,0.49405038710184873,1938.5495233277447,0.3,0.4352934267751532,14,4
Sindhudurg,2023-04-10,2,3,13,19.954566432065487,2.1732162748104864,28.219661524480063,41.35969876693045,0,0.3833333333333333,0.5783003069945979,0.49405038710184873,1938.5495233277447,0.3,0.4352934267751532,15,4
Sindhudurg,2023-04-17,1,7,7,24.29881573161483,-10.752641014608617,25.8749216084905,55.14919194436071,0,0.3833333333333333,0.5783003069945979,0.49405038710184873,1938.5495233277447,0.3,0.4352934267751532,16,4
Sindhudurg,2023-04-24,1,5,5,0.0,24.209385156588368,26.36612471394457,41.716845028674086,0,0.3833333333333333,0.5783003069945979,0.49405038710184873,1938.5495233277447,0.3,0.4352934267751532,17,4
Sindhudurg,2023-05-01,1,10,6,4.263619040979611,-5.393401125416265,30.853040883692707,41.11618968087414,0,0.3833333333333333,0.5783003069945979,0.49405038710184873,1938.5495233277447,0.3,0.4352934267751532,18,5
Sindhudurg,2023-05-08,2,4,13,5.8546768205597015,-5.039951083635509,30.878875776024053,35.50160044951199,0,0.3833333333333333,0.5783003069945979,0.49405038710184873,1938.5495233277447,0.3,0.4352934267751532,19,5
Sindhudurg,2023-05-15,2,10,15,36.9577193062744,-5.308536074772427,28.877084279636698,33.10595633609886,0,0.3833333333333333,0.5783003069945979,0.49405038710184873,1938.5495233277447,0.3,0.4352934267751532,20,5
Sindhudurg,2023-05-22,0,3,14,10.848253096266824,11.652163820753614,27.326955931719034,38.78038621176026,0,0.3833333333333333,0.5783003069945979,0.49405038710184873,1938.5495233277447,0.3,0.4352934267751532,21,5
Sindhudurg,2023-05-29,3,2,15,28.205549402713388,-14.832212088961832,28.895476162064497,40.26930483657917,0,0.3833333333333333,0.5783003069945979,0.49405038710184873,1938.5495233277447,0.3,0.4352934267751532,22,5
Sindhudurg,2023-06-05,5,19,43,105.51628062090339,-16.911916595377832,30.45568382218219,82.15862093067051,1,0.3833333333333333,0.5783003069945979,0.49405038710184873,1938.5495233277447,0.3,0.4352934267751532,23,6
Sindhudurg,2023-06-12,6,18,45,100.97110410423163,-12.661213035188043,31.141565095455928,74.94921163144346,1,0.3833333333333333,0.5783003069945979,0.49405038710184873,1938.5495233277447,0.3,0.4352934267751532,24,6
Sindhudurg,2023-06-19,5,10,39,90.7540025806577,-21.8196243803567,31.352017924937655,86.12128436072992,1,0.3833333333333333,0.5783003069945979,0.49405038710184873,1938.5495233277447,0.3,0.4352934267751532,25,6
Sindhudurg,2023-06-26,6,19,42,77.29109107099758,-9.075528414426874,31.271671259331185,78.48654884024819,1,0.3833333333333333,0.5783003069945979,0.49405038710184873,1938.5495233277447,0.3,0.4352934267751532,26,6
Sindhudurg,2023-07-03,5,19,31,100.63270254841241,-24.248053302980786,29.614851810317294,85.76146245874955,1,0.3833333333333333,0.5783003069945979,0.49405038710184873,1938.5495233277447,0.3,0.4352934267751532,27,7
Sindhudurg,2023-07-10,8,13,40,102.25757343084753,34.73025480842182,30.124816680800997,84.13893474346574,1,0.3833333333333333,0.5783003069945979,0.49405038710184873,1938.5495233277447,0.3,0.4352934267751532,28,7
Sindhudurg,2023-07-17,12,10,41,103.31019724803501,40.06148093100377,29.880619931114147,78.04529234758853,1,0.3833333333333333,0.5783003069945979,0.49405038710184873,1938.5495233277447,0.3,0.4352934267751532,29,7
Sindhudurg,2023-07-24,11,13,37,111.3262732369301,23.95917783145919,33.09720559959796,81.98409063490563,1,0.3833333333333333,0.5783003069945979,0.49405038710184873,1938.5495233277447,0.3,0.4352934267751532,30,7
Sindhudurg,2023-07-31,8,10,44,87.56419407460137,6.503243900784303,33.93115065744247,81.01086248494036,1,0.3833333333333333,0.5783003069945979,0.49405038710184873,1938.5495233277447,0.3,0.4352934267751532,31,7
Sindhudurg,2023-08-07,7,16,41,91.20467986684653,-0.871639086763526,23.255695903760042,80.49941127143944,1,0.3833333333333333,0.5783003069945979,0.49405038710184873,1938.5495233277447,0.3,0.4352934267751532,32,8
Sindhudurg,2023-08-14,13,12,45,107.08152558123973,-15.310954651711372,23.56504629427579,70.14783398098291,1,0.3833333333333333,0.5783003069945979,0.49405038710184873,1938.5495233277447,0.3,0.4352934267751532,33,8
Sindhudurg,2023-08-21,11,11,46,92.38641366742624,44.93231634400887,24.286675890076822,82.51704027908228,1,0.3833333333333333,0.5783003069945979,0.49405038710184873,1938.5495233277447,0.3,0.4352934267751532,34,8
Sindhudurg,2023-08-28,6,21,39,90.69769928705422,5.481872566329232,23.94082219398593,85.39211263211294,1,0.3833333333333333,0.5783003069945979,0.49405038710184873,1938.5495233277447,0.3,0.4352934267751532,35,8
Sindhudurg,2023-09-04,9,13,48,94.40741180130252,-26.23499857526346,17.71025454873231,84.99964735659344,1,0.3833333333333333,0.5783003069945979,0.49405038710184873,1938.5495233277447,0.3,0.4352934267751532,36,9
Sindhudurg,2023-09-11,7,11,50,95.87893327306395,34.49111348903465,19.9120385404581,86.2461476686006,1,0.3833333333333333,0.5783003069945979,0.49405038710184873,1938.5495233277447,0.3,0.4352934267751532,37,9
Sindhudurg,2023-09-18,5,15,34,80.04768372883275,-17.067377938437797,24.15603008726602,75.68361353895322,1,0.3833333333333333,0.5783003069945979,0.49405038710184873,1938.5495233277447,0.3,0.4352934267751532,38,9
Sindhudurg,2023-09-25,11,7,44,100.16788163741715,-46.471920595683386,16.433768626212903,74.41980642400121,1,0.3833333333333333,0.5783003069945979,0.49405038710184873,1938.5495233277447,0.3,0.4352934267751532,39,9
Sindhudurg,2023-10-02,3,2,13,24.462507640598538,-13.751874171082699,11.784441103832046,41.71953781245063,0,0.3833333333333333,0.5783003069945979,0.49405038710184873,1938.5495233277447,0.3,0.4352934267751532,40,10
Sindhudurg,2023-10-09,2,1,9,18.83073958221342,15.91405811722237,13.959156440367558,40.378429351829844,0,0.3833333333333333,0.5783003069945979,0.49405038710184873,1938.5495233277447,0.3,0.4352934267751532,41,10
Sindhudurg,2023-10-16,2,6,7,14.045177135569986,7.290602191903756,14.615731669461963,46.54713150972756,0,0.3833333333333333,0.5783003069945979,0.49405038710184873,1938.5495233277447,0.3,0.4352934267751532,42,10
Sindhudurg,2023-10-23,4,10,15,30.849845350839587,10.828419974137029,16.514557802268822,41.883114923397464,0,0.3833333333333333,0.5783003069945979,0.49405038710184873,1938.5495233277447,0.3,0.4352934267751532,43,10
Sindhudurg,2023-10-30,4,3,7,25.398631944766077,7.360154431432946,12.516803986947208,43.65979364656055,0,0.3833333333333333,0.5783003069945979,0.49405038710184873,1938.5495233277447,0.3,0.4352934267751532,44,10
Sindhudurg,2023-11-06,3,8,5,32.76754814912999,8.531761582840144,9.126216072279338,34.10051317618624,0,0.3833333333333333,0.5783003069945979,0.49405038710184873,1938.5495233277447,0.3,0.4352934267751532,45,11
Sindhudurg,2023-11-13,1,9,14,19.95675274656775,-9.14038092573377,10.484874005666015,31.753890808706345,0,0.3833333333333333,0.5783003069945979,0.49405038710184873,1938.5495233277447,0.3,0.4352934267751532,46,11
Sindhudurg,2023-11-20,0,3,11,8.98792662903071,-12.105851651398536,7.060636503709758,44.878613232507966,0,0.3833333333333333,0.5783003069945979,0.49405038710184873,1938.5495233277447,0.3,0.4352934267751532,47,11
Sindhudurg,2023-11-27,3,4,8,25.776756288669926,6.609710639668242,7.020416909306958,38.51684117876,0,0.3833333333333333,0.5783003069945979,0.49405038710184873,1938.5495233277447,0.3,0.4352934267751532,48,11
Sindhudurg,2023-12-04,2,5,17,20.81369943953736,-0.9169518228282378,5.361777089351965,46.21544303798946,0,0.3833333333333333,0.5783003069945979,0.49405038710184873,1938.5495233277447,0.3,0.4352934267751532,49,12
Sindhudurg,2023-12-11,5,3,15,1.5958830347880308,7.157023406590477,8.292784338129117,42.1217555460901,0,0.3833333333333333,0.5783003069945979,0.49405038710184873,1938.5495233277447,0.3,0.4352934267751532,50,12
Sindhudurg,2023-12-18,3,5,14,15.810234966831095,0.9826706011048876,7.393334493455015,45.36984770718869,0,0.3833333333333333,0.5783003069945979,0.49405038710184873,1938.5495233277447,0.3,0.4352934267751532,51,12
Sindhudurg,2023-12-25,1,5,19,29.36593798855439,2.0660912772278657,7.910287622369372,33.644273117204634,0,0.3833333333333333,0.5783003069945979,0.49405038710184873,1938.5495233277447,0.3,0.4352934267751532,52,12
Solapur,2022-01-03,4,7,6,20.663337928315787,12.30993376626293,10.912338329996995,43.98234672860393,0,0.5083333333333333,0.47220879644335473,0.7316654637222025,368.2305360956021,0.45,0.6015577595335434,1,1
Solapur,2022-01-10,0,3,5,12.859048056737905,-2.9940239266914492,11.31207104880831,51.201257723657534,0,0.5083333333333333,0.47220879644335473,0.7316654637222025,368.2305360956021,0.45,0.6015577595335434,2,1
Solapur,2022-01-17,1,4,9,15.656863220965795,2.413262450066115,13.122390105007334,51.40466987956491,0,0.5083333333333333,0.47220879644335473,0.7316654637222025,368.2305360956021,0.45,0.6015577595335434,3,1
Solapur,2022-01-24,2,4,11,22.46591895509006,9.019488247018836,10.66047780547571,38.373581324848864,0,0.5083333333333333,0.47220879644335473,0.7316654637222025,368.2305360956021,0.45,0.6015577595335434,4,1
Solapur,2022-01-31,1,3,5,36.9811642430825,-11.51697863418251,9.959758306297843,34.5385529017623,0,0.5083333333333333,0.47220879644335473,0.7316654637222025,368.2305360956021,0.45,0.6015577595335434,5,1
Solapur,2022-02-07,2,2,9,21.624548732789286,5.193229379783495,17.83007737106557,37.91594813460488,0,0.5083333333333333,0.47220879644335473,0.7316654637222025,368.2305360956021,0.45,0.6015577595335434,6,2
Solapur,2022-02-14,0,3,8,27.9797861888055,7.204297346973361,13.751360333440518,40.516351902153026,0,0.5083333333333333,0.47220879644335473,0.7316654637222025,368.2305360956021,0.45,0.6015577595335434,7,2
Solapur,2022-02-21,4,3,13,17.203869050117618,-6.801766338202929,13.640251617414231,35.124967682107744,0,0.5083333333333333,0.47220879644335473,0.7316654637222025,368.2305360956021,0.45,0.6015577595335434,8,2
Solapur,2022-02-28,0,2,4,9.80626040769563,16.908256528821997,15.6983053823192,45.473586108738516,0,0.5083333333333333,0.47220879644335473,0.7316654637222025,368.2305360956021,0.45,0.6015577595335434,9,2
Solapur,2022-03-07,0,5,11,10.96154459663529,9.666314574677333,21.349155872159834,35.998712013567214,0,0.5083333333333333,0.47220879644335473,0.7316654637222025,368.2305360956021,0.45,0.6015577595335434,10,3
Solapur,2022-03-14,4,9,12,0.0,-1.1911241608643544,21.562097710910944,25.82943792245443,0,0.5083333333333333,0.47220879644335473,0.7316654637222025,368.2305360956021,0.45,0.6015577595335434,11,3
Solapur,2022-03-21,2,4,7,38.095058140607534,-3.2869290626158025,17.265183859920786,49.31758725174476,0,0.5083333333333333,0.47220879644335473,0.7316654637222025,368.2305360956021,0.45,0.6015577595335434,12,3
Solapur,2022-03-28,3,6,15,36.21130642806152,5.940329275619539,20.661295351799332,42.775106104046976,0,0.5083333333333333,0.47220879644335473,0.7316654637222025,368.2305360956021,0.45,0.6015577595335434,13,3
Solapur,2022-04-04,2,9,7,4.9092860144030315,1.5972524538850543,26.680685131832128,38.64078841815997,0,0.5083333333333333,0.47220879644335473,0.7316654637222025,368.2305360956021,0.45,0.6015577595335434,14,4
Solapur,2022-04-11,2,8,9,27.22751057697632,11.514860558300647,24.81121020748256,34.68008648936553,0,0.5083333333333333,0.47220879644335473,0.7316654637222025,368.2305360956021,0.45,0.6015577595335434,15,4
Solapur,2022-04-18,1,3,11,19.682488339344967,7.926093953132728,23.803238220247813,40.270663746069886,0,0.5083333333333333,0.47220879644335473,0.7316654637222025,368.2305360956021,0.45,0.6015577595335434,16,4
Solapur,2022-04-25,0,6,8,9.291400741809891,-2.2138194922990815,26.01466813685904,49.48638660612484,0,0.5083333333333333,0.47220879644335473,0.7316654637222025,368.2305360956021,0.45,0.6015577595335434,17,4
Solapur,2022-05-02,2,5,11,6.116577523644729,12.091500288064518,30.903713861895078,45.589218650781206,0,0.5083333333333333,0.47220879644335473,0.7316654637222025,368.2305360956021,0.45,0.6015577595335434,18,5
Solapur,2022-05-09,6,5,14,14.998805567995255,-0.8628415920207532,30.236979766323522,39.80083709952073,0,0.5083333333333333,0.47220879644335473,0.7316654637222025,368.2305360956021,0.45,0.6015577595335434,19,5
Solapur,2022-05-16,2,5,9,0.0,-4.3086846973428425,33.52282425609904,38.37502678881708,0,0.5083333333333333,0.47220879644335473,0.7316654637222025,368.2305360956021,0.45,0.6015577595335434,20,5
Solapur,2022-05-23,2,5,11,27.583925244634884,14.773861295353454,29.41054071371467,48.230725504596506,0,0.5083333333333333,0.47220879644335473,0.7316654637222025,368.2305360956021,0.45,0.6015577595335434,21,5
Solapur,2022-05-30,4,5,11,32.9884331009439,-2.4465300287326746,29.579114494364937,35.47678642576236,0,0.5083333333333333,0.47220879644335473,0.7316654637222025,368.2305360956021,0.45,0.6015577595335434,22,5
Solapur,2022-06-06,9,13,31,91.30812749774329,27.64413524842591,32.645178476699705,76.96064469642711,1,0.5083333333333333,0.47220879644335473,0.7316654637222025,368.2305360956021,0.45,0.6015577595335434,23,6
Solapur,2022-06-13,6,8,31,91.22675804865759,1.983854265835459,34.68352913561907,84.48990827118067,1,0.5083333333333333,0.47220879644335473,0.7316654637222025,368.2305360956021,0.45,0.6015577595335434,24,6
Solapur,2022-06-20,5,12,30,92.12296643053732,-59.563963977465605,34.96956179291527,84.70723221523455,1,0.5083333333333333,0.47220879644335473,0.7316654637222025,368.2305360956021,0.45,0.6015577595335434,25,6
Solapur,2022-06-27,5,18,33,94.67236694519907,27.2256850181316,36.12635940178596,83.42880760048998,1,0.5083333333333333,0.47220879644335473,0.7316654637222025,368.2305360956021,0.45,0.6015577595335434,26,6
Solapur,2022-07-04,4,14,36,87.58491590102756,46.531733242538515,30.105434907912635,88.84791044159456,1,0.5083333333333333,0.47220879644335473,0.7316654637222025,368.2305360956021,0.45,0.6015577595335434,27,7
Solapur,2022-07-11,14,9,31,98.96900969257659,-23.30158737478481,31.780260398814885,84.60779273903611,1,0.5083333333333333,0.47220879644335473,0.7316654637222025,368.2305360956021,0.45,0.6015577595335434,28,7
Solapur,2022-07-18,12,15,30,99.89225799800137,16.650172349470132,30.7378151385366,87.01879500104731,1,0.5083333333333333,0.47220879644335473,0.7316654637222025,368.2305360956021,0.45,0.6015577595335434,29,7
Solapur,2022-07-25,7,13,32,112.62652985597751,28.321456040502113,30.438308398226606,92.81209051112492,1,0.5083333333333333,0.47220879644335473,0.7316654637222025,368.2305360956021,0.45,0.6015577595335434,30,7
Solapur,2022-08-01,5,8,39,94.63181712157429,12.752895867930075,25.99397212407947,76.47063041905062,1,0.5083333333333333,0.47220879644335473,0.7316654637222025,368.2305360956021,0.45,0.6015577595335434,31,8
Solapur,2022-08-08,13,8,43,109.252484740675,20.95963315616637,25.15229734052674,82.95896829995823,1,0.5083333333333333,0.47220879644335473,0.7316654637222025,368.2305360956021,0.45,0.6015577595335434,32,8
Solapur,2022-08-15,11,11,48,109.44638316369787,-3.247165981265754,25.20735776018639,88.16730347476152,1,0.5083333333333333,0.47220879644335473,0.7316654637222025,368.2305360956021,0.45,0.6015577595335434,33,8
Solapur,2022-08-22,5,8,24,98.05769560650748,32.309231472750206,23.573945424291306,83.28255258484518,1,0.5083333333333333,0.47220879644335473,0.7316654637222025,368.2305360956021,0.45,0.6015577595335434,34,8
Solapur,2022-08-29,7,14,30,83.12227899961103,18.63746430611684,27.10923889488057,96.74301682858129,1,0.5083333333333333,0.47220879644335473,0.7316654637222025,368.2305360956021,0.45,0.6015577595335434,35,8
Solapur,2022-09-05,5,8,36,98.69399376876646,-38.36966432389826,19.687961002381307,77.10404063882993,1,0.5083333333333333,0.47220879644335473,0.7316654637222025,368.2305360956021,0.45,0.6015577595335434,36,9
Solapur,2022-09-12,6,17,27,90.60065211412666,-24.750788590470915,21.073956236438836,74.46745271849618,1,0.5083333333333333,0.47220879644335473,0.7316654637222025,368.2305360956021,0.45,0.6015577595335434,37,9
Solapur,2022-09-19,4,13,30,111.35781143878742,26.348312568127454,20.619722313060006,80.27216626755995,1,0.5083333333333333,0.47220879644335473,0.7316654637222025,368.2305360956021,0.45,0.6015577595335434,38,9
Solapur,2022-09-26,11,10,39,104.56001985189663,8.494195591680006,18.797510624916814,76.66738669560586,1,0.5083333333333333,0.47220879644335473,0.7316654637222025,368.2305360956021,0.45,0.6015577595335434,39,9
Solapur,2022-10-03,3,5,10,15.602876105630202,-4.395838691891448,14.575498846204384,45.28740697683202,0,0.5083333333333333,0.47220879644335473,0.7316654637222025,368.2305360956021,0.45,0.6015577595335434,40,10
Solapur,2022-10-10,6,2,9,24.002519256968462,-4.079059123264469,15.860891264840822,44.76225833553978,0,0.5083333333333333,0.47220879644335473,0.7316654637222025,368.2305360956021,0.45,0.6015577595335434,41,10
Solapur,2022-10-17,1,3,4,10.888420441350743,-17.273305213236537,12.977777685665945,32.99374538016907,0,0.5083333333333333,0.47220879644335473,0.7316654637222025,368.2305360956021,0.45,0.6015577595335434,42,10
Solapur,2022-10-24,3,5,8,24.103595532910383,13.963614851779933,13.86349138282377,42.597071991289255,0,0.5083333333333333,0.47220879644335473,0.7316654637222025,368.2305360956021,0.45,0.6015577595335434,43,10
Solapur,2022-10-31,2,3,6,23.214846599418387,3.3792695089501317,15.57964909817397,32.9678437231494,0,0.5083333333333333,0.47220879644335473,0.7316654637222025,368.2305360956021,0.45,0.6015577595335434,44,10
Solapur,2022-11-07,2,3,11,24.66553321936946,5.254206114726324,7.877747250856538,38.932242747348575,0,0.5083333333333333,0.47220879644335473,0.7316654637222025,368.2305360956021,0.45,0.6015577595335434,45,11
Solapur,2022-11-14,2,5,7,14.291943945563037,-1.4891392558980252,12.80656896361375,38.463087740191966,0,0.5083333333333333,0.47220879644335473,0.7316654637222025,368.2305360956021,0.45,0.6015577595335434,46,11
Solapur,2022-11-21,0,4,13,20.31192456976916,-2.502346306586392,11.843741791649844,40.00992910530579,0,0.5083333333333333,0.47220879644335473,0.7316654637222025,368.2305360956021,0.45,0.6015577595335434,47,11
Solapur,2022-11-28,3,2,10,0.8604966559617324,-21.377468066474012,9.835348889216249,34.03808146854164,0,0.5083333333333333,0.47220879644335473,0.7316654637222025,368.2305360956021,0.45,0.6015577595335434,48,11
Solapur,2022-12-05,2,6,8,12.727888352391318,5.1997756634800405,8.301912566247854,41.495095403158835,0,0.5083333333333333,0.47220879644335473,0.7316654637222025,368.2305360956021,0.45,0.6015577595335434,49,12
Solapur,2022-12-12,3,4,11,11.029659443594864,2.705202171981383,9.91093480841186,37.0036110461202,0,0.5083333333333333,0.47220879644335473,0.7316654637222025,368.2305360956021,0.45,0.6015577595335434,50,12
Solapur,2022-12-19,1,1,7,23.64316283585299,9.848629495135043,5.453513552705907,35.60326540420902,0,0.5083333333333333,0.47220879644335473,0.7316654637222025,368.2305360956021,0.45,0.6015577595335434,51,12
Solapur,2022-12-26,2,3,10,20.08188077950073,-10.923219730735712,6.700606299248632,41.8092735650356,0,0.5083333333333333,0.47220879644335473,0.7316654637222025,368.2305360956021,0.45,0.6015577595335434,52,12
Solapur,2023-01-02,3,2,12,31.770978124248344,6.994217220097766,12.093255084660072,40.91300079814331,0,0.5083333333333333,0.47220879644335473,0.7316654637222025,368.2305360956021,0.45,0.6015577595335434,1,1
Solapur,2023-01-09,2,4,12,7.260416642868018,12.92758448693921,9.829140903395393,40.35074839428847,0,0.5083333333333333,0.47220879644335473,0.7316654637222025,368.2305360956021,0.45,0.6015577595335434,2,1
Solapur,2023-01-16,1,3,8,10.554884334580677,-23.52842502905765,10.002356312060474,44.475038165501175,0,0.5083333333333333,0.47220879644335473,0.7316654637222025,368.2305360956021,0.45,0.6015577595335434,3,1
Solapur,2023-01-23,4,3,13,12.62828037062539,-5.658252500269186,9.26746289821964,46.55972115519571,0,0.5083333333333333,0.47220879644335473,0.7316654637222025,368.2305360956021,0.45,0.6015577595335434,4,1
Solapur,2023-01-30,4,4,10,30.718145884513078,-12.577932761239218,9.533399802010226,40.44732534615512,0,0.5083333333333333,0.47220879644335473,0.7316654637222025,368.2305360956021,0.45,0.6015577595335434,5,1
Solapur,2023-02-06,4,5,5,8.924964325669896,7.400771128429109,17.27645196075228,44.34954584283108,0,0.5083333333333333,0.47220879644335473,0.7316654637222025,368.2305360956021,0.45,0.6015577595335434,6,2
Solapur,2023-02-13,0,5,6,18.72783399129877,-4.0110497736566355,10.347991179253942,44.94805715105581,0,0.5083333333333333,0.47220879644335473,0.7316654637222025,368.2305360956021,0.45,0.6015577595335434,7,2
Solapur,2023-02-20,2,6,6,14.385087623013106,-12.998169194682276,12.876093439244812,36.31693665547933,0,0.5083333333333333,0.47220879644335473,0.7316654637222025,368.2305360956021,0.45,0.6015577595335434,8,2
Solapur,2023-02-27,2,1,11,15.668008203054994,-4.129663954152724,12.832235659401979,36.98141469490467,0,0.5083333333333333,0.47220879644335473,0.7316654637222025,368.2305360956021,0.45,0.6015577595335434,9,2
Solapur,2023-03-06,0,6,7,7.820785534037142,-4.8147133212518725,22.997255389480213,36.78338571577068,0,0.5083333333333333,0.47220879644335473,0.7316654637222025,368.2305360956021,0.45,0.6015577595335434,10,3
Solapur,2023-03-13,1,5,9,20.215607760766613,-3.2666418864343507,21.60374936552733,44.07191957290625,0,0.5083333333333333,0.47220879644335473,0.7316654637222025,368.2305360956021,0.45,0.6015577595335434,11,3
Solapur,2023-03-20,2,5,7,19.49667435940589,0.8869182239763329,19.64460110084495,49.559170202542546,0,0.5083333333333333,0.47220879644335473,0.7316654637222025,368.2305360956021,0.45,0.6015577595335434,12,3
Solapur,2023-03-27,2,4,7,15.995976858873899,-14.043551953462545,21.653796654908703,46.018945197999116,0,0.5083333333333333,0.47220879644335473,0.7316654637222025,368.2305360956021,0.45,0.6015577595335434,13,3
Solapur,2023-04-03,3,7,8,7.197378089535524,18.441499719227586,25.92246423232744,40.25292463445712,0,0.5083333333333333,0.47220879644335473,0.7316654637222025,368.2305360956021,0.45,0.6015577595335434,14,4
Solapur,2023-04-10,2,4,10,21.653723326413548,-5.008454517623555,26.54804161589338,40.50462095527694,0,0.5083333333333333,0.47220879644335473,0.7316654637222025,368.2305360956021,0.45,0.6015577595335434,15,4
Solapur,2023-04-17,0,3,5,3.409842730906579,-12.866305462520875,28.99954953740487,34.042693093303285,0,0.5083333333333333,0.47220879644335473,0.7316654637222025,368.2305360956021,0.45,0.6015577595335434,16,4
Solapur,2023-04-24,4,10,9,24.759445972538913,-6.809668503361826,24.75325769446062,42.56523768540484,0,0.5083333333333333,0.47220879644335473,0.7316654637222025,368.2305360956021,0.45,0.6015577595335434,17,4
Solapur,2023-05-01,3,3,10,1.1465933285062455,-16.03033772822281,31.25236999107183,42.248444629914594,0,0.5083333333333333,0.47220879644335473,0.7316654637222025,368.2305360956021,0.45,0.6015577595335434,18,5
Solapur,2023-05-08,3,2,10,7.047466268161326,-0.024664317014791597,28.16405051687809,43.37174819783297,0,0.5083333333333333,0.47220879644335473,0.7316654637222025,368.2305360956021,0.45,0.6015577595335434,19,5
Solapur,2023-05-15,0,4,11,19.773755560436182,1.543587983684132,30.3425437211414,41.6013413233658,0,0.5083333333333333,0.47220879644335473,0.7316654637222025,368.2305360956021,0.45,0.6015577595335434,20,5
Solapur,2023-05-22,0,2,8,24.543365030451948,-6.642532572330104,30.96686995349173,39.92745040805971,0,0.5083333333333333,0.47220879644335473,0.7316654637222025,368.2305360956021,0.45,0.6015577595335434,21,5
Solapur,2023-05-29,5,4,4,30.273955995010517,11.305346951603303,31.644549841414616,41.32792920573055,0,0.5083333333333333,0.47220879644335473,0.7316654637222025,368.2305360956021,0.45,0.6015577595335434,22,5
Solapur,2023-06-05,7,16,30,81.64599451268454,-22.733082535426945,29.469781773968343,80.05926533830092,1,0.5083333333333333,0.47220879644335473,0.7316654637222025,368.2305360956021,0.45,0.6015577595335434,23,6
Solapur,2023-06-12,11,10,35,106.00452247020368,-56.07484924418479,29.789542833529286,79.50193836027687,1,0.5083333333333333,0.47220879644335473,0.7316654637222025,368.2305360956021,0.45,0.6015577595335434,24,6
Solapur,2023-06-19,5,12,28,99.82680969223415,-16.04090788717266,35.68714766897731,81.43245376901446,1,0.5083333333333333,0.47220879644335473,0.7316654637222025,368.2305360956021,0.45,0.6015577595335434,25,6
Solapur,2023-06-26,14,10,47,111.21569435906798,-71.86046083319985,29.59345993203634,85.17069003507733,1,0.5083333333333333,0.47220879644335473,0.7316654637222025,368.2305360956021,0.45,0.6015577595335434,26,6
Solapur,2023-07-03,8,15,38,105.17318951957132,32.243137138126286,32.50016288545879,79.14096953389247,1,0.5083333333333333,0.47220879644335473,0.7316654637222025,368.2305360956021,0.45,0.6015577595335434,27,7
Solapur,2023-07-10,12,10,31,126.55513048719358,-9.512156603032572,28.051996967572194,78.4236939803876,1,0.5083333333333333,0.47220879644335473,0.7316654637222025,368.2305360956021,0.45,0.6015577595335434,28,7
Solapur,2023-07-17,10,15,31,97.8317256540164,2.979808817957231,29.41306564687562,85.32412220920043,1,0.5083333333333333,0.47220879644335473,0.7316654637222025,368.2305360956021,0.45,0.6015577595335434,29,7
Solapur,2023-07-24,8,8,34,100.1161628186842,33.11537018108138,30.855821055818897,80.32234615798463,1,0.5083333333333333,0.47220879644335473,0.7316654637222025,368.2305360956021,0.45,0.6015577595335434,30,7
Solapur,2023-07-31,5,11,45,106.21795104950817,-67.23148373022563,30.139119734338905,73.9298154373731,1,0.5083333333333333,0.47220879644335473,0.7316654637222025,368.2305360956021,0.45,0.6015577595335434,31,7
Solapur,2023-08-07,8,11,35,72.29877381809224,0.06978623125146063,26.453583074269886,79.2207476130607,1,0.5083333333333333,0.47220879644335473,0.7316654637222025,368.2305360956021,0.45,0.6015577595335434,32,8
Solapur,2023-08-14,8,13,31,87.40433858547144,-2.0279324295090584,23.332531530934737,84.7452242294118,1,0.5083333333333333,0.47220879644335473,0.7316654637222025,368.2305360956021,0.45,0.6015577595335434,33,8
Solapur,2023-08-21,9,6,28,104.4901144617621,4.808067746461506,26.866377806235228,78.13705790721438,1,0.5083333333333333,0.47220879644335473,0.7316654637222025,368.2305360956021,0.45,0.6015577595335434,34,8
Solapur,2023-08-28,4,12,34,92.44728656433139,-34.81513758243355,25.888131016380385,84.09116381906172,1,0.5083333333333333,0.47220879644335473,0.7316654637222025,368.2305360956021,0.45,0.6015577595335434,35,8
Solapur,2023-09-04,15,13,26,96.00860844521927,-35.28950221265065,20.880592109496625,77.00993648374094,1,0.5083333333333333,0.47220879644335473,0.7316654637222025,368.2305360956021,0.45,0.6015577595335434,36,9
Solapur,2023-09-11,6,15,51,106.8629799255489,-3.333786334265821,21.419138446242776,85.55392776814422,1,0.5083333333333333,0.47220879644335473,0.7316654637222025,368.2305360956021,0.45,0.6015577595335434,37,9
Solapur,2023-09-18,5,14,38,121.5193219851731,-40.56316314963287,18.097463953495808,74.77158181185067,1,0.5083333333333333,0.47220879644335473,0.7316654637222025,368.2305360956021,0.45,0.6015577595335434,38,9
Solapur,2023-09-25,7,14,41,119.9100856350233,-4.357319943547997,16.786744985594844,76.53576242542782,1,0.5083333333333333,0.47220879644335473,0.7316654637222025,368.2305360956021,0.45,0.6015577595335434,39,9
Solapur,2023-10-02,5,7,10,26.231234165297685,-18.215123358138555,13.0060837870226,48.91510385357792,0,0.5083333333333333,0.47220879644335473,0.7316654637222025,368.2305360956021,0.45,0.6015577595335434,40,10
Solapur,2023-10-09,1,2,4,13.863996549602035,7.068699616452613,10.903029329878006,31.53713289270373,0,0.5083333333333333,0.47220879644335473,0.7316654637222025,368.2305360956021,0.45,0.6015577595335434,41,10
Solapur,2023-10-16,1,3,10,14.544722904326264,-0.6605054506465012,13.490883801537885,36.46167509245636,0,0.5083333333333333,0.47220879644335473,0.7316654637222025,368.2305360956021,0.45,0.6015577595335434,42,10
Solapur,2023-10-23,2,6,3,6.928215246410691,-7.775129424921157,11.970669530690937,43.73742147395405,0,0.5083333333333333,0.47220879644335473,0.7316654637222025,368.2305360956021,0.45,0.6015577595335434,43,10
Solapur,2023-10-30,2,3,13,14.365913670627616,-0.2100972047706739,15.059901547097846,42.56616610501355,0,0.5083333333333333,0.47220879644335473,0.7316654637222025,368.2305360956021,0.45,0.6015577595335434,44,10
Solapur,2023-11-06,4,4,12,28.685007758332745,-25.14267670212917,8.870370132105204,45.79984300368024,0,0.5083333333333333,0.47220879644335473,0.7316654637222025,368.2305360956021,0.45,0.6015577595335434,45,11
Solapur,2023-11-13,1,10,9,11.134661753421646,-0.2912458259985813,7.157677759961143,39.80414906706491,0,0.5083333333333333,0.47220879644335473,0.7316654637222025,368.2305360956021,0.45,0.6015577595335434,46,11
Solapur,2023-11-20,4,4,15,25.736027980413265,-4.818012331266243,9.452552132906556,42.10839317061681,0,0.5083333333333333,0.47220879644335473,0.7316654637222025,368.2305360956021,0.45,0.6015577595335434,47,11
Solapur,2023-11-27,3,3,9,4.196249199070509,-4.448095467994355,10.18873407445362,40.65569045670717,0,0.5083333333333333,0.47220879644335473,0.7316654637222025,368.2305360956021,0.45,0.6015577595335434,48,11
Solapur,2023-12-04,3,3,10,17.436575308930387,-5.86094461581652,8.361665410075235,41.04861613367203,0,0.5083333333333333,0.47220879644335473,0.7316654637222025,368.2305360956021,0.45,0.6015577595335434,49,12
Solapur,2023-12-11,0,4,10,13.741784272206983,4.609779762875485,4.203801493330685,47.18313489732097,0,0.5083333333333333,0.47220879644335473,0.7316654637222025,368.2305360956021,0.45,0.6015577595335434,50,12
Solapur,2023-12-18,2,2,13,16.564076066250024,0.3225341623343201,7.414558403287234,43.66534955938657,0,0.5083333333333333,0.47220879644335473,0.7316654637222025,368.2305360956021,0.45,0.6015577595335434,51,12
Solapur,2023-12-25,1,3,11,28.31115949968102,6.10068762860433,9.528186632036284,30.79019143928072,0,0.5083333333333333,0.47220879644335473,0.7316654637222025,368.2305360956021,0.45,0.6015577595335434,52,12
Thane,2022-01-03,3,2,10,37.76719847117621,2.3914928463346072,10.148665926807134,35.45501152743141,0,0.3277777777777778,0.6908385002252375,0.46955852417209004,2303.786553022862,0.23333333333333334,0.38076682073489965,1,1
Thane,2022-01-10,4,7,12,25.46667032616485,5.547965217253134,10.960924258139787,36.77569846681335,0,0.3277777777777778,0.6908385002252375,0.46955852417209004,2303.786553022862,0.23333333333333334,0.38076682073489965,2,1
Thane,2022-01-17,0,2,11,10.129448454631135,-14.980397753910466,8.183586822220809,42.82458640636456,0,0.3277777777777778,0.6908385002252375,0.46955852417209004,2303.786553022862,0.23333333333333334,0.38076682073489965,3,1
Thane,2022-01-24,2,7,12,5.779482338598674,-8.218352964075539,9.780202827036748,34.09702830123255,0,0.3277777777777778,0.6908385002252375,0.46955852417209004,2303.786553022862,0.23333333333333334,0.38076682073489965,4,1
Thane,2022-01-31,2,6,15,23.204495138460377,10.208828210024741,8.511004078856699,40.206030333908096,0,0.3277777777777778,0.6908385002252375,0.46955852417209004,2303.786553022862,0.23333333333333334,0.38076682073489965,5,1
Thane,2022-02-07,3,1,11,1.5587954883247512,2.550820438677585,12.81604238454004,35.427118608363244,0,0.3277777777777778,0.6908385002252375,0.46955852417209004,2303.786553022862,0.23333333333333334,0.38076682073489965,6,2
Thane,2022-02-14,1,2,11,28.697611871649563,-4.847307615489939,15.091587519699905,45.486637536014335,0,0.3277777777777778,0.6908385002252375,0.46955852417209004,2303.786553022862,0.23333333333333334,0.38076682073489965,7,2
Thane,2022-02-21,4,2,10,24.85122558869581,3.3695667606019053,12.312380042950554,33.250662938521415,0,0.3277777777777778,0.6908385002252375,0.46955852417209004,2303.786553022862,0.23333333333333334,0.38076682073489965,8,2
Thane,2022-02-28,3,6,11,11.234351758168032,-3.3742975410617464,14.214897405394632,34.53908836456521,0,0.3277777777777778,0.6908385002252375,0.46955852417209004,2303.786553022862,0.23333333333333334,0.38076682073489965,9,2
Thane,2022-03-07,2,5,11,16.00279943710236,17.436218672915654,21.537207530992738,37.2141473647345,0,0.3277777777777778,0.6908385002252375,0.46955852417209004,2303.786553022862,0.23333333333333334,0.38076682073489965,10,3
Thane,2022-03-14,1,9,18,14.170061163359325,6.203723939313579,20.884444124073198,39.695384726460325,0,0.3277777777777778,0.6908385002252375,0.46955852417209004,2303.786553022862,0.23333333333333334,0.38076682073489965,11,3
Thane,2022-03-21,0,5,12,18.258254377788013,1.382234254743028,22.17490924029693,44.31575369352069,0,0.3277777777777778,0.6908385002252375,0.46955852417209004,2303.786553022862,0.23333333333333334,0.38076682073489965,12,3
Thane,2022-03-28,1,3,10,20.641368023781535,-6.738516881805606,19.477471217917493,40.09495593320054,0,0.3277777777777778,0.6908385002252375,0.46955852417209004,2303.786553022862,0.23333333333333334,0.38076682073489965,13,3
Thane,2022-04-04,3,7,5,3.719577860487888,-3.481697908366748,27.52822881100358,48.437765197433194,0,0.3277777777777778,0.6908385002252375,0.46955852417209004,2303.786553022862,0.23333333333333334,0.38076682073489965,14,4
Thane,2022-04-11,1,5,9,9.804154918325569,1.656121502326517,25.888109135909463,28.703930612111943,0,0.3277777777777778,0.6908385002252375,0.46955852417209004,2303.786553022862,0.23333333333333334,0.38076682073489965,15,4
Thane,2022-04-18,4,3,8,5.227920365389684,-5.83886939092219,25.983440232140826,36.95876026400442,0,0.3277777777777778,0.6908385002252375,0.46955852417209004,2303.786553022862,0.23333333333333334,0.38076682073489965,16,4
Thane,2022-04-25,4,14,11,14.993818540113468,-15.492571763442434,24.978330881893967,34.63148793641099,0,0.3277777777777778,0.6908385002252375,0.46955852417209004,2303.786553022862,0.23333333333333334,0.38076682073489965,17,4
Thane,2022-05-02,5,1,14,19.596576134659877,-21.951837465222084,26.347410733326306,40.64704768447935,0,0.3277777777777778,0.6908385002252375,0.46955852417209004,2303.786553022862,0.23333333333333334,0.38076682073489965,18,5
Thane,2022-05-09,7,6,11,10.215591199585655,28.144474532661615,31.142819801746736,41.90414626418836,0,0.3277777777777778,0.6908385002252375,0.46955852417209004,2303.786553022862,0.23333333333333334,0.38076682073489965,19,5
Thane,2022-05-16,0,2,15,31.060062915027864,-3.2891987033337715,29.549630296121865,44.89296431832482,0,0.3277777777777778,0.6908385002252375,0.46955852417209004,2303.786553022862,0.23333333333333334,0.38076682073489965,20,5
Thane,2022-05-23,4,9,17,34.61799167547305,-8.461021361773309,30.864953409469667,35.28420037815305,0,0.3277777777777778,0.6908385002252375,0.46955852417209004,2303.786553022862,0.23333333333333334,0.38076682073489965,21,5
Thane,2022-05-30,5,7,11,26.107421557961942,-21.37500596080588,29.94666049389884,45.68978384700024,0,0.3277777777777778,0.6908385002252375,0.46955852417209004,2303.786553022862,0.23333333333333334,0.38076682073489965,22,5
Thane,2022-06-06,13,19,45,99.58202772124487,30.10428872632992,34.158631312864244,78.84276601155605,1,0.3277777777777778,0.6908385002252375,0.46955852417209004,2303.786553022862,0.23333333333333334,0.38076682073489965,23,6
Thane,2022-06-13,5,14,37,104.47715030095068,16.376365132174357,29.9267542016708,82.55353974606757,1,0.3277777777777778,0.6908385002252375,0.46955852417209004,2303.786553022862,0.23333333333333334,0.38076682073489965,24,6
Thane,2022-06-20,8,11,42,106.56818526720137,-21.821032219773958,32.08067281110938,78.43865902696673,1,0.3277777777777778,0.6908385002252375,0.46955852417209004,2303.786553022862,0.23333333333333334,0.38076682073489965,25,6
Thane,2022-06-27,6,25,40,98.87836099889417,46.83559599529447,31.626483730391296,86.53499776702009,1,0.3277777777777778,0.6908385002252375,0.46955852417209004,2303.786553022862,0.23333333333333334,0.38076682073489965,26,6
Thane,2022-07-04,10,19,40,91.85830018013887,5.311480425297375,31.096310753288527,79.22983341712067,1,0.3277777777777778,0.6908385002252375,0.46955852417209004,2303.786553022862,0.23333333333333334,0.38076682073489965,27,7
Thane,2022-07-11,9,12,42,105.81198811994253,-24.790295304867247,31.82775606291339,80.56685269012611,1,0.3277777777777778,0.6908385002252375,0.46955852417209004,2303.786553022862,0.23333333333333334,0.38076682073489965,28,7
Thane,2022-07-18,6,20,56,104.90606902455889,25.525827115775783,31.84372081205071,83.9247714434396,1,0.3277777777777778,0.6908385002252375,0.46955852417209004,2303.786553022862,0.23333333333333334,0.38076682073489965,29,7
Thane,2022-07-25,11,18,42,86.62456306707105,19.35050067945181,34.50139503465482,80.39225065388956,1,0.3277777777777778,0.6908385002252375,0.46955852417209004,2303.786553022862,0.23333333333333334,0.38076682073489965,30,7
Thane,2022-08-01,12,9,52,113.96091569244743,29.04736777113882,30.835611072232894,73.05238323890937,1,0.3277777777777778,0.6908385002252375,0.46955852417209004,2303.786553022862,0.23333333333333334,0.38076682073489965,31,8
Thane,2022-08-08,15,21,47,92.34504698957751,-17.38320256745098,25.073110772749207,70.73636069154861,1,0.3277777777777778,0.6908385002252375,0.46955852417209004,2303.786553022862,0.23333333333333334,0.38076682073489965,32,8
Thane,2022-08-15,15,19,33,87.09253463084382,-7.907704504747305,28.672758915753647,81.18669051896923,1,0.3277777777777778,0.6908385002252375,0.46955852417209004,2303.786553022862,0.23333333333333334,0.38076682073489965,33,8
Thane,2022-08-22,5,14,45,100.0430764234316,0.44657625622786346,26.804881506687043,77.8526367705275,1,0.3277777777777778,0.6908385002252375,0.46955852417209004,2303.786553022862,0.23333333333333334,0.38076682073489965,34,8
Thane,2022-08-29,5,15,49,101.36873320689385,14.636500260586994,27.053396084209155,82.83585353509847,1,0.3277777777777778,0.6908385002252375,0.46955852417209004,2303.786553022862,0.23333333333333334,0.38076682073489965,35,8
Thane,2022-09-05,13,12,39,95.51710226355766,-31.50516359042131,20.53554839498502,73.93640600478705,1,0.3277777777777778,0.6908385002252375,0.46955852417209004,2303.786553022862,0.23333333333333334,0.38076682073489965,36,9
Thane,2022-09-12,7,16,58,97.67874309504643,-5.35715903681561,21.193891794617766,79.2898019588353,1,0.3277777777777778,0.6908385002252375,0.46955852417209004,2303.786553022862,0.23333333333333334,0.38076682073489965,37,9
Thane,2022-09-19,10,13,50,109.11228005190648,-3.023337478379605,22.773985459817677,81.1423034086616,1,0.3277777777777778,0.6908385002252375,0.46955852417209004,2303.786553022862,0.23333333333333334,0.38076682073489965,38,9
Thane,2022-09-26,13,17,49,96.25204925209917,2.1298414627484448,19.107589471305474,77.55990049219032,1,0.3277777777777778,0.6908385002252375,0.46955852417209004,2303.786553022862,0.23333333333333334,0.38076682073489965,39,9
Thane,2022-10-03,1,4,11,15.032752972062944,-1.9883160297887181,11.456289630998233,41.9851580114699,0,0.3277777777777778,0.6908385002252375,0.46955852417209004,2303.786553022862,0.23333333333333334,0.38076682073489965,40,10
Thane,2022-10-10,3,4,7,15.605364866531097,-13.438989116913335,14.840724251685252,42.73044615415714,0,0.3277777777777778,0.6908385002252375,0.46955852417209004,2303.786553022862,0.23333333333333334,0.38076682073489965,41,10
Thane,2022-10-17,0,6,17,7.843436315280384,-3.293915374126943,14.085245046157416,48.90613463790784,0,0.3277777777777778,0.6908385002252375,0.46955852417209004,2303.786553022862,0.23333333333333334,0.38076682073489965,42,10
Thane,2022-10-24,3,2,15,16.808942594470253,-7.487496239809176,13.558687853517439,41.50556583550347,0,0.3277777777777778,0.6908385002252375,0.46955852417209004,2303.786553022862,0.23333333333333334,0.38076682073489965,43,10
Thane,2022-10-31,5,5,9,17.54498510264499,11.487423498227427,12.535984134188574,39.68596638428022,0,0.3277777777777778,0.6908385002252375,0.46955852417209004,2303.786553022862,0.23333333333333334,0.38076682073489965,44,10
Thane,2022-11-07,4,2,14,41.4344682477698,-1.7782572528868958,8.058151163430017,47.15549582794649,0,0.3277777777777778,0.6908385002252375,0.46955852417209004,2303.786553022862,0.23333333333333334,0.38076682073489965,45,11
Thane,2022-11-14,0,3,14,0.0,-0.9398543278462141,15.08670342080335,44.3318311749252,0,0.3277777777777778,0.6908385002252375,0.46955852417209004,2303.786553022862,0.23333333333333334,0.38076682073489965,46,11
Thane,2022-11-21,3,5,8,8.508407094613641,0.10335563182354726,8.79134880260883,41.974056355730454,0,0.3277777777777778,0.6908385002252375,0.46955852417209004,2303.786553022862,0.23333333333333334,0.38076682073489965,47,11
Thane,2022-11-28,2,1,7,7.212900322231285,4.017489193197465,7.361339190410814,41.597770033616804,0,0.3277777777777778,0.6908385002252375,0.46955852417209004,2303.786553022862,0.23333333333333334,0.38076682073489965,48,11
Thane,2022-12-05,2,2,11,20.561433402441672,-9.810871581162782,7.172789514511164,38.68947888627685,0,0.3277777777777778,0.6908385002252375,0.46955852417209004,2303.786553022862,0.23333333333333334,0.38076682073489965,49,12
Thane,2022-12-12,2,5,13,26.625261297812802,-15.223142306080597,7.53788064020102,31.908863652408037,0,0.3277777777777778,0.6908385002252375,0.46955852417209004,2303.786553022862,0.23333333333333334,0.38076682073489965,50,12
Thane,2022-12-19,1,4,14,16.836345768385563,-6.512961263601445,8.442750507952457,41.97586571407743,0,0.3277777777777778,0.6908385002252375,0.46955852417209004,2303.786553022862,0.23333333333333334,0.38076682073489965,51,12
Thane,2022-12-26,5,4,9,12.444592812594717,-10.562654082906679,9.510503551952201,41.75654837993959,0,0.3277777777777778,0.6908385002252375,0.46955852417209004,2303.786553022862,0.23333333333333334,0.38076682073489965,52,12
Thane,2023-01-02,2,2,11,19.4941259856657,13.079156237798387,5.667665090643585,39.722733125960424,0,0.3277777777777778,0.6908385002252375,0.46955852417209004,2303.786553022862,0.23333333333333334,0.38076682073489965,1,1
Thane,2023-01-09,4,5,14,12.401320746550848,9.832399694454041,8.349804444721187,35.85562418599864,0,0.3277777777777778,0.6908385002252375,0.46955852417209004,2303.786553022862,0.23333333333333334,0.38076682073489965,2,1
Thane,2023-01-16,3,4,12,37.007927584283166,-6.683383683547026,10.199896333833276,41.56356289637401,0,0.3277777777777778,0.6908385002252375,0.46955852417209004,2303.786553022862,0.23333333333333334,0.38076682073489965,3,1
Thane,2023-01-23,2,3,9,31.9662786898701,-9.0806243232915,10.174578026076011,34.82944430235145,0,0.3277777777777778,0.6908385002252375,0.46955852417209004,2303.786553022862,0.23333333333333334,0.38076682073489965,4,1
Thane,2023-01-30,4,6,13,28.952184022261804,2.733212565368742,14.085358487415583,47.14893726235209,0,0.3277777777777778,0.6908385002252375,0.46955852417209004,2303.786553022862,0.23333333333333334,0.38076682073489965,5,1
Thane,2023-02-06,6,8,16,23.618129446049828,-13.56599850939114,10.91503078439688,35.56304988998773,0,0.3277777777777778,0.6908385002252375,0.46955852417209004,2303.786553022862,0.23333333333333334,0.38076682073489965,6,2
Thane,2023-02-13,1,5,11,14.338107251399993,-1.7701358607643694,14.12202971082841,44.447067282622626,0,0.3277777777777778,0.6908385002252375,0.46955852417209004,2303.786553022862,0.23333333333333334,0.38076682073489965,7,2
Thane,2023-02-20,2,4,11,19.015825913422198,2.4493922704446818,16.127017856903052,36.73962715298603,0,0.3277777777777778,0.6908385002252375,0.46955852417209004,2303.786553022862,0.23333333333333334,0.38076682073489965,8,2
Thane,2023-02-27,6,6,9,34.159142745772684,-12.157982985088754,12.350754857590776,26.93902100840333,0,0.3277777777777778,0.6908385002252375,0.46955852417209004,2303.786553022862,0.23333333333333334,0.38076682073489965,9,2
Thane,2023-03-06,3,3,14,8.15034791715786,5.519548963055988,16.470767895231464,42.75172550702444,0,0.3277777777777778,0.6908385002252375,0.46955852417209004,2303.786553022862,0.23333333333333334,0.38076682073489965,10,3
Thane,2023-03-13,1,4,14,32.76470882780929,14.687637446545818,20.059667574253275,42.79385517368879,0,0.3277777777777778,0.6908385002252375,0.46955852417209004,2303.786553022862,0.23333333333333334,0.38076682073489965,11,3
Thane,2023-03-20,1,5,12,13.544033975423279,7.326395664654908,18.000030438379206,41.78356319517976,0,0.3277777777777778,0.6908385002252375,0.46955852417209004,2303.786553022862,0.23333333333333334,0.38076682073489965,12,3
Thane,2023-03-27,0,8,13,9.472169368883375,-6.091031438233207,22.76574447808147,41.0082877131724,0,0.3277777777777778,0.6908385002252375,0.46955852417209004,2303.786553022862,0.23333333333333334,0.38076682073489965,13,3
Thane,2023-04-03,1,4,15,2.666989553519212,-3.9591796441059772,28.909036081918075,41.880347981603855,0,0.3277777777777778,0.6908385002252375,0.46955852417209004,2303.786553022862,0.23333333333333334,0.38076682073489965,14,4
Thane,2023-04-10,7,5,9,8.624060046373112,-10.242623343588635,25.811757870864362,42.51825143762027,0,0.3277777777777778,0.6908385002252375,0.46955852417209004,2303.786553022862,0.23333333333333334,0.38076682073489965,15,4
Thane,2023-04-17,3,3,11,19.710582676852354,3.84333959313408,26.79904951209027,38.16202266919907,0,0.3277777777777778,0.6908385002252375,0.46955852417209004,2303.786553022862,0.23333333333333334,0.38076682073489965,16,4
Thane,2023-04-24,3,7,13,0.0,3.182912026531147,24.381801465610184,30.054162143513636,0,0.3277777777777778,0.6908385002252375,0.46955852417209004,2303.786553022862,0.23333333333333334,0.38076682073489965,17,4
Thane,2023-05-01,4,6,21,33.79832329754388,12.095207024428863,31.34712599228544,48.59554535011464,0,0.3277777777777778,0.6908385002252375,0.46955852417209004,2303.786553022862,0.23333333333333334,0.38076682073489965,18,5
Thane,2023-05-08,0,5,14,34.077588052541984,12.293249313154138,31.59147388499402,41.02173843604477,0,0.3277777777777778,0.6908385002252375,0.46955852417209004,2303.786553022862,0.23333333333333334,0.38076682073489965,19,5
Thane,2023-05-15,5,8,11,13.72679074083121,14.656601683453479,29.856883191318314,37.83286507609245,0,0.3277777777777778,0.6908385002252375,0.46955852417209004,2303.786553022862,0.23333333333333334,0.38076682073489965,20,5
Thane,2023-05-22,2,4,13,31.579690525655494,-1.8411293211716429,27.84980652558846,34.586465888565925,0,0.3277777777777778,0.6908385002252375,0.46955852417209004,2303.786553022862,0.23333333333333334,0.38076682073489965,21,5
Thane,2023-05-29,3,6,16,27.978592002792695,-4.6374493779753685,29.57162338251004,48.46157578058906,0,0.3277777777777778,0.6908385002252375,0.46955852417209004,2303.786553022862,0.23333333333333334,0.38076682073489965,22,5
Thane,2023-06-05,15,20,42,98.1180814294892,-13.301096385813805,34.19228473271068,76.38819820566307,1,0.3277777777777778,0.6908385002252375,0.46955852417209004,2303.786553022862,0.23333333333333334,0.38076682073489965,23,6
Thane,2023-06-12,1,15,36,76.219460372492,9.788968302946827,32.0757599889792,80.21725012175729,1,0.3277777777777778,0.6908385002252375,0.46955852417209004,2303.786553022862,0.23333333333333334,0.38076682073489965,24,6
Thane,2023-06-19,7,13,50,130.2378145262239,-21.475723313437,32.20028582492015,72.52169874562317,1,0.3277777777777778,0.6908385002252375,0.46955852417209004,2303.786553022862,0.23333333333333334,0.38076682073489965,25,6
Thane,2023-06-26,16,14,46,110.21543865981486,17.319982253540402,30.290030438183237,80.75794922409762,1,0.3277777777777778,0.6908385002252375,0.46955852417209004,2303.786553022862,0.23333333333333334,0.38076682073489965,26,6
Thane,2023-07-03,12,12,47,103.58459576366768,-26.812690148834164,25.881953728465177,82.03564901604138,1,0.3277777777777778,0.6908385002252375,0.46955852417209004,2303.786553022862,0.23333333333333334,0.38076682073489965,27,7
Thane,2023-07-10,10,15,45,92.49302063495838,25.31817212674668,29.66708294453943,77.7606679411177,1,0.3277777777777778,0.6908385002252375,0.46955852417209004,2303.786553022862,0.23333333333333334,0.38076682073489965,28,7
Thane,2023-07-17,13,19,52,108.756555318533,-66.08077923406093,27.364781592133312,79.33827163321257,1,0.3277777777777778,0.6908385002252375,0.46955852417209004,2303.786553022862,0.23333333333333334,0.38076682073489965,29,7
Thane,2023-07-24,8,14,54,107.22274147178003,-11.412982829460354,29.825618497998263,83.0550097991263,1,0.3277777777777778,0.6908385002252375,0.46955852417209004,2303.786553022862,0.23333333333333334,0.38076682073489965,30,7
Thane,2023-07-31,6,14,51,100.65983301918246,-13.932354576935415,28.364166459642703,73.66701865134578,1,0.3277777777777778,0.6908385002252375,0.46955852417209004,2303.786553022862,0.23333333333333334,0.38076682073489965,31,7
Thane,2023-08-07,7,17,49,94.66747817317304,7.343288513959706,25.88904796748733,71.51188845240938,1,0.3277777777777778,0.6908385002252375,0.46955852417209004,2303.786553022862,0.23333333333333334,0.38076682073489965,32,8
Thane,2023-08-14,8,14,39,89.96111863988648,21.826010808773976,26.341303883500103,73.04743783184702,1,0.3277777777777778,0.6908385002252375,0.46955852417209004,2303.786553022862,0.23333333333333334,0.38076682073489965,33,8
Thane,2023-08-21,12,17,50,101.01307055153264,-32.3320907414179,26.848496274910378,80.09663711833694,1,0.3277777777777778,0.6908385002252375,0.46955852417209004,2303.786553022862,0.23333333333333334,0.38076682073489965,34,8
Thane,2023-08-28,14,16,47,105.89850246315272,74.07588110078453,24.75632801879119,78.66102713162408,1,0.3277777777777778,0.6908385002252375,0.46955852417209004,2303.786553022862,0.23333333333333334,0.38076682073489965,35,8
Thane,2023-09-04,7,8,33,99.87970080101053,-9.448099222714363,24.85333551746274,75.9149567462896,1,0.3277777777777778,0.6908385002252375,0.46955852417209004,2303.786553022862,0.23333333333333334,0.38076682073489965,36,9
Thane,2023-09-11,13,20,55,102.57695721276555,-15.498742859242162,21.516328434456348,81.94652695552205,1,0.3277777777777778,0.6908385002252375,0.46955852417209004,2303.786553022862,0.23333333333333334,0.38076682073489965,37,9
Thane,2023-09-18,7,13,50,116.93766240762493,-31.51259830045641,20.85527243775949,78.39879628849283,1,0.3277777777777778,0.6908385002252375,0.46955852417209004,2303.786553022862,0.23333333333333334,0.38076682073489965,38,9
Thane,2023-09-25,11,21,54,85.11943256068147,32.56828208922176,17.384666203230122,83.98471845014107,1,0.3277777777777778,0.6908385002252375,0.46955852417209004,2303.786553022862,0.23333333333333334,0.38076682073489965,39,9
Thane,2023-10-02,2,3,7,9.437550073348042,3.183592265747336,13.72423562211553,40.37463539283113,0,0.3277777777777778,0.6908385002252375,0.46955852417209004,2303.786553022862,0.23333333333333334,0.38076682073489965,40,10
Thane,2023-10-09,3,5,10,5.011047203898578,-0.07726281105681772,14.732673937868126,35.42722476603039,0,0.3277777777777778,0.6908385002252375,0.46955852417209004,2303.786553022862,0.23333333333333334,0.38076682073489965,41,10
Thane,2023-10-16,3,6,10,21.366565062538324,-8.19074664000045,15.989911195133331,36.61229993546551,0,0.3277777777777778,0.6908385002252375,0.46955852417209004,2303.786553022862,0.23333333333333334,0.38076682073489965,42,10
Thane,2023-10-23,1,6,9,17.72532372392663,5.012083271142144,14.236206930012925,24.634848645893502,0,0.3277777777777778,0.6908385002252375,0.46955852417209004,2303.786553022862,0.23333333333333334,0.38076682073489965,43,10
Thane,2023-10-30,5,6,11,30.444918940505687,3.625929996965988,12.203964493171597,27.808312931101888,0,0.3277777777777778,0.6908385002252375,0.46955852417209004,2303.786553022862,0.23333333333333334,0.38076682073489965,44,10
Thane,2023-11-06,3,4,10,22.400715126420803,-2.9270416442148695,11.121931891935628,44.34351337615841,0,0.3277777777777778,0.6908385002252375,0.46955852417209004,2303.786553022862,0.23333333333333334,0.38076682073489965,45,11
Thane,2023-11-13,4,4,8,32.97057196491159,-11.401847271486785,8.743471633680713,40.48796630425907,0,0.3277777777777778,0.6908385002252375,0.46955852417209004,2303.786553022862,0.23333333333333334,0.38076682073489965,46,11
Thane,2023-11-20,1,4,13,28.46125245905606,18.395020028225634,10.38479851714517,37.3010584849352,0,0.3277777777777778,0.6908385002252375,0.46955852417209004,2303.786553022862,0.23333333333333334,0.38076682073489965,47,11
Thane,2023-11-27,1,6,12,0.0,-10.439117745894658,8.6639758591439,36.972752560640174,0,0.3277777777777778,0.6908385002252375,0.46955852417209004,2303.786553022862,0.23333333333333334,0.38076682073489965,48,11
Thane,2023-12-04,0,1,7,29.918943397005954,4.268404800214253,7.103874531715504,40.72746523517655,0,0.3277777777777778,0.6908385002252375,0.46955852417209004,2303.786553022862,0.23333333333333334,0.38076682073489965,49,12
Thane,2023-12-11,6,3,9,3.7723266973347513,-3.586073535386307,9.133941319167446,36.5267032331057,0,0.3277777777777778,0.6908385002252375,0.46955852417209004,2303.786553022862,0.23333333333333334,0.38076682073489965,50,12
Thane,2023-12-18,1,4,12,10.604372581472411,-10.953936892160367,11.228227846048975,40.50450767573534,0,0.3277777777777778,0.6908385002252375,0.46955852417209004,2303.786553022862,0.23333333333333334,0.38076682073489965,51,12
Thane,2023-12-25,2,5,14,22.930766532669168,2.653176800779831,6.513759184891098,39.39485792110012,0,0.3277777777777778,0.6908385002252375,0.46955852417209004,2303.786553022862,0.23333333333333334,0.38076682073489965,52,12
Wardha,2022-01-03,1,4,5,18.652935031689154,-12.318548829133482,13.441618480640198,41.59635778925397,0,0.7166666666666667,0.2970877993002856,0.7989172063849236,2125.188011277756,0.7,0.746815989360579,1,1
Wardha,2022-01-10,0,3,7,10.603850525291241,7.0395028099179395,6.929887439765462,35.845998187961165,0,0.7166666666666667,0.2970877993002856,0.7989172063849236,2125.188011277756,0.7,0.746815989360579,2,1
Wardha,2022-01-17,1,3,6,10.527192892821875,-13.547948241879373,5.890713320793774,53.37593595463578,0,0.7166666666666667,0.2970877993002856,0.7989172063849236,2125.188011277756,0.7,0.746815989360579,3,1
Wardha,2022-01-24,1,4,4,23.736636926108254,5.502771571159762,10.527032179562985,41.1422924620677,0,0.7166666666666667,0.2970877993002856,0.7989172063849236,2125.188011277756,0.7,0.746815989360579,4,1
Wardha,2022-01-31,2,4,8,23.447024431724657,5.220641981181359,10.252219061104267,39.407495845097266,0,0.7166666666666667,0.2970877993002856,0.7989172063849236,2125.188011277756,0.7,0.746815989360579,5,1
Wardha,2022-02-07,2,2,8,27.99396981638203,-20.219517723819074,15.215777440534065,41.94837999292563,0,0.7166666666666667,0.2970877993002856,0.7989172063849236,2125.188011277756,0.7,0.746815989360579,6,2
Wardha,2022-02-14,1,1,6,39.998412191374086,-2.7391286768188734,17.19866729316458,34.198809136003554,0,0.7166666666666667,0.2970877993002856,0.7989172063849236,2125.188011277756,0.7,0.746815989360579,7,2
Wardha,2022-02-21,2,4,7,17.58801072579472,-5.499791617847674,15.30555286457514,37.87258183538423,0,0.7166666666666667,0.2970877993002856,0.7989172063849236,2125.188011277756,0.7,0.746815989360579,8,2
Wardha,2022-02-28,2,4,2,17.465335455516595,2.132589920077789,16.461664186787225,42.355294070092434,0,0.7166666666666667,0.2970877993002856,0.7989172063849236,2125.188011277756,0.7,0.746815989360579,9,2
Wardha,2022-03-07,0,5,7,34.532537318545934,1.6827787704766903,20.523252056849124,46.944628804528314,0,0.7166666666666667,0.2970877993002856,0.7989172063849236,2125.188011277756,0.7,0.746815989360579,10,3
Wardha,2022-03-14,0,1,14,16.63646648316721,6.282181171444882,19.672145011615083,39.120635180739725,0,0.7166666666666667,0.2970877993002856,0.7989172063849236,2125.188011277756,0.7,0.746815989360579,11,3
Wardha,2022-03-21,1,3,12,26.98661646992728,8.747413405226759,21.039258684538943,40.52391494170839,0,0.7166666666666667,0.2970877993002856,0.7989172063849236,2125.188011277756,0.7,0.746815989360579,12,3
Wardha,2022-03-28,2,1,4,20.44928817188882,0.26899732873709065,18.910300564941323,39.10881622168474,0,0.7166666666666667,0.2970877993002856,0.7989172063849236,2125.188011277756,0.7,0.746815989360579,13,3
Wardha,2022-04-04,0,4,7,27.46000013762265,4.386234693329128,24.557012606688037,37.862463108704056,0,0.7166666666666667,0.2970877993002856,0.7989172063849236,2125.188011277756,0.7,0.746815989360579,14,4
Wardha,2022-04-11,1,5,8,8.990503692335885,17.2444633481467,25.254445060473824,34.807690009903126,0,0.7166666666666667,0.2970877993002856,0.7989172063849236,2125.188011277756,0.7,0.746815989360579,15,4
Wardha,2022-04-18,2,4,5,2.682088496232687,8.983637004787694,30.116412568053114,51.66345431490049,0,0.7166666666666667,0.2970877993002856,0.7989172063849236,2125.188011277756,0.7,0.746815989360579,16,4
Wardha,2022-04-25,2,5,6,26.767030370643365,-2.373099766654861,25.721639695183907,39.83638154235707,0,0.7166666666666667,0.2970877993002856,0.7989172063849236,2125.188011277756,0.7,0.746815989360579,17,4
Wardha,2022-05-02,1,3,6,18.326201867644002,3.9016520560564283,32.532165250982025,40.47046881358198,0,0.7166666666666667,0.2970877993002856,0.7989172063849236,2125.188011277756,0.7,0.746815989360579,18,5
Wardha,2022-05-09,1,5,4,15.392380213007389,2.594483985170599,34.08523913802574,43.3180478825417,0,0.7166666666666667,0.2970877993002856,0.7989172063849236,2125.188011277756,0.7,0.746815989360579,19,5
Wardha,2022-05-16,2,7,3,18.742106703637948,14.593257997539839,31.561191309665052,40.557484356414456,0,0.7166666666666667,0.2970877993002856,0.7989172063849236,2125.188011277756,0.7,0.746815989360579,20,5
Wardha,2022-05-23,1,2,3,17.054220475841632,5.235865925079683,31.97849995611744,36.35773222248059,0,0.7166666666666667,0.2970877993002856,0.7989172063849236,2125.188011277756,0.7,0.746815989360579,21,5
Wardha,2022-05-30,2,2,4,24.334649400067438,5.464607256869169,30.167380450122547,35.891612752374556,0,0.7166666666666667,0.2970877993002856,0.7989172063849236,2125.188011277756,0.7,0.746815989360579,22,5
Wardha,2022-06-06,6,6,23,103.6822565753089,-29.873597489272324,33.86992721166476,86.1735555492634,1,0.7166666666666667,0.2970877993002856,0.7989172063849236,2125.188011277756,0.7,0.746815989360579,23,6
Wardha,2022-06-13,9,11,25,107.91999001568033,-30.281583862040424,37.05308816978409,74.43819158157096,1,0.7166666666666667,0.2970877993002856,0.7989172063849236,2125.188011277756,0.7,0.746815989360579,24,6
Wardha,2022-06-20,5,6,28,95.29334534608729,8.352362328053932,28.311412128422326,81.3860906135985,1,0.7166666666666667,0.2970877993002856,0.7989172063849236,2125.188011277756,0.7,0.746815989360579,25,6
Wardha,2022-06-27,6,10,26,103.8120443660889,-24.263637953649077,30.895282278,83.56920706546433,1,0.7166666666666667,0.2970877993002856,0.7989172063849236,2125.188011277756,0.7,0.746815989360579,26,6
Wardha,2022-07-04,12,7,24,102.7716336325946,43.39128697032252,31.7348370674817,73.40833281722874,1,0.7166666666666667,0.2970877993002856,0.7989172063849236,2125.188011277756,0.7,0.746815989360579,27,7
Wardha,2022-07-11,6,5,34,113.72604332635902,-54.74992039071715,30.331035524286268,71.5668213620254,1,0.7166666666666667,0.2970877993002856,0.7989172063849236,2125.188011277756,0.7,0.746815989360579,28,7
Wardha,2022-07-18,8,6,20,78.29620954236135,-12.972998923476492,32.37640099372227,83.15712581139071,1,0.7166666666666667,0.2970877993002856,0.7989172063849236,2125.188011277756,0.7,0.746815989360579,29,7
Wardha,2022-07-25,10,6,21,107.24890427451673,-21.49304395250254,28.867793822799992,78.53669455538076,1,0.7166666666666667,0.2970877993002856,0.7989172063849236,2125.188011277756,0.7,0.746815989360579,30,7
Wardha,2022-08-01,9,8,23,92.92046835311035,-20.26870970893047,28.528353970282247,74.49394608424129,1,0.7166666666666667,0.2970877993002856,0.7989172063849236,2125.188011277756,0.7,0.746815989360579,31,8
Wardha,2022-08-08,6,10,15,90.27536692947773,56.07161399518995,25.07173903047868,84.1584330913656,1,0.7166666666666667,0.2970877993002856,0.7989172063849236,2125.188011277756,0.7,0.746815989360579,32,8
Wardha,2022-08-15,5,7,28,97.02551808581197,-42.79938367620331,21.090838815988853,78.4580621555527,1,0.7166666666666667,0.2970877993002856,0.7989172063849236,2125.188011277756,0.7,0.746815989360579,33,8
Wardha,2022-08-22,8,9,30,102.51812865966473,4.183783758049147,26.233615940016165,86.53904032989877,1,0.7166666666666667,0.2970877993002856,0.7989172063849236,2125.188011277756,0.7,0.746815989360579,34,8
Wardha,2022-08-29,6,10,26,92.24612464274782,0.4649563422077353,25.130504640427635,80.78062317687198,1,0.7166666666666667,0.2970877993002856,0.7989172063849236,2125.188011277756,0.7,0.746815989360579,35,8
Wardha,2022-09-05,6,6,32,95.79463430738254,-35.73859177206073,22.451018901027997,73.46981814534375,1,0.7166666666666667,0.2970877993002856,0.7989172063849236,2125.188011277756,0.7,0.746815989360579,36,9
Wardha,2022-09-12,7,6,17,109.72190710923543,-20.335814558013894,21.314437666482007,78.09647061551507,1,0.7166666666666667,0.2970877993002856,0.7989172063849236,2125.188011277756,0.7,0.746815989360579,37,9
Wardha,2022-09-19,10,10,25,100.69407672335412,8.146207182710913,22.677541947434953,80.00698296485479,1,0.7166666666666667,0.2970877993002856,0.7989172063849236,2125.188011277756,0.7,0.746815989360579,38,9
Wardha,2022-09-26,7,8,17,74.50456458722752,18.662265764348085,18.279292977717795,74.36622022737437,1,0.7166666666666667,0.2970877993002856,0.7989172063849236,2125.188011277756,0.7,0.746815989360579,39,9
Wardha,2022-10-03,1,4,7,16.47264880238388,-15.533072278339946,15.006360457815479,46.82413945067716,0,0.7166666666666667,0.2970877993002856,0.7989172063849236,2125.188011277756,0.7,0.746815989360579,40,10
Wardha,2022-10-10,0,2,7,19.97335180016223,1.4703042699305668,14.950778446586645,41.41774103539949,0,0.7166666666666667,0.2970877993002856,0.7989172063849236,2125.188011277756,0.7,0.746815989360579,41,10
Wardha,2022-10-17,1,4,9,28.380654010000406,14.673432891231052,15.946054266386657,39.15454293803572,0,0.7166666666666667,0.2970877993002856,0.7989172063849236,2125.188011277756,0.7,0.746815989360579,42,10
Wardha,2022-10-24,1,5,9,36.48653823216804,1.420881400688716,13.188713986831642,34.371827846000485,0,0.7166666666666667,0.2970877993002856,0.7989172063849236,2125.188011277756,0.7,0.746815989360579,43,10
Wardha,2022-10-31,1,0,5,33.817192142426386,12.419671910960247,12.011192678942212,52.34515450686774,0,0.7166666666666667,0.2970877993002856,0.7989172063849236,2125.188011277756,0.7,0.746815989360579,44,10
Wardha,2022-11-07,5,0,8,34.395651721478885,-4.572066170791212,9.766172127609973,36.69843528451251,0,0.7166666666666667,0.2970877993002856,0.7989172063849236,2125.188011277756,0.7,0.746815989360579,45,11
Wardha,2022-11-14,1,2,6,25.163263666035114,2.2570361578830997,11.219345378666748,33.483937515484754,0,0.7166666666666667,0.2970877993002856,0.7989172063849236,2125.188011277756,0.7,0.746815989360579,46,11
Wardha,2022-11-21,1,5,5,1.3035849597232776,-6.167434846171691,11.192304717795842,34.37132823506865,0,0.7166666666666667,0.2970877993002856,0.7989172063849236,2125.188011277756,0.7,0.746815989360579,47,11
Wardha,2022-11-28,1,2,7,21.366005568127118,9.348706822401084,10.932460556566756,39.599835562459454,0,0.7166666666666667,0.2970877993002856,0.7989172063849236,2125.188011277756,0.7,0.746815989360579,48,11
Wardha,2022-12-05,2,4,8,11.442156380117801,-27.06979802989683,6.853036412118351,43.9122847070519,0,0.7166666666666667,0.2970877993002856,0.7989172063849236,2125.188011277756,0.7,0.746815989360579,49,12
Wardha,2022-12-12,2,1,7,18.324674796708372,15.126028716490366,7.67579471998803,37.4377353717412,0,0.7166666666666667,0.2970877993002856,0.7989172063849236,2125.188011277756,0.7,0.746815989360579,50,12
Wardha,2022-12-19,0,1,11,31.540213572636873,-21.28717853578728,9.591098308091414,28.574617809529517,0,0.7166666666666667,0.2970877993002856,0.7989172063849236,2125.188011277756,0.7,0.746815989360579,51,12
Wardha,2022-12-26,1,1,11,24.351871973407555,-6.36507150143211,3.8953370702894725,45.37578517183871,0,0.7166666666666667,0.2970877993002856,0.7989172063849236,2125.188011277756,0.7,0.746815989360579,52,12
Wardha,2023-01-02,4,4,7,19.695110153671227,-2.0548071397594745,10.005731581619813,43.20389315167964,0,0.7166666666666667,0.2970877993002856,0.7989172063849236,2125.188011277756,0.7,0.746815989360579,1,1
Wardha,2023-01-09,3,4,8,43.31478158431534,7.359722532720889,15.58729136299106,46.75795487397692,0,0.7166666666666667,0.2970877993002856,0.7989172063849236,2125.188011277756,0.7,0.746815989360579,2,1
Wardha,2023-01-16,4,1,7,15.392382434780874,-4.513169973428523,10.503284468975865,40.1416823553027,0,0.7166666666666667,0.2970877993002856,0.7989172063849236,2125.188011277756,0.7,0.746815989360579,3,1
Wardha,2023-01-23,1,1,6,1.7684895252166797,2.724736398730698,12.188653239485486,46.130006715699885,0,0.7166666666666667,0.2970877993002856,0.7989172063849236,2125.188011277756,0.7,0.746815989360579,4,1
Wardha,2023-01-30,2,1,10,5.945916662827543,1.169922332953073,10.32112322806527,36.78535552474114,0,0.7166666666666667,0.2970877993002856,0.7989172063849236,2125.188011277756,0.7,0.746815989360579,5,1
Wardha,2023-02-06,1,2,6,35.37201788537551,-6.119825939878584,12.229582721727066,41.42605052924946,0,0.7166666666666667,0.2970877993002856,0.7989172063849236,2125.188011277756,0.7,0.746815989360579,6,2
Wardha,2023-02-13,0,3,7,36.914999606031884,3.444735430031141,14.444686230490033,47.54721364597306,0,0.7166666666666667,0.2970877993002856,0.7989172063849236,2125.188011277756,0.7,0.746815989360579,7,2
Wardha,2023-02-20,2,2,12,7.642916641562191,0.9844473674382062,16.992564603089075,47.07900757892962,0,0.7166666666666667,0.2970877993002856,0.7989172063849236,2125.188011277756,0.7,0.746815989360579,8,2
Wardha,2023-02-27,2,4,3,14.775883161901156,6.099434266538607,16.494865218622806,42.759104832871444,0,0.7166666666666667,0.2970877993002856,0.7989172063849236,2125.188011277756,0.7,0.746815989360579,9,2
Wardha,2023-03-06,3,4,7,25.11777259620139,5.317076041392266,19.688876859915364,33.53412754187868,0,0.7166666666666667,0.2970877993002856,0.7989172063849236,2125.188011277756,0.7,0.746815989360579,10,3
Wardha,2023-03-13,1,5,4,8.772225591821474,0.1501895712552844,20.25521391465513,54.44563340624926,0,0.7166666666666667,0.2970877993002856,0.7989172063849236,2125.188011277756,0.7,0.746815989360579,11,3
Wardha,2023-03-20,0,3,6,17.29048324914721,3.8509826302327617,23.42257269664897,42.05572627344247,0,0.7166666666666667,0.2970877993002856,0.7989172063849236,2125.188011277756,0.7,0.746815989360579,12,3
Wardha,2023-03-27,3,2,10,37.87876146661833,9.702985924729507,19.28810626756187,37.4070528176123,0,0.7166666666666667,0.2970877993002856,0.7989172063849236,2125.188011277756,0.7,0.746815989360579,13,3
Wardha,2023-04-03,0,3,3,21.07953157973217,-5.494812532972576,26.73718868992561,36.52747282228523,0,0.7166666666666667,0.2970877993002856,0.7989172063849236,2125.188011277756,0.7,0.746815989360579,14,4
Wardha,2023-04-10,3,4,6,40.098291074861486,-3.3169733660994387,25.38358469166973,39.825239631948094,0,0.7166666666666667,0.2970877993002856,0.7989172063849236,2125.188011277756,0.7,0.746815989360579,15,4
Wardha,2023-04-17,3,5,4,17.51941488631901,13.420887746399535,24.61361555585024,37.836537593253375,0,0.7166666666666667,0.2970877993002856,0.7989172063849236,2125.188011277756,0.7,0.746815989360579,16,4
Wardha,2023-04-24,1,4,4,9.57379464765111,-4.48266397300541,26.020129347296294,38.447543686099046,0,0.7166666666666667,0.2970877993002856,0.7989172063849236,2125.188011277756,0.7,0.746815989360579,17,4
Wardha,2023-05-01,1,7,4,21.037697964522824,-13.08492467164664,28.685313765381892,35.55410998085941,0,0.7166666666666667,0.2970877993002856,0.7989172063849236,2125.188011277756,0.7,0.746815989360579,18,5
Wardha,2023-05-08,1,5,2,14.082590476787876,-0.9540799491741058,30.780481937572794,35.34769480440879,0,0.7166666666666667,0.2970877993002856,0.7989172063849236,2125.188011277756,0.7,0.746815989360579,19,5
Wardha,2023-05-15,4,4,6,23.65078834331831,-5.438892479530243,30.468095711207955,38.64021374366165,0,0.7166666666666667,0.2970877993002856,0.7989172063849236,2125.188011277756,0.7,0.746815989360579,20,5
Wardha,2023-05-22,0,2,8,24.417176273622246,-2.4714791650192804,30.190872021531206,46.68172043578962,0,0.7166666666666667,0.2970877993002856,0.7989172063849236,2125.188011277756,0.7,0.746815989360579,21,5
Wardha,2023-05-29,1,5,5,7.0896219221677015,-2.87312675396056,34.241119879221124,38.37693001626272,0,0.7166666666666667,0.2970877993002856,0.7989172063849236,2125.188011277756,0.7,0.746815989360579,22,5
Wardha,2023-06-05,4,10,24,82.05175210930318,9.509997865128083,31.754535226009704,79.40110523436748,1,0.7166666666666667,0.2970877993002856,0.7989172063849236,2125.188011277756,0.7,0.746815989360579,23,6
Wardha,2023-06-12,4,11,27,85.76266562843153,-41.19542144596816,32.0063702080653,84.62503480012259,1,0.7166666666666667,0.2970877993002856,0.7989172063849236,2125.188011277756,0.7,0.746815989360579,24,6
Wardha,2023-06-19,4,11,23,91.77786608667117,-7.0752782266473515,31.29313237168526,84.81980178000005,1,0.7166666666666667,0.2970877993002856,0.7989172063849236,2125.188011277756,0.7,0.746815989360579,25,6
Wardha,2023-06-26,6,5,26,96.43036466669163,-24.88989197341221,30.934497382941643,72.38177358335682,1,0.7166666666666667,0.2970877993002856,0.7989172063849236,2125.188011277756,0.7,0.746815989360579,26,6
Wardha,2023-07-03,5,9,22,101.7199421456086,20.150097647453055,33.35067718633456,81.49590959752064,1,0.7166666666666667,0.2970877993002856,0.7989172063849236,2125.188011277756,0.7,0.746815989360579,27,7
Wardha,2023-07-10,10,12,35,103.6471251527633,16.88813882048973,31.5378394087908,79.86270022239925,1,0.7166666666666667,0.2970877993002856,0.7989172063849236,2125.188011277756,0.7,0.746815989360579,28,7
Wardha,2023-07-17,6,11,25,108.6406770490995,-7.556546453462495,32.21994333374538,85.1156343869312,1,0.7166666666666667,0.2970877993002856,0.7989172063849236,2125.188011277756,0.7,0.746815989360579,29,7
Wardha,2023-07-24,5,9,34,100.41086884119517,-60.820087175645746,29.52963668222581,84.61905889607884,1,0.7166666666666667,0.2970877993002856,0.7989172063849236,2125.188011277756,0.7,0.746815989360579,30,7
Wardha,2023-07-31,9,6,30,113.19685928065552,13.065278184265432,29.480993441265486,71.1819491780191,1,0.7166666666666667,0.2970877993002856,0.7989172063849236,2125.188011277756,0.7,0.746815989360579,31,7
Wardha,2023-08-07,5,12,19,100.49811968522646,-7.17147576940846,24.08669077046087,81.12228689749935,1,0.7166666666666667,0.2970877993002856,0.7989172063849236,2125.188011277756,0.7,0.746815989360579,32,8
Wardha,2023-08-14,8,6,34,104.39960860623823,-32.475326640229504,22.908744092675253,86.886753234741,1,0.7166666666666667,0.2970877993002856,0.7989172063849236,2125.188011277756,0.7,0.746815989360579,33,8
Wardha,2023-08-21,12,8,27,119.63527020528274,-50.11206044407419,27.84583048566909,84.20065688478203,1,0.7166666666666667,0.2970877993002856,0.7989172063849236,2125.188011277756,0.7,0.746815989360579,34,8
Wardha,2023-08-28,8,11,26,102.09823512955066,-42.792657196652264,29.351163731248363,80.29304522313521,1,0.7166666666666667,0.2970877993002856,0.7989172063849236,2125.188011277756,0.7,0.746815989360579,35,8
Wardha,2023-09-04,6,6,21,99.16918842039262,47.56196069099695,21.50252025481398,81.0149076265688,1,0.7166666666666667,0.2970877993002856,0.7989172063849236,2125.188011277756,0.7,0.746815989360579,36,9
Wardha,2023-09-11,3,3,27,112.4701846492423,22.542422764961685,19.669025803881187,79.28292632640685,1,0.7166666666666667,0.2970877993002856,0.7989172063849236,2125.188011277756,0.7,0.746815989360579,37,9
Wardha,2023-09-18,9,5,15,82.75865876059653,-24.095407011103635,16.165901884571838,89.00409108067917,1,0.7166666666666667,0.2970877993002856,0.7989172063849236,2125.188011277756,0.7,0.746815989360579,38,9
Wardha,2023-09-25,8,4,30,95.92118939797996,-5.7590080700017285,18.49135393203302,79.47968676166897,1,0.7166666666666667,0.2970877993002856,0.7989172063849236,2125.188011277756,0.7,0.746815989360579,39,9
Wardha,2023-10-02,5,1,5,32.42080728692548,-11.472775297129038,10.949051345332343,43.155846283266094,0,0.7166666666666667,0.2970877993002856,0.7989172063849236,2125.188011277756,0.7,0.746815989360579,40,10
Wardha,2023-10-09,1,3,6,7.701907918878128,-12.307050568394562,13.805530230147218,36.51585700378931,0,0.7166666666666667,0.2970877993002856,0.7989172063849236,2125.188011277756,0.7,0.746815989360579,41,10
Wardha,2023-10-16,1,4,10,27.87691319350813,3.3747746205142946,13.44223142764144,44.5882995945943,0,0.7166666666666667,0.2970877993002856,0.7989172063849236,2125.188011277756,0.7,0.746815989360579,42,10
Wardha,2023-10-23,1,2,6,19.43685020487749,12.73952121410227,12.078334149786684,41.13394559669219,0,0.7166666666666667,0.2970877993002856,0.7989172063849236,2125.188011277756,0.7,0.746815989360579,43,10
Wardha,2023-10-30,3,5,12,19.779414381370202,4.474240103906343,14.539759468764291,26.996572805425277,0,0.7166666666666667,0.2970877993002856,0.7989172063849236,2125.188011277756,0.7,0.746815989360579,44,10
Wardha,2023-11-06,1,5,14,26.667149085173207,-2.744868606626122,12.442007195355442,33.99084385047779,0,0.7166666666666667,0.2970877993002856,0.7989172063849236,2125.188011277756,0.7,0.746815989360579,45,11
Wardha,2023-11-13,1,1,4,7.445398159712653,6.10359494552212,10.135715499577554,35.98230924192089,0,0.7166666666666667,0.2970877993002856,0.7989172063849236,2125.188011277756,0.7,0.746815989360579,46,11
Wardha,2023-11-20,2,1,7,36.82163008242854,-9.999415330903345,9.910561260632669,42.70309917629784,0,0.7166666666666667,0.2970877993002856,0.7989172063849236,2125.188011277756,0.7,0.746815989360579,47,11
Wardha,2023-11-27,1,3,8,35.90439592317512,1.1956818771190498,8.045775411791457,41.99926681109963,0,0.7166666666666667,0.2970877993002856,0.7989172063849236,2125.188011277756,0.7,0.746815989360579,48,11
Wardha,2023-12-04,0,2,6,26.15667475032209,-9.244377758430142,10.513123186606279,36.38367853127973,0,0.7166666666666667,0.2970877993002856,0.7989172063849236,2125.188011277756,0.7,0.746815989360579,49,12
Wardha,2023-12-11,0,3,10,29.900326295936196,-9.416213849582405,2.9450572584483563,46.19760052850515,0,0.7166666666666667,0.2970877993002856,0.7989172063849236,2125.188011277756,0.7,0.746815989360579,50,12
Wardha,2023-12-18,1,0,8,28.128314291449637,0.9908403810840596,5.097333913806891,34.14528716528639,0,0.7166666666666667,0.2970877993002856,0.7989172063849236,2125.188011277756,0.7,0.746815989360579,51,12
Wardha,2023-12-25,3,2,5,25.054312643551462,-10.718012950311262,10.609064090595066,39.46800121192408,0,0.7166666666666667,0.2970877993002856,0.7989172063849236,2125.188011277756,0.7,0.746815989360579,52,12
Washim,2022-01-03,1,2,7,12.093325654121214,7.255701554179827,12.555395801397877,38.58024587544691,0,0.675,0.31173716948187963,0.7459654465106005,1212.7081295440917,0.6499999999999999,0.7060387447078643,1,1
Washim,2022-01-10,1,2,3,19.889958466253518,-2.121080474276569,10.260473366969523,42.559996906462885,0,0.675,0.31173716948187963,0.7459654465106005,1212.7081295440917,0.6499999999999999,0.7060387447078643,2,1
Washim,2022-01-17,1,1,5,14.180539733601314,-9.162802425133771,8.234420591196152,33.38158414721154,0,0.675,0.31173716948187963,0.7459654465106005,1212.7081295440917,0.6499999999999999,0.7060387447078643,3,1
Washim,2022-01-24,2,5,11,4.543883290242523,2.202853915664969,6.427988965176578,39.576837206598945,0,0.675,0.31173716948187963,0.7459654465106005,1212.7081295440917,0.6499999999999999,0.7060387447078643,4,1
Washim,2022-01-31,1,2,10,33.78140792785401,11.314593499630728,6.843114200691363,32.024748628811906,0,0.675,0.31173716948187963,0.7459654465106005,1212.7081295440917,0.6499999999999999,0.7060387447078643,5,1
Washim,2022-02-07,0,3,2,18.326960236678566,-6.114552420220555,15.774386121454695,41.84852499154342,0,0.675,0.31173716948187963,0.7459654465106005,1212.7081295440917,0.6499999999999999,0.7060387447078643,6,2
Washim,2022-02-14,1,0,5,34.990093275886096,20.52605407639758,14.783353286899372,42.75101515109695,0,0.675,0.31173716948187963,0.7459654465106005,1212.7081295440917,0.6499999999999999,0.7060387447078643,7,2
Washim,2022-02-21,3,4,8,22.882692840525614,-1.6821516580672196,12.201223460867887,35.81350239770979,0,0.675,0.31173716948187963,0.7459654465106005,1212.7081295440917,0.6499999999999999,0.7060387447078643,8,2
Washim,2022-02-28,0,4,4,1.4881901646807059,8.586228472554598,11.982321219411329,41.52401787517272,0,0.675,0.31173716948187963,0.7459654465106005,1212.7081295440917,0.6499999999999999,0.7060387447078643,9,2
Washim,2022-03-07,4,4,7,40.322894731940735,10.11124965019643,16.022233423441207,44.0258798869939,0,0.675,0.31173716948187963,0.7459654465106005,1212.7081295440917,0.6499999999999999,0.7060387447078643,10,3
Washim,2022-03-14,1,4,9,23.042090707590035,8.085866706043422,21.39064799420036,44.00621594785511,0,0.675,0.31173716948187963,0.7459654465106005,1212.7081295440917,0.6499999999999999,0.7060387447078643,11,3
Washim,2022-03-21,1,4,11,5.686015717085038,19.834174359506658,18.793055517542445,42.30920227653526,0,0.675,0.31173716948187963,0.7459654465106005,1212.7081295440917,0.6499999999999999,0.7060387447078643,12,3
Washim,2022-03-28,2,0,9,15.834304436116827,-6.480316042799962,15.43903576951525,44.63458060178761,0,0.675,0.31173716948187963,0.7459654465106005,1212.7081295440917,0.6499999999999999,0.7060387447078643,13,3
Washim,2022-04-04,5,5,4,18.493765813408004,6.7573873031650695,27.849308001661583,36.208388984067355,0,0.675,0.31173716948187963,0.7459654465106005,1212.7081295440917,0.6499999999999999,0.7060387447078643,14,4
Washim,2022-04-11,4,6,7,17.32240913234781,25.736731148352256,24.0239768677977,32.80966677579542,0,0.675,0.31173716948187963,0.7459654465106005,1212.7081295440917,0.6499999999999999,0.7060387447078643,15,4
Washim,2022-04-18,2,6,5,14.032091548236007,17.724731291386195,25.592592836223044,45.149977427749675,0,0.675,0.31173716948187963,0.7459654465106005,1212.7081295440917,0.6499999999999999,0.7060387447078643,16,4
Washim,2022-04-25,1,1,9,23.246534695688574,13.579502847092044,25.170045192674802,37.43043545997738,0,0.675,0.31173716948187963,0.7459654465106005,1212.7081295440917,0.6499999999999999,0.7060387447078643,17,4
Washim,2022-05-02,2,6,6,21.83805272075916,-2.784216868110171,30.630555794203925,40.831880049559985,0,0.675,0.31173716948187963,0.7459654465106005,1212.7081295440917,0.6499999999999999,0.7060387447078643,18,5
Washim,2022-05-09,0,5,5,19.1320019913783,-0.3227479930744325,33.19272812311423,40.26666361166738,0,0.675,0.31173716948187963,0.7459654465106005,1212.7081295440917,0.6499999999999999,0.7060387447078643,19,5
Washim,2022-05-16,2,8,8,26.963319901258938,9.402813402982929,29.185778409442047,30.525536778970164,0,0.675,0.31173716948187963,0.7459654465106005,1212.7081295440917,0.6499999999999999,0.7060387447078643,20,5
Washim,2022-05-23,3,6,6,9.595745541288368,8.356046816677322,30.353848891706335,36.88118545531415,0,0.675,0.31173716948187963,0.7459654465106005,1212.7081295440917,0.6499999999999999,0.7060387447078643,21,5
Washim,2022-05-30,3,2,4,19.800823862256212,-0.026949428087797045,31.36705122570582,47.6529150858712,0,0.675,0.31173716948187963,0.7459654465106005,1212.7081295440917,0.6499999999999999,0.7060387447078643,22,5
Washim,2022-06-06,8,2,21,114.43389914993074,-5.807426960903614,36.00201400333386,80.27992119781636,1,0.675,0.31173716948187963,0.7459654465106005,1212.7081295440917,0.6499999999999999,0.7060387447078643,23,6
Washim,2022-06-13,5,14,24,101.12506525032933,12.627444496671973,31.9475142155868,72.08013593727108,1,0.675,0.31173716948187963,0.7459654465106005,1212.7081295440917,0.6499999999999999,0.7060387447078643,24,6
Washim,2022-06-20,8,13,13,91.0219825448065,-37.38703762598401,33.76997529505774,77.35493236630332,1,0.675,0.31173716948187963,0.7459654465106005,1212.7081295440917,0.6499999999999999,0.7060387447078643,25,6
Washim,2022-06-27,7,4,36,91.7007123085133,-4.604867209088925,28.079248953303274,85.496697139085,1,0.675,0.31173716948187963,0.7459654465106005,1212.7081295440917,0.6499999999999999,0.7060387447078643,26,6
Washim,2022-07-04,13,9,27,98.03230945847727,-12.301079678371813,29.499096337685526,79.29422163507883,1,0.675,0.31173716948187963,0.7459654465106005,1212.7081295440917,0.6499999999999999,0.7060387447078643,27,7
Washim,2022-07-11,5,4,30,79.70561494723434,-3.136535533278014,28.31731537081642,87.23256540701935,1,0.675,0.31173716948187963,0.7459654465106005,1212.7081295440917,0.6499999999999999,0.7060387447078643,28,7
Washim,2022-07-18,6,5,32,104.93145932557474,5.862619175492453,32.24419943296309,87.61518564084193,1,0.675,0.31173716948187963,0.7459654465106005,1212.7081295440917,0.6499999999999999,0.7060387447078643,29,7
Washim,2022-07-25,8,6,32,102.49105226876942,-3.949052584665466,27.814782052971307,81.49338618371851,1,0.675,0.31173716948187963,0.7459654465106005,1212.7081295440917,0.6499999999999999,0.7060387447078643,30,7
Washim,2022-08-01,4,10,26,89.3904784935824,31.673074969980885,26.16520299142191,81.46076076331568,1,0.675,0.31173716948187963,0.7459654465106005,1212.7081295440917,0.6499999999999999,0.7060387447078643,31,8
Washim,2022-08-08,5,9,29,104.55320949835968,-20.2636672646875,30.360745298269038,83.01198329264153,1,0.675,0.31173716948187963,0.7459654465106005,1212.7081295440917,0.6499999999999999,0.7060387447078643,32,8
Washim,2022-08-15,4,9,25,97.41654060396527,-5.651103583343414,26.64781882584424,80.56035396832274,1,0.675,0.31173716948187963,0.7459654465106005,1212.7081295440917,0.6499999999999999,0.7060387447078643,33,8
Washim,2022-08-22,12,4,35,100.90631588600127,0.7214752821429726,25.89355043963032,72.16282495901638,1,0.675,0.31173716948187963,0.7459654465106005,1212.7081295440917,0.6499999999999999,0.7060387447078643,34,8
Washim,2022-08-29,3,5,21,114.23810707688659,-1.1199669925378348,22.89994427898383,87.58238109897776,1,0.675,0.31173716948187963,0.7459654465106005,1212.7081295440917,0.6499999999999999,0.7060387447078643,35,8
Washim,2022-09-05,8,8,28,125.59317057717604,-9.435178022174787,19.814524352139134,71.9919116035105,1,0.675,0.31173716948187963,0.7459654465106005,1212.7081295440917,0.6499999999999999,0.7060387447078643,36,9
Washim,2022-09-12,7,6,29,85.0168203605304,21.64529680167661,21.140698198134473,76.28609232743013,1,0.675,0.31173716948187963,0.7459654465106005,1212.7081295440917,0.6499999999999999,0.7060387447078643,37,9
Washim,2022-09-19,3,6,30,90.67650122494506,47.12621240655034,19.98230023210866,82.80694781846366,1,0.675,0.31173716948187963,0.7459654465106005,1212.7081295440917,0.6499999999999999,0.7060387447078643,38,9
Washim,2022-09-26,5,7,23,99.85787121398812,-44.164723463523025,20.728827273134947,81.12396679389377,1,0.675,0.31173716948187963,0.7459654465106005,1212.7081295440917,0.6499999999999999,0.7060387447078643,39,9
Washim,2022-10-03,4,2,6,16.282724129319156,-19.98912805741856,12.467492873443485,46.93192911972247,0,0.675,0.31173716948187963,0.7459654465106005,1212.7081295440917,0.6499999999999999,0.7060387447078643,40,10
Washim,2022-10-10,0,1,2,0.0,7.461198660817001,13.750535943585188,44.58405432037226,0,0.675,0.31173716948187963,0.7459654465106005,1212.7081295440917,0.6499999999999999,0.7060387447078643,41,10
Washim,2022-10-17,0,2,3,17.20699413103893,-15.603217623856713,13.084347188456535,32.37902967723491,0,0.675,0.31173716948187963,0.7459654465106005,1212.7081295440917,0.6499999999999999,0.7060387447078643,42,10
Washim,2022-10-24,4,3,7,36.09611062842807,-3.6605427637339805,13.795382496486996,36.243035478778935,0,0.675,0.31173716948187963,0.7459654465106005,1212.7081295440917,0.6499999999999999,0.7060387447078643,43,10
Washim,2022-10-31,1,2,6,24.695375358767617,-8.275308452183113,10.728713211463543,33.460747436725626,0,0.675,0.31173716948187963,0.7459654465106005,1212.7081295440917,0.6499999999999999,0.7060387447078643,44,10
Washim,2022-11-07,2,2,3,14.042306064612195,4.3237987848511645,9.691738178088434,44.87384140652667,0,0.675,0.31173716948187963,0.7459654465106005,1212.7081295440917,0.6499999999999999,0.7060387447078643,45,11
Washim,2022-11-14,1,0,9,13.237073512491262,15.009062001101164,10.506744471250025,38.27326615223717,0,0.675,0.31173716948187963,0.7459654465106005,1212.7081295440917,0.6499999999999999,0.7060387447078643,46,11
Washim,2022-11-21,3,2,8,17.5299421460255,12.513106693327742,10.012471725803717,39.824370167221744,0,0.675,0.31173716948187963,0.7459654465106005,1212.7081295440917,0.6499999999999999,0.7060387447078643,47,11
Washim,2022-11-28,1,2,9,25.345870803379796,-1.7080610354131704,5.5734730829108825,39.968977302941646,0,0.675,0.31173716948187963,0.7459654465106005,1212.7081295440917,0.6499999999999999,0.7060387447078643,48,11
Washim,2022-12-05,1,6,8,9.828830416262553,12.7295927280718,9.549836270212733,39.915966962162535,0,0.675,0.31173716948187963,0.7459654465106005,1212.7081295440917,0.6499999999999999,0.7060387447078643,49,12
Washim,2022-12-12,2,3,6,13.096714087316755,15.80542166559326,7.595460045558709,39.94136914335792,0,0.675,0.31173716948187963,0.7459654465106005,1212.7081295440917,0.6499999999999999,0.7060387447078643,50,12
Washim,2022-12-19,0,0,3,25.66620980047893,-0.5325291754741592,5.611710107294064,39.17251183976087,0,0.675,0.31173716948187963,0.7459654465106005,1212.7081295440917,0.6499999999999999,0.7060387447078643,51,12
Washim,2022-12-26,2,4,4,6.2137453122853294,-9.378598669187042,11.072931244298605,37.40136558498267,0,0.675,0.31173716948187963,0.7459654465106005,1212.7081295440917,0.6499999999999999,0.7060387447078643,52,12
Washim,2023-01-02,1,2,7,21.29028073065633,2.9552662571168185,8.928593589594676,44.57846282233368,0,0.675,0.31173716948187963,0.7459654465106005,1212.7081295440917,0.6499999999999999,0.7060387447078643,1,1
Washim,2023-01-09,1,2,9,28.57960824081402,7.225382916123185,9.841863748086553,40.45728732024679,0,0.675,0.31173716948187963,0.7459654465106005,1212.7081295440917,0.6499999999999999,0.7060387447078643,2,1
Washim,2023-01-16,1,4,6,18.58472598630599,8.774312017195829,8.214151199032887,33.52054213794449,0,0.675,0.31173716948187963,0.7459654465106005,1212.7081295440917,0.6499999999999999,0.7060387447078643,3,1
Washim,2023-01-23,0,2,3,17.143435708204592,0.8863675165390346,11.37303490660846,37.50468777145909,0,0.675,0.31173716948187963,0.7459654465106005,1212.7081295440917,0.6499999999999999,0.7060387447078643,4,1
Washim,2023-01-30,3,4,13,28.845183607643,15.746739534791407,9.947916574601102,39.770015606849306,0,0.675,0.31173716948187963,0.7459654465106005,1212.7081295440917,0.6499999999999999,0.7060387447078643,5,1
Washim,2023-02-06,1,4,2,7.309082606343306,-0.32198422132124416,12.960150452756952,38.951594753272545,0,0.675,0.31173716948187963,0.7459654465106005,1212.7081295440917,0.6499999999999999,0.7060387447078643,6,2
Washim,2023-02-13,2,1,13,17.460650629772182,-4.929985025213459,13.186415163927856,36.624185395387215,0,0.675,0.31173716948187963,0.7459654465106005,1212.7081295440917,0.6499999999999999,0.7060387447078643,7,2
Washim,2023-02-20,2,2,7,25.12472631247528,-5.735430988345036,13.03961686529455,42.08251866027072,0,0.675,0.31173716948187963,0.7459654465106005,1212.7081295440917,0.6499999999999999,0.7060387447078643,8,2
Washim,2023-02-27,3,9,6,19.973432332044787,2.117022147252802,16.611676808411698,32.872379412850094,0,0.675,0.31173716948187963,0.7459654465106005,1212.7081295440917,0.6499999999999999,0.7060387447078643,9,2
Washim,2023-03-06,3,3,9,37.37555034271432,5.568426345991586,16.68707237791514,38.42480740794369,0,0.675,0.31173716948187963,0.7459654465106005,1212.7081295440917,0.6499999999999999,0.7060387447078643,10,3
Washim,2023-03-13,0,6,6,12.941894535172008,10.890277036725296,21.31949852139754,43.11897185207323,0,0.675,0.31173716948187963,0.7459654465106005,1212.7081295440917,0.6499999999999999,0.7060387447078643,11,3
Washim,2023-03-20,2,5,6,16.528626943902996,-7.498913885274316,18.30142893781022,52.948334432588545,0,0.675,0.31173716948187963,0.7459654465106005,1212.7081295440917,0.6499999999999999,0.7060387447078643,12,3
Washim,2023-03-27,0,6,9,10.39848244501334,-4.797690019609236,18.482672408412075,39.68684881380942,0,0.675,0.31173716948187963,0.7459654465106005,1212.7081295440917,0.6499999999999999,0.7060387447078643,13,3
Washim,2023-04-03,2,1,5,3.7730210474521613,-11.350149883278903,27.851872950452872,38.70467324309818,0,0.675,0.31173716948187963,0.7459654465106005,1212.7081295440917,0.6499999999999999,0.7060387447078643,14,4
Washim,2023-04-10,3,4,8,37.496265860163106,-8.784885207392154,28.37687551024851,39.91052085854007,0,0.675,0.31173716948187963,0.7459654465106005,1212.7081295440917,0.6499999999999999,0.7060387447078643,15,4
Washim,2023-04-17,3,2,7,23.915747100634633,17.016645921304768,26.3483955810683,34.796303299929804,0,0.675,0.31173716948187963,0.7459654465106005,1212.7081295440917,0.6499999999999999,0.7060387447078643,16,4
Washim,2023-04-24,2,8,10,34.05898420242545,4.665649240509271,25.789534849531968,37.6334339093195,0,0.675,0.31173716948187963,0.7459654465106005,1212.7081295440917,0.6499999999999999,0.7060387447078643,17,4
Washim,2023-05-01,5,3,6,29.656145652920532,-9.949262574872549,29.88730915188528,39.81256368009789,0,0.675,0.31173716948187963,0.7459654465106005,1212.7081295440917,0.6499999999999999,0.7060387447078643,18,5
Washim,2023-05-08,2,2,10,31.623273716741096,10.940043855527113,30.99965159975005,42.63334097699705,0,0.675,0.31173716948187963,0.7459654465106005,1212.7081295440917,0.6499999999999999,0.7060387447078643,19,5
Washim,2023-05-15,1,3,5,16.892892381640948,-3.6002541989847203,30.407842100181902,34.219011375990256,0,0.675,0.31173716948187963,0.7459654465106005,1212.7081295440917,0.6499999999999999,0.7060387447078643,20,5
Washim,2023-05-22,5,5,7,39.271964587643126,14.145781216710901,26.091538527542866,34.947291169042174,0,0.675,0.31173716948187963,0.7459654465106005,1212.7081295440917,0.6499999999999999,0.7060387447078643,21,5
Washim,2023-05-29,1,8,4,15.875997383266604,-14.715394319789262,31.277701523595432,37.539163519461205,0,0.675,0.31173716948187963,0.7459654465106005,1212.7081295440917,0.6499999999999999,0.7060387447078643,22,5
Washim,2023-06-05,6,14,28,96.23555720382737,4.608306955418621,29.358611254369688,80.72955316847597,1,0.675,0.31173716948187963,0.7459654465106005,1212.7081295440917,0.6499999999999999,0.7060387447078643,23,6
Washim,2023-06-12,5,7,28,88.96666699148497,0.9590976686828594,30.549666121041117,78.97824092772592,1,0.675,0.31173716948187963,0.7459654465106005,1212.7081295440917,0.6499999999999999,0.7060387447078643,24,6
Washim,2023-06-19,5,8,21,103.11272916377226,42.109705676321404,29.27240015695049,73.02716378073683,1,0.675,0.31173716948187963,0.7459654465106005,1212.7081295440917,0.6499999999999999,0.7060387447078643,25,6
Washim,2023-06-26,8,8,23,99.45975238823733,-41.72031584895274,32.89767865133891,79.46460528744032,1,0.675,0.31173716948187963,0.7459654465106005,1212.7081295440917,0.6499999999999999,0.7060387447078643,26,6
Washim,2023-07-03,10,7,31,104.67075648987161,-19.50310975241648,29.752229810671707,81.09741117636848,1,0.675,0.31173716948187963,0.7459654465106005,1212.7081295440917,0.6499999999999999,0.7060387447078643,27,7
Washim,2023-07-10,6,7,32,114.85872985473532,-0.4750090143056754,27.72260534276349,78.3879754042307,1,0.675,0.31173716948187963,0.7459654465106005,1212.7081295440917,0.6499999999999999,0.7060387447078643,28,7
Washim,2023-07-17,9,7,35,117.03085153189888,21.65078771272913,29.378779021659252,84.68664641850775,1,0.675,0.31173716948187963,0.7459654465106005,1212.7081295440917,0.6499999999999999,0.7060387447078643,29,7
Washim,2023-07-24,6,10,24,90.03409366120869,-30.19973155470071,28.926458977333592,70.1923118974432,1,0.675,0.31173716948187963,0.7459654465106005,1212.7081295440917,0.6499999999999999,0.7060387447078643,30,7
Washim,2023-07-31,2,10,27,93.3554361488784,15.092017500202866,29.719376337855802,75.17410393025148,1,0.675,0.31173716948187963,0.7459654465106005,1212.7081295440917,0.6499999999999999,0.7060387447078643,31,7
Washim,2023-08-07,7,7,30,91.65612994855638,-6.541507786070123,27.026276085324312,83.32842969143559,1,0.675,0.31173716948187963,0.7459654465106005,1212.7081295440917,0.6499999999999999,0.7060387447078643,32,8
Washim,2023-08-14,2,10,19,75.99277177525119,-19.09521621026511,24.760668128425515,82.74300076827416,1,0.675,0.31173716948187963,0.7459654465106005,1212.7081295440917,0.6499999999999999,0.7060387447078643,33,8
Washim,2023-08-21,5,6,26,108.1384151942858,-5.738733590144597,25.25102270117431,76.54146669868558,1,0.675,0.31173716948187963,0.7459654465106005,1212.7081295440917,0.6499999999999999,0.7060387447078643,34,8
Washim,2023-08-28,7,6,18,92.91475512381366,-12.125255036918567,22.813828997423006,89.06942328982896,1,0.675,0.31173716948187963,0.7459654465106005,1212.7081295440917,0.6499999999999999,0.7060387447078643,35,8
Washim,2023-09-04,7,8,32,101.40396832542056,-18.135644545244396,17.986886613439417,84.6616147566783,1,0.675,0.31173716948187963,0.7459654465106005,1212.7081295440917,0.6499999999999999,0.7060387447078643,36,9
Washim,2023-09-11,8,6,22,99.96737354748643,-13.016552217182598,19.268926221602886,78.56372158960562,1,0.675,0.31173716948187963,0.7459654465106005,1212.7081295440917,0.6499999999999999,0.7060387447078643,37,9
Washim,2023-09-18,3,5,26,92.66511147253145,53.96754969885855,18.46273026183949,71.65999592517427,1,0.675,0.31173716948187963,0.7459654465106005,1212.7081295440917,0.6499999999999999,0.7060387447078643,38,9
Washim,2023-09-25,8,8,23,98.31275117965201,-37.28677398716217,22.91718751156962,75.13255575877413,1,0.675,0.31173716948187963,0.7459654465106005,1212.7081295440917,0.6499999999999999,0.7060387447078643,39,9
Washim,2023-10-02,1,2,10,39.68132479772804,-7.919403497601909,16.59110371778011,29.010563480842073,0,0.675,0.31173716948187963,0.7459654465106005,1212.7081295440917,0.6499999999999999,0.7060387447078643,40,10
Washim,2023-10-09,1,2,7,21.714242113882683,5.501387319666005,15.493770268776649,37.06615478796688,0,0.675,0.31173716948187963,0.7459654465106005,1212.7081295440917,0.6499999999999999,0.7060387447078643,41,10
Washim,2023-10-16,1,3,11,18.97331158220238,14.98746543027275,15.985296747244728,38.1999755939904,0,0.675,0.31173716948187963,0.7459654465106005,1212.7081295440917,0.6499999999999999,0.7060387447078643,42,10
Washim,2023-10-23,1,3,4,0.0,-13.417233029943496,15.260246233578366,31.564625896929318,0,0.675,0.31173716948187963,0.7459654465106005,1212.7081295440917,0.6499999999999999,0.7060387447078643,43,10
Washim,2023-10-30,1,3,5,16.603223715224104,-0.27222741974330633,10.16406112551788,35.574203543763836,0,0.675,0.31173716948187963,0.7459654465106005,1212.7081295440917,0.6499999999999999,0.7060387447078643,44,10
Washim,2023-11-06,1,3,6,14.657560173025661,6.406534970978698,10.452328783559139,38.78585267985524,0,0.675,0.31173716948187963,0.7459654465106005,1212.7081295440917,0.6499999999999999,0.7060387447078643,45,11
Washim,2023-11-13,2,3,11,32.10676562252026,16.092294378365214,9.99342244984896,33.629591914736714,0,0.675,0.31173716948187963,0.7459654465106005,1212.7081295440917,0.6499999999999999,0.7060387447078643,46,11
Washim,2023-11-20,2,2,8,24.641240118427312,16.26589933729629,11.785793636665833,40.947686210448104,0,0.675,0.31173716948187963,0.7459654465106005,1212.7081295440917,0.6499999999999999,0.7060387447078643,47,11
Washim,2023-11-27,1,4,7,11.352832280755035,10.488674498469518,7.83538811351451,43.531773040574,0,0.675,0.31173716948187963,0.7459654465106005,1212.7081295440917,0.6499999999999999,0.7060387447078643,48,11
Washim,2023-12-04,2,4,6,14.129919273789282,-11.801826846185797,8.786114535997541,53.85717846978111,0,0.675,0.31173716948187963,0.7459654465106005,1212.7081295440917,0.6499999999999999,0.7060387447078643,49,12
Washim,2023-12-11,1,0,7,15.969572014548454,14.835162059714568,8.93239686200795,43.409654199405246,0,0.675,0.31173716948187963,0.7459654465106005,1212.7081295440917,0.6499999999999999,0.7060387447078643,50,12
Washim,2023-12-18,2,0,13,34.88248623932968,-6.497195614193039,10.631954897229143,37.91229306172355,0,0.675,0.31173716948187963,0.7459654465106005,1212.7081295440917,0.6499999999999999,0.7060387447078643,51,12
Washim,2023-12-25,1,3,5,25.679459656693197,-3.2944586134340708,8.112966022588653,40.21004394683545,0,0.675,0.31173716948187963,0.7459654465106005,1212.7081295440917,0.6499999999999999,0.7060387447078643,52,12
Yavatmal,2022-01-03,3,1,5,7.8907397861307516,-23.505107673278893,9.90292184164823,38.710224845696644,0,0.7027777777777777,0.3218344996163648,0.781905423386504,287.15839407579244,0.6833333333333333,0.7295063805424398,1,1
Yavatmal,2022-01-10,5,1,7,27.88299488491092,18.51705659423848,12.597133027648503,26.86797282314978,0,0.7027777777777777,0.3218344996163648,0.781905423386504,287.15839407579244,0.6833333333333333,0.7295063805424398,2,1
Yavatmal,2022-01-17,2,4,8,13.429547335617467,2.63929947585393,11.0188349221299,41.686777355561965,0,0.7027777777777777,0.3218344996163648,0.781905423386504,287.15839407579244,0.6833333333333333,0.7295063805424398,3,1
Yavatmal,2022-01-24,0,4,9,26.91685223328207,13.749291972851758,12.026769919905917,41.02435304366495,0,0.7027777777777777,0.3218344996163648,0.781905423386504,287.15839407579244,0.6833333333333333,0.7295063805424398,4,1
Yavatmal,2022-01-31,2,5,5,0.0,4.102087260307405,9.460672078276586,38.89666661252993,0,0.7027777777777777,0.3218344996163648,0.781905423386504,287.15839407579244,0.6833333333333333,0.7295063805424398,5,1
Yavatmal,2022-02-07,1,3,5,22.555342091757932,-12.378391315129551,18.163296975089363,35.79506036080398,0,0.7027777777777777,0.3218344996163648,0.781905423386504,287.15839407579244,0.6833333333333333,0.7295063805424398,6,2
Yavatmal,2022-02-14,2,3,5,21.133071100152744,-26.238848186864743,16.749609243624533,46.0437136780103,0,0.7027777777777777,0.3218344996163648,0.781905423386504,287.15839407579244,0.6833333333333333,0.7295063805424398,7,2
Yavatmal,2022-02-21,1,3,8,29.892256555233487,-9.666236127385675,16.96168573855208,36.37320108610091,0,0.7027777777777777,0.3218344996163648,0.781905423386504,287.15839407579244,0.6833333333333333,0.7295063805424398,8,2
Yavatmal,2022-02-28,1,3,5,17.269504379956945,7.100151888700216,15.222210233204333,32.670913667120544,0,0.7027777777777777,0.3218344996163648,0.781905423386504,287.15839407579244,0.6833333333333333,0.7295063805424398,9,2
Yavatmal,2022-03-07,2,3,6,14.990411435092856,-17.800839592937933,16.98599346878434,36.21381324883943,0,0.7027777777777777,0.3218344996163648,0.781905423386504,287.15839407579244,0.6833333333333333,0.7295063805424398,10,3
Yavatmal,2022-03-14,3,3,7,23.92557937266262,-1.9777663723985244,18.384044783105125,40.197620377966004,0,0.7027777777777777,0.3218344996163648,0.781905423386504,287.15839407579244,0.6833333333333333,0.7295063805424398,11,3
Yavatmal,2022-03-21,0,8,3,6.764666559617432,6.654854295750185,19.559348156496014,37.17955690823815,0,0.7027777777777777,0.3218344996163648,0.781905423386504,287.15839407579244,0.6833333333333333,0.7295063805424398,12,3
Yavatmal,2022-03-28,1,5,3,38.32638280111049,-17.898487624551425,20.381757407402276,37.49506811416669,0,0.7027777777777777,0.3218344996163648,0.781905423386504,287.15839407579244,0.6833333333333333,0.7295063805424398,13,3
Yavatmal,2022-04-04,2,6,6,5.61885016554708,-3.3702669855643523,25.9482635452808,45.15284998823109,0,0.7027777777777777,0.3218344996163648,0.781905423386504,287.15839407579244,0.6833333333333333,0.7295063805424398,14,4
Yavatmal,2022-04-11,4,5,5,11.263669586332842,-4.307418292047453,30.2598866581222,41.93227157261575,0,0.7027777777777777,0.3218344996163648,0.781905423386504,287.15839407579244,0.6833333333333333,0.7295063805424398,15,4
Yavatmal,2022-04-18,3,2,10,38.53169698737481,-5.422427839859337,28.83538416310187,33.304896655990476,0,0.7027777777777777,0.3218344996163648,0.781905423386504,287.15839407579244,0.6833333333333333,0.7295063805424398,16,4
Yavatmal,2022-04-25,3,5,8,20.030378921235325,-11.167749100162045,26.6272379819999,35.45575499650524,0,0.7027777777777777,0.3218344996163648,0.781905423386504,287.15839407579244,0.6833333333333333,0.7295063805424398,17,4
Yavatmal,2022-05-02,1,2,5,32.198725923017,-6.004573761703499,29.32724266471218,36.32495670329909,0,0.7027777777777777,0.3218344996163648,0.781905423386504,287.15839407579244,0.6833333333333333,0.7295063805424398,18,5
Yavatmal,2022-05-09,5,3,6,28.993156388928014,5.801896140805933,31.51422978550787,42.7494990945953,0,0.7027777777777777,0.3218344996163648,0.781905423386504,287.15839407579244,0.6833333333333333,0.7295063805424398,19,5
Yavatmal,2022-05-16,2,1,7,25.781411944553874,1.7300169123001727,31.241408860201844,40.2010834792558,0,0.7027777777777777,0.3218344996163648,0.781905423386504,287.15839407579244,0.6833333333333333,0.7295063805424398,20,5
Yavatmal,2022-05-23,1,1,8,13.900199623180015,-1.908958268145347,29.05902257040766,31.34022252672832,0,0.7027777777777777,0.3218344996163648,0.781905423386504,287.15839407579244,0.6833333333333333,0.7295063805424398,21,5
Yavatmal,2022-05-30,1,9,9,24.650848063524656,7.857199719809648,30.72319775332695,41.0093760318372,0,0.7027777777777777,0.3218344996163648,0.781905423386504,287.15839407579244,0.6833333333333333,0.7295063805424398,22,5
Yavatmal,2022-06-06,4,7,22,111.49968435549235,25.56118248059602,29.962145946863707,80.22121037199756,1,0.7027777777777777,0.3218344996163648,0.781905423386504,287.15839407579244,0.6833333333333333,0.7295063805424398,23,6
Yavatmal,2022-06-13,9,7,17,85.74142124199159,54.56839957856117,29.624490041878055,86.0391734048419,1,0.7027777777777777,0.3218344996163648,0.781905423386504,287.15839407579244,0.6833333333333333,0.7295063805424398,24,6
Yavatmal,2022-06-20,8,11,30,105.49664688727262,41.91866729862034,37.38994816434302,75.29439779279785,1,0.7027777777777777,0.3218344996163648,0.781905423386504,287.15839407579244,0.6833333333333333,0.7295063805424398,25,6
Yavatmal,2022-06-27,7,6,33,100.53619287455233,-24.938485621570063,30.99638418801944,74.15362390197471,1,0.7027777777777777,0.3218344996163648,0.781905423386504,287.15839407579244,0.6833333333333333,0.7295063805424398,26,6
Yavatmal,2022-07-04,6,4,23,90.28468534418546,-71.2251813581225,33.104571835317145,79.92624864750775,1,0.7027777777777777,0.3218344996163648,0.781905423386504,287.15839407579244,0.6833333333333333,0.7295063805424398,27,7
Yavatmal,2022-07-11,11,8,29,106.45417450643463,42.383312656478566,25.701422500634465,83.50647180835965,1,0.7027777777777777,0.3218344996163648,0.781905423386504,287.15839407579244,0.6833333333333333,0.7295063805424398,28,7
Yavatmal,2022-07-18,5,10,22,92.23835400500091,-10.26595287784602,31.5599715888534,75.58048749152543,1,0.7027777777777777,0.3218344996163648,0.781905423386504,287.15839407579244,0.6833333333333333,0.7295063805424398,29,7
Yavatmal,2022-07-25,7,13,23,108.05798446352213,-12.871871169508646,33.82457962167548,76.34478452793881,1,0.7027777777777777,0.3218344996163648,0.781905423386504,287.15839407579244,0.6833333333333333,0.7295063805424398,30,7
Yavatmal,2022-08-01,6,7,25,103.96906198773287,42.41359468036604,25.601318617258833,82.98265671848304,1,0.7027777777777777,0.3218344996163648,0.781905423386504,287.15839407579244,0.6833333333333333,0.7295063805424398,31,8
Yavatmal,2022-08-08,4,10,26,113.63986422457648,-9.390592502096428,24.57798897146703,79.59366739882346,1,0.7027777777777777,0.3218344996163648,0.781905423386504,287.15839407579244,0.6833333333333333,0.7295063805424398,32,8
Yavatmal,2022-08-15,1,11,29,91.89428894465833,-73.34626930299481,26.746108178267228,80.02768784394333,1,0.7027777777777777,0.3218344996163648,0.781905423386504,287.15839407579244,0.6833333333333333,0.7295063805424398,33,8
Yavatmal,2022-08-22,5,8,29,94.73556095001625,-4.954360944503591,24.916041837591322,72.53534843196412,1,0.7027777777777777,0.3218344996163648,0.781905423386504,287.15839407579244,0.6833333333333333,0.7295063805424398,34,8
Yavatmal,2022-08-29,6,14,24,97.00326025329255,12.596153206339128,23.468290645564416,68.42239164968134,1,0.7027777777777777,0.3218344996163648,0.781905423386504,287.15839407579244,0.6833333333333333,0.7295063805424398,35,8
Yavatmal,2022-09-05,9,4,31,112.5809616105837,-30.615610692988145,20.067001198284718,79.21806515001711,1,0.7027777777777777,0.3218344996163648,0.781905423386504,287.15839407579244,0.6833333333333333,0.7295063805424398,36,9
Yavatmal,2022-09-12,9,15,26,114.19975437454396,-17.768444195053558,21.364704762043154,83.16750959505141,1,0.7027777777777777,0.3218344996163648,0.781905423386504,287.15839407579244,0.6833333333333333,0.7295063805424398,37,9
Yavatmal,2022-09-19,6,12,19,107.72294197130122,-14.887469286328109,19.928441030640737,75.89118085258274,1,0.7027777777777777,0.3218344996163648,0.781905423386504,287.15839407579244,0.6833333333333333,0.7295063805424398,38,9
Yavatmal,2022-09-26,7,7,22,87.06328262513517,12.44140648260884,20.451551944114204,89.71325336507583,1,0.7027777777777777,0.3218344996163648,0.781905423386504,287.15839407579244,0.6833333333333333,0.7295063805424398,39,9
Yavatmal,2022-10-03,2,1,13,19.06429721667343,1.4736988657206787,11.108218696467276,45.610364477360754,0,0.7027777777777777,0.3218344996163648,0.781905423386504,287.15839407579244,0.6833333333333333,0.7295063805424398,40,10
Yavatmal,2022-10-10,2,3,5,21.957336929514195,-2.3416581367694427,14.73607373398301,41.13226028565838,0,0.7027777777777777,0.3218344996163648,0.781905423386504,287.15839407579244,0.6833333333333333,0.7295063805424398,41,10
Yavatmal,2022-10-17,1,3,2,29.78747378937519,18.520041397809294,15.186764833966086,39.986125941546874,0,0.7027777777777777,0.3218344996163648,0.781905423386504,287.15839407579244,0.6833333333333333,0.7295063805424398,42,10
Yavatmal,2022-10-24,1,2,7,15.666793587365685,-13.434890755388906,15.656053641024304,45.90951840300517,0,0.7027777777777777,0.3218344996163648,0.781905423386504,287.15839407579244,0.6833333333333333,0.7295063805424398,43,10
Yavatmal,2022-10-31,0,4,1,5.972353811982188,-3.9842586259215826,14.526958817535444,41.88396123923604,0,0.7027777777777777,0.3218344996163648,0.781905423386504,287.15839407579244,0.6833333333333333,0.7295063805424398,44,10
Yavatmal,2022-11-07,2,3,3,16.462731221338974,-10.184359575598904,10.221635285225998,40.09220774096534,0,0.7027777777777777,0.3218344996163648,0.781905423386504,287.15839407579244,0.6833333333333333,0.7295063805424398,45,11
Yavatmal,2022-11-14,0,0,8,12.14715128116968,-2.8440780183304732,9.586104181010487,41.134064086042926,0,0.7027777777777777,0.3218344996163648,0.781905423386504,287.15839407579244,0.6833333333333333,0.7295063805424398,46,11
Yavatmal,2022-11-21,1,2,5,25.07124800341635,-1.675319034188134,8.64183786707842,33.96603725179196,0,0.7027777777777777,0.3218344996163648,0.781905423386504,287.15839407579244,0.6833333333333333,0.7295063805424398,47,11
Yavatmal,2022-11-28,0,3,5,18.105942145661196,12.040007939927111,13.028180906221923,47.994052456894096,0,0.7027777777777777,0.3218344996163648,0.781905423386504,287.15839407579244,0.6833333333333333,0.7295063805424398,48,11
Yavatmal,2022-12-05,0,3,5,10.780994639505185,-9.194594574162142,9.23485233583932,42.49146471742185,0,0.7027777777777777,0.3218344996163648,0.781905423386504,287.15839407579244,0.6833333333333333,0.7295063805424398,49,12
Yavatmal,2022-12-12,0,3,12,23.661150561933706,2.1019416060869096,5.991330791860204,46.980900440015596,0,0.7027777777777777,0.3218344996163648,0.781905423386504,287.15839407579244,0.6833333333333333,0.7295063805424398,50,12
Yavatmal,2022-12-19,0,1,7,37.347009804091314,1.2401027656877208,9.274753846636477,33.96731992238613,0,0.7027777777777777,0.3218344996163648,0.781905423386504,287.15839407579244,0.6833333333333333,0.7295063805424398,51,12
Yavatmal,2022-12-26,1,0,1,10.446682615504514,-9.841280980819981,11.361223743985462,37.732614896423584,0,0.7027777777777777,0.3218344996163648,0.781905423386504,287.15839407579244,0.6833333333333333,0.7295063805424398,52,12
Yavatmal,2023-01-02,1,7,8,30.943141510430856,-22.087743588631675,12.325161217676746,35.85378756042735,0,0.7027777777777777,0.3218344996163648,0.781905423386504,287.15839407579244,0.6833333333333333,0.7295063805424398,1,1
Yavatmal,2023-01-09,2,3,9,23.087214290429294,16.571451981776704,8.753619009423158,36.060477241706465,0,0.7027777777777777,0.3218344996163648,0.781905423386504,287.15839407579244,0.6833333333333333,0.7295063805424398,2,1
Yavatmal,2023-01-16,4,3,7,12.828801012407641,5.300178522865476,9.602592704654286,40.0223589363589,0,0.7027777777777777,0.3218344996163648,0.781905423386504,287.15839407579244,0.6833333333333333,0.7295063805424398,3,1
Yavatmal,2023-01-23,3,1,5,24.16693621795092,-13.356246293793088,11.343549539560717,40.63445507021768,0,0.7027777777777777,0.3218344996163648,0.781905423386504,287.15839407579244,0.6833333333333333,0.7295063805424398,4,1
Yavatmal,2023-01-30,2,5,7,32.093893952619375,-8.562808371802845,14.069994164815919,38.537890712253194,0,0.7027777777777777,0.3218344996163648,0.781905423386504,287.15839407579244,0.6833333333333333,0.7295063805424398,5,1
Yavatmal,2023-02-06,2,3,6,8.65806748057847,3.6149172780812595,14.934562016066177,43.06990690729468,0,0.7027777777777777,0.3218344996163648,0.781905423386504,287.15839407579244,0.6833333333333333,0.7295063805424398,6,2
Yavatmal,2023-02-13,0,3,11,10.802486366494577,-9.357959657603589,16.255459842963567,41.8362930421755,0,0.7027777777777777,0.3218344996163648,0.781905423386504,287.15839407579244,0.6833333333333333,0.7295063805424398,7,2
Yavatmal,2023-02-20,0,3,4,15.14913635583688,-18.23400254514285,15.595487409710246,42.61107692866283,0,0.7027777777777777,0.3218344996163648,0.781905423386504,287.15839407579244,0.6833333333333333,0.7295063805424398,8,2
Yavatmal,2023-02-27,0,6,8,19.027286149866093,1.299029239898308,14.11595020229454,42.00903234330616,0,0.7027777777777777,0.3218344996163648,0.781905423386504,287.15839407579244,0.6833333333333333,0.7295063805424398,9,2
Yavatmal,2023-03-06,0,6,6,39.61026687918827,9.791020366816946,21.308057456101803,39.086765940315665,0,0.7027777777777777,0.3218344996163648,0.781905423386504,287.15839407579244,0.6833333333333333,0.7295063805424398,10,3
Yavatmal,2023-03-13,0,3,8,13.467986471796861,4.09456420768287,18.15907643953077,43.38743892626432,0,0.7027777777777777,0.3218344996163648,0.781905423386504,287.15839407579244,0.6833333333333333,0.7295063805424398,11,3
Yavatmal,2023-03-20,0,3,6,9.819021337673652,4.981471558408333,22.702122741640263,34.71064073063419,0,0.7027777777777777,0.3218344996163648,0.781905423386504,287.15839407579244,0.6833333333333333,0.7295063805424398,12,3
Yavatmal,2023-03-27,1,5,5,17.664630098230067,5.849652380873986,22.89335735394539,46.9643270487718,0,0.7027777777777777,0.3218344996163648,0.781905423386504,287.15839407579244,0.6833333333333333,0.7295063805424398,13,3
Yavatmal,2023-04-03,2,3,9,29.742351754729064,4.731423827517969,25.18220178344562,43.42238980805695,0,0.7027777777777777,0.3218344996163648,0.781905423386504,287.15839407579244,0.6833333333333333,0.7295063805424398,14,4
Yavatmal,2023-04-10,2,2,4,24.618588267921808,7.434400749644587,25.10353061383799,37.96446494345501,0,0.7027777777777777,0.3218344996163648,0.781905423386504,287.15839407579244,0.6833333333333333,0.7295063805424398,15,4
Yavatmal,2023-04-17,1,7,12,30.32298531916272,-2.4648088047230416,26.678105345306992,45.223596099174024,0,0.7027777777777777,0.3218344996163648,0.781905423386504,287.15839407579244,0.6833333333333333,0.7295063805424398,16,4
Yavatmal,2023-04-24,1,1,8,23.73940909721983,-12.927919258497095,22.895564929606998,31.983897186983118,0,0.7027777777777777,0.3218344996163648,0.781905423386504,287.15839407579244,0.6833333333333333,0.7295063805424398,17,4
Yavatmal,2023-05-01,2,3,10,17.309464728585837,-17.595332997580737,32.25083895239231,40.33376580896724,0,0.7027777777777777,0.3218344996163648,0.781905423386504,287.15839407579244,0.6833333333333333,0.7295063805424398,18,5
Yavatmal,2023-05-08,1,7,14,27.843988082115786,-6.071515763606675,32.22583071919417,37.29862441689735,0,0.7027777777777777,0.3218344996163648,0.781905423386504,287.15839407579244,0.6833333333333333,0.7295063805424398,19,5
Yavatmal,2023-05-15,3,5,4,18.643251009616638,-17.36299355764643,30.900631180790203,39.45697132522713,0,0.7027777777777777,0.3218344996163648,0.781905423386504,287.15839407579244,0.6833333333333333,0.7295063805424398,20,5
Yavatmal,2023-05-22,2,2,10,13.283921519363854,-9.233148632875292,33.71107332442386,35.836719395806185,0,0.7027777777777777,0.3218344996163648,0.781905423386504,287.15839407579244,0.6833333333333333,0.7295063805424398,21,5
Yavatmal,2023-05-29,3,1,4,20.682758246515675,-0.01217976142942459,34.61843547699992,43.39996171059089,0,0.7027777777777777,0.3218344996163648,0.781905423386504,287.15839407579244,0.6833333333333333,0.7295063805424398,22,5
Yavatmal,2023-06-05,13,6,27,108.47194873955685,-40.81054062032133,29.925458797370695,71.52452359100161,1,0.7027777777777777,0.3218344996163648,0.781905423386504,287.15839407579244,0.6833333333333333,0.7295063805424398,23,6
Yavatmal,2023-06-12,6,6,23,108.39288915716376,-71.41705982103252,31.652931070758964,86.04611395553907,1,0.7027777777777777,0.3218344996163648,0.781905423386504,287.15839407579244,0.6833333333333333,0.7295063805424398,24,6
Yavatmal,2023-06-19,2,8,23,94.89243122915373,-58.392884556167424,34.85477692244682,81.270236820927,1,0.7027777777777777,0.3218344996163648,0.781905423386504,287.15839407579244,0.6833333333333333,0.7295063805424398,25,6
Yavatmal,2023-06-26,10,7,36,102.45664157627202,-31.554727304402867,28.941229680065486,84.0731414480635,1,0.7027777777777777,0.3218344996163648,0.781905423386504,287.15839407579244,0.6833333333333333,0.7295063805424398,26,6
Yavatmal,2023-07-03,9,5,35,96.82899439129315,-12.615509997408852,26.94374380326047,73.85114945763661,1,0.7027777777777777,0.3218344996163648,0.781905423386504,287.15839407579244,0.6833333333333333,0.7295063805424398,27,7
Yavatmal,2023-07-10,8,6,34,98.63336388978759,49.344618471241276,30.542861180099653,78.74361212689656,1,0.7027777777777777,0.3218344996163648,0.781905423386504,287.15839407579244,0.6833333333333333,0.7295063805424398,28,7
Yavatmal,2023-07-17,9,15,23,95.98751677981862,38.363338124752346,29.633292755236297,82.6940403020793,1,0.7027777777777777,0.3218344996163648,0.781905423386504,287.15839407579244,0.6833333333333333,0.7295063805424398,29,7
Yavatmal,2023-07-24,12,12,41,124.52480285115203,-25.10855915547275,29.471731706395538,78.28688354291891,1,0.7027777777777777,0.3218344996163648,0.781905423386504,287.15839407579244,0.6833333333333333,0.7295063805424398,30,7
Yavatmal,2023-07-31,6,9,39,95.56113375222844,67.44348282687409,30.925266411986573,86.185860848866,1,0.7027777777777777,0.3218344996163648,0.781905423386504,287.15839407579244,0.6833333333333333,0.7295063805424398,31,7
Yavatmal,2023-08-07,8,12,22,97.96109645134591,39.10530560743985,26.614719365818594,67.08508478204307,1,0.7027777777777777,0.3218344996163648,0.781905423386504,287.15839407579244,0.6833333333333333,0.7295063805424398,32,8
Yavatmal,2023-08-14,7,4,28,91.44189236220858,23.028250280015804,24.14872738584988,79.13533112377975,1,0.7027777777777777,0.3218344996163648,0.781905423386504,287.15839407579244,0.6833333333333333,0.7295063805424398,33,8
Yavatmal,2023-08-21,6,10,26,100.77492525503311,-21.678154609844007,25.439457300160992,77.4793968386413,1,0.7027777777777777,0.3218344996163648,0.781905423386504,287.15839407579244,0.6833333333333333,0.7295063805424398,34,8
Yavatmal,2023-08-28,3,5,20,105.00557857069299,21.950519160338995,27.369445796842943,79.67805460522953,1,0.7027777777777777,0.3218344996163648,0.781905423386504,287.15839407579244,0.6833333333333333,0.7295063805424398,35,8
Yavatmal,2023-09-04,6,9,22,105.31994072679507,-19.647315235516317,20.676759032081364,75.33168307963088,1,0.7027777777777777,0.3218344996163648,0.781905423386504,287.15839407579244,0.6833333333333333,0.7295063805424398,36,9
Yavatmal,2023-09-11,8,10,23,118.18210507277608,19.131097046863843,18.718772603181595,80.11141520093821,1,0.7027777777777777,0.3218344996163648,0.781905423386504,287.15839407579244,0.6833333333333333,0.7295063805424398,37,9
Yavatmal,2023-09-18,2,6,18,100.26631722438128,-72.95844629618664,20.673234033000853,79.21771068831083,1,0.7027777777777777,0.3218344996163648,0.781905423386504,287.15839407579244,0.6833333333333333,0.7295063805424398,38,9
Yavatmal,2023-09-25,6,8,29,98.53720300515309,-76.7555249950794,20.481799062507758,88.65380401202289,1,0.7027777777777777,0.3218344996163648,0.781905423386504,287.15839407579244,0.6833333333333333,0.7295063805424398,39,9
Yavatmal,2023-10-02,2,4,3,16.886673045949763,2.447374485596963,18.022226599926878,29.91364061278356,0,0.7027777777777777,0.3218344996163648,0.781905423386504,287.15839407579244,0.6833333333333333,0.7295063805424398,40,10
Yavatmal,2023-10-09,1,2,4,8.059540359712392,1.7468148101471628,12.367544587799774,47.73368032803297,0,0.7027777777777777,0.3218344996163648,0.781905423386504,287.15839407579244,0.6833333333333333,0.7295063805424398,41,10
Yavatmal,2023-10-16,0,3,4,0.0,-12.12697026723323,10.098102972106792,37.567675072455145,0,0.7027777777777777,0.3218344996163648,0.781905423386504,287.15839407579244,0.6833333333333333,0.7295063805424398,42,10
Yavatmal,2023-10-23,1,3,5,21.961792549383556,6.951393807115373,19.684981059284638,41.096990110182404,0,0.7027777777777777,0.3218344996163648,0.781905423386504,287.15839407579244,0.6833333333333333,0.7295063805424398,43,10
Yavatmal,2023-10-30,1,5,11,33.305365327330605,-5.308779963337478,13.21481737167684,50.073211957656305,0,0.7027777777777777,0.3218344996163648,0.781905423386504,287.15839407579244,0.6833333333333333,0.7295063805424398,44,10
Yavatmal,2023-11-06,1,2,9,19.744757745469716,4.654230742390676,7.755891655998609,45.16421565817693,0,0.7027777777777777,0.3218344996163648,0.781905423386504,287.15839407579244,0.6833333333333333,0.7295063805424398,45,11
Yavatmal,2023-11-13,0,1,4,0.0,0.6303919742285281,10.821612942173523,33.85321179222893,0,0.7027777777777777,0.3218344996163648,0.781905423386504,287.15839407579244,0.6833333333333333,0.7295063805424398,46,11
Yavatmal,2023-11-20,4,1,5,21.24266566343932,17.724050685695087,11.33348383842819,42.73754191412392,0,0.7027777777777777,0.3218344996163648,0.781905423386504,287.15839407579244,0.6833333333333333,0.7295063805424398,47,11
Yavatmal,2023-11-27,3,5,10,16.356526790206402,5.366623565584538,8.432293097548976,29.170642582040486,0,0.7027777777777777,0.3218344996163648,0.781905423386504,287.15839407579244,0.6833333333333333,0.7295063805424398,48,11
Yavatmal,2023-12-04,1,1,6,1.4132187949544388,-8.689045244416047,10.21651857929247,34.83895551292596,0,0.7027777777777777,0.3218344996163648,0.781905423386504,287.15839407579244,0.6833333333333333,0.7295063805424398,49,12
Yavatmal,2023-12-11,1,2,5,14.984800375635752,-20.83718680995386,5.577123079416866,41.691345794404555,0,0.7027777777777777,0.3218344996163648,0.781905423386504,287.15839407579244,0.6833333333333333,0.7295063805424398,50,12
Yavatmal,2023-12-18,2,0,8,28.876867229727605,-0.5970310510188312,6.118864554685143,43.898748489808376,0,0.7027777777777777,0.3218344996163648,0.781905423386504,287.15839407579244,0.6833333333333333,0.7295063805424398,51,12
Yavatmal,2023-12-25,2,3,5,34.18872254373739,-5.804467113046599,5.427224382264599,45.57827704992868,0,0.7027777777777777,0.3218344996163648,0.781905423386504,287.15839407579244,0.6833333333333333,0.7295063805424398,52,12
